{"loss/train": 0.04627781733870506, "_timestamp": 1708367742.6516926, "_runtime": 1102.3162295818329, "_step": 79, "kld/train": 0.0002066769520752132}