{"loss/train": 0.04337708652019501, "_timestamp": 1708367768.117256, "_runtime": 1127.7817928791046, "_step": 81, "kld/train": 0.00011461914982646704}