{"loss/train": 0.023371953517198563, "_timestamp": 1708370724.2223074, "_runtime": 4083.886844396591, "_step": 299, "kld/train": 0.8407309651374817, "loss/eval": 0.34556326270103455, "kld/eval": 0.8979522585868835, "_wandb": {"runtime": 4188}}