{"train/loss": 1.5424, "train/learning_rate": 2.036659877800407e-09, "train/epoch": 1.0, "train/global_step": 641, "_timestamp": 1708634629.227571, "_runtime": 6726.49019408226, "_step": 129, "eval/loss": 1.5460553169250488, "eval/runtime": 114.4945, "eval/samples_per_second": 37.722, "eval/steps_per_second": 4.716, "train/train_runtime": 6592.1235, "train/train_samples_per_second": 12.447, "train/train_steps_per_second": 0.097, "train/total_flos": 2.4100770727067648e+17, "train/train_loss": 1.5945891909963814, "_wandb": {"runtime": 6821}}