{"train/loss": 1.6078, "train/learning_rate": 1e-06, "train/epoch": 0.23, "train/global_step": 150, "_timestamp": 1708629512.8800576, "_runtime": 1610.142680644989, "_step": 29}