{"train/loss": 1.5027, "train/learning_rate": 9.482965931863728e-05, "train/epoch": 1.83, "train/global_step": 134, "_timestamp": 1705445929.8770096, "_runtime": 3308.6475195884705, "_step": 68, "eval/loss": 1.5689167976379395, "eval/runtime": 29.3332, "eval/samples_per_second": 8.42, "eval/steps_per_second": 1.057}