{"train/loss": 1.6089, "train/learning_rate": 9.819639278557115e-05, "train/epoch": 0.68, "train/global_step": 50, "_timestamp": 1705443912.5994697, "_runtime": 1291.3699796199799, "_step": 25, "eval/loss": 1.6513110399246216, "eval/runtime": 29.2786, "eval/samples_per_second": 8.436, "eval/steps_per_second": 1.059}