{"train-loss/loss": 0.6593015193939209, "_timestamp": 1715121630.6255887, "_runtime": 1157.796615600586, "_step": 287, "train-loss/raw-loss": 0.6593015193939209, "train-loss/kld": 0.0, "train-probs/accuracy-col": 1.0, "train-probs/accuracy-row": 0.5, "train-probs/p_c0_r0": -0.39866316318511963, "train-probs/p_c0_r1": -0.6816628575325012, "train-probs/p_c1_r0": -0.41028785705566406, "train-probs/p_c1_r1": -0.5197904109954834}