{"train/loss": 1.792, "train/learning_rate": 9.466666666666666e-07, "train/epoch": 0.15, "train/global_step": 142, "_timestamp": 1706554648.5138583, "_runtime": 1918.5256803035736, "_step": 141}