{"train-loss/loss": 0.6921425461769104, "_timestamp": 1711328707.9348457, "_runtime": 1259.35582280159, "_step": 2249, "train-loss/raw-loss": 0.6921425461769104, "train-loss/kld": 0.0003343914286233485, "train-probs/accuracy-col": 1.0, "train-probs/accuracy-row": 0.5, "train-probs/p_c0_r0": -0.4562346339225769, "train-probs/p_c0_r1": -0.44924238324165344, "train-probs/p_c1_r0": -0.45751848816871643, "train-probs/p_c1_r1": -0.442417711019516, "_wandb": {"runtime": 1381}}