{"loss/train": 0.10867314040660858, "_timestamp": 1708307490.477482, "_runtime": 214.38670802116394, "_step": 23, "kld/train": 4.426279338076711e-05}