{"train/loss": 1.6271, "train/learning_rate": 0.0, "train/epoch": 5.14, "train/global_step": 5000, "_timestamp": 1705287873.7369683, "_runtime": 5800.011341333389, "_step": 500, "train/train_runtime": 5778.8998, "train/train_samples_per_second": 6.922, "train/train_steps_per_second": 0.865, "train/total_flos": 8.271008903043482e+17, "train/train_loss": 1.61670678024292, "_wandb": {"runtime": 5800}}