{"train/loss": 1.6942, "train/learning_rate": 1.14e-06, "train/epoch": 4.94, "train/global_step": 4810, "_timestamp": 1705287647.9152708, "_runtime": 5574.189643859863, "_step": 480}