{"train-loss/loss": 0.6023600697517395, "_timestamp": 1715299733.106069, "_runtime": 17416.008711099625, "_step": 3068, "train-loss/raw-loss": 0.6023600697517395, "train-loss/kld": 0.0, "train-probs/accuracy-col": 1.0, "train-probs/accuracy-row": 1.0, "train-probs/p_c0_r0": -0.4112547039985657, "train-probs/p_c0_r1": -0.6479129195213318, "train-probs/p_c1_r0": -0.6155847311019897, "train-probs/p_c1_r1": -0.43481653928756714}