{"train/loss": 1.6613, "train/learning_rate": 0.0, "train/epoch": 0.01, "train/global_step": 20, "_timestamp": 1705274049.7557955, "_runtime": 29.396140575408936, "_step": 20, "train/train_runtime": 11.1894, "train/train_samples_per_second": 7.15, "train/train_steps_per_second": 1.787, "train/total_flos": 1667765181874176.0, "train/train_loss": 1.939095962047577, "_wandb": {"runtime": 29}}