{"train-loss/loss": 0.6799288988113403, "_timestamp": 1710509016.8614917, "_runtime": 1525.8052787780762, "_step": 6749, "train-loss/raw-loss": 0.6799288988113403, "train-loss/kld": 0.004396294243633747, "train-probs/accuracy-col": 1.0, "train-probs/accuracy-row": 0.5, "train-probs/p_c0_r0": -0.5090481638908386, "train-probs/p_c0_r1": -1.9023547172546387, "train-probs/p_c1_r0": -0.5746139883995056, "train-probs/p_c1_r1": -1.4937405586242676, "_wandb": {"runtime": 1671}}