{"loss/train": 0.04405176267027855, "_timestamp": 1708328011.4869385, "_runtime": 1540.7499043941498, "_step": 111, "kld/train": 9.487199713476002e-05}