{"train-loss/loss": 0.6955496668815613, "_timestamp": 1708507595.7517204, "_runtime": 4552.963266372681, "_step": 19014, "train-loss/raw-loss": 0.6952022314071655, "train-loss/kld": 0.0003158795880153775, "train-probs/accuracy": 0.5, "train-probs/p_c0_r0": -1.0936884880065918, "train-probs/p_c0_r1": -1.205482006072998, "train-probs/p_c1_r0": -1.109393835067749, "train-probs/p_c1_r1": -1.2067725658416748, "eval-loss/loss": 0.7004452347755432, "eval-loss/raw-loss": 0.6996006965637207, "eval-loss/kld": 0.0007677545654587448, "_wandb": {"runtime": 4663}}