{"train/loss": 1.6622, "train/learning_rate": 0.0, "train/epoch": 0.01, "train/global_step": 20, "_timestamp": 1705276469.5064428, "_runtime": 29.140782833099365, "_step": 20, "train/train_runtime": 11.1408, "train/train_samples_per_second": 7.181, "train/train_steps_per_second": 1.795, "train/total_flos": 1667765181874176.0, "train/train_loss": 1.9375099956989288}