{"train/loss": 0.6534, "train/learning_rate": 4.893877551020408e-07, "train/rewards/chosen": -0.019733572378754616, "train/rewards/rejected": -0.10146508365869522, "train/rewards/accuracies": 1.0, "train/rewards/margins": 0.08173150569200516, "train/logps/rejected": -61.25599670410156, "train/logps/chosen": -37.89214324951172, "train/logits/rejected": -2.881969928741455, "train/logits/chosen": -2.8905978202819824, "train/epoch": 0.17, "train/global_step": 204, "_timestamp": 1706555609.6831255, "_runtime": 295.93256855010986, "_step": 203}