{"train-loss/loss": 0.7042739391326904, "_timestamp": 1712533128.58039, "_runtime": 149.05923891067505, "_step": 332, "train-loss/raw-loss": 0.7042739391326904, "train-loss/kld": 0.0, "train-probs/accuracy-col": 1.0, "train-probs/accuracy-row": 0.5, "train-probs/p_c0_r0": -0.5745620727539062, "train-probs/p_c0_r1": -0.3284052312374115, "train-probs/p_c1_r0": -0.6002510786056519, "train-probs/p_c1_r1": -0.3266685903072357, "_wandb": {"runtime": 150}}