{"train/loss": 0.3888, "train/learning_rate": 2e-07, "train/epoch": 0.99, "train/global_step": 31, "_timestamp": 1710102218.015941, "_runtime": 226.55150198936462, "_step": 6, "train/train_runtime": 172.2897, "train/train_samples_per_second": 23.217, "train/train_steps_per_second": 0.18, "train/total_flos": 3.66435646790697e+16, "train/train_loss": 0.6202794419180963}