{"train-loss/loss": 0.6859056949615479, "_timestamp": 1714612021.1386523, "_runtime": 1128.2764513492584, "_step": 3437, "train-loss/raw-loss": 0.6859056949615479, "train-loss/kld": 0.0, "train-probs/accuracy-col": 0.5, "train-probs/accuracy-row": 1.0, "train-probs/p_c0_r0": -0.5152873992919922, "train-probs/p_c0_r1": -0.5404649972915649, "train-probs/p_c1_r0": -0.49803584814071655, "train-probs/p_c1_r1": -0.48175662755966187}