{"train/loss": 0.6852, "train/learning_rate": 6.266666666666667e-07, "train/rewards/chosen": -0.021072521805763245, "train/rewards/rejected": -0.04035608470439911, "train/rewards/accuracies": 0.65625, "train/rewards/margins": 0.019283562898635864, "train/logps/rejected": -94.4532241821289, "train/logps/chosen": -81.37815856933594, "train/logits/rejected": 8.987234115600586, "train/logits/chosen": 9.314565658569336, "train/epoch": 0.08, "train/global_step": 94, "_timestamp": 1706555795.237806, "_runtime": 2688.4367389678955, "_step": 93}