{"train-loss/loss": 0.6330379247665405, "_timestamp": 1714770507.388514, "_runtime": 11088.815827131271, "_step": 1754, "train-loss/raw-loss": 0.6330379247665405, "train-loss/kld": 0.0, "train-probs/accuracy-col": 1.0, "train-probs/accuracy-row": 1.0, "train-probs/p_c0_r0": -0.5415807366371155, "train-probs/p_c0_r1": -0.5773235559463501, "train-probs/p_c1_r0": -0.7701930999755859, "train-probs/p_c1_r1": -0.5112234950065613}