{"train-loss/loss": 0.06683111190795898, "_timestamp": 1710186161.268756, "_runtime": 1789.722643852234, "_step": 8999, "train-loss/raw-loss": 0.002245945855975151, "train-loss/kld": 0.6458516120910645, "train-probs/accuracy-col": 1.0, "train-probs/accuracy-row": 1.0, "train-probs/p_c0_r0": -0.9228988289833069, "train-probs/p_c0_r1": -10.11639404296875, "train-probs/p_c1_r0": -6.435891628265381, "train-probs/p_c1_r1": -0.9534810781478882, "_wandb": {"runtime": 1827}}