{"train/loss": 0.6264, "train/learning_rate": 9.921921921921923e-05, "train/rewards/chosen": -0.2637733817100525, "train/rewards/rejected": -0.5433691740036011, "train/rewards/accuracies": 0.65625, "train/rewards/margins": 0.2795957624912262, "train/logps/rejected": -85.2288818359375, "train/logps/chosen": -95.66378021240234, "train/logits/rejected": 8.773306846618652, "train/logits/chosen": 8.503229141235352, "train/epoch": 0.15, "train/global_step": 44, "_timestamp": 1706150024.833044, "_runtime": 2205.257677078247, "_step": 21}