{"train/loss": 0.6542, "train/learning_rate": 2.981818181818182e-05, "train/rewards/chosen": 0.017958389595150948, "train/rewards/rejected": -0.09195366501808167, "train/rewards/accuracies": 0.6458333134651184, "train/rewards/margins": 0.10991204530000687, "train/logps/rejected": -71.07711791992188, "train/logps/chosen": -86.98441314697266, "train/logits/rejected": 8.25125789642334, "train/logits/chosen": 8.388677597045898, "train/epoch": 0.08, "train/global_step": 32, "_timestamp": 1706155212.7244763, "_runtime": 2225.599026441574, "_step": 15}