{"train-loss/loss": 0.6718606948852539, "_timestamp": 1711836994.1019838, "_runtime": 2049.852859735489, "_step": 2033, "train-loss/raw-loss": 0.6718606948852539, "train-loss/kld": 0.0, "train-probs/accuracy-col": 0.5, "train-probs/accuracy-row": 1.0, "train-probs/p_c0_r0": -0.6050665378570557, "train-probs/p_c0_r1": -0.6206091642379761, "train-probs/p_c1_r0": -0.8844178915023804, "train-probs/p_c1_r1": -0.7867464423179626}