{"train/train_runtime": 3.4729, "train/train_samples_per_second": 5.759, "train/train_steps_per_second": 1.44, "train/total_flos": 333279865602048.0, "train/train_loss": 1.9121213912963868, "train/epoch": 0.0, "train/global_step": 5, "_timestamp": 1705273615.7422047, "_runtime": 32.80828857421875, "_step": 0, "_wandb": {"runtime": 139}}