{"train/loss": 1.5894, "train/learning_rate": 1.6666666666666665e-07, "train/epoch": 1.0, "train/global_step": 156, "_timestamp": 1710654835.4271946, "_runtime": 696.7218146324158, "_step": 31, "train/train_runtime": 697.8889, "train/train_samples_per_second": 28.658, "train/train_steps_per_second": 0.224, "train/total_flos": 2.3535215493460787e+17, "train/train_loss": 1.686019975405473}