{"train-loss/loss": 0.6585543155670166, "_timestamp": 1710498590.4674063, "_runtime": 1556.5087883472443, "_step": 6749, "train-loss/raw-loss": 0.6585543155670166, "train-loss/kld": 0.00588641781359911, "train-probs/accuracy-col": 1.0, "train-probs/accuracy-row": 0.5, "train-probs/p_c0_r0": -0.45398688316345215, "train-probs/p_c0_r1": -0.72981858253479, "train-probs/p_c1_r0": -0.5062904357910156, "train-probs/p_c1_r1": -0.6274890899658203, "_wandb": {"runtime": 1723}}