{"train/loss": 0.1054, "train/grad_norm": 8.953737258911133, "train/learning_rate": 1.5847860538827259e-09, "train/epoch": 1.0, "train/global_step": 780, "_timestamp": 1710097693.2510195, "_runtime": 2628.1472935676575, "_step": 155, "_wandb": {"runtime": 2706}}