{"train/loss": 1.8172, "train/learning_rate": 9.511340206185567e-07, "train/epoch": 0.31, "train/global_step": 387, "_timestamp": 1706499326.2271729, "_runtime": 1494.5058889389038, "_step": 386}