{"train/loss": 1.6818, "train/learning_rate": 3.2e-07, "train/epoch": 0.04, "train/global_step": 48, "_timestamp": 1706498091.878093, "_runtime": 260.156809091568, "_step": 47}