{"train/loss": 0.0, "train/learning_rate": 0.0, "train/rewards/chosen": 1.1729403734207153, "train/rewards/rejected": -9.004695892333984, "train/rewards/margins": 10.17763614654541, "train/kl": 0.0, "train/logps/rejected": -23.81730079650879, "train/logps/chosen": -136.28933715820312, "train/epoch": 1.0, "train/global_step": 365, "_timestamp": 1709709807.0213041, "_runtime": 5393.554817199707, "_step": 365, "train/train_runtime": 5193.6957, "train/train_samples_per_second": 8.998, "train/train_steps_per_second": 0.07, "train/total_flos": 0.0, "train/train_loss": 0.0}