{"train-loss/loss": 0.6929935216903687, "_timestamp": 1714608243.162246, "_runtime": 336.5194048881531, "_step": 1889, "train-loss/raw-loss": 0.6929935216903687, "train-loss/kld": 0.0, "train-probs/accuracy-col": 1.0, "train-probs/accuracy-row": 0.5, "train-probs/p_c0_r0": -0.4468797445297241, "train-probs/p_c0_r1": -0.40585270524024963, "train-probs/p_c1_r0": -0.44743216037750244, "train-probs/p_c1_r1": -0.40506571531295776}