{"train/loss": 0.3296, "train/learning_rate": 7.206185567010309e-05, "train/rewards/chosen": -1.812752604484558, "train/rewards/rejected": -3.9028851985931396, "train/rewards/accuracies": 0.890625, "train/rewards/margins": 2.090132713317871, "train/logps/rejected": -119.79240417480469, "train/logps/chosen": -108.95680236816406, "train/logits/rejected": -2.534317970275879, "train/logits/chosen": -2.5399045944213867, "train/epoch": 2.06, "train/global_step": 602, "_timestamp": 1706407621.9741096, "_runtime": 24540.64626264572, "_step": 306, "eval/loss": 0.5425137281417847, "eval/runtime": 452.8034, "eval/samples_per_second": 3.355, "eval/steps_per_second": 0.839, "eval/rewards/chosen": -2.084679365158081, "eval/rewards/rejected": -3.543515205383301, "eval/rewards/accuracies": 0.7478070855140686, "eval/rewards/margins": 1.4588356018066406, "eval/logps/rejected": -116.72150421142578, "eval/logps/chosen": -111.17701721191406, "eval/logits/rejected": -2.547295570373535, "eval/logits/chosen": -2.5652618408203125}