{"train/loss": 0.6857, "train/learning_rate": 3.4000000000000003e-07, "train/rewards/chosen": 0.00827555637806654, "train/rewards/rejected": -0.006683648563921452, "train/rewards/accuracies": 0.875, "train/rewards/margins": 0.014959204941987991, "train/logps/rejected": -122.69245910644531, "train/logps/chosen": -98.02256774902344, "train/logits/rejected": -2.599980354309082, "train/logits/chosen": -2.6126208305358887, "train/epoch": 0.11, "train/global_step": 68, "_timestamp": 1706555823.3349721, "_runtime": 195.0131151676178, "_step": 67}