{"train-loss/loss": 0.32352256774902344, "_timestamp": 1708998998.3205678, "_runtime": 1812.4986848831177, "_step": 8687, "train-loss/raw-loss": 0.32120195031166077, "train-loss/kld": 0.23206079006195068, "train-probs/accuracy-col": 1.0, "train-probs/accuracy-row": 1.0, "train-probs/p_c0_r0": -1.1809054613113403, "train-probs/p_c0_r1": -3.015895366668701, "train-probs/p_c1_r0": -1.9736329317092896, "train-probs/p_c1_r1": -1.459086298942566, "eval-loss/loss": 0.5449784994125366, "eval-loss/raw-loss": 0.543914794921875, "eval-loss/kld": 0.10636665672063828}