{"train-loss/loss": 0.7004537582397461, "_timestamp": 1712527761.811074, "_runtime": 374.85596990585327, "_step": 656, "train-loss/raw-loss": 0.7004537582397461, "train-loss/kld": 0.002447268459945917, "train-probs/accuracy-col": 0.5, "train-probs/accuracy-row": 0.5, "train-probs/p_c0_r0": -0.43970945477485657, "train-probs/p_c0_r1": -0.6076349020004272, "train-probs/p_c1_r0": -0.4782294034957886, "train-probs/p_c1_r1": -0.641209065914154}