{"train-loss/loss": 0.700800895690918, "_timestamp": 1712527824.5152392, "_runtime": 437.5601351261139, "_step": 863, "train-loss/raw-loss": 0.700800895690918, "train-loss/kld": 0.0031605982221663, "train-probs/accuracy-col": 0.5, "train-probs/accuracy-row": 0.5, "train-probs/p_c0_r0": -0.36541739106178284, "train-probs/p_c0_r1": -0.44189849495887756, "train-probs/p_c1_r0": -0.39648696780204773, "train-probs/p_c1_r1": -0.4618670344352722}