{"train-loss/loss": 0.6952553987503052, "_timestamp": 1708502913.699545, "_runtime": 4586.314114809036, "_step": 19014, "train-loss/raw-loss": 0.6948853731155396, "train-loss/kld": 0.000336463563144207, "train-probs/accuracy": 0.5, "train-probs/p_c0_r0": -1.1271677017211914, "train-probs/p_c0_r1": -1.247914433479309, "train-probs/p_c1_r0": -1.163332223892212, "train-probs/p_c1_r1": -1.2726142406463623, "eval-loss/loss": 0.7000823020935059, "eval-loss/raw-loss": 0.6990081071853638, "eval-loss/kld": 0.0009766117436811328, "_wandb": {"runtime": 4698}}