{"train-loss/loss": 0.36655065417289734, "_timestamp": 1710139233.0640368, "_runtime": 45.763022899627686, "_step": 44, "train-loss/raw-loss": 0.36655065417289734, "train-loss/kld": 0.0, "train-probs/accuracy-col": 1.0, "train-probs/accuracy-row": 1.0, "train-probs/p_c0_r0": -0.24407413601875305, "train-probs/p_c0_r1": -1.2550235986709595, "train-probs/p_c1_r0": -1.610255479812622, "train-probs/p_c1_r1": -0.6564659476280212, "_wandb": {"runtime": 142}}