{"train-loss/loss": 0.11652683466672897, "_timestamp": 1709059571.3052182, "_runtime": 1032.4230182170868, "_step": 4502, "train-loss/raw-loss": 0.08227665722370148, "train-loss/kld": 0.06850035488605499, "train-probs/accuracy-col": 1.0, "train-probs/accuracy-row": 1.0, "train-probs/p_c0_r0": -3.525251865386963, "train-probs/p_c0_r1": -10.665891647338867, "train-probs/p_c1_r0": -6.323994159698486, "train-probs/p_c1_r1": -1.8130662441253662, "eval-loss/loss": 0.17908154428005219, "eval-loss/raw-loss": 0.12966172397136688, "eval-loss/kld": 0.0988396406173706}