{"train/loss": 1.5623, "train/learning_rate": 9.683366733466935e-05, "train/epoch": 1.14, "train/global_step": 84, "_timestamp": 1705445486.587818, "_runtime": 2213.701812982559, "_step": 42, "eval/loss": 1.6772797107696533, "eval/runtime": 32.2485, "eval/samples_per_second": 7.721, "eval/steps_per_second": 0.992}