{"train/loss": 1.6225, "train/learning_rate": 9.93186372745491e-05, "train/epoch": 0.3, "train/global_step": 22, "_timestamp": 1705443905.197487, "_runtime": 632.3114821910858, "_step": 10}