{"train/loss": 0.8045, "train/learning_rate": 3.3333333333333334e-08, "train/epoch": 0.96, "train/global_step": 6, "_timestamp": 1710101709.5772488, "_runtime": 97.94569373130798, "_step": 1, "train/train_runtime": 98.5884, "train/train_samples_per_second": 8.115, "train/train_steps_per_second": 0.061, "train/total_flos": 7094334100865024.0, "train/train_loss": 0.7902456323305765}