{"train-loss/loss": 0.6246877908706665, "_timestamp": 1710488091.3454874, "_runtime": 1464.1020302772522, "_step": 6749, "train-loss/raw-loss": 0.6246877908706665, "train-loss/kld": 0.00913999229669571, "train-probs/accuracy-col": 1.0, "train-probs/accuracy-row": 0.5, "train-probs/p_c0_r0": -0.6076289415359497, "train-probs/p_c0_r1": -1.0266120433807373, "train-probs/p_c1_r0": -0.6813012957572937, "train-probs/p_c1_r1": -0.7642122507095337, "_wandb": {"runtime": 1616}}