{"train-loss/loss": 0.6187950968742371, "_timestamp": 1722553275.572013, "_runtime": 399.03838300704956, "_step": 791, "train-loss/raw-loss": 0.6187950968742371, "train-loss/kld": 0.027606340125203133, "train-probs/accuracy-col": 1.0, "train-probs/accuracy-row": 0.5, "train-probs/p_c0_r0": -0.5696946978569031, "train-probs/p_c0_r1": -0.9516538381576538, "train-probs/p_c1_r0": -0.5868867039680481, "train-probs/p_c1_r1": -0.610344409942627}