{"train-loss/loss": 0.6137862801551819, "_timestamp": 1711508180.9159553, "_runtime": 780.4687163829803, "_step": 1349, "train-loss/raw-loss": 0.6137862801551819, "train-loss/kld": 0.030365344136953354, "train-probs/accuracy-col": 0.5, "train-probs/accuracy-row": 1.0, "train-probs/p_c0_r0": -0.7218827605247498, "train-probs/p_c0_r1": -1.0796008110046387, "train-probs/p_c1_r0": -0.6384671926498413, "train-probs/p_c1_r1": -0.5771310329437256}