{"train-loss/loss": 0.693851888179779, "_timestamp": 1708542796.7102513, "_runtime": 4536.734233379364, "_step": 19014, "train-loss/raw-loss": 0.6936206221580505, "train-loss/kld": 0.0023124581202864647, "train-probs/accuracy": 0.5, "train-probs/p_c0_r0": -1.0432062149047852, "train-probs/p_c0_r1": -1.2705997228622437, "train-probs/p_c1_r0": -1.2092289924621582, "train-probs/p_c1_r1": -1.2820062637329102, "eval-loss/loss": 0.6924851536750793, "eval-loss/raw-loss": 0.6909380555152893, "eval-loss/kld": 0.01547144539654255, "_wandb": {"runtime": 4645}}