{"train-loss/loss": 0.6931915283203125, "_timestamp": 1713130483.2096565, "_runtime": 368.0342824459076, "_step": 359, "train-loss/raw-loss": 0.6931915283203125, "train-loss/kld": 0.0, "train-probs/accuracy-col": 0.5, "train-probs/accuracy-row": 0.5, "train-probs/p_c0_r0": -0.4162757694721222, "train-probs/p_c0_r1": -0.46396493911743164, "train-probs/p_c1_r0": -0.4230242967605591, "train-probs/p_c1_r1": -0.4655848443508148}