{"train-loss/loss": 0.2875808775424957, "_timestamp": 1710189645.3148696, "_runtime": 1769.7224876880646, "_step": 8567, "train-loss/raw-loss": 0.23503154516220093, "train-loss/kld": 0.1751643717288971, "train-probs/accuracy-col": 1.0, "train-probs/accuracy-row": 0.5, "train-probs/p_c0_r0": -0.6686474680900574, "train-probs/p_c0_r1": -4.941653251647949, "train-probs/p_c1_r0": -1.8316466808319092, "train-probs/p_c1_r1": -1.9737625122070312, "_wandb": {"runtime": 1807}}