{"train/loss": 0.6931, "train/learning_rate": 3e-06, "train/rewards/chosen": 0.0, "train/rewards/rejected": 0.0, "train/rewards/accuracies": 0.0, "train/rewards/margins": 0.0, "train/logps/rejected": -78.1748046875, "train/logps/chosen": -103.7478256225586, "train/logits/rejected": 8.479751586914062, "train/logits/chosen": 8.6797513961792, "train/epoch": 0.01, "train/global_step": 2, "_timestamp": 1706150992.5875766, "_runtime": 229.89446353912354, "_step": 0}