{"train-loss/loss": 0.34266436100006104, "_timestamp": 1709063112.6898236, "_runtime": 359.6719636917114, "_step": 1421, "train-loss/raw-loss": 0.3181094527244568, "train-loss/kld": 0.24554918706417084, "train-probs/accuracy-col": 0.5, "train-probs/accuracy-row": 1.0, "train-probs/p_c0_r0": -5.336257457733154, "train-probs/p_c0_r1": -15.462244987487793, "train-probs/p_c1_r0": -4.497496604919434, "train-probs/p_c1_r1": -2.209416627883911}