{"loss/train": -305.95062255859375, "_timestamp": 1707735130.444126, "_runtime": 24201.853621959686, "_step": 28715, "loss/eval": -1863.763916015625, "_wandb": {"runtime": 24329}}