{"loss/train": -0.009546875953674316, "_timestamp": 1707711334.7642605, "_runtime": 406.17375659942627, "_step": 283}