{"loss/train": -0.8427581787109375, "margins/train": 1.0, "_timestamp": 1707514143.232106, "_runtime": 72.62794089317322, "_step": 65, "learning_rate": 2.1999999999999998e-07, "_wandb": {"runtime": 74}}