{"loss/train": -0.004413008689880371, "margins/train": 0.5, "_timestamp": 1707625364.196018, "_runtime": 43.205803871154785, "_step": 0}