{"train-loss/loss": 0.2563072144985199, "_timestamp": 1710610720.0831952, "_runtime": 930.5306601524353, "_step": 4499, "train-loss/raw-loss": 0.1282203197479248, "train-loss/kld": 0.1280868947505951, "train-probs/accuracy-col": 1.0, "train-probs/accuracy-row": 1.0, "train-probs/p_c0_r0": -0.5546493530273438, "train-probs/p_c0_r1": -7.87082576751709, "train-probs/p_c1_r0": -2.1305885314941406, "train-probs/p_c1_r1": -0.43468526005744934, "_wandb": {"runtime": 1012}}