{"train-loss/loss": 0.4122042655944824, "_timestamp": 1710208445.048148, "_runtime": 1665.8374090194702, "_step": 8036, "train-loss/raw-loss": 0.34485551714897156, "train-loss/kld": 0.02244957908987999, "train-probs/accuracy-col": 1.0, "train-probs/accuracy-row": 0.5, "train-probs/p_c0_r0": -0.5023690462112427, "train-probs/p_c0_r1": -4.39937686920166, "train-probs/p_c1_r0": -0.5831815004348755, "train-probs/p_c1_r1": -1.2246384620666504}