{"loss/train": 0.03278711810708046, "_timestamp": 1708359048.6746588, "_runtime": 4318.874629735947, "_step": 309, "kld/train": 0.751645565032959}