{"train/loss": 0.6943, "train/learning_rate": 7.5e-07, "train/rewards/chosen": -0.0010441839694976807, "train/rewards/rejected": 0.0010368837974965572, "train/rewards/accuracies": 0.546875, "train/rewards/margins": -0.002081067766994238, "train/logps/rejected": -102.57511138916016, "train/logps/chosen": -97.29171752929688, "train/logits/rejected": -2.8496034145355225, "train/logits/chosen": -2.859251022338867, "train/epoch": 0.0, "train/global_step": 6, "_timestamp": 1706473440.2104175, "_runtime": 107.41461443901062, "_step": 2}