{"train-loss/loss": 0.6686262488365173, "_timestamp": 1711998706.2169514, "_runtime": 2119.056196451187, "_step": 2249, "train-loss/raw-loss": 0.6686262488365173, "train-loss/kld": 0.0, "train-probs/accuracy-col": 1.0, "train-probs/accuracy-row": 1.0, "train-probs/p_c0_r0": -0.5700505375862122, "train-probs/p_c0_r1": -0.6076903343200684, "train-probs/p_c1_r0": -0.5703117251396179, "train-probs/p_c1_r1": -0.5023682713508606, "_wandb": {"runtime": 2257}}