{"train-loss/loss": 0.6982249021530151, "_timestamp": 1711403306.1784916, "_runtime": 552.6812846660614, "_step": 1025, "train-loss/raw-loss": 0.6982249021530151, "train-loss/kld": 0.0003068934893235564, "train-probs/accuracy-col": 1.0, "train-probs/accuracy-row": 0.5, "train-probs/p_c0_r0": -0.4656974971294403, "train-probs/p_c0_r1": -0.10177367925643921, "train-probs/p_c1_r0": -0.48631274700164795, "train-probs/p_c1_r1": -0.08532190322875977, "_wandb": {"runtime": 607}}