{"train-loss/loss": 0.6986263394355774, "_timestamp": 1709066003.324174, "_runtime": 1842.3486850261688, "_step": 7850, "train-loss/raw-loss": 0.5325055122375488, "train-loss/kld": 0.04153021425008774, "train-probs/accuracy-col": 0.5, "train-probs/accuracy-row": 1.0, "train-probs/p_c0_r0": -4.060652732849121, "train-probs/p_c0_r1": -4.819183826446533, "train-probs/p_c1_r0": -1.7102622985839844, "train-probs/p_c1_r1": -1.2432563304901123, "eval-loss/loss": 0.3562174439430237, "eval-loss/raw-loss": 0.20065809786319733, "eval-loss/kld": 0.03888984024524689}