{"train/loss": 0.6981, "train/learning_rate": 1.6666666666666665e-07, "train/rewards/chosen": -0.003574114292860031, "train/rewards/rejected": 0.006328511983156204, "train/rewards/accuracies": 0.1875, "train/rewards/margins": -0.009902626276016235, "train/logps/rejected": -99.19145202636719, "train/logps/chosen": -109.47805786132812, "train/logits/rejected": 9.366077423095703, "train/logits/chosen": 8.800419807434082, "train/epoch": 0.01, "train/global_step": 25, "_timestamp": 1706509284.8887646, "_runtime": 359.58289861679077, "_step": 24}