{"train-loss/loss": 0.6666175127029419, "_timestamp": 1709865555.6807308, "_runtime": 76.79975891113281, "_step": 17, "train-loss/raw-loss": 0.6666175127029419, "train-loss/kld": 0.0, "train-probs/accuracy-col": 1.0, "train-probs/accuracy-row": 1.0, "train-probs/p_c0_r0": -0.18701472878456116, "train-probs/p_c0_r1": -0.2434290647506714, "train-probs/p_c1_r0": -0.2509782314300537, "train-probs/p_c1_r1": -0.1968850940465927}