{"loss/train": -0.0899505615234375, "margins/train": 1.0, "_timestamp": 1707530627.287338, "_runtime": 36.33973813056946, "_step": 7, "learning_rate": 1.3333333333333334e-08, "_wandb": {"runtime": 83}}