{"train/loss": 0.6907, "train/learning_rate": 1.1333333333333332e-07, "train/rewards/chosen": 0.020200539380311966, "train/rewards/rejected": 0.015207958407700062, "train/rewards/accuracies": 0.5, "train/rewards/margins": 0.0049925800412893295, "train/logps/rejected": -125.48896026611328, "train/logps/chosen": -79.96502685546875, "train/logits/rejected": 9.430927276611328, "train/logits/chosen": 9.440896987915039, "train/epoch": 0.0, "train/global_step": 17, "_timestamp": 1706507494.3763185, "_runtime": 92.53406047821045, "_step":