{"train/loss": 0.6765, "train/learning_rate": 9.961421319796954e-07, "train/rewards/chosen": 0.03262362256646156, "train/rewards/rejected": -0.001676845597103238, "train/rewards/accuracies": 0.5, "train/rewards/margins": 0.03430046886205673, "train/logps/rejected": -105.60591125488281, "train/logps/chosen": -122.79595947265625, "train/logits/rejected": 9.590367317199707, "train/logits/chosen": 9.546283721923828, "train/epoch": 0.02, "train/global_step": 188, "_timestamp": 1706508070.3932257, "_runtime": 668.5509676933289, "_step": 187}