{"loss/train": 0.24573935568332672, "_timestamp": 1708288942.503428, "_runtime": 77.9150640964508, "_step": 97, "kld/train": 0.24573935568332672, "loss/eval": 2.4883780479431152, "kld/eval": 2.4883780479431152, "_wandb": {"runtime": 77}}