{"train/loss": 0.1049, "train/learning_rate": 1.2927835051546392e-05, "train/rewards/chosen": -3.159454822540283, "train/rewards/rejected": -8.611580848693848, "train/rewards/accuracies": 0.96875, "train/rewards/margins": 5.452126502990723, "train/logps/rejected": -179.39398193359375, "train/logps/chosen": -145.94314575195312, "train/logits/rejected": 4.863402366638184, "train/logits/chosen": 4.940613269805908, "train/epoch": 3.87, "train/global_step": 1164, "_timestamp": 1706215310.9046812, "_runtime": 59952.01937127113, "_step": 592, "eval/loss": 0.21564188599586487, "eval/runtime": 370.1918, "eval/samples_per_second": 2.736, "eval/steps_per_second": 0.343, "eval/rewards/chosen": -3.7162907123565674, "eval/rewards/rejected": -8.274589538574219, "eval/rewards/accuracies": 0.9074802994728088, "eval/rewards/margins": 4.5582990646362305, "eval/logps/rejected": -166.5847930908203, "eval/logps/chosen": -132.19447326660156, "eval/logits/rejected": 5.052690029144287, "eval/logits/chosen": 5.102700710296631}