{"train/loss": 0.6895, "train/learning_rate": 6e-06, "train/rewards/chosen": 0.012347034178674221, "train/rewards/rejected": 0.0024692651350051165, "train/rewards/accuracies": 0.546875, "train/rewards/margins": 0.009877767413854599, "train/logps/rejected": -60.707672119140625, "train/logps/chosen": -97.36199188232422, "train/logits/rejected": 8.866304397583008, "train/logits/chosen": 9.16065788269043, "train/epoch": 0.04, "train/global_step": 12, "_timestamp": 1706155996.3888912, "_runtime": 637.5035812854767, "_step": 5}