{"train/loss": 0.0071, "train/learning_rate": 5.6288659793814435e-06, "train/rewards/chosen": -5.09503173828125, "train/rewards/rejected": -13.67833423614502, "train/rewards/accuracies": 1.0, "train/rewards/margins": 8.583301544189453, "train/logps/rejected": -233.03872680664062, "train/logps/chosen": -152.61505126953125, "train/logits/rejected": 3.5945870876312256, "train/logits/chosen": 3.7589774131774902, "train/epoch": 5.44, "train/global_step": 1636, "_timestamp": 1706239709.7591853, "_runtime": 84350.87387537956, "_step": 833, "eval/loss": 0.13800978660583496, "eval/runtime": 369.2132, "eval/samples_per_second": 2.744, "eval/steps_per_second": 0.344, "eval/rewards/chosen": -5.634808540344238, "eval/rewards/rejected": -12.871796607971191, "eval/rewards/accuracies": 0.9468504190444946, "eval/rewards/margins": 7.2369890213012695, "eval/logps/rejected": -212.55686950683594, "eval/logps/chosen": -151.37966918945312, "eval/logits/rejected": 3.58980393409729, "eval/logits/chosen": 3.679311513900757}