{"train-loss/loss": 0.1511979103088379, "_timestamp": 1709426373.6261156, "_runtime": 1759.2642216682434, "_step": 8555, "train-loss/raw-loss": 0.11686353385448456, "train-loss/kld": 0.3433437645435333, "train-probs/accuracy-col": 1.0, "train-probs/accuracy-row": 1.0, "train-probs/p_c0_r0": -2.1789629459381104, "train-probs/p_c0_r1": -4.677896499633789, "train-probs/p_c1_r0": -5.030195236206055, "train-probs/p_c1_r1": -0.8818274736404419, "eval-loss/loss": 0.32277369499206543, "eval-loss/raw-loss": 0.2836171090602875, "eval-loss/kld": 0.3915661573410034, "_wandb": {"runtime": 1866}}