{"train-loss/loss": 0.6718747019767761, "_timestamp": 1710620131.9075353, "_runtime": 801.3239734172821, "_step": 3680, "train-loss/raw-loss": 0.6706290245056152, "train-loss/kld": 0.0012456470867618918, "train-probs/accuracy-col": 1.0, "train-probs/accuracy-row": 0.5, "train-probs/p_c0_r0": -0.5008615255355835, "train-probs/p_c0_r1": -0.604244589805603, "train-probs/p_c1_r0": -0.5442289113998413, "train-probs/p_c1_r1": -0.5512617230415344}