{"train-loss/loss": 0.6780046820640564, "_timestamp": 1710619581.8404753, "_runtime": 251.2569134235382, "_step": 836, "train-loss/raw-loss": 0.677614688873291, "train-loss/kld": 0.0003900399315170944, "train-probs/accuracy-col": 0.5, "train-probs/accuracy-row": 0.5, "train-probs/p_c0_r0": -0.5075288414955139, "train-probs/p_c0_r1": -0.44394564628601074, "train-probs/p_c1_r0": -0.5883179903030396, "train-probs/p_c1_r1": -0.45290854573249817}