{"train/loss": 0.6917275190353394, "_timestamp": 1708404810.0747035, "_runtime": 7505.888727426529, "_step": 10712, "train/raw-loss": 0.6383601427078247, "train/kld": 0.10673464834690094, "eval/loss": 0.6906157732009888, "eval/raw-loss": 0.6173218488693237, "eval/kld": 0.1465880125761032}