{"train-loss/loss": 0.6349152326583862, "_timestamp": 1710059835.4215891, "_runtime": 12663.905376195908, "_step": 56249, "train-loss/raw-loss": 0.6079704761505127, "train-loss/kld": 0.26944857835769653, "train-probs/accuracy-col": 1.0, "train-probs/accuracy-row": 1.0, "train-probs/p_c0_r0": -1.943635106086731, "train-probs/p_c0_r1": -5.914553642272949, "train-probs/p_c1_r0": -2.3340444564819336, "train-probs/p_c1_r1": -1.4841617345809937, "_wandb": {"runtime": 12796}}