{"train-loss/loss": 0.6496197581291199, "_timestamp": 1710047405.9002614, "_runtime": 234.38404846191406, "_step": 611, "train-loss/raw-loss": 0.6490083336830139, "train-loss/kld": 0.006114516407251358, "train-probs/accuracy-col": 1.0, "train-probs/accuracy-row": 0.5, "train-probs/p_c0_r0": -0.4786507487297058, "train-probs/p_c0_r1": -1.1267032623291016, "train-probs/p_c1_r0": -0.49016815423965454, "train-probs/p_c1_r1": -0.935371994972229}