{"loss/train": 0.7983134984970093, "_timestamp": 1708290165.5064301, "_runtime": 183.99290108680725, "_step": 7, "kld/train": 0.0, "loss/eval": 0.6429830193519592, "kld/eval": 0.0006960704922676086}