{"train/loss": 0.07398867607116699, "_timestamp": 1708448134.1282248, "_runtime": 810.2998397350311, "_step": 1409, "train/raw-loss": 0.07398867607116699, "train/kld": 0.000980163342319429}