{"train/loss": 1.3591, "train/learning_rate": 1.3066693117191886e-09, "train/epoch": 1.0, "train/global_step": 648, "_timestamp": 1706609924.6485863, "_runtime": 9193.312960386276, "_step": 130, "eval/loss": 1.3544310331344604, "eval/runtime": 87.5654, "eval/samples_per_second": 24.29, "eval/steps_per_second": 6.075, "train/train_runtime": 9077.2928, "train/train_samples_per_second": 9.138, "train/train_steps_per_second": 0.071, "train/total_flos": 24874631110656.0, "train/train_loss": 1.6252102910736461, "_wandb": {"runtime": 9217}}