{"train/loss": 1.9465, "train/learning_rate": 1.5384615384615387e-06, "train/epoch": 0.01, "train/global_step": 5, "_timestamp": 1706600917.6982021, "_runtime": 186.3625762462616, "_step": 0}