{"train-loss/loss": 0.7939209938049316, "_timestamp": 1708996289.2873895, "_runtime": 294.0713255405426, "_step": 7238, "train-loss/raw-loss": 0.704660177230835, "train-loss/kld": 0.17852172255516052, "train-probs/accuracy-col": 0.5, "train-probs/accuracy-row": 0.5, "train-probs/p_c0_r0": -10.44741439819336, "train-probs/p_c0_r1": -10.407523155212402, "train-probs/p_c1_r0": -10.464951515197754, "train-probs/p_c1_r1": -10.462870597839355, "eval-loss/loss": 0.7826309204101562, "eval-loss/raw-loss": 0.6964846849441528, "eval-loss/kld": 0.17229238152503967}