{"train-loss/loss": 0.25867652893066406, "_timestamp": 1709000877.5760767, "_runtime": 1857.4871168136597, "_step": 8768, "train-loss/raw-loss": 0.2407347857952118, "train-loss/kld": 0.1794174313545227, "train-probs/accuracy-col": 1.0, "train-probs/accuracy-row": 1.0, "train-probs/p_c0_r0": -1.8031140565872192, "train-probs/p_c0_r1": -4.992044925689697, "train-probs/p_c1_r0": -1.8996813297271729, "train-probs/p_c1_r1": -1.2124866247177124, "eval-loss/loss": 0.5106493830680847, "eval-loss/raw-loss": 0.50157630443573, "eval-loss/kld": 0.09073075652122498}