{"train-loss/loss": 0.436438649892807, "_timestamp": 1709062196.630684, "_runtime": 289.2241427898407, "_step": 1043, "train-loss/raw-loss": 0.3874634802341461, "train-loss/kld": 0.16325053572654724, "train-probs/accuracy-col": 1.0, "train-probs/accuracy-row": 1.0, "train-probs/p_c0_r0": -3.533533811569214, "train-probs/p_c0_r1": -11.26004695892334, "train-probs/p_c1_r0": -4.969668388366699, "train-probs/p_c1_r1": -3.2961113452911377}