{"loss/train": 0.09122002124786377, "_timestamp": 1708322283.8070478, "_runtime": 335.3170747756958, "_step": 49, "kld/train": 3.965184441767633e-05, "_wandb": {"runtime": 339}}