{"train-loss/loss": 0.685706377029419, "_timestamp": 1712087547.823384, "_runtime": 466.81002593040466, "_step": 863, "train-loss/raw-loss": 0.685706377029419, "train-loss/kld": 0.008708832785487175, "train-probs/accuracy-col": 0.5, "train-probs/accuracy-row": 0.5, "train-probs/p_c0_r0": -0.5057298541069031, "train-probs/p_c0_r1": -0.5543408989906311, "train-probs/p_c1_r0": -0.48408788442611694, "train-probs/p_c1_r1": -0.4942804276943207}