{"train/loss": 0.6378, "train/learning_rate": 2.938144329896907e-05, "train/rewards/chosen": -0.12152475863695145, "train/rewards/rejected": -0.274100661277771, "train/rewards/accuracies": 0.6875, "train/rewards/margins": 0.15257591009140015, "train/logps/rejected": -78.76070404052734, "train/logps/chosen": -90.96905517578125, "train/logits/rejected": 8.532882690429688, "train/logits/chosen": 8.471502304077148, "train/epoch": 0.17, "train/global_step": 100, "_timestamp": 1706304030.2248037, "_runtime": 2789.888281583786, "_step": 49}