{"train-loss/loss": 0.38418397307395935, "_timestamp": 1710201327.8836722, "_runtime": 1771.3468873500824, "_step": 8567, "train-loss/raw-loss": 0.31266340613365173, "train-loss/kld": 0.07152052968740463, "train-probs/accuracy-col": 1.0, "train-probs/accuracy-row": 0.5, "train-probs/p_c0_r0": -0.49976348876953125, "train-probs/p_c0_r1": -3.7800474166870117, "train-probs/p_c1_r0": -0.829593300819397, "train-probs/p_c1_r1": -1.1698298454284668, "_wandb": {"runtime": 1813}}