{"train/loss": 0.6913, "train/learning_rate": 2.8e-07, "train/rewards/chosen": -0.18841417133808136, "train/rewards/rejected": -0.17600607872009277, "train/rewards/accuracies": 0.53125, "train/rewards/margins": -0.012408087961375713, "train/logps/rejected": -399.6463623046875, "train/logps/chosen": -469.4321594238281, "train/logits/rejected": -1.0494093894958496, "train/logits/chosen": -1.0436559915542603, "train/epoch": 0.01, "train/global_step": 28, "_timestamp": 1706574069.0504057, "_runtime": 247.22861862182617, "_step": 27}