{"train/loss": 0.6931, "train/learning_rate": 2.5e-07, "train/rewards/chosen": 0.0, "train/rewards/rejected": 0.0, "train/rewards/accuracies": 0.0, "train/rewards/margins": 0.0, "train/logps/rejected": -86.70591735839844, "train/logps/chosen": -89.10517120361328, "train/logits/rejected": -2.6357951164245605, "train/logits/chosen": -2.615931510925293, "train/epoch": 0.17, "train/global_step": 1, "_timestamp": 1706648919.922403, "_runtime": 24.434465169906616, "_step": 0, "_wandb": {"runtime": 27}}