{"train-loss/loss": 0.7040904760360718, "_timestamp": 1708468336.6601474, "_runtime": 1202.5921144485474, "_step": 4946, "train-loss/raw-loss": 0.7039055824279785, "train-loss/kld": 0.0006164255319163203, "train-probs/accuracy": 1.0, "train-probs/p_c0_r0": -1.1183013916015625, "train-probs/p_c0_r1": -0.9771784543991089, "train-probs/p_c1_r0": -1.2190642356872559, "train-probs/p_c1_r1": -1.0677272081375122, "eval-loss/loss": 0.7079100608825684, "eval-loss/raw-loss": 0.7075172066688538, "eval-loss/kld": 0.0013096892507746816}