{"train/loss": 0.1905, "train/learning_rate": 9.666666666666666e-07, "train/epoch": 1.0, "train/global_step": 148, "_timestamp": 1710287736.0930758, "_runtime": 591.9529538154602, "_step": 29, "train/train_runtime": 538.822, "train/train_samples_per_second": 35.251, "train/train_steps_per_second": 0.275, "train/total_flos": 1.764842523202683e+17, "train/train_loss": 0.28208547145933716}