{"train-loss/loss": 0.5329627990722656, "_timestamp": 1710293613.6546726, "_runtime": 975.9513595104218, "_step": 4634, "train-loss/raw-loss": 0.420505166053772, "train-loss/kld": 0.05622882395982742, "train-probs/accuracy-col": 1.0, "train-probs/accuracy-row": 0.5, "train-probs/p_c0_r0": -0.6732907295227051, "train-probs/p_c0_r1": -3.213585376739502, "train-probs/p_c1_r0": -0.9092252850532532, "train-probs/p_c1_r1": -1.1027485132217407}