{"train/loss": 0.056635599583387375, "_timestamp": 1708454529.5160153, "_runtime": 6388.032017230988, "_step": 9521, "train/raw-loss": 0.05629502236843109, "train/kld": 0.0011352428700774908, "eval/loss": 0.07805825024843216, "eval/raw-loss": 0.07763947546482086, "eval/kld": 0.0013959084171801805, "_wandb": {"runtime": 6519}}