{"train/loss": 1.7494, "train/learning_rate": 9.375000000000001e-06, "train/epoch": 0.05, "train/global_step": 30, "_timestamp": 1706756560.4038508, "_runtime": 479.8105118274689, "_step": 5}