{"train-loss/loss": 0.6307492256164551, "_timestamp": 1710517303.407567, "_runtime": 1484.5880961418152, "_step": 6749, "train-loss/raw-loss": 0.6307492256164551, "train-loss/kld": 0.006668508518487215, "train-probs/accuracy-col": 1.0, "train-probs/accuracy-row": 0.5, "train-probs/p_c0_r0": -0.4929775595664978, "train-probs/p_c0_r1": -1.1061509847640991, "train-probs/p_c1_r0": -0.5346524715423584, "train-probs/p_c1_r1": -0.8241173028945923, "_wandb": {"runtime": 1640}}