{"eval/loss": 1.8819440603256226, "eval/runtime": 0.1771, "eval/samples_per_second": 16.939, "eval/steps_per_second": 5.646, "train/epoch": 0.97, "train/global_step": 2, "_timestamp": 1706599856.9068184, "_runtime": 102.33852529525757, "_step": 1, "train/train_runtime": 76.7137, "train/train_samples_per_second": 1.264, "train/train_steps_per_second": 0.026, "train/total_flos": 29378519040.0, "train/train_loss": 2.0738651752471924, "_wandb": {"runtime": 136}}