{"loss/train": -3688.47021484375, "margins/train": 0.5, "_timestamp": 1707626783.0147579, "_runtime": 332.95498180389404, "_step": 61}