{"train-loss/loss": 0.6501737236976624, "_timestamp": 1710522231.627672, "_runtime": 1461.7652988433838, "_step": 6749, "train-loss/raw-loss": 0.6501737236976624, "train-loss/kld": 0.007504293695092201, "train-probs/accuracy-col": 1.0, "train-probs/accuracy-row": 0.5, "train-probs/p_c0_r0": -0.6733466386795044, "train-probs/p_c0_r1": -3.87372088432312, "train-probs/p_c1_r0": -0.8314787149429321, "train-probs/p_c1_r1": -2.2090423107147217, "_wandb": {"runtime": 1637}}