{"train/loss": 0.0, "train/learning_rate": 2.972972972972973e-07, "train/rewards/chosen": 0.038443922996520996, "train/rewards/rejected": -0.07395317405462265, "train/rewards/margins": 0.11239710450172424, "train/kl": 0.012741565704345703, "train/logps/rejected": -44.05563735961914, "train/logps/chosen": -37.35688018798828, "train/epoch": 0.03, "train/global_step": 11, "_timestamp": 1709692204.4243186, "_runtime": 322.0041606426239, "_step": 10}