{"train-loss/loss": 0.6638263463973999, "_timestamp": 1709501203.0524268, "_runtime": 144.54676270484924, "_step": 440, "train-loss/raw-loss": 0.6638263463973999, "train-loss/kld": 0.0, "train-probs/accuracy-col": 1.0, "train-probs/accuracy-row": 0.5, "train-probs/p_c0_r0": -1.2740739583969116, "train-probs/p_c0_r1": -1.4760980606079102, "train-probs/p_c1_r0": -1.3570088148117065, "train-probs/p_c1_r1": -1.438259243965149}