{"train-loss/loss": 0.6296794414520264, "_timestamp": 1709501451.5936456, "_runtime": 393.08798146247864, "_step": 1736, "train-loss/raw-loss": 0.6048395037651062, "train-loss/kld": 0.09936001896858215, "train-probs/accuracy-col": 1.0, "train-probs/accuracy-row": 0.5, "train-probs/p_c0_r0": -1.0018177032470703, "train-probs/p_c0_r1": -2.765537977218628, "train-probs/p_c1_r0": -1.1564425230026245, "train-probs/p_c1_r1": -2.3691964149475098