{"train-loss/loss": 0.20900893211364746, "_timestamp": 1709504344.5008376, "_runtime": 3285.9951734542847, "_step": 14615, "train-loss/raw-loss": 0.15428340435028076, "train-loss/kld": 0.21890203654766083, "train-probs/accuracy-col": 1.0, "train-probs/accuracy-row": 1.0, "train-probs/p_c0_r0": -1.604914665222168, "train-probs/p_c0_r1": -4.121068000793457, "train-probs/p_c1_r0": -3.778724193572998, "train-probs/p_c1_r1": -0.9666497707366943, "eval-loss/loss": NaN, "eval-loss/raw-loss": NaN, "eval-loss/kld": 0.2264295518398285}