{"train-loss/loss": 0.6790332794189453, "_timestamp": 1714694848.8094635, "_runtime": 932.7221994400024, "_step": 188, "train-loss/raw-loss": 0.6790332794189453, "train-loss/kld": 0.0, "train-probs/accuracy-col": 1.0, "train-probs/accuracy-row": 0.5, "train-probs/p_c0_r0": -0.43518978357315063, "train-probs/p_c0_r1": -0.35474544763565063, "train-probs/p_c1_r0": -0.4641774296760559, "train-probs/p_c1_r1": -0.3054797649383545, "_wandb": {"runtime": 977}}