{"loss/train": 0.077301025390625, "margins/train": 0.5, "_timestamp": 1707514347.686848, "_runtime": 7.642843008041382, "_step": 1, "learning_rate": 6.666666666666667e-09, "_wandb": {"runtime": 7}}