{"train-loss/loss": 0.15869656205177307, "_timestamp": 1710266802.187547, "_runtime": 1842.57954287529, "_step": 8999, "train-loss/raw-loss": 0.06333315372467041, "train-loss/kld": 0.19072681665420532, "train-probs/accuracy-col": 1.0, "train-probs/accuracy-row": 1.0, "train-probs/p_c0_r0": -0.6098750829696655, "train-probs/p_c0_r1": -8.535895347595215, "train-probs/p_c1_r0": -3.3863918781280518, "train-probs/p_c1_r1": -0.7786354422569275, "_wandb": {"runtime": 1881}}