{"train/loss": 1.8328, "train/learning_rate": 1.988121336367892e-05, "train/epoch": 0.61, "train/global_step": 721, "_timestamp": 1706599013.1839466, "_runtime": 4386.203030586243, "_step": 721, "eval/loss": 1.8513377904891968, "eval/runtime": 58.17, "eval/samples_per_second": 18.841, "eval/steps_per_second": 6.292}