{"train/loss": 1.7613, "train/learning_rate": 8.2e-06, "train/epoch": 0.17, "train/global_step": 205, "_timestamp": 1706595886.1498435, "_runtime": 1259.1689274311066, "_step": 204}