{"train-loss/loss": 19.043312072753906, "_timestamp": 1709141578.028083, "_runtime": 653.390144109726, "_step": 3077, "train-loss/raw-loss": 0.6904537677764893, "train-loss/kld": 3.670571804046631, "train-probs/accuracy-col": 0.5, "train-probs/accuracy-row": 0.5, "train-probs/p_c0_r0": -4.964859485626221, "train-probs/p_c0_r1": -5.210732460021973, "train-probs/p_c1_r0": -5.047074794769287, "train-probs/p_c1_r1": -5.280328273773193}