{"train-loss/loss": 0.5415335893630981, "_timestamp": 1709161974.4628487, "_runtime": 4839.71627163887, "_step": 21389, "train-loss/raw-loss": 0.48769330978393555, "train-loss/kld": 0.02692016214132309, "train-probs/accuracy-col": 1.0, "train-probs/accuracy-row": 1.0, "train-probs/p_c0_r0": -1.2505855560302734, "train-probs/p_c0_r1": -2.4840879440307617, "train-probs/p_c1_r0": -1.3087130784988403, "train-probs/p_c1_r1": -1.075254201889038, "eval-loss/loss": 0.5026934146881104, "eval-loss/raw-loss": 0.4236215054988861, "eval-loss/kld": 0.03953595831990242, "_wandb": {"runtime": 4969}}