{"train/loss": 1.7317, "train/learning_rate": 9.98e-05, "train/epoch": 0.13, "train/global_step": 20, "_timestamp": 1705373934.5322864, "_runtime": 124.50049138069153, "_step": 1}