{"train-loss/loss": 0.04131650924682617, "_timestamp": 1714855826.6102338, "_runtime": 10651.947814702988, "_step": 1799, "train-loss/raw-loss": 0.04131650924682617, "train-loss/kld": 0.0, "train-probs/accuracy-col": 1.0, "train-probs/accuracy-row": 1.0, "train-probs/p_c0_r0": -1.0693962574005127, "train-probs/p_c0_r1": -5.647769927978516, "train-probs/p_c1_r0": -4.842246055603027, "train-probs/p_c1_r1": -1.0041027069091797}