{"train-loss/loss": 0.6817988157272339, "_timestamp": 1708997041.1467612, "_runtime": 413.0217592716217, "_step": 1844, "train-loss/raw-loss": 0.6814367771148682, "train-loss/kld": 0.03621211275458336, "train-probs/accuracy-col": 0.5, "train-probs/accuracy-row": 0.5, "train-probs/p_c0_r0": -1.2941569089889526, "train-probs/p_c0_r1": -1.3778353929519653, "train-probs/p_c1_r0": -1.293792724609375, "train-probs/p_c1_r1": -1.324844479560852}