{"loss/train": 0.06477906554937363, "_timestamp": 1708350134.4455438, "_runtime": 8404.76094174385, "_step": 595, "kld/train": 1.3672525882720947, "loss/eval": 0.32303133606910706, "kld/eval": 1.0251052379608154, "_wandb": {"runtime": 8522}}