{"train-loss/loss": 0.8115357160568237, "_timestamp": 1709608129.1452198, "_runtime": 2280.014066696167, "_step": 10682, "train-loss/raw-loss": 0.7737293839454651, "train-loss/kld": 0.07561271637678146, "train-probs/accuracy-col": 0.5, "train-probs/accuracy-row": 0.5, "train-probs/p_c0_r0": -0.6255775094032288, "train-probs/p_c0_r1": -1.0285969972610474, "train-probs/p_c1_r0": -1.118227481842041, "train-probs/p_c1_r1": -1.309787392616272}