{"train/loss": 0.2092, "train/learning_rate": 9.972147627352593e-07, "train/rewards/chosen": -1.3841643333435059, "train/rewards/rejected": -6.219611167907715, "train/rewards/accuracies": 0.875, "train/rewards/margins": 4.835446834564209, "train/logps/rejected": -111.56912994384766, "train/logps/chosen": -57.04265594482422, "train/logits/rejected": -3.0992956161499023, "train/logits/chosen": -3.0081820487976074, "train/epoch": 0.13, "train/global_step": 18, "_timestamp": 1709688008.1648967, "_runtime": 308.66533970832825, "_step": 17}