{"train-loss/loss": 0.6746855974197388, "_timestamp": 1710491660.5028474, "_runtime": 1590.9629883766174, "_step": 6749, "train-loss/raw-loss": 0.6746855974197388, "train-loss/kld": 0.008767525665462017, "train-probs/accuracy-col": 1.0, "train-probs/accuracy-row": 0.5, "train-probs/p_c0_r0": -0.6874423623085022, "train-probs/p_c0_r1": -1.6179155111312866, "train-probs/p_c1_r0": -0.8378939628601074, "train-probs/p_c1_r1": -1.2824369668960571, "_wandb": {"runtime": 1737}}