{"train/loss": 1.8466, "train/learning_rate": 9.44742268041237e-07, "train/epoch": 1.41, "train/global_step": 418, "_timestamp": 1706506758.475441, "_runtime": 7395.221145868301, "_step": 417}