{"train-loss/loss": 0.6704007983207703, "_timestamp": 1710028072.9749339, "_runtime": 123.31327390670776, "_step": 17, "train-loss/raw-loss": 0.6704007983207703, "train-loss/kld": 0.0, "train-probs/accuracy-col": 1.0, "train-probs/accuracy-row": 0.5, "train-probs/p_c0_r0": -0.5465855002403259, "train-probs/p_c0_r1": -1.0286908149719238, "train-probs/p_c1_r0": -0.5693270564079285, "train-probs/p_c1_r1": -0.9578383564949036}