{"train/loss": 1.718, "train/learning_rate": 2.964e-05, "train/epoch": 0.17, "train/global_step": 60, "_timestamp": 1705281329.180117, "_runtime": 80.47368288040161, "_step": 5, "_wandb": {"runtime": 85}}