{"train-loss/loss": 0.03918798267841339, "_timestamp": 1710031344.9374707, "_runtime": 3227.2659056186676, "_step": 13625, "train-loss/raw-loss": 0.003828931599855423, "train-loss/kld": 0.3535904586315155, "train-probs/accuracy-col": 1.0, "train-probs/accuracy-row": 1.0, "train-probs/p_c0_r0": -0.7662096619606018, "train-probs/p_c0_r1": -15.046337127685547, "train-probs/p_c1_r0": -6.698410987854004, "train-probs/p_c1_r1": -3.698643445968628}