{"train-loss/loss": 0.5713437795639038, "_timestamp": 1711511258.9251895, "_runtime": 1337.3292953968048, "_step": 2249, "train-loss/raw-loss": 0.5713437795639038, "train-loss/kld": 0.0679880827665329, "train-probs/accuracy-col": 1.0, "train-probs/accuracy-row": 1.0, "train-probs/p_c0_r0": -0.688042402267456, "train-probs/p_c0_r1": -0.9138153791427612, "train-probs/p_c1_r0": -0.9316284656524658, "train-probs/p_c1_r1": -0.5985975861549377, "_wandb": {"runtime": 1456}}