{"train-loss/loss": 0.6898145079612732, "_timestamp": 1714693782.9256177, "_runtime": 94.07837772369385, "_step": 17, "train-loss/raw-loss": 0.6898145079612732, "train-loss/kld": 0.0, "train-probs/accuracy-col": 1.0, "train-probs/accuracy-row": 0.5, "train-probs/p_c0_r0": -0.4801168143749237, "train-probs/p_c0_r1": -0.4162472188472748, "train-probs/p_c1_r0": -0.4987541437149048, "train-probs/p_c1_r1": -0.39437851309776306}