{"train/loss": 0.6889, "train/learning_rate": 4.4e-06, "train/rewards/chosen": 0.010645871050655842, "train/rewards/rejected": 0.0018271127482876182, "train/rewards/accuracies": 0.5555555820465088, "train/rewards/margins": 0.00881875865161419, "train/logps/rejected": -131.31842041015625, "train/logps/chosen": -71.25491333007812, "train/logits/rejected": 9.226829528808594, "train/logits/chosen": 9.249595642089844, "train/epoch": 0.0, "train/global_step": 22, "_timestamp": 1706468335.4212363, "_runtime": 154.46090936660767, "_step": 10}