{"train-loss/loss": 0.7037814259529114, "_timestamp": 1714609716.0026443, "_runtime": 260.5810513496399, "_step": 611, "train-loss/raw-loss": 0.7037814259529114, "train-loss/kld": 0.0, "train-probs/accuracy-col": 0.5, "train-probs/accuracy-row": 0.5, "train-probs/p_c0_r0": -0.9045768976211548, "train-probs/p_c0_r1": -0.7679062485694885, "train-probs/p_c1_r0": -0.8876324892044067, "train-probs/p_c1_r1": -0.7632150650024414}