{"eval-loss/loss": 0.6716450452804565, "_timestamp": 1709560861.4265785, "_runtime": 755.7021114826202, "_step": 3467, "eval-loss/raw-loss": 0.6716450452804565, "eval-loss/kld": 0.0, "train-loss/loss": 0.42754679918289185, "train-loss/raw-loss": 0.3485298156738281, "train-loss/kld": 0.15803393721580505, "train-probs/accuracy-col": 1.0, "train-probs/accuracy-row": 0.5, "train-probs/p_c0_r0": -0.877630889415741, "train-probs/p_c0_r1": -3.562361240386963, "train-probs/p_c1_r0": -1.053902506828308, "train-probs/p_c1_r1": -1.0858982801437378}