{"loss/train": -2.2636260986328125, "margins/train": 0.5, "_timestamp": 1707513282.583095, "_runtime": 101.15723013877869, "_step": 47, "_wandb": {"runtime": 100}}