{"0": {"train_labels": [0, 0, 1, 0, 0, 0, 0, 0, 1, 0, 0, 1, 1, 0, 0, 0, 0, 1, 0, 0, 1, 0, 0, 1, 1, 1, 1, 1, 1, 0, 1, 1, 1, 1, 1, 0, 1, 1, 0, 1, 1, 0, 0, 0, 0, 1, 0, 1, 0, 0, 1, 1, 1, 0, 0, 0, 0, 0, 0, 1, 0, 0, 1, 1, 0, 0, 0, 0, 1, 1, 0, 1, 0, 0, 0, 0, 1, 1, 0, 0, 0, 1, 0, 0, 1, 1, 0, 1, 0, 0, 0, 0, 0, 0, 0, 1, 0, 0, 0, 0], "train_logprobs": [[-50.54164505004883, -272.8460388183594], [-15.904315948486328, -20.208833694458008], [-84.52967834472656, -20.116125106811523], [-17.939369201660156, -31.089366912841797], [-56.07306671142578, -145.2422332763672], [-63.75322341918945, -89.81655883789062], [-25.78179931640625, -32.99553680419922], [-14.924333572387695, -129.86749267578125], [-65.12739562988281, -51.15895462036133], [-14.142839431762695, -145.76162719726562], [-109.35026550292969, -470.2536315917969], [-57.342742919921875, -20.34148406982422], [-129.1909637451172, -1.0644586086273193], [-88.7244644165039, -114.64895629882812], [-31.72684669494629, -65.04499053955078], [-85.97297668457031, -86.79854583740234], [-52.371681213378906, -119.95902252197266], [-194.90711975097656, -123.11070251464844], [-22.33820343017578, -101.05115509033203], [-75.80563354492188, -81.56715393066406], [-40.72932815551758, -7.414482593536377], [-40.115116119384766, -434.3947448730469], [-20.684703826904297, -53.1865119934082], [-35.99420928955078, -12.346095085144043], [-76.076171875, -21.698802947998047], [-41.63029098510742, -22.577207565307617], [-153.50782775878906, -36.32887268066406], [-207.38893127441406, -145.78904724121094], [-144.24966430664062, -30.229381561279297], [-35.103546142578125, -77.14383697509766], [-26.283447265625, -21.930387496948242], [-203.99041748046875, -8.7333345413208], [-13.065624237060547, -11.40716552734375], [-127.63125610351562, -93.99504089355469], [-60.45098114013672, -47.1152229309082], [-152.232421875, -259.7908630371094], [-15.357601165771484, -8.149033546447754], [-39.835716247558594, -16.782222747802734], [-5.312424659729004, -95.23500061035156], [-87.97708892822266, -65.334716796875], [-219.97286987304688, -214.31341552734375], [-19.25838279724121, -89.097900390625], [-44.011932373046875, -75.52494812011719], [-137.22421264648438, -199.48379516601562], [-22.882461547851562, -42.82135009765625], [-16.59978675842285, -9.900836944580078], [-41.77424240112305, -94.03404998779297], [-221.3304443359375, -43.721405029296875], [-17.952600479125977, -57.7563362121582], [-16.946502685546875, -45.39308166503906], [-28.64994239807129, -8.365657806396484], [-109.45710754394531, -81.38512420654297], [-44.320743560791016, -38.63095474243164], [-4.703550338745117, -6.778448104858398], [-92.3053207397461, -111.5525131225586], [-21.961994171142578, -98.12086486816406], [-24.762460708618164, -51.04139709472656], [-42.841514587402344, -56.02186584472656], [-12.890438079833984, -42.852195739746094], [-60.575469970703125, -29.392404556274414], [-63.35386657714844, -93.27001953125], [-14.927725791931152, -257.79193115234375], [-111.76181030273438, -61.45015335083008], [-255.2701416015625, -17.8426513671875], [-47.67310333251953, -54.74898910522461], [-77.8067626953125, -132.2207489013672], [-121.7108154296875, -133.70004272460938], [-8.30224323272705, -17.7132511138916], [-2.0652949810028076, -1.0652949810028076], [-269.73858642578125, -139.06602478027344], [-33.6411247253418, -35.67616653442383], [-224.316650390625, -31.87057113647461], [-24.61794662475586, -32.82611083984375], [-38.5299186706543, -166.36900329589844], [-29.650325775146484, -90.02770233154297], [-22.545209884643555, -146.71536254882812], [-10.319692611694336, -6.133296012878418], [-27.31319808959961, -11.719215393066406], [-47.50728988647461, -64.10545349121094], [-21.29572868347168, -45.631080627441406], [-63.3626594543457, -63.66408920288086], [-64.74684143066406, -9.293343544006348], [-4.157397747039795, -140.3365936279297], [-95.86797332763672, -117.6281509399414], [-45.99795913696289, -35.79204177856445], [-57.824363708496094, -8.497796058654785], [-55.3938102722168, -135.31759643554688], [-76.60603332519531, -8.37424373626709], [-27.41805076599121, -31.593852996826172], [-46.57842254638672, -82.26612854003906], [-8.912216186523438, -185.99282836914062], [-171.92921447753906, -343.05767822265625], [-179.17747497558594, -219.48825073242188], [-14.662214279174805, -41.33144760131836], [-67.36419677734375, -154.40721130371094], [-133.9112091064453, -31.616954803466797], [-35.37714385986328, -65.69700622558594], [-30.403989791870117, -35.81620407104492], [-24.966398239135742, -43.457366943359375], [-101.6307373046875, -123.36753845214844]], "train_probs": [1.0, 0.9866726202536736, 1.0605942517728837e-28, 0.999998054515782, 1.0, 0.9999999999952046, 0.9992641421647381, 1.0, 8.581886689842624e-07, 1.0, 1.0, 8.522312556246391e-17, 2.2665527642308304e-56, 0.9999999999944902, 0.9999999999999966, 0.6954172362127627, 1.0, 6.594960122213593e-32, 1.0, 0.9968635439744491, 3.40052840550143e-15, 1.0, 0.9999999999999922, 5.367282984034679e-11, 2.4221929435369286e-24, 5.313136887832863e-09, 1.2877347468303702e-51, 1.768114063406992e-27, 3.0312403868220586e-50, 1.0, 0.012703914961072517, 1.5882772930106568e-85, 0.1599690053401689, 2.465910683609444e-15, 1.6156716184788447e-06, 1.0, 0.0007396691530845909, 9.727359897818607e-11, 1.0, 1.4673804413733712e-10, 0.0034723186585757086, 1.0, 0.9999999999999793, 1.0, 0.9999999978089579, 0.0012306888071011318, 1.0, 7.33456383939366e-78, 1.0, 0.9999999999995576, 1.5511261937584103e-09, 6.434170134599035e-13, 0.0033689187738503, 0.8884393273191574, 0.9999999956242696, 1.0, 0.9999999999961345, 0.9999981126807926, 0.9999999999999027, 2.8665977897975626e-14, 0.9999999999998983, 1.0, 1.412293662843099e-22, 7.701071207230168e-104, 0.9991554703047467, 1.0, 0.9999937892786273, 0.999918188251196, 0.2689414213699951, 1.7767549792207908e-57, 0.8844274289315472, 2.6407647608522194e-84, 0.9997276538249169, 1.0, 1.0, 1.0, 0.014973352117038109, 1.6889597139516168e-07, 0.9999999381258693, 0.9999999999730045, 0.5747919934689465, 8.257562426197909e-25, 1.0, 0.9999999996454522, 3.694965273948055e-05, 3.7821944973442375e-22, 1.0, 2.3297552074851993e-30, 0.9848695843416091, 0.9999999999999998, 1.0, 1.0, 1.0, 0.9999999999973836, 1.0, 3.751196597514223e-45, 0.999999999999932, 0.9955580690782208, 0.9999999906787465, 0.9999999996370664], "test_labels": [], "test_logprobs": [], "test_probs": []}}