{"train-loss/loss": 0.6966278553009033, "_timestamp": 1709162643.6190789, "_runtime": 182.23907279968262, "_step": 296, "train-loss/raw-loss": 0.6966278553009033, "train-loss/kld": 0.0, "train-probs/accuracy-col": 0.0, "train-probs/accuracy-row": 0.5, "train-probs/p_c0_r0": -1.5002527236938477, "train-probs/p_c0_r1": -2.065232992172241, "train-probs/p_c1_r0": -1.4935303926467896, "train-probs/p_c1_r1": -2.0718817710876465}