{"train-loss/loss": 0.6726467609405518, "_timestamp": 1714711628.6554556, "_runtime": 11252.8903195858, "_step": 1763, "train-loss/raw-loss": 0.6726467609405518, "train-loss/kld": 0.0, "train-probs/accuracy-col": 1.0, "train-probs/accuracy-row": 0.5, "train-probs/p_c0_r0": -0.4419175982475281, "train-probs/p_c0_r1": -0.265065461397171, "train-probs/p_c1_r0": -0.5345743894577026, "train-probs/p_c1_r1": -0.21956218779087067}