{"train-loss/loss": 0.6656528115272522, "_timestamp": 1714714792.2804487, "_runtime": 14416.515312671661, "_step": 2276, "train-loss/raw-loss": 0.6656528115272522, "train-loss/kld": 0.0, "train-probs/accuracy-col": 1.0, "train-probs/accuracy-row": 1.0, "train-probs/p_c0_r0": -0.23251406848430634, "train-probs/p_c0_r1": -0.3218345046043396, "train-probs/p_c1_r0": -0.25140565633773804, "train-probs/p_c1_r1": -0.18949761986732483}