{"train-loss/loss": 0.5356489419937134, "_timestamp": 1710269995.236205, "_runtime": 1990.5708451271057, "_step": 8999, "train-loss/raw-loss": 0.4195716977119446, "train-loss/kld": 0.038692399859428406, "train-probs/accuracy-col": 1.0, "train-probs/accuracy-row": 1.0, "train-probs/p_c0_r0": -0.5249002575874329, "train-probs/p_c0_r1": -1.7523187398910522, "train-probs/p_c1_r0": -0.9263466596603394, "train-probs/p_c1_r1": -0.5242127180099487, "_wandb": {"runtime": 2029}}