{"train/loss": 0.6945, "train/learning_rate": 3.9999999999999996e-05, "train/rewards/chosen": -0.0008492182241752744, "train/rewards/rejected": 0.001266215811483562, "train/rewards/accuracies": 0.491666704416275, "train/rewards/margins": -0.0021154333371669054, "train/logps/rejected": -66.26610565185547, "train/logps/chosen": -83.74386596679688, "train/logits/rejected": 8.253560066223145, "train/logits/chosen": 8.583295822143555, "train/epoch": 0.02, "train/global_step": 8, "_timestamp": 1706301013.3014836, "_runtime": 418.0268986225128, "_step": 3, "_wandb": {"runtime": 448}}