{"train-loss/loss": 0.6732156872749329, "_timestamp": 1711840078.405285, "_runtime": 1245.2381978034973, "_step": 1286, "train-loss/raw-loss": 0.6732156872749329, "train-loss/kld": 0.0, "train-probs/accuracy-col": 1.0, "train-probs/accuracy-row": 0.5, "train-probs/p_c0_r0": -0.6475451588630676, "train-probs/p_c0_r1": -0.6386136412620544, "train-probs/p_c1_r0": -0.7304720282554626, "train-probs/p_c1_r1": -0.6347439289093018}