{"train-loss/loss": 0.06318884342908859, "_timestamp": 1709958032.0793607, "_runtime": 12225.763328790665, "_step": 55043, "train-loss/raw-loss": 0.03333081305027008, "train-loss/kld": 0.29858022928237915, "train-probs/accuracy-col": 1.0, "train-probs/accuracy-row": 1.0, "train-probs/p_c0_r0": -1.0543287992477417, "train-probs/p_c0_r1": -13.065102577209473, "train-probs/p_c1_r0": -3.728543758392334, "train-probs/p_c1_r1": -1.3985638618469238, "_wandb": {"runtime": 12358}}