{"train-loss/loss": 0.380702406167984, "_timestamp": 1709248545.124716, "_runtime": 10163.435025930405, "_step": 42779, "train-loss/raw-loss": 0.2903369963169098, "train-loss/kld": 0.18073084950447083, "train-probs/accuracy-col": 1.0, "train-probs/accuracy-row": 1.0, "train-probs/p_c0_r0": -0.9570677280426025, "train-probs/p_c0_r1": -3.7254440784454346, "train-probs/p_c1_r0": -4.912786483764648, "train-probs/p_c1_r1": -1.8689022064208984, "eval-loss/loss": 0.3189741373062134, "eval-loss/raw-loss": 0.23905833065509796, "eval-loss/kld": 0.1598316729068756}