{"loss/train": 0.07938198745250702, "_timestamp": 1708287430.57173, "_runtime": 108.04920291900635, "_step": 219, "kld/train": 0.07938198745250702, "loss/eval": 6.141433238983154, "kld/eval": 6.141433238983154, "_wandb": {"runtime": 106}}