{"train/loss": 0.6982, "train/learning_rate": 8.199999999999999e-07, "train/rewards/chosen": -0.0043265921995043755, "train/rewards/rejected": 0.005259437020868063, "train/rewards/accuracies": 0.46666669845581055, "train/rewards/margins": -0.0095860306173563, "train/logps/rejected": -99.44380187988281, "train/logps/chosen": -100.07294464111328, "train/logits/rejected": 9.247663497924805, "train/logits/chosen": 9.204263687133789, "train/epoch": 0.1, "train/global_step": 123, "_timestamp": 1706498091.136415, "_runtime": 1223.296590089798, "_step": 122}