{"train/loss": 0.6902, "train/learning_rate": 9.795876288659793e-07, "train/rewards/chosen": -0.0007498607155866921, "train/rewards/rejected": -0.007138696499168873, "train/rewards/accuracies": 0.6000000238418579, "train/rewards/margins": 0.006388835608959198, "train/logps/rejected": -70.2065658569336, "train/logps/chosen": -69.6302719116211, "train/logits/rejected": 9.446170806884766, "train/logits/chosen": 9.568464279174805, "train/epoch": 0.2, "train/global_step": 249, "_timestamp": 1706499322.7796926, "_runtime": 2454.939867734909, "_step": 248}