{"train-loss/loss": 0.10278268158435822, "_timestamp": 1709080489.8816102, "_runtime": 273.4639880657196, "_step": 989, "train-loss/raw-loss": 0.04656991362571716, "train-loss/kld": 0.28106382489204407, "train-probs/accuracy-col": 1.0, "train-probs/accuracy-row": 0.5, "train-probs/p_c0_r0": -2.430163621902466, "train-probs/p_c0_r1": -13.491132736206055, "train-probs/p_c1_r0": -5.9939799308776855, "train-probs/p_c1_r1": -7.2472052574157715}