{"train/loss": 0.1054, "train/learning_rate": 1.5847860538827259e-09, "train/epoch": 1.0, "train/global_step": 781, "_timestamp": 1710104989.790496, "_runtime": 2668.3562200069427, "_step": 156, "train/train_runtime": 2541.6927, "train/train_samples_per_second": 39.344, "train/train_steps_per_second": 0.307, "train/total_flos": 9.177101513166684e+17, "train/train_loss": 0.185782005411791, "_wandb": {"runtime": 2687}}