{"train-loss/loss": 0.6261656880378723, "_timestamp": 1710493503.3311586, "_runtime": 1495.4411137104034, "_step": 6749, "train-loss/raw-loss": 0.6261656880378723, "train-loss/kld": 0.006924924440681934, "train-probs/accuracy-col": 1.0, "train-probs/accuracy-row": 0.5, "train-probs/p_c0_r0": -0.44389694929122925, "train-probs/p_c0_r1": -1.240544080734253, "train-probs/p_c1_r0": -0.5007799863815308, "train-probs/p_c1_r1": -0.8425464034080505, "_wandb": {"runtime": 1622}}