{"train/loss": 1.644, "train/learning_rate": 0.0, "train/epoch": 1.0, "train/global_step": 625, "_timestamp": 1710716882.7419865, "_runtime": 1488.213571548462, "_step": 125, "train/train_runtime": 1489.3741, "train/train_samples_per_second": 53.714, "train/train_steps_per_second": 0.42, "train/total_flos": 9.640798247274414e+17, "train/train_loss": 1.6467707427978515}