{"train/loss": 0.7040552496910095, "_timestamp": 1708411953.4574127, "_runtime": 211.37739276885986, "_step": 278, "train/raw-loss": 0.7032939791679382, "train/kld": 0.0012687777634710073}