{"train/loss": 0.5875, "train/learning_rate": 9.635297818979713e-07, "train/rewards/chosen": -1.3507360219955444, "train/rewards/rejected": -1.693875789642334, "train/rewards/accuracies": 0.5625, "train/rewards/margins": 0.3431397080421448, "train/logps/rejected": -131.70928955078125, "train/logps/chosen": -136.42105102539062, "train/logits/rejected": -3.2217535972595215, "train/logits/chosen": -3.209733486175537, "train/epoch": 0.63, "train/global_step": 197, "_timestamp": 1710709756.5760195, "_runtime": 1231.4823265075684, "_step": 196}