{"train-loss/loss": 0.40250635147094727, "_timestamp": 1709698869.0551977, "_runtime": 5742.424652814865, "_step": 26288, "train-loss/raw-loss": 0.3307163119316101, "train-loss/kld": 0.14358000457286835, "train-probs/accuracy-col": 1.0, "train-probs/accuracy-row": 1.0, "train-probs/p_c0_r0": -0.46631118655204773, "train-probs/p_c0_r1": -4.316059112548828, "train-probs/p_c1_r0": -1.8265578746795654, "train-probs/p_c1_r1": -0.958837628364563, "_wandb": {"runtime": 5848}}