{"train-loss/loss": 0.6716818809509277, "_timestamp": 1711496257.4639935, "_runtime": 2089.695342540741, "_step": 4499, "train-loss/raw-loss": 0.6716818809509277, "train-loss/kld": 0.06884701550006866, "train-probs/accuracy-col": 0.5, "train-probs/accuracy-row": 1.0, "train-probs/p_c0_r0": -0.5847368240356445, "train-probs/p_c0_r1": -0.5893053412437439, "train-probs/p_c1_r0": -0.4556191861629486, "train-probs/p_c1_r1": -0.3539081811904907, "_wandb": {"runtime": 2203}}