{"train/loss": 0.6931, "train/learning_rate": 2.5000000000000004e-07, "train/rewards/chosen": 0.0, "train/rewards/rejected": 0.0, "train/rewards/accuracies": 0.0, "train/rewards/margins": 0.0, "train/logps/rejected": -50.52419662475586, "train/logps/chosen": -92.48600769042969, "train/logits/rejected": 9.15266227722168, "train/logits/chosen": 9.1948881149292, "train/epoch": 0.0, "train/global_step": 2, "_timestamp": 1706474815.8900685, "_runtime": 38.728121519088745, "_step": 0, "_wandb": {"runtime": 49}}