{"train/loss": 0.6652, "train/learning_rate": 9.932772756849152e-07, "train/rewards/chosen": -0.6353707909584045, "train/rewards/rejected": -0.933767557144165, "train/rewards/accuracies": 0.625, "train/rewards/margins": 0.2983967661857605, "train/logps/rejected": -93.31404113769531, "train/logps/chosen": -70.2120590209961, "train/logits/rejected": -3.1997601985931396, "train/logits/chosen": -3.139457941055298, "train/epoch": 0.44, "train/global_step": 69, "_timestamp": 1710707868.7150438, "_runtime": 794.6472268104553, "_step": 68}