{"0": {"train_labels": [0, 1, 1, 1, 0, 0, 1, 1, 0, 1, 1, 1, 1, 1, 0, 0, 1, 1, 1, 1, 1, 1, 1, 0, 0, 1, 0, 1, 1, 1, 0, 0, 1, 1, 1, 1, 1, 1, 1, 0, 1, 0, 1, 1, 1, 1, 1, 1, 1, 1], "train_logprobs": [[-0.21313238143920898, -1.650632381439209], [-2.0312459468841553, -0.14268387854099274], [-6.907256126403809, -0.0010062160436064005], [-1.1158603429794312, -0.39711037278175354], [-0.3536578416824341, -1.213032841682434], [-0.6181267499923706, -0.7659874558448792], [-2.322179079055786, -0.10342911630868912], [-2.2378244400024414, -0.11282437294721603], [-0.2519319951534271, -1.5019320249557495], [-1.3018724918365479, -0.31749752163887024], [-2.4069151878356934, -0.09441529959440231], [-3.9261698722839355, -0.020545637235045433], [-1.6458959579467773, -0.255271315574646], [-1.0948529243469238, -0.4073529541492462], [-0.6473815441131592, -0.7329837083816528], [-0.12349846214056015, -2.1547484397888184], [-4.820652484893799, -0.008152304217219353], [-2.7387173175811768, -0.06684228032827377], [-1.2679635286331177, -0.3304634988307953], [-1.5029217004776, -0.2529217004776001], [-1.5796375274658203, -0.3296375572681427], [-2.2525501251220703, -0.11192508041858673], [-1.2905148267745972, -0.32176485657691956], [-0.34845584630966187, -1.2234556674957275], [-0.023609234020113945, -3.757984161376953], [-2.6949408054351807, -0.06994089484214783], [-0.09873247146606445, -2.3643574714660645], [-1.4061994552612305, -0.2811994254589081], [-0.852578341960907, -0.555703341960907], [-7.016533374786377, -0.0010114560136571527], [-0.0007566926069557667, -7.219483375549316], [-0.1747828722000122, -1.8310328722000122], [-1.0035157203674316, -0.45664072036743164], [-1.6004146337509155, -0.22541461884975433], [-0.8981592655181885, -0.5231592655181885], [-4.125669956207275, -0.01629510149359703], [-2.154508113861084, -0.12325821816921234], [-6.922862529754639, -0.000987756997346878], [-0.7827804684638977, -0.6109054684638977], [-0.6473734974861145, -0.7411234974861145], [-1.489926815032959, -0.25555184483528137], [-0.3008882403373718, -1.3477632999420166], [-2.535653829574585, -0.0825287401676178], [-3.004002809524536, -0.05087784677743912], [-1.4789037704467773, -0.26015374064445496], [-2.724114179611206, -0.06584373116493225], [-4.079566955566406, -0.017066990956664085], [-0.8616828918457031, -0.5491828918457031], [-6.673141956329346, -0.0012665116228163242], [-1.6004159450531006, -0.23180174827575684]], "train_probs": [0.8080672135527632, 0.13140850843649718, 0.0010005044905052748, 0.32766830738621877, 0.7025300573952052, 0.5368979765579689, 0.0980793267658433, 0.10669058755477132, 0.7772998663336158, 0.2720245569956929, 0.09009300312351172, 0.019731227957757367, 0.199308054975852, 0.3345894478883556, 0.521387482519485, 0.8840392794546705, 0.008061990083401917, 0.06465348610341369, 0.28140560140262283, 0.22270013882530884, 0.22270014398423355, 0.1052105324946433, 0.2751297297667525, 0.7057849907058454, 0.9766692295362401, 0.06754669677084986, 0.9059898203834278, 0.24508500761839525, 0.42632159254749036, 0.000897031703102025, 0.999267801678328, 0.8397339676722393, 0.36658973632215985, 0.20181321986003056, 0.40733340004593027, 0.016152837131019827, 0.11596072894699293, 0.0009850085203605675, 0.45713671682749474, 0.5234203489363239, 0.2254166210386804, 0.7401743735019594, 0.07921031758803371, 0.04958902473975929, 0.22815649691270323, 0.06548109091765622, 0.016914913855224003, 0.42250463481418826, 0.0012644213830536374, 0.20284383606274356], "train_labels_average": [], "train_logprobs_average": [], "train_probs_average": [], "train_response": [], "test_labels": [], "test_logprobs": [], "test_probs": []}}