{"0": {"train_labels": [1, 0, 0, 0, 0, 0, 0, 0, 1, 1, 1, 1, 0, 0, 0, 1, 1, 0, 0, 0, 0, 0, 0, 0, 1, 0, 1, 1, 1, 0, 0, 0, 0, 0, 0, 1, 0, 0, 0, 1, 0, 1, 0, 1, 0, 0, 0, 0, 0, 0], "train_logprobs": [[-60.14606475830078, -42.290958404541016], [-90.44329071044922, -231.94558715820312], [-72.20964813232422, -113.9869613647461], [-38.752540588378906, -367.556884765625], [-363.69366455078125, -444.39288330078125], [-33.81572723388672, -136.59628295898438], [-32.73772048950195, -341.7399597167969], [-0.08243868499994278, -72.61656951904297], [-203.0564727783203, -133.0922088623047], [-74.16236114501953, -46.14812088012695], [-122.76806640625, -35.64484405517578], [-88.82225036621094, -16.062320709228516], [-28.439685821533203, -116.64945983886719], [-37.10554885864258, -159.7427215576172], [-2.977280378341675, -486.6092529296875], [-764.1968994140625, -55.53630828857422], [-401.4917297363281, -139.77760314941406], [-63.16608810424805, -179.27249145507812], [-85.50894927978516, -116.4260025024414], [-43.974491119384766, -466.1585693359375], [-57.38371658325195, -594.350341796875], [-189.52911376953125, -354.4044189453125], [-0.07477840781211853, -113.95252990722656], [-146.13565063476562, -250.87298583984375], [-581.9832153320312, -285.9877624511719], [-171.9189910888672, -206.79409790039062], [-450.0260009765625, -303.9661865234375], [-264.61151123046875, -159.6039581298828], [-762.0193481445312, -436.17529296875], [-87.54267883300781, -229.06390380859375], [-85.01448059082031, -89.9684829711914], [-0.049233295023441315, -283.185302734375], [-0.11360238492488861, -19.58447265625], [-110.60198974609375, -117.26577758789062], [-211.2021484375, -272.9810791015625], [-315.23394775390625, -204.95779418945312], [-174.55445861816406, -520.0994873046875], [-4.144578456878662, -122.2420654296875], [-1.2080938816070557, -193.36920166015625], [-77.71035766601562, -66.50211334228516], [-204.84365844726562, -705.364501953125], [-79.83393859863281, -11.049988746643066], [-145.5908966064453, -471.6838073730469], [-201.9570770263672, -43.191009521484375], [-0.0043281009420752525, -552.53466796875], [-82.41539001464844, -322.5020751953125], [-42.90940856933594, -301.9040222167969], [-288.1791687011719, -647.2376708984375], [-20.76107406616211, -79.01771545410156], [-34.18244552612305, -160.20860290527344]], "train_probs": [1.760458651578141e-08, 1.0, 1.0, 1.0, 1.0, 1.0, 1.0, 1.0, 4.120085711057567e-31, 6.816634970662539e-13, 1.4550076854409669e-38, 2.516309436678806e-32, 1.0, 1.0, 1.0, 0.0, 2.1827248214655786e-114, 1.0, 0.9999999999999626, 1.0, 1.0, 1.0, 1.0, 1.0, 2.8236323271108668e-129, 0.9999999999999993, 3.6900185992759644e-64, 2.487706438951029e-46, 0.0, 1.0, 0.9929943108519192, 1.0, 0.9999999965012857, 0.9987253241025763, 1.0, 1.2813713854251534e-48, 1.0, 1.0, 1.0, 1.3561741078654332e-05, 1.0, 1.3412512377984206e-30, 1.0, 1.1188528414565442e-69, 1.0, 1.0, 1.0, 1.0, 1.0, 1.0], "train_labels_average": [0, 1, 1, 1, 1, 1, 1, 0, 0, 0, 0, 0, 1, 1, 1, 0, 0, 1, 1, 1, 1, 1, 0, 1, 0, 1, 0, 0, 0, 1, 0, 1, 0, 0, 1, 0, 1, 0, 0, 1, 1, 0, 1, 0, 1, 1, 1, 1, 1, 1], "train_logprobs_average": [[-5.0121720631917315, -8.59229496547154], [-4.111058668656782, -1.8842352231343586], [-4.011647118462457, -3.139549918796705], [-3.8752540588378905, -0.5783961281847598], [-5.122445979588468, -2.7552550344756157], [-6.763145446777344, -1.2524343419958044], [-2.18251469930013, -0.46109465478171763], [-0.002659312419352993, -0.004338878157891725], [-7.001947337183459, -8.122258911132812], [-3.7081180572509767, -7.416236114501953], [-6.820448133680555, -12.276806640625], [-5.2248382568359375, -8.882225036621094], [-3.5549607276916504, -1.354270753406343], [-2.8542729891263523, -1.4842219543457031], [-0.13533092628825794, -0.028355051222301666], [-4.31749660685911, -42.45538330078125], [-6.4756730602633565, -13.383057657877604], [-3.947880506515503, -2.1055362701416014], [-8.550894927978515, -3.420357971191406], [-3.9976810108531606, -0.5054539209124685], [-2.6083507537841797, -0.4554263220893012], [-4.512597946893601, -2.7871928495519303], [-0.0024926135937372845, -0.002670657421861376], [-3.5642841618235517, -3.1092691624418216], [-4.890615254891019, -8.558576696059284], [-3.581645647684733, -2.728872874426463], [-2.5141117372992317, -4.327173086313101], [-5.63003215383976, -8.820383707682291], [-5.442995343889509, -7.9377015431722], [-3.5017071533203126, -1.367854356765747], [-4.048308599562872, -4.47444634688528], [-0.003282219668229421, -0.0009289300947819116], [-0.005163744769313119, -0.028400596231222153], [-5.027363170276988, -5.027363170276988], [-5.028622581845238, -3.352415054563492], [-4.704984294834421, -6.7071052713597075], [-6.0191192626953125, -1.5178648575492528], [-0.16578313827514649, -0.1973608788989839], [-0.02047616748486535, -0.021965343301946466], [-7.771035766601562, -3.7004932221912203], [-4.267576217651367, -1.5062033709357767], [-3.9916969299316407, -7.257630781693892], [-2.6961277149341725, -1.1463850126491757], [-5.458299379091005, -40.391415405273435], [-0.0008656201884150505, -2.944286355153233e-05], [-4.120769500732422, -1.4209550002525593], [-3.3007237361027646, -0.780171064897017], [-3.4307043892996654, -1.9874425427667026], [-3.460179011027018, -1.0380537033081054], [-3.1074950478293677, -1.1394148508707682]], "train_probs_average": [0.9728835252928039, 0.09736746211286934, 0.29481810583428447, 0.03567913816336726, 0.0857090093111029, 0.004026949312570428, 0.15168834336698792, 0.5004198913359272, 0.7540465056435971, 0.9760633808944713, 0.9957490742386982, 0.9748490453532335, 0.09968854631053477, 0.20261160111967452, 0.47328150655052886, 1.0, 0.9990006289914467, 0.13677427969509248, 0.005878621838555629, 0.029534204545650533, 0.104058262073872, 0.15117626226209568, 0.5000445109569134, 0.38816906873148077, 0.9751070211676006, 0.29885152872186527, 0.859731459098177, 0.96046957032711, 0.9237698705962273, 0.10584978725527784, 0.6049510220218969, 0.4994116778781474, 0.5058089514886036, 0.5, 0.15759830810056297, 0.8810195871123174, 0.010973320334093485, 0.5078937792242618, 0.500372293885469, 0.016781693719568745, 0.05944755880599615, 0.9632414711083138, 0.175123433054283, 0.9999999999999993, 0.4997909556809643, 0.06298430284675216, 0.07442986265844675, 0.19104074109095542, 0.08150101632619931, 0.1225952421059955], "test_labels": [], "test_logprobs": [], "test_probs": []}}