{"0": {"train_labels": [0, 0, 0, 0, 1, 1, 0, 1, 0, 1, 0, 0, 1, 0, 0, 1, 0, 0, 1, 0, 0, 1, 0, 1, 1, 1, 1, 0, 0, 1, 0, 1, 0, 0, 0, 0, 0, 0, 0, 0, 0, 0, 0, 1, 1, 0, 0, 0, 1, 0], "train_logprobs": [[-18.411890029907227, -57.790042877197266], [-65.3384017944336, -91.01049041748047], [-100.46826171875, -356.9442443847656], [-46.03898620605469, -150.56263732910156], [-180.3233642578125, -113.68389892578125], [-92.86634826660156, -32.191322326660156], [-177.0050048828125, -312.3675537109375], [-503.8068542480469, -378.336181640625], [-118.47599792480469, -276.6673889160156], [-178.5258026123047, -174.44366455078125], [-0.7068937420845032, -1.1930745840072632], [-286.12115478515625, -538.3050537109375], [-769.645263671875, -45.64039611816406], [-194.42730712890625, -318.423095703125], [-29.415218353271484, -261.56085205078125], [-18.177278518676758, -6.229653835296631], [-1.7380118370056152, -5.635781288146973], [-116.92362976074219, -134.7431640625], [-47.36256790161133, -45.917022705078125], [-121.88308715820312, -130.5888214111328], [-66.89219665527344, -157.90896606445312], [-233.60227966308594, -201.34214782714844], [-28.914979934692383, -90.79376983642578], [-270.955322265625, -214.55410766601562], [-87.159912109375, -53.628421783447266], [-83.6782455444336, -67.32881927490234], [-4.551873207092285, -4.473097801208496], [-108.0456771850586, -115.59786987304688], [-128.40208435058594, -147.8074493408203], [-246.3485870361328, -125.98075866699219], [-180.93209838867188, -264.4469299316406], [-13.274599075317383, -1.582331657409668], [-79.02259826660156, -136.44383239746094], [-347.382568359375, -352.0301818847656], [-92.68295288085938, -99.98330688476562], [-153.26145935058594, -279.7644958496094], [-108.09754180908203, -165.9002685546875], [-24.126344680786133, -83.91251373291016], [-42.91240692138672, -50.09257507324219], [-46.31790542602539, -122.69416809082031], [-255.49574279785156, -855.490234375], [-57.937232971191406, -177.8915557861328], [-33.09576416015625, -794.899169921875], [-154.72097778320312, -92.00212097167969], [-477.1022033691406, -262.54718017578125], [-146.31492614746094, -375.24737548828125], [-12.476351737976074, -12.601580619812012], [-163.2501220703125, -188.63803100585938], [-162.41445922851562, -15.933411598205566], [-87.21526336669922, -241.09066772460938]], "train_probs": [1.0, 0.9999999999929082, 1.0, 1.0, 1.1451119037873692e-29, 4.458318026937681e-27, 1.0, 3.2268534787479672e-55, 1.0, 0.016591435075765118, 0.6192063245087296, 1.0, 0.0, 1.0, 1.0, 6.474551896462596e-06, 0.9801162710336736, 0.9999999817579108, 0.19068811156586724, 0.9998343941304525, 1.0, 9.763437672697569e-15, 1.0, 3.200838239164572e-25, 2.7381597453753964e-15, 7.93477021441631e-08, 0.4803163265020074, 0.9994753176405216, 0.9999999962644285, 5.307821882824466e-53, 1.0, 8.35813053513811e-06, 1.0, 0.99050654185275, 0.9993251560477486, 1.0, 1.0, 1.0, 0.999239039724461, 1.0, 1.0, 1.0, 1.0, 5.774928020282542e-28, 6.605981642693501e-94, 1.0, 0.5312663704887195, 0.9999999999905774, 2.421526971901362e-64, 1.0], "train_labels_average": [1, 1, 1, 1, 0, 0, 1, 0, 1, 0, 0, 1, 0, 1, 1, 0, 1, 0, 0, 0, 1, 0, 1, 0, 1, 1, 0, 1, 1, 0, 1, 0, 1, 1, 1, 1, 1, 1, 1, 1, 1, 1, 1, 0, 0, 1, 0, 1, 0, 1], "train_logprobs_average": [[-2.3014862537384033, -0.7671620845794678], [-5.026030907264123, -4.355893452962239], [-4.186177571614583, -1.2403489101080247], [-3.288499014718192, -2.00169505243716], [-6.01077880859375, -7.2129345703125], [-2.9956886537613405, -8.44239529696378], [-5.363788026751894, -2.7657032012939453], [-3.168596567597779, -4.664878280074508], [-3.821806384671119, -1.942229474177126], [-4.250614347912016, -4.354287868592797], [-0.03366160676592872, -0.07068937420845031], [-2.9497026266510953, -2.1512868780838814], [-3.7180930612167873, -85.51614040798611], [-6.271848617061492, -2.945868289831913], [-2.2627091040978065, -0.4325767404892865], [-0.19757911433344302, -0.7573866049448649], [-0.05993144265536604, -0.025940475179188287], [-3.3406751360212055, -3.3406751360212055], [-2.786033405977137, -3.1575045267740887], [-3.8088464736938477, -4.202865074420798], [-3.344609832763672, -1.52027719671076], [-4.2473141756924715, -4.866714159647624], [-3.614372491836548, -1.3143172697587446], [-3.926888728487319, -5.312849456188726], [-7.263326009114583, -5.810660807291667], [-5.578549702962239, -4.404118186549137], [-0.1820749282836914, -0.3501440928532527], [-3.858774185180664, -3.376427412033081], [-4.755632753725405, -3.13175815489234], [-4.830364451688879, -7.9467286140688005], [-6.239037875471444, -3.0155349731445313], [-0.28857824076776917, -0.39042938456815834], [-4.390144348144531, -1.975564956665039], [-3.6185684204101562, -2.943920070842161], [-5.451938404756434, -3.707318115234375], [-4.9439180435672885, -1.8245411827450706], [-3.088501194545201, -2.299947698065575], [-2.1933040618896484, -0.8935683215105975], [-3.57603391011556, -3.065171922956194], [-4.210718675093218, -1.7154779787416812], [-3.6499391828264507, -1.4194207933213976], [-2.6335105895996094, -1.2874940660264758], [-3.309576416015625, -0.1769826960436163], [-4.550616993623621, -4.550616993623621], [-4.077796609992655, -8.519682203020368], [-2.9860189009685905, -1.3934754871186756], [-0.2546194232240015, -0.8317567825317382], [-4.534725613064236, -3.26500244140625], [-4.776895859662225, -20.301807403564453], [-3.4886105346679686, -1.4782248028254106]], "train_probs_average": [0.17736188893993204, 0.3384660631625953, 0.049934031353419464, 0.21639426462270298, 0.768908059506638, 0.9957080231886346, 0.06926177947467937, 0.817019251814078, 0.13243747803301317, 0.5258951904359151, 0.5092558843571512, 0.3103645075692134, 1.0, 0.03469058618989938, 0.1382225056556134, 0.636407996153697, 0.49150307621734196, 0.5, 0.5918144051962969, 0.5972497201476322, 0.1389148027061042, 0.6500820719950557, 0.09111838764954751, 0.7999466133100627, 0.18959172772148747, 0.23605490116169736, 0.5419186636719111, 0.38169812226622896, 0.16467120859160816, 0.9575627265329107, 0.03829078369715978, 0.5254407969130392, 0.08206767986757468, 0.337456780234156, 0.14872702228850632, 0.04231501701766789, 0.3124793461287793, 0.21420949477827136, 0.3749914773684176, 0.07619249912725065, 0.09704320718983418, 0.20652238452024374, 0.041782639173469194, 0.5, 0.9883632901925309, 0.1690263572741245, 0.6404084470947008, 0.21930464421788293, 0.9999998190258665, 0.11811679204972433], "test_labels": [], "test_logprobs": [], "test_probs": []}}