{"0": {"train_labels": [1, 1, 0, 0, 1, 1, 1, 0, 0, 0, 0, 0, 1, 1, 1, 0, 0, 0, 0, 0, 1, 0, 1, 0, 1, 0, 1, 1, 0, 1, 1, 1, 0, 1, 0, 1, 0, 0, 0, 1, 0, 0, 0, 0, 0, 1, 1, 0, 0, 0], "train_logprobs": [[-1.152467966079712, -0.48059290647506714], [-0.8268853425979614, -0.6550103425979614], [-0.6565937399864197, -0.8842797875404358], [-0.7105121612548828, -0.7573871612548828], [-0.7680398225784302, -0.6899932622909546], [-1.930153727531433, -0.1957787722349167], [-1.931420922279358, -0.21267087757587433], [-0.5787566304206848, -0.9632148146629333], [-0.6448866724967957, -0.8323866724967957], [-0.6751360297203064, -1.1907610893249512], [-0.7130410671234131, -0.7820256352424622], [-0.30966421961784363, -1.575289249420166], [-1.1201131343841553, -0.5419881939888], [-1.5774073600769043, -0.2961573600769043], [-0.8783820867538452, -0.6440070867538452], [-0.6132634282112122, -0.8788884282112122], [-0.247923344373703, -1.7479233741760254], [-0.33519187569618225, -1.3667337894439697], [-0.49690884351730347, -1.1316773891448975], [-0.45663022994995117, -1.2222552299499512], [-0.7555716633796692, -0.7086966633796692], [-0.7321282625198364, -0.7790032625198364], [-1.2816598415374756, -0.5160348415374756], [-0.5783354043960571, -0.9220854043960571], [-1.3232207298278809, -0.35447072982788086], [-0.4170107841491699, -1.2452199459075928], [-0.8440111875534058, -0.6686956882476807], [-1.3318254947662354, -0.3676520586013794], [-0.6823971271514893, -0.7917721271514893], [-1.364197015762329, -0.4110719859600067], [-1.6539326906204224, -0.29455769062042236], [-1.2623969316482544, -0.38681402802467346], [-0.255212664604187, -1.630212664604187], [-0.8718118667602539, -0.6374368667602539], [-0.6331239342689514, -1.0549988746643066], [-1.935583472251892, -0.2012084424495697], [-0.6119022965431213, -0.9556522965431213], [-0.29880958795547485, -1.7096168994903564], [-0.6722794771194458, -0.7972794771194458], [-1.6328537464141846, -0.28910380601882935], [-0.3451959490776062, -1.3764424324035645], [-0.6550793051719666, -0.9301176071166992], [-0.4987419545650482, -1.1081169843673706], [-0.488502562046051, -1.3483936786651611], [-0.2663397490978241, -1.5475897789001465], [-1.4984548091888428, -0.3578297793865204], [-1.3172262907028198, -0.3953512907028198], [-0.13371291756629944, -2.5868380069732666], [-0.16722631454467773, -2.2348999977111816], [-0.46896329522132874, -1.0783382654190063]], "train_probs": [0.33807711081161995, 0.45713671682749485, 0.5566768746601504, 0.5117166047041654, 0.4804982581140466, 0.15002883004302128, 0.152032235859071, 0.5949479111729931, 0.5467381519846138, 0.626124191181315, 0.5172393059363745, 0.7799929053683038, 0.3593641588823761, 0.21733752104706244, 0.44167300566462553, 0.5660185351961015, 0.8175744806385543, 0.7372147187547546, 0.6535699277250143, 0.6825737344123242, 0.4882833952958347, 0.5117166047041654, 0.31742626558767584, 0.5851011542032312, 0.2751297238231752, 0.695976133396007, 0.4562830398311768, 0.2760433820022349, 0.5273165233795671, 0.2782567877172032, 0.20434189993684582, 0.2940939452762293, 0.7981867777396211, 0.44167300566462553, 0.603931819468636, 0.15002882054202774, 0.5851011542032312, 0.8038932466304954, 0.5312093733737563, 0.20689405859634893, 0.7371574812513987, 0.5683293801609123, 0.6477982247516797, 0.7026379049839816, 0.7826624840223698, 0.24220562325537975, 0.28457600421652673, 0.9207896824119663, 0.8877213013970671, 0.647798211152541], "train_labels_average": [], "train_logprobs_average": [], "train_probs_average": [], "train_response": [], "test_labels": [], "test_logprobs": [], "test_probs": []}}