{"0": {"train_labels": [0, 0, 0, 0, 1, 1, 0, 0, 0, 1, 0, 1, 0, 0, 1, 0, 0, 0, 1, 0, 0, 0, 0, 0, 1, 1, 0, 0, 0, 0, 0, 1, 1, 1, 0, 1, 0, 1, 0, 0, 0, 1, 1, 1, 0, 1, 0, 0, 0, 1], "train_logprobs": [[-37.668785095214844, -96.8283462524414], [-16.275590896606445, -102.77059173583984], [-60.90635681152344, -83.65372467041016], [-18.528156280517578, -42.07521438598633], [-157.98806762695312, -80.91656494140625], [-109.6410140991211, -15.686325073242188], [-33.59813690185547, -120.41956329345703], [-25.74585723876953, -46.646644592285156], [-3.9655799865722656, -21.96622085571289], [-38.10765838623047, -33.937259674072266], [-25.429372787475586, -29.10580825805664], [-175.7675323486328, -34.146636962890625], [-30.965911865234375, -90.98397064208984], [-49.82228088378906, -66.02803039550781], [-52.07234191894531, -15.383468627929688], [-11.961316108703613, -130.96897888183594], [-43.56198501586914, -165.27947998046875], [-19.8334903717041, -47.574302673339844], [-87.67301177978516, -85.70906066894531], [-57.561790466308594, -91.56745910644531], [-28.736827850341797, -83.63224792480469], [-79.85905456542969, -185.2098388671875], [-21.60648536682129, -162.3516845703125], [-3.9264235496520996, -56.19646453857422], [-103.34368133544922, -58.44753646850586], [-54.47370147705078, -30.963279724121094], [-149.86204528808594, -188.97665405273438], [-43.30989456176758, -55.69929504394531], [-78.92120361328125, -160.2445068359375], [-36.9490966796875, -551.2923583984375], [-75.77835845947266, -86.00543975830078], [-185.6455078125, -33.9776725769043], [-75.01518249511719, -12.361919403076172], [-27.20037078857422, -10.79171371459961], [-26.611675262451172, -230.9364013671875], [-124.48780822753906, -70.25320434570312], [-56.555328369140625, -159.18069458007812], [-162.8136749267578, -89.67947387695312], [-57.31526184082031, -138.51808166503906], [-11.400328636169434, -47.08790969848633], [-34.661094665527344, -37.55897521972656], [-106.57262420654297, -48.97809600830078], [-111.49000549316406, -68.9001693725586], [-66.74321746826172, -40.72078323364258], [-19.27446174621582, -21.663410186767578], [-118.54635620117188, -96.12933349609375], [-0.7120237350463867, -16.111446380615234], [-54.08015441894531, -407.301025390625], [-9.764543533325195, -23.298038482666016], [-94.0951919555664, -37.353721618652344]], "train_probs": [1.0, 1.0, 0.9999999998678876, 0.9999999999406197, 3.3749836377905375e-34, 1.5703519824513397e-41, 1.0, 0.999999999162657, 0.9999999847797777, 0.015211147438257275, 0.9753118879478658, 3.1248315567282404e-62, 1.0, 0.9999999083922172, 1.1647287145913028e-16, 1.0, 1.0, 0.999999999999104, 0.12304008251210745, 0.9999999999999983, 1.0, 1.0, 1.0, 1.0, 3.175791818602531e-20, 6.159614965204317e-11, 1.0, 0.9999958375413833, 1.0, 1.0, 0.9999638241024847, 1.3536178570005071e-66, 6.166426592992506e-28, 7.478435371651785e-08, 1.0, 2.7938996669883015e-24, 1.0, 1.7306930340433655e-32, 1.0, 0.9999999999999997, 0.9477415656483685, 9.705417352914214e-26, 3.187639410901076e-19, 4.9957466544729906e-12, 0.9159806753978249, 1.8382760897032467e-10, 0.9999997948291625, 1.0, 0.999998674202344, 2.2776791045976745e-25], "test_labels": [], "test_logprobs": [], "test_probs": []}}