{"0": {"train_labels": [1, 1, 1, 1, 1, 1, 0, 0, 1, 1, 0, 0, 0, 0, 1, 1, 1, 1, 1, 1, 1, 1, 1, 1, 0, 1, 0, 1, 0, 1, 1, 1, 1, 0, 1, 1, 1, 1, 0, 1, 1, 1, 1, 1, 1, 1, 1, 1, 1, 1], "train_logprobs": [[-1.7014738321304321, -0.20147386193275452], [-2.0177547931671143, -0.14275477826595306], [-0.9943153262138367, -0.46306532621383667], [-2.2798943519592285, -0.10963201522827148], [-6.579514980316162, -0.001456867903470993], [-7.625489711761475, -0.0004895919119007885], [-0.23509463667869568, -1.563219666481018], [-0.262569785118103, -1.4777333736419678], [-1.650612473487854, -0.21311244368553162], [-3.423762798309326, -0.03313789889216423], [-0.4624170660972595, -0.9936671257019043], [-0.030682530254125595, -3.4994325637817383], [-0.26990094780921936, -1.441775918006897], [-0.2519298791885376, -1.5140961408615112], [-2.8855841159820557, -0.05659300833940506], [-2.378533124923706, -0.11117752641439438], [-7.984716415405273, -0.0003415954706724733], [-2.651301622390747, -0.07428744435310364], [-1.290543556213379, -0.3217935562133789], [-4.325820446014404, -0.013320619240403175], [-2.5359535217285156, -0.08925732970237732], [-3.1082911491394043, -0.045791201293468475], [-2.309098958969116, -0.10753893107175827], [-1.8309433460235596, -0.17469337582588196], [-0.11283832043409348, -2.2657999992370605], [-3.318574905395508, -0.04147268459200859], [-0.4985792636871338, -0.9266189932823181], [-4.557430267333984, -0.010555155575275421], [-0.2661905884742737, -1.453690528869629], [-2.6949820518493652, -0.0699821338057518], [-1.2128407955169678, -0.35813629627227783], [-3.972158670425415, -0.020246973261237144], [-3.2129526138305664, -0.04107769951224327], [-0.26387420296669006, -1.4669991731643677], [-0.9167962670326233, -0.5105462670326233], [-4.033524990081787, -0.01817852444946766], [-1.2124583721160889, -0.3438888490200043], [-3.742732048034668, -0.023982664570212364], [-0.391985148191452, -1.1263601779937744], [-1.1797624826431274, -0.36726248264312744], [-3.6513020992279053, -0.025899654254317284], [-0.7708808779716492, -0.6375899314880371], [-1.3362092971801758, -0.30495935678482056], [-2.209962844848633, -0.1232631728053093], [-1.9245296716690063, -0.15890467166900635], [-3.1830029487609863, -0.04173477739095688], [-1.17977774143219, -0.3625018000602722], [-2.8855724334716797, -0.057447321712970734], [-1.0799812078475952, -0.4238225221633911], [-0.8347650766372681, -0.5691400766372681]], "train_probs": [0.18242552825126704, 0.13296423847995262, 0.3702253925955866, 0.10245290741056312, 0.0013886160247960162, 0.00048785706434132596, 0.7905303236047049, 0.7712113111194169, 0.19193278182505782, 0.03258974793716634, 0.6297746213017459, 0.9697854139150209, 0.7634837581726991, 0.7793987922508168, 0.05577750882789993, 0.09386288414778989, 0.0003406293890480787, 0.07063247969554189, 0.2751297238231752, 0.013222824012554488, 0.07968048621220468, 0.04468087249881989, 0.09961048554787111, 0.16026603633858205, 0.8959452104280242, 0.036365126076304384, 0.6054054769405611, 0.010489090099986591, 0.7662936324115011, 0.06754669630158146, 0.2984469135699551, 0.0188555629315431, 0.04023794593254403, 0.76908023177796, 0.399811640739795, 0.017717145455040884, 0.29555204164288357, 0.02368948555878547, 0.6757646075489392, 0.30735801686526387, 0.025947183891967793, 0.46672651151887595, 0.2628418489200747, 0.11039627955568485, 0.14608724704829568, 0.041436718590728214, 0.3063422076885814, 0.055823135244157614, 0.34160303668072894, 0.43398146480389854], "train_labels_average": [], "train_logprobs_average": [], "train_probs_average": [], "train_response": [], "test_labels": [], "test_logprobs": [], "test_probs": []}}