{"0": {"train_labels": [0, 1, 0, 0, 0, 0, 0, 1, 1, 0, 0, 1, 0, 0, 0, 0, 0, 0, 1, 1, 0, 0, 0, 0, 0, 1, 0, 1, 0, 0, 1, 0, 1, 1, 1, 0, 0, 1, 0, 0, 0, 1, 1, 0, 0, 1, 1, 0, 1, 1], "train_logprobs": [[-0.04155881330370903, -294.92706298828125], [-348.4571838378906, -129.73715209960938], [-89.73094940185547, -271.60595703125], [-71.096923828125, -236.0880889892578], [-52.81821823120117, -55.41593933105469], [-116.37217712402344, -360.88140869140625], [-149.71287536621094, -246.8272705078125], [-88.99143981933594, -53.65363693237305], [-731.4571533203125, -45.100013732910156], [-244.92471313476562, -484.8741455078125], [-36.52254867553711, -74.41009521484375], [-202.1087646484375, -67.55001831054688], [-39.17509841918945, -188.2982635498047], [-0.13265253603458405, -88.3717269897461], [-40.42417907714844, -362.5970458984375], [-146.31854248046875, -292.7132263183594], [-31.887493133544922, -72.99202728271484], [-187.46678161621094, -401.32281494140625], [-347.5140075683594, -86.37249755859375], [-171.2808074951172, -146.72689819335938], [-0.10559116303920746, -137.3981475830078], [-101.23844146728516, -222.87118530273438], [-62.5839958190918, -538.6487426757812], [-0.33658185601234436, -389.75616455078125], [-97.40201568603516, -137.52102661132812], [-116.13406372070312, -44.772972106933594], [-228.75180053710938, -235.52426147460938], [-324.6419982910156, -107.3243179321289], [-40.79065704345703, -53.15323257446289], [-260.4732666015625, -1093.4591064453125], [-274.9671630859375, -251.96055603027344], [-75.06033325195312, -664.2261962890625], [-154.76239013671875, -127.31198120117188], [-221.02560424804688, -180.82139587402344], [-171.07228088378906, -85.12181854248047], [-1.1127530336380005, -33.34823226928711], [-9.628255844116211, -159.95281982421875], [-134.59115600585938, -36.604820251464844], [-61.41419219970703, -104.33248138427734], [-181.071044921875, -217.58236694335938], [-166.69114685058594, -230.37191772460938], [-547.121337890625, -158.56027221679688], [-70.05305480957031, -17.200048446655273], [-99.2530517578125, -118.39022827148438], [-184.28265380859375, -496.578125], [-82.80384826660156, -11.873479843139648], [-109.34854125976562, -76.15264892578125], [-0.02785208635032177, -229.2596893310547], [-150.7008056640625, -89.03207397460938], [-229.9987335205078, -125.27471160888672]], "train_probs": [1.0, 1.0258813493501709e-95, 1.0, 1.0, 0.9307147694312027, 1.0, 1.0, 4.49766602422585e-16, 8.296255771313439e-299, 1.0, 1.0, 3.646523138267911e-59, 1.0, 1.0, 1.0, 1.0, 1.0, 1.0, 3.869752654973437e-114, 2.169565074908739e-11, 1.0, 1.0, 1.0, 1.0, 1.0, 1.0192288062708344e-31, 0.9988564355183314, 4.1699476240318474e-95, 0.9999957243730297, 1.0, 1.0194302310107614e-10, 1.0, 1.1979505004859367e-12, 3.4636512245216357e-18, 4.700980915967959e-38, 0.99999999999999, 1.0, 2.78660286922996e-43, 1.0, 0.9999999999999999, 1.0, 1.7785795536559724e-169, 1.1123231720444302e-23, 0.9999999951153906, 1.0, 1.567950667458917e-31, 3.830073757830471e-15, 1.0, 1.650479449876218e-27, 3.303202214846764e-46], "test_labels": [], "test_logprobs": [], "test_probs": []}}