{"0": {"train_labels": [0, 0, 0, 0, 1, 1, 0, 0, 0, 1, 1, 1, 1, 1, 1, 0, 1, 1, 1, 0, 1, 0, 0, 0, 1, 1, 0, 1, 0, 0, 0, 1, 1, 1, 0, 1, 0, 1, 0, 0, 1, 1, 1, 1, 0, 1, 0, 1, 1, 1], "train_logprobs": [[-106.88924407958984, -247.27850341796875], [-55.66339111328125, -291.3543701171875], [-189.23277282714844, -219.75685119628906], [-52.14852523803711, -115.3639907836914], [-435.7872314453125, -251.3014678955078], [-271.005859375, -35.35050582885742], [-81.02980041503906, -340.9378662109375], [-67.43409729003906, -168.33453369140625], [-0.6064449548721313, -50.54818344116211], [-108.74457550048828, -87.61803436279297], [-58.49966049194336, -51.69793701171875], [-419.257080078125, -83.61461639404297], [-136.01272583007812, -0.028481341898441315], [-147.12033081054688, -116.76121520996094], [-103.04601287841797, -23.30269432067871], [-46.387908935546875, -391.65423583984375], [-108.48397064208984, -9.074819564819336], [-84.08509826660156, -0.6435825228691101], [-266.6280517578125, -240.02261352539062], [-179.17947387695312, -254.4017791748047], [-70.11212158203125, -12.020318984985352], [-255.80194091796875, -521.4888916015625], [-104.71861267089844, -425.9814453125], [-8.363065719604492, -139.93173217773438], [-275.3575134277344, -180.45123291015625], [-132.75035095214844, -62.25410461425781], [-410.91851806640625, -553.464599609375], [-133.8704071044922, -125.07432556152344], [-238.0782470703125, -388.4459533691406], [-49.00075912475586, -1306.474365234375], [-215.66896057128906, -226.05859375], [-540.2240600585938, -115.49287414550781], [-226.2436981201172, -36.36634063720703], [-59.84376907348633, -20.937496185302734], [-79.27701568603516, -670.1005859375], [-369.1227111816406, -214.4608917236328], [-164.8720703125, -354.1963806152344], [-430.29669189453125, -288.318115234375], [-149.34410095214844, -285.1395568847656], [-28.993499755859375, -93.54546356201172], [-116.80644226074219, -105.9317398071289], [-246.72393798828125, -104.0713882446289], [-274.21826171875, -159.2567138671875], [-162.04652404785156, -85.8685073852539], [-53.72745895385742, -72.84559631347656], [-292.4609069824219, -222.53256225585938], [-0.00046826363541185856, -56.121253967285156], [-104.89637756347656, -14.625683784484863], [-37.221595764160156, -0.076494500041008], [-349.9303894042969, -115.36638641357422]], "train_probs": [1.0, 1.0, 0.9999999999999446, 1.0, 7.565731082674617e-81, 4.530856671146405e-103, 1.0, 1.0, 1.0, 6.681281373792524e-10, 0.0011106223781002242, 1.7073797630838617e-146, 8.765828972331238e-60, 6.534368450571614e-14, 2.3330109744882536e-35, 1.0, 6.716673482360071e-44, 5.778433915220686e-37, 2.7887204860878417e-12, 1.0, 5.902699689803245e-26, 1.0, 1.0, 1.0, 6.06353757597206e-42, 2.420300110117151e-31, 1.0, 0.00015130197913416858, 1.0, 1.0, 0.9999692513334184, 3.480083510652936e-185, 3.445969322086742e-83, 1.2682952713094533e-17, 1.0, 6.779930597800444e-68, 1.0, 2.185181967662307e-62, 1.0, 1.0, 1.893078008674015e-05, 1.1137425625979148e-62, 1.182589822275034e-50, 8.247222683128912e-34, 0.9999999950215008, 4.27076580354622e-31, 1.0, 6.2508030329709006e-40, 7.38052900383307e-17, 1.3494221916846016e-102], "test_labels": [], "test_logprobs": [], "test_probs": []}}