{"0": {"train_labels": [1, 1, 1, 0, 1, 1, 1, 1, 1, 0, 1, 0, 1, 1, 1, 1, 1, 1, 1, 1, 1, 1, 0, 1, 1, 1, 1, 1, 0, 1, 1, 0, 0, 1, 1, 1, 0, 1, 1, 1, 1, 1, 1, 1, 1, 1, 1, 1, 0, 1], "train_logprobs": [[-31.05886459350586, -0.06793655455112457], [-9.879070281982422, -0.02533099055290222], [-16.71505355834961, -7.749227523803711], [-0.7990371584892273, -3.705918312072754], [-15.820329666137695, -1.8334206342697144], [-5.834928512573242, -0.45478326082229614], [-39.209312438964844, -0.451183557510376], [-7.286064624786377, -2.4797120094299316], [-5.560835838317871, -0.7995749711990356], [-17.579235076904297, -20.963157653808594], [-7.6075053215026855, -0.08492177724838257], [-2.0135884284973145, -4.524186134338379], [-4.859961986541748, -0.24885757267475128], [-10.48802661895752, -3.7288787364959717], [-7.010818958282471, -0.17932462692260742], [-6.415557861328125, -0.05354171618819237], [-2.7055299282073975, -0.17265881597995758], [-1.4249979257583618, -0.3110036849975586], [-14.896160125732422, -0.49633246660232544], [-5.84031867980957, -0.4344882369041443], [-12.90333366394043, -0.08044362813234329], [-8.905613899230957, -4.408888339996338], [-5.600352764129639, -9.272228240966797], [-6.262204647064209, -0.4963642954826355], [-7.874237060546875, -1.1397383213043213], [-7.027477264404297, -5.270442962646484], [-14.813713073730469, -0.12226112931966782], [-7.573873519897461, -0.1671561598777771], [-2.39373779296875, -240.9251708984375], [-6.369331359863281, -0.3633202612400055], [-10.230507850646973, -3.7197604179382324], [-11.40471076965332, -60.48548126220703], [-9.31313419342041, -26.002796173095703], [-5.582217216491699, -3.2926859855651855], [-4.819668769836426, -0.15843278169631958], [-11.364778518676758, -0.6013094186782837], [-8.457507133483887, -16.25833511352539], [-6.187136650085449, -1.0149732828140259], [-5.815877437591553, -0.251118928194046], [-8.699085235595703, -0.9650840759277344], [-11.164076805114746, -0.7868655323982239], [-17.89944839477539, -2.7169318199157715], [-6.224191665649414, -0.02722080424427986], [-3.79777455329895, -0.03120528534054756], [-13.700298309326172, -7.472447395324707], [-6.08683967590332, -4.908485412597656], [-13.548422813415527, -0.20852012932300568], [-9.22152328491211, -2.75877046585083], [-6.408265590667725, -16.667461395263672], [-22.77231216430664, -0.31638312339782715]], "train_probs": [3.473849214799061e-14, 5.254756280161902e-05, 0.00012768379186792815, 0.9481855505171186, 8.424850881907185e-07, 0.0045860241708257764, 1.4708165157049403e-17, 0.008111301100954564, 0.008482252002077062, 0.9671982802847103, 0.0005404415151321096, 0.9248814271402903, 0.009842985964626681, 0.0011588728499565587, 0.0010780806513630958, 0.001722910027895767, 0.07358568072058715, 0.2471269887599809, 5.574861278977255e-07, 0.004470251019820059, 2.6982888797430576e-06, 0.011022580489236973, 0.9752018513358656, 0.0031229780901605333, 0.0011877586872626206, 0.14716216177227526, 4.1646960263148096e-07, 0.0006067920959968788, 1.0, 0.0024578409793923513, 0.0014851586234804876, 1.0, 0.9999999435359699, 0.0919936991257053, 0.00936621380452847, 2.115804686778334e-05, 0.999590771669384, 0.0056402909679213594, 0.003815888682183553, 0.0004374978557795816, 3.1132993832491745e-05, 2.548688265749202e-07, 0.0020314521846373232, 0.022608324957237844, 0.0019698011945320846, 0.2353482330890562, 1.6089893756002527e-06, 0.0015580626869913115, 0.999964967376753, 1.768128935463651e-10], "test_labels": [], "test_logprobs": [], "test_probs": []}}