{"0": {"train_labels": [0, 0, 0, 1, 1, 1, 1, 1, 0, 0, 0, 0, 0, 0, 1, 1, 1, 0, 0, 1, 1, 0, 1, 0, 0, 1, 0, 1, 1, 1, 0, 1, 1, 0, 0, 1, 1, 1, 0, 0, 1, 0, 1, 1, 0, 1, 0, 0, 0, 0], "train_logprobs": [[-0.0720781534910202, -2.665828227996826], [-0.42884165048599243, -1.0538415908813477], [-0.2681307792663574, -1.5493807792663574], [-1.383288025856018, -0.2895379960536957], [-6.345506191253662, -0.0017563169822096825], [-8.593936920166016, -0.0001867835089797154], [-2.8413684368133545, -0.06011837348341942], [-1.9102263450622559, -0.1649150401353836], [-0.027973076328635216, -3.590473175048828], [-0.023245912045240402, -3.803788661956787], [-0.050315286964178085, -3.0190653800964355], [-0.007038441486656666, -4.960163593292236], [-0.06785643100738525, -2.7241063117980957], [-0.03163941577076912, -3.469139337539673], [-4.018161773681641, -0.0181637741625309], [-2.044888973236084, -0.13863605260849], [-6.002475738525391, -0.00255437009036541], [-0.6038222908973694, -0.7913222908973694], [-0.49813610315322876, -0.9356361031532288], [-3.2880914211273193, -0.03809133172035217], [-1.167513370513916, -0.542513370513916], [-0.408574640750885, -1.0960745811462402], [-1.4278154373168945, -0.29474467039108276], [-0.647371768951416, -0.7576005458831787], [-0.0007102350937202573, -7.2507100105285645], [-3.168100357055664, -0.04310039430856705], [-0.2590162754058838, -1.4777662754058838], [-0.8437116146087646, -0.5624616146087646], [-0.8084985017776489, -0.5897485017776489], [-3.5904738903045654, -0.027974003925919533], [-0.5361320972442627, -0.8798820972442627], [-4.233399868011475, -0.01464991644024849], [-5.193099498748779, -0.005599409341812134], [-0.03932429105043411, -3.2580742835998535], [-0.3672434091567993, -1.1582026481628418], [-2.989173412322998, -0.051673319190740585], [-3.1082115173339844, -0.04571160301566124], [-2.406913995742798, -0.08631858229637146], [-0.32177045941352844, -1.290520429611206], [-0.1345878392457962, -2.0994560718536377], [-3.6208741664886475, -0.027124058455228806], [-0.029458308592438698, -3.560702323913574], [-1.8313078880310059, -0.1750560849905014], [-3.0783839225769043, -0.04713389649987221], [-0.6327423453330994, -0.7577423453330994], [-4.665709018707275, -0.009458845481276512], [-0.30495578050613403, -1.4298341274261475], [-0.32178136706352234, -1.2905313968658447], [-0.8838058710098267, -1.2275558710098267], [-2.0837552547454834, -5.615005016326904]], "train_probs": [0.9304582603151214, 0.6513548511303338, 0.7826624789529375, 0.2509127812837603, 0.0017546146303175452, 0.0001852257179576, 0.05834583713223297, 0.14863955593183992, 0.9724147204213134, 0.9776983986190555, 0.9511422257057458, 0.9929882056754689, 0.9343951552333004, 0.9688561671046847, 0.017986245296031877, 0.12940240256091115, 0.002472817109707986, 0.5467381519846138, 0.6076631698328916, 0.037326884131416216, 0.34864513533394575, 0.6654105454764746, 0.24359484705282844, 0.5275293255546626, 0.9992903294416452, 0.04208772941751999, 0.7718434978390747, 0.43014734858584286, 0.4455295350395727, 0.027585285274607355, 0.5851011542032312, 0.014503580383585398, 0.005554924209801002, 0.9615338077061045, 0.6880372606790085, 0.050330628145991714, 0.04468087392992903, 0.08943156084446124, 0.7248702702332475, 0.8770588418392281, 0.026759280371904774, 0.9715638016134138, 0.16026578967321956, 0.04603390125407321, 0.5312093733737563, 0.009412587972452004, 0.7548924781175658, 0.7248702821204019, 0.5851011542032312, 0.9715639603682552], "train_labels_average": [], "train_logprobs_average": [], "train_probs_average": [], "train_response": [], "test_labels": [], "test_logprobs": [], "test_probs": []}}