{"0": {"train_labels": [1, 1, 1, 1, 1, 1, 1, 1, 1, 1, 1, 1, 1, 1, 1, 1, 1, 1, 1, 1, 1, 1, 1, 1, 1, 1, 1, 1, 1, 1, 1, 1, 1, 1, 1, 1, 1, 1, 1, 1, 1, 1, 1, 1, 1, 1, 1, 1, 1, 1], "train_logprobs": [[-714.607421875, -0.04290187358856201], [-58.280296325683594, -0.0034491054248064756], [-815.814453125, -0.2968323230743408], [-97.58241271972656, -0.33574366569519043], [-69.74039459228516, -0.32303714752197266], [-120.55467987060547, -0.13059258460998535], [-236.2794189453125, -0.03848397731781006], [-61.33313751220703, -2.545849084854126], [-99.96097564697266, -0.7420825362205505], [-451.2044982910156, -0.38662654161453247], [-123.16905975341797, -0.06943746656179428], [-45.08220672607422, -0.026222391054034233], [-173.93450927734375, -0.00726894149556756], [-93.44974517822266, -0.13982480764389038], [-209.84600830078125, -0.020274505019187927], [-47.8458251953125, -0.10228414833545685], [-26.095102310180664, -0.0008403906831517816], [-37.74481201171875, -0.0023306086659431458], [-148.8694610595703, -0.33601006865501404], [-156.95408630371094, -0.1774599254131317], [-133.0504608154297, -54.0430908203125], [-151.28709411621094, -0.4383441209793091], [-114.29615020751953, -0.3526974618434906], [-131.4569091796875, -1.139173150062561], [-65.85409545898438, -0.011078828945755959], [-101.5640869140625, -0.9719630479812622], [-87.62867736816406, -0.6792503595352173], [-80.81201171875, -0.7270439863204956], [-120.75201416015625, -0.17755326628684998], [-102.3881607055664, -1.4092248678207397], [-172.31130981445312, -4.616013050079346], [-81.19917297363281, -3.84384822845459], [-720.9310302734375, -7.283233642578125], [-65.37100219726562, -0.2640601694583893], [-148.6803741455078, -0.3043283224105835], [-79.96588134765625, -0.026783473789691925], [-129.55738830566406, -1.3162076473236084], [-440.6903381347656, -0.21125660836696625], [-96.10942077636719, -0.049987293779850006], [-259.2551574707031, -0.6375463604927063], [-318.1460266113281, -0.2615959346294403], [-242.61500549316406, -0.23072150349617004], [-73.46265411376953, -3.7550418376922607], [-56.491207122802734, -0.04503569379448891], [-177.25013732910156, -1.501401662826538], [-107.11737060546875, -1.1356801986694336], [-159.338134765625, -0.9850555062294006], [-228.27020263671875, -0.24598915874958038], [-126.99968719482422, -2.78320050239563], [-284.570068359375, -0.04487472400069237]], "train_probs": [4.6619971054735e-311, 4.9055400926440967e-26, 0.0, 5.83859359295001e-43, 7.119093771590779e-31, 5.01745404493087e-53, 2.522699631350789e-103, 2.9444557359286087e-26, 8.124230215225152e-44, 1.630369175860188e-196, 3.455519248131893e-54, 2.7066657446550396e-20, 2.913126000817145e-76, 2.9923781590338666e-41, 7.47896758967871e-92, 1.8418046995295903e-21, 4.649497719375576e-12, 4.061145910866097e-17, 3.109867291376827e-65, 8.180432632635697e-69, 4.870069751463686e-35, 3.070578997575373e-66, 3.2733106502855103e-50, 2.5335317325442317e-57, 2.5394590014482256e-29, 2.0577645540771812e-44, 1.731185657889496e-38, 1.6578316645920855e-35, 4.316949570143892e-53, 1.3976723614317263e-44, 1.4820333413998172e-73, 2.5410272200525868e-34, 1.16600362552103e-310, 5.30169016628781e-29, 3.640005605120527e-65, 1.9181868308604898e-35, 2.0209840562011285e-56, 5.039245298240243e-192, 1.9138949819534906e-42, 4.8283480866351636e-113, 8.801280739497103e-139, 5.418049434263657e-106, 5.3256012005703215e-31, 3.060125400997979e-25, 4.7129615718859165e-77, 9.391536993656172e-47, 1.6909528002443323e-69, 9.33990257678611e-100, 1.1310069354443414e-54, 2.7056925242416466e-124], "test_labels": [], "test_logprobs": [], "test_probs": []}}