{"0": {"train_labels": [0, 0, 1, 0, 1, 0, 1, 1, 0, 1, 0, 1, 0, 0, 1, 0, 0, 0, 0, 0, 1, 0, 0, 0, 0, 1, 1, 1, 1, 0, 0, 0, 0, 1, 0, 1, 0, 1, 0, 0, 0, 1, 1, 0, 0, 1, 1, 1, 0, 0], "train_logprobs": [[-90.72932434082031, -183.2165985107422], [-9.777181625366211, -74.66181182861328], [-190.71209716796875, -167.2369842529297], [-34.08197021484375, -70.53929138183594], [-238.59063720703125, -68.73016357421875], [-2.2993111610412598, -25.888656616210938], [-70.5484390258789, -58.30783462524414], [-56.27812194824219, -19.5509090423584], [-19.68250274658203, -43.63542556762695], [-79.6408462524414, -43.05061340332031], [-81.97880554199219, -108.38593292236328], [-67.104248046875, -35.84228515625], [-19.689502716064453, -43.77983856201172], [-31.135467529296875, -77.23025512695312], [-67.16832733154297, -54.618648529052734], [-43.108253479003906, -43.41272735595703], [-43.0123291015625, -206.85455322265625], [-44.01378631591797, -61.05876159667969], [-130.4490509033203, -132.5887451171875], [-8.570956230163574, -34.439701080322266], [-86.58551788330078, -79.83013916015625], [-27.786951065063477, -191.8404083251953], [-50.425575256347656, -58.825130462646484], [-26.883729934692383, -143.53579711914062], [-7.226595878601074, -47.43659591674805], [-14.72519588470459, -11.028764724731445], [-33.86057662963867, -18.917980194091797], [-70.54158782958984, -54.279212951660156], [-6.29305362701416, -1.6247079372406006], [-75.28274536132812, -158.22613525390625], [-160.0330352783203, -177.71490478515625], [-129.12982177734375, -406.83514404296875], [-156.8121337890625, -285.5589294433594], [-64.78340148925781, -16.945301055908203], [-9.183534622192383, -56.63597869873047], [-199.96470642089844, -115.89940643310547], [-76.89138793945312, -90.1788330078125], [-175.30770874023438, -51.30071258544922], [-25.840076446533203, -188.50547790527344], [-17.358186721801758, -64.43572235107422], [-9.765633583068848, -84.96495056152344], [-80.72272491455078, -53.887542724609375], [-56.11796569824219, -18.72287368774414], [-84.15209197998047, -138.98333740234375], [-84.37202453613281, -231.68939208984375], [-45.64458465576172, -43.68204116821289], [-374.54766845703125, -42.8585319519043], [-71.45970153808594, -38.14463424682617], [-12.982071876525879, -25.52288055419922], [-20.537094116210938, -37.70920944213867]], "train_probs": [1.0, 1.0, 6.380989043484134e-11, 0.9999999999999999, 1.7003315283865908e-74, 0.9999999999430783, 4.830264978114093e-06, 1.1209186608716636e-16, 0.9999999999604289, 1.2854754356921111e-16, 0.9999999999965996, 2.6491223892806832e-14, 0.9999999999655095, 1.0, 3.5460283744515086e-06, 0.5755358272713323, 1.0, 0.9999999604213229, 0.8947018056945384, 0.9999999999941743, 0.0011632439778978805, 1.0, 0.9997750832329371, 1.0, 1.0, 0.024211192287953574, 3.2397588286616314e-07, 8.656459276639735e-08, 0.009300476111413932, 1.0, 0.9999999790655462, 1.0, 1.0, 1.6756254851224345e-21, 1.0, 3.0967353788363823e-37, 0.999998304353992, 1.394587770929692e-54, 1.0, 1.0, 1.0, 2.21629952837459e-12, 5.748014957372812e-17, 1.0, 1.0, 0.12319204739350616, 8.896891793093444e-145, 3.399774492376736e-15, 0.9999964223781118, 0.9999999651466076], "train_labels_average": [1, 1, 0, 1, 0, 1, 0, 0, 1, 0, 1, 0, 1, 1, 0, 0, 1, 1, 1, 0, 0, 1, 1, 1, 1, 0, 0, 1, 0, 1, 1, 1, 1, 0, 1, 0, 1, 0, 1, 1, 1, 0, 0, 1, 1, 0, 0, 0, 1, 1], "train_logprobs_average": [[-1.620166506086077, -1.0674038157743566], [-0.8147651354471842, -0.177766938643022], [-1.7658527515552662, -1.8882385858214727], [-1.36327880859375, -1.2622951931423612], [-2.5114803916529604, -7.953021240234375], [-0.7664370536804199, -0.17687008931086615], [-1.9067145682669975, -2.204638719558716], [-2.5580964521928267, -8.039731706891741], [-1.230156421661377, -0.7570193364070013], [-2.152455304120038, -3.9820423126220703], [-1.6395761108398437, -1.389471280372749], [-1.8640068901909723, -3.050193093039773], [-1.406393051147461, -0.8203959465026855], [-2.075697835286458, -0.6918992784288195], [-2.238944244384766, -2.487715827094184], [-2.5357796164119946, -2.5357796164119946], [-1.8701012652853262, -0.3707959405307112], [-2.2006893157958984, -1.5177167695144127], [-1.837310576103103, -1.5529648917061942], [-0.2255514797411467, -0.2255514797411467], [-1.9678526791659268, -3.0923399244035994], [-1.5437195036146376, -0.408631633309757], [-3.878890404334435, -1.6266314598821825], [-1.5813958785113167, -0.344663204290928], [-1.2044326464335124, -0.3441236132667178], [-0.9203247427940369, -2.103599412100656], [-1.6124084109351748, -3.386057662963867], [-1.8087586622971754, -1.603217905217951], [-0.4840810482318585, -2.0976845423380532], [-1.394124914098669, -0.8753807600154433], [-2.000412940979004, -1.7207853255733367], [-1.6990766023334705, -0.514461441343999], [-1.8448486328125, -1.0052059858273237], [-2.0244812965393066, -6.478340148925781], [-1.5305891036987305, -0.3826472759246826], [-2.1735294176184614, -2.7392425537109375], [-1.6019039154052734, -1.2204982212611608], [-2.46912265831316, -5.843590291341146], [-2.3490978587757456, -0.3445343526204427], [-2.1697733402252197, -0.3542487086081991], [-1.220704197883606, -0.22710775774578715], [-1.9688469491353848, -4.248564469186883], [-2.07844317400897, -7.014745712280273], [-1.7531685829162598, -1.4763524908768504], [-1.9175460121848367, -0.7670184048739347], [-1.5739511950262661, -1.6905401724356193], [-1.8916548911971276, -20.808203803168404], [-2.3819900512695313, -3.4028429303850447], [-1.0818393230438232, -0.8113794922828674], [-0.892917135487432, -0.8214837646484375]], "train_probs_average": [0.3652236815661732, 0.3459254159630217, 0.5305583254571111, 0.47477552844110504, 0.9956858902501787, 0.356734218954457, 0.5739349800930004, 0.9958547373742127, 0.38387400687647255, 0.8617125204382923, 0.4377976969315426, 0.7660582758708598, 0.35755383052555617, 0.20039962769226824, 0.5618741224655188, 0.5, 0.18252915501257636, 0.3355981843060334, 0.4293886972050872, 0.5, 0.7548201054280522, 0.2432233751003786, 0.09515479102492534, 0.22500522308493628, 0.2972747838140364, 0.765536087089921, 0.8549109044046618, 0.44879495556352644, 0.8339110832863784, 0.37314593932429624, 0.4305450734686132, 0.2342233929206343, 0.30161005201005026, 0.9885001960368457, 0.24086521738090114, 0.6377734164233839, 0.40578790551885513, 0.9668969862676222, 0.11872461516616005, 0.13997174872333626, 0.27020229893676434, 0.9071832643014024, 0.992870099345722, 0.4312345257365637, 0.24039272661615724, 0.5291142726540997, 0.9999999939095807, 0.7351386966827079, 0.4327942107377423, 0.482149247270486], "test_labels": [], "test_logprobs": [], "test_probs": []}}