{"0": {"train_labels": [0, 0, 1, 1, 1, 1, 0, 1, 1, 0, 0, 1, 0, 1, 1, 0, 1, 0, 1, 0, 0, 1, 0, 0, 1, 0, 0, 1, 0, 1, 1, 1, 0, 1, 0, 1, 0, 0, 0, 0, 1, 0, 1, 0, 1, 0, 0, 0, 1, 0], "train_logprobs": [[-93.55746459960938, -148.85360717773438], [-95.53303527832031, -225.37347412109375], [-69.92185974121094, -42.32046127319336], [-292.003662109375, -97.98823547363281], [-238.17144775390625, -234.26141357421875], [-17.3459529876709, -0.9906731843948364], [-38.78339385986328, -73.33753967285156], [-150.68316650390625, -100.1081771850586], [-95.18315887451172, -73.84678649902344], [-1.7786552906036377, -8.31627368927002], [-268.138916015625, -316.5176086425781], [-362.69866943359375, -332.45159912109375], [-71.21089172363281, -136.71559143066406], [-165.5981903076172, -88.9925308227539], [-131.21925354003906, -54.363704681396484], [-196.61734008789062, -198.69387817382812], [-103.53351593017578, -88.2052993774414], [-55.265892028808594, -754.1793212890625], [-139.10440063476562, -47.91464614868164], [-132.7779998779297, -859.702880859375], [-187.2446746826172, -265.13323974609375], [-93.02096557617188, -38.017425537109375], [-134.92971801757812, -195.23934936523438], [-5.330140113830566, -107.01919555664062], [-184.46206665039062, -33.07985305786133], [-28.270103454589844, -342.9867248535156], [-18.922670364379883, -97.1519775390625], [-293.48760986328125, -166.89036560058594], [-118.76526641845703, -131.0761260986328], [-5.115756988525391, -0.1656113862991333], [-162.1509552001953, -51.79703140258789], [-105.2518081665039, -13.081806182861328], [-105.2970962524414, -113.1430892944336], [-224.14163208007812, -181.79641723632812], [-71.69662475585938, -292.83563232421875], [-111.36611938476562, -86.74778747558594], [-198.1707305908203, -246.4832000732422], [-50.92222595214844, -127.32736206054688], [-99.47770690917969, -120.3853530883789], [-35.41645812988281, -46.43185043334961], [-2.1944618225097656, -1.203118920326233], [-39.212013244628906, -222.5924530029297], [-161.5173797607422, -77.32695770263672], [-55.893218994140625, -128.2779083251953], [-97.07018280029297, -83.7017822265625], [-80.69637298583984, -340.87530517578125], [-152.73170471191406, -328.92242431640625], [-104.50675964355469, -273.5469665527344], [-177.81515502929688, -171.29788208007812], [-151.14080810546875, -865.7936401367188]], "train_probs": [1.0, 1.0, 1.0300657631377708e-12, 5.497570507565918e-85, 0.019646111631247958, 7.888459445927906e-08, 0.9999999999999989, 1.085328522657355e-22, 5.416655474777126e-10, 0.9985541606835644, 1.0, 7.309106156089839e-14, 1.0, 5.377554284923999e-34, 4.188506821158948e-34, 0.8886018038756842, 2.2031295624396923e-07, 1.0, 2.4934049687255703e-40, 1.0, 1.0, 1.2949889894946162e-24, 1.0, 1.0, 1.8011089257637236e-66, 1.0, 1.0, 1.0459607614418502e-55, 0.9999954974388685, 0.00703257032517206, 1.1854953049354746e-48, 9.355709785042787e-41, 0.9996088362478769, 4.071053955828397e-19, 1.0, 2.0342030360968533e-11, 1.0, 1.0, 0.9999999991683807, 0.9999835536789463, 0.2706469109416132, 1.0, 2.732525799309273e-37, 1.0, 1.5637838362408832e-06, 1.0, 1.0, 1.0, 0.0014755130017493857, 1.0], "train_labels_average": [1, 1, 0, 0, 0, 1, 1, 0, 0, 1, 0, 0, 1, 0, 0, 1, 1, 1, 0, 1, 1, 0, 1, 1, 0, 1, 1, 0, 0, 0, 0, 0, 0, 0, 1, 1, 1, 1, 1, 0, 1, 1, 0, 1, 0, 1, 1, 1, 0, 1], "train_logprobs_average": [[-3.8982276916503906, -2.4620385420949837], [-3.8213214111328124, -1.6192039877681408], [-4.370116233825684, -7.769095526801215], [-3.5181164109563254, -14.60018310546875], [-3.8414749637726815, -3.904449963178791], [-3.4691905975341797, -2.8909921646118164], [-3.525763078169389, -1.6862345156462297], [-4.566156560724432, -6.02732666015625], [-3.0704244798229587, -3.965964953104655], [-0.06840981886937068, -0.022803272956456892], [-3.0470331365411933, -3.3103569878472223], [-4.217426388762718, -4.2670431698069855], [-3.956160651312934, -2.5432461329868863], [-3.599960658861243, -7.199921317722486], [-3.4531382510536597, -6.906276502107319], [-4.096194585164388, -3.5748607288707386], [-5.176675796508789, -4.930167425246466], [-4.251222463754507, -0.3289636430286226], [-2.9596680986120347, -7.7280222574869795], [-3.9052352905273438, -0.560244725223332], [-4.566943284941883, -3.12074457804362], [-2.818817138671875, -9.302096557617187], [-3.9685211181640625, -2.044389666933002], [-1.3325350284576416, -0.20500538899348333], [-5.950389246786794, -16.76927878639915], [-2.570009404962713, -0.3769347127278646], [-1.7202427603981711, -0.6307556788126628], [-4.1926801409040175, -5.989543058434311], [-3.7114145755767822, -5.163707235585088], [-0.2692503678171258, -0.7308224269321987], [-5.591412248282597, -9.008386400010851], [-0.9397482872009277, -1.7839289519746424], [-3.1908210985588306, -4.786231647838246], [-4.150770964445891, -4.872644175653872], [-5.515124981219952, -0.8743490823885289], [-3.977361406598772, -3.2754740995519303], [-3.963414611816406, -2.387599163744823], [-3.9170943040114183, -1.6974075317382813], [-3.826065650353065, -3.014475966944839], [-2.213528633117676, -2.5297470092773438], [-0.07567109732792296, -0.029654889493375212], [-1.8672387259347099, -0.852435070535411], [-4.614782278878348, -7.691303798130581], [-3.726214599609375, -1.6937339089133523], [-3.1312962193642893, -3.882807312011719], [-3.3623488744099936, -0.7612865376022627], [-6.1092681884765625, -2.2135029668393345], [-5.225337982177734, -1.5145907194718071], [-4.679346184981497, -6.839044424203726], [-1.4258566802402712, -0.7029805028161337]], "train_probs_average": [0.1921361743670559, 0.09956050488699685, 0.9676726204552433, 0.9999846144542995, 0.5157385488009256, 0.3593472394930269, 0.1371070581950154, 0.8117115732100731, 0.7100322071020562, 0.488600339353637, 0.565453191820579, 0.5124016511409232, 0.1957747672635029, 0.9734019878780741, 0.9693245923042648, 0.3725403864083812, 0.4386830936931256, 0.019412040725182947, 0.9915771972160159, 0.03405958809359743, 0.19058727820942944, 0.9984735447176406, 0.12740156375034264, 0.2446172852744172, 0.9999799826179065, 0.10037411012784563, 0.2517148765792517, 0.8577666308984673, 0.8103510258370888, 0.6133870459356815, 0.9682308286096486, 0.6993449810871475, 0.8313759683227462, 0.6730193774978448, 0.009557970740084958, 0.33139392046780386, 0.1713889332738639, 0.09799648800512897, 0.30755184729228, 0.5784023659965084, 0.4884979775891839, 0.2660408205730954, 0.9559138246931, 0.11583461505360078, 0.6795078695110259, 0.06907008143976728, 0.019922825733321985, 0.023875268076608773, 0.8965715693144397, 0.3267599437623302], "test_labels": [], "test_logprobs": [], "test_probs": []}}