{"0": {"train_labels": [0, 1, 1, 1, 0, 0, 1, 0, 0, 0, 1, 0, 0, 0, 1, 0, 1, 1, 0, 0, 1, 1, 1, 0, 1, 1, 0, 0, 0, 1, 1, 0, 1, 1, 0, 1, 0, 1, 1, 1, 0, 1, 0, 0, 0, 1, 0, 1, 0, 1], "train_logprobs": [[-0.15123890340328217, -2.0994906425476074], [-11.156264305114746, -1.3708974620385561e-05], [-1.600414752960205, -0.2254147231578827], [-1.7014145851135254, -0.20141460001468658], [-0.31587010622024536, -1.5906662940979004], [-9.536697689327411e-06, -11.312512397766113], [-1.0741722583770752, -0.39701011776924133], [-0.028848474845290184, -3.56009840965271], [-0.6473715305328369, -0.7411215305328369], [-0.0002698534226510674, -8.219019889831543], [-1.136871576309204, -0.3868715763092041], [-0.05488264560699463, -2.929882526397705], [-0.020542483776807785, -3.8649377822875977], [-0.08898602426052094, -2.4360311031341553], [-4.264167308807373, -0.014167210087180138], [-0.48685604333877563, -0.9556059837341309], [-1.9906396865844727, -0.14688974618911743], [-6.439103603363037, -0.0016037471359595656], [-0.006310062948614359, -5.068809986114502], [-0.6931493282318115, -0.6931493282318115], [-1.7014150619506836, -0.20141509175300598], [-2.5500454902648926, -0.08129552751779556], [-3.7427268028259277, -0.02397696115076542], [-0.3769521117210388, -1.1582021713256836], [-3.4994308948516846, -0.03068079613149166], [-6.751172065734863, -0.0010671879863366485], [-1.5497195136049413e-06, -13.375001907348633], [-0.2450740486383438, -1.6759772300720215], [-0.45093798637390137, -1.0134379863739014], [-3.7427597045898438, -0.024009665474295616], [-0.7088947296142578, -0.6776447296142578], [-0.011756186373531818, -4.449256420135498], [-3.712228536605835, -0.024728642776608467], [-3.3181426525115967, -0.03689270094037056], [-0.08631803095340729, -2.492568016052246], [-4.018151760101318, -0.018151599913835526], [-0.05164162442088127, -2.9891417026519775], [-5.286325454711914, -0.0047689033672213554], [-1.0741912126541138, -0.41794121265411377], [-2.7533445358276367, -0.06388233602046967], [-3.4927710657939315e-05, -10.265660285949707], [-0.9167661666870117, -0.5105161666870117], [-0.19475558400154114, -1.8197555541992188], [-0.6473724842071533, -0.7411224842071533], [-0.036892928183078766, -3.318142890930176], [-3.3784515857696533, -0.034701503813266754], [-0.007938383147120476, -4.8829426765441895], [-1.7528076171875, -0.1903076469898224], [-0.020542016252875328, -3.8955419063568115], [-2.6658287048339844, -0.07655380666255951]], "train_probs": [0.8752558866059882, 1.4285509134047316e-05, 0.20181321745968234, 0.18242552602881168, 0.7815626705917109, 0.9999877809589387, 0.3368949774316057, 0.9715639651540442, 0.523420348936324, 0.99973052085425, 0.32082130082460697, 0.9465966641739773, 0.9790489996735742, 0.9126990679295963, 0.014063625674406997, 0.6150878414043816, 0.136608397056381, 0.0015978457233772083, 0.9937100973828683, 0.5, 0.18242552825126704, 0.07807816782648816, 0.02368947496115592, 0.6859494678483918, 0.03021458417472801, 0.001169387759308174, 0.999998446502801, 0.8070420028888564, 0.6370307944803831, 0.023689470394699083, 0.49218813572079556, 0.9883127447044117, 0.024423092583796175, 0.036220057555534334, 0.9173026561945815, 0.017986207132747328, 0.9496693711417706, 0.0050587888643736185, 0.341582499438317, 0.06359803861055259, 0.999965191890508, 0.3998116407397951, 0.8354835330070839, 0.523420348936324, 0.9637799428345948, 0.03410042301286603, 0.9924227910176728, 0.17328821019878957, 0.9796676444683271, 0.06983186745127377], "train_labels_average": [], "train_logprobs_average": [], "train_probs_average": [], "train_response": [], "test_labels": [], "test_logprobs": [], "test_probs": []}}