{"0": {"train_labels": [1, 1, 1, 0, 0, 0, 1, 0, 1, 1, 1, 1, 0, 1, 0, 1, 0, 1, 0, 0, 1, 0, 1, 1, 1, 0, 1, 1, 1, 0, 1, 0, 1, 0, 0, 0, 1, 0, 0, 1, 1, 1, 1, 0, 0, 0, 1, 1, 0, 1], "train_logprobs": [[-391.9718933105469, -122.48303985595703], [-208.57203674316406, -86.29637145996094], [-68.31124877929688, -7.252616882324219], [-19.43624496459961, -40.89694595336914], [-44.31809997558594, -63.41108322143555], [-19.650291442871094, -64.09447479248047], [-111.33596801757812, -68.59201049804688], [-22.228900909423828, -38.453155517578125], [-70.25250244140625, -55.681331634521484], [-27.24121856689453, -21.707149505615234], [-210.82180786132812, -129.45411682128906], [-14.307748794555664, -9.324989318847656], [-41.55126190185547, -223.84500122070312], [-119.34688568115234, -36.136016845703125], [-43.7506217956543, -82.09343719482422], [-224.368896484375, -57.87717819213867], [-11.351933479309082, -49.02542495727539], [-106.22679138183594, -97.41154479980469], [-34.65483856201172, -266.1058044433594], [-21.7908878326416, -26.866355895996094], [-82.60437774658203, -23.892250061035156], [-30.123348236083984, -80.490478515625], [-25.88047981262207, -13.687705039978027], [-245.5238800048828, -14.568601608276367], [-483.0408935546875, -119.23046112060547], [-65.44475555419922, -84.43679809570312], [-154.9683380126953, -53.924896240234375], [-275.7550048828125, -39.61088180541992], [-165.3828582763672, -141.94509887695312], [-23.696924209594727, -45.786373138427734], [-86.00408172607422, -48.0472412109375], [-15.260259628295898, -211.23416137695312], [-29.18191909790039, -21.64120864868164], [-23.21356201171875, -43.629669189453125], [-47.30333709716797, -84.561279296875], [-68.77896118164062, -96.81397247314453], [-78.31690216064453, -22.056665420532227], [-28.84847640991211, -184.36611938476562], [-92.49868774414062, -451.5570983886719], [-206.7236785888672, -104.37738800048828], [-46.7498779296875, -31.646038055419922], [-64.00154876708984, -20.55839729309082], [-42.49184036254883, -33.15687561035156], [-46.98707962036133, -228.47634887695312], [-44.006134033203125, -158.1832733154297], [-16.167850494384766, -63.81557083129883], [-56.779396057128906, -34.96237564086914], [-47.66112518310547, -44.841651916503906], [-37.33338165283203, -98.7710952758789], [-174.86158752441406, -159.3660888671875]], "train_probs": [9.172294918586783e-118, 7.876863081239458e-54, 3.0378973467816736e-27, 0.9999999995216607, 0.9999999948946828, 1.0, 2.732342356476959e-19, 0.9999999100718392, 4.697001725341874e-07, 0.003934343823106899, 4.596854695367177e-36, 0.0068084471750837015, 1.0, 7.27744329898296e-37, 1.0, 4.938163477200897e-73, 1.0, 0.00014843030694948044, 1.0, 0.9937906358882547, 3.174292371221037e-26, 1.0, 5.066907740427038e-06, 4.9819231729321394e-101, 9.980142332260586e-159, 0.9999999943524417, 1.3103605381083918e-44, 2.7791399268222655e-103, 6.623849016723847e-11, 0.9999999997449213, 3.2775823616808626e-17, 1.0, 0.0005307383920292867, 0.9999999986404433, 0.9999999999999999, 0.9999999999993323, 3.6854424443336285e-25, 1.0, 1.0, 3.560990000930827e-45, 2.757309818513757e-07, 1.3579351757215662e-19, 8.827505164128252e-05, 1.0, 1.0, 1.0, 3.3495650893877196e-10, 0.05628090361777704, 1.0, 1.8637615930433375e-07], "train_labels_average": [0, 0, 0, 1, 0, 1, 0, 1, 0, 0, 0, 0, 1, 0, 1, 0, 1, 0, 1, 1, 0, 1, 0, 0, 0, 1, 0, 0, 0, 1, 0, 1, 1, 1, 1, 1, 0, 1, 1, 0, 1, 0, 0, 1, 1, 1, 0, 0, 1, 0], "train_logprobs_average": [[-1.9501089219430192, -6.221776084294395], [-1.7527061911190258, -5.488737809030633], [-1.485027147376019, -6.831124877929687], [-1.6196870803833008, -0.9255354745047433], [-1.197786485826647, -1.266231427873884], [-1.403592245919364, -0.531088957915435], [-1.568112225599692, -3.373817212653883], [-2.4698778788248696, -0.6946531534194946], [-1.4635938008626301, -1.7563125610351562], [-3.0268020629882812, -3.0268020629882812], [-2.0271327678973856, -3.055388519729393], [-1.021982056753976, -2.043964113507952], [-1.8886937228116123, -0.3957263038271949], [-2.131194387163435, -5.6831850324358255], [-2.0833629426502047, -1.1218108152731872], [-2.1573932354266825, -6.599085190716912], [-1.6217047827584403, -0.4204419807151512], [-2.00427908267615, -2.3092780735181724], [-1.506732111391814, -0.2139187565556279], [-1.5564919880458288, -1.2818169313318588], [-1.9667708987281436, -5.506958516438802], [-3.765418529510498, -0.6694077385796441], [-1.4378044340345595, -1.4378044340345595], [-2.1921775000435963, -35.07484000069754], [-1.7693805624713828, -8.782561700994318], [-1.4873808080499822, -1.3634324073791504], [-2.094166729901288, -7.748416900634766], [-1.6814329566025152, -11.0302001953125], [-1.900952393981232, -2.3293360320615095], [-2.3696924209594727, -0.8463187217712402], [-2.0477162315731956, -2.9656579905542833], [-1.9075324535369873, -0.17953246621524585], [-1.8238699436187744, -1.5358904788368626], [-2.110323819247159, -1.009285304857337], [-2.056666830311651, -1.1825834274291993], [-1.8588908427470439, -1.2736844663266782], [-2.5263516826014363, -6.526408513387044], [-1.3737369719005765, -0.2552962514151514], [-1.9680571860455451, -0.3571377905179175], [-2.1533716519673667, -4.493993012801461], [-2.5972154405381946, -2.460519891036184], [-1.9394408717299954, -5.333462397257487], [-1.1803288989596896, -2.1245920181274416], [-1.4683462381362915, -0.3642409272896227], [-2.3161123175370064, -0.6198047046930018], [-1.7964278327094183, -0.6736604372660319], [-2.8389698028564454, -4.731616338094075], [-1.4442765207001658, -2.269577389671689], [-2.333336353302002, -0.9333345413208007], [-1.5753296173370637, -2.866583402039575]], "train_probs_average": [0.9862336646207324, 0.9767069498293701, 0.9952558980228953, 0.3331101650850439, 0.5171045585416183, 0.2947336869453871, 0.8588419814736236, 0.14489378588322344, 0.5726615997673056, 0.5, 0.7365775972312167, 0.7353585002431808, 0.18347675176028289, 0.972131407362773, 0.27656754076223594, 0.9883610628968234, 0.23125064721770353, 0.5756641045305605, 0.21537700200693374, 0.431759737400544, 0.971809852358955, 0.04327210614972104, 0.5, 0.9999999999999948, 0.9991008679735214, 0.4690525107453525, 0.9965096269221189, 0.9999129348881893, 0.6054876301515317, 0.17896526217863556, 0.7146225393508864, 0.1508435821052833, 0.4284985993443004, 0.24954535866582686, 0.2944053417609563, 0.3577354884372683, 0.9820147937958821, 0.24630062842353898, 0.16646100672409003, 0.9121858706675728, 0.46587922688690486, 0.9675171698758828, 0.7199599827345714, 0.24897147335760297, 0.15494812757668536, 0.2454983209943506, 0.8690569924320121, 0.695360407464819, 0.19781582390752453, 0.7843593296414303], "test_labels": [], "test_logprobs": [], "test_probs": []}}