{"0": {"train_labels": [1, 1, 1, 0, 0, 0, 0, 0, 1, 0, 0, 0, 0, 1, 0, 1, 1, 0, 1, 1, 0, 1, 0, 1, 1, 1, 0, 0, 1, 1, 1, 0, 1, 1, 0, 0, 1, 1, 1, 1, 1, 0, 1, 0, 0, 0, 0, 1, 1, 1], "train_logprobs": [[-0.9805710315704346, -0.5437608957290649], [-1.3761696815490723, -0.3449196219444275], [-1.9413106441497803, -0.20702193677425385], [-0.5441223978996277, -0.9813812971115112], [-0.35418951511383057, -1.4495548009872437], [-0.4375591576099396, -1.1875591278076172], [-0.34753692150115967, -1.3246594667434692], [-0.5539863705635071, -0.9289863705635071], [-1.213836431503296, -0.4169614315032959], [-0.35095423460006714, -1.429079294204712], [-0.4632855951786041, -1.3382855653762817], [-0.6888436675071716, -0.7669686675071716], [-0.4456711411476135, -1.3519210815429688], [-1.5268454551696777, -0.30809545516967773], [-0.34525036811828613, -1.4077503681182861], [-1.4121770858764648, -0.3340521454811096], [-1.8006207942962646, -0.25680428743362427], [-0.43097972869873047, -1.2591047286987305], [-1.5807631015777588, -0.29894715547561646], [-1.107020378112793, -0.560145378112793], [-0.4210045039653778, -1.3741295337677002], [-1.0768616199493408, -0.4987366795539856], [-0.5899819731712341, -0.8868569731712341], [-1.1301016807556152, -0.44236239790916443], [-0.8034175634384155, -0.6471675634384155], [-1.0977869033813477, -0.5196618437767029], [-0.8339861631393433, -1.0058611631393433], [-0.5421445369720459, -1.057769536972046], [-1.1773557662963867, -0.4273558259010315], [-0.7587116956710815, -0.7118366956710815], [-0.7252262830734253, -0.7096012830734253], [-0.37459316849708557, -1.3588733673095703], [-2.6235671043395996, -0.10954740643501282], [-1.0557401180267334, -0.46753355860710144], [-0.5424615144729614, -0.9552339315414429], [-0.5524579882621765, -0.9068725109100342], [-1.2025690078735352, -0.43159952759742737], [-1.2699928283691406, -0.3949928283691406], [-1.2240204811096191, -0.4115205407142639], [-0.8739725947380066, -0.6800122261047363], [-2.1681628227233887, -0.15581366419792175], [-0.8225644826889038, -1.1424027681350708], [-1.2369885444641113, -0.4401136040687561], [-0.516862154006958, -1.126237154006958], [-0.1443743109703064, -2.253749370574951], [-0.3953225314617157, -1.301572561264038], [-0.6893023252487183, -0.8143023252487183], [-1.181187629699707, -0.45225414633750916], [-0.9562669992446899, -0.5343919992446899], [-0.8829314112663269, -0.6641814112663269]], "train_probs": [0.3925013119542627, 0.2628418258225589, 0.1500398287254283, 0.6076056878296243, 0.7493906929058634, 0.6791786926816161, 0.7265368934599394, 0.5926665999540698, 0.31069438321455395, 0.7461390043208003, 0.7057850216484838, 0.519521321952093, 0.7122321720225279, 0.22815650216092537, 0.7431680086124811, 0.25386101825929835, 0.17598115173567513, 0.6959583250334526, 0.2172412679271252, 0.36658973632215985, 0.7217432122827968, 0.3593641588823761, 0.5736784074525096, 0.3345361695852327, 0.46101677931231594, 0.35936413143782797, 0.5428632831725052, 0.6261241772283034, 0.3208213138121609, 0.4882833952958347, 0.49609382947091946, 0.7279566752870321, 0.07488117271377578, 0.3570464585732244, 0.6017524657715994, 0.5876876782423499, 0.3162694255340785, 0.2942149721629888, 0.3073580295544412, 0.45166135706856536, 0.11791242458652129, 0.5792848405672769, 0.3106943959796865, 0.6477982179521103, 0.8918110511888303, 0.7122321903471563, 0.5312093733737562, 0.32542881077128477, 0.3960681662740417, 0.44552953503957277], "train_labels_average": [], "train_logprobs_average": [], "train_probs_average": [], "train_response": [], "test_labels": [], "test_logprobs": [], "test_probs": []}}