{"0": {"train_labels": [1, 0, 1, 0, 0, 0, 0, 0, 0, 0, 0, 1, 1, 0, 1, 0, 1, 1, 1, 1, 0, 0, 0, 0, 0, 0, 1, 1, 0, 0, 1, 0, 0, 1, 0, 0, 1, 0, 1, 0, 1, 0, 0, 0, 0, 1, 0, 0, 0, 0], "train_logprobs": [[-153.61474609375, -137.56344604492188], [-48.26776885986328, -73.90483093261719], [-259.8468933105469, -112.76863098144531], [-0.04805484414100647, -74.38813781738281], [-197.9792022705078, -494.3109436035156], [-32.186275482177734, -198.72659301757812], [-67.91681671142578, -260.2804870605469], [-15.854305267333984, -223.2715301513672], [-145.9992218017578, -169.53431701660156], [-198.92034912109375, -323.42279052734375], [-80.97238159179688, -183.82960510253906], [-154.34764099121094, -135.2605438232422], [-686.3426513671875, -572.37548828125], [-0.0013019151519984007, -219.23472595214844], [-75.57205200195312, -44.72361373901367], [-131.57102966308594, -178.17108154296875], [-170.7664337158203, -78.65868377685547], [-99.23724365234375, -32.27781295776367], [-60.97106170654297, -20.581438064575195], [-276.3415222167969, -140.8624267578125], [-137.45828247070312, -154.17730712890625], [-643.3917236328125, -713.7265625], [-52.41675567626953, -52.62510299682617], [-118.19217681884766, -721.3994140625], [-141.88009643554688, -204.29379272460938], [-171.41969299316406, -353.4127197265625], [-458.0962829589844, -301.47540283203125], [-91.5647964477539, -29.03420639038086], [-73.69207000732422, -411.34368896484375], [-33.933677673339844, -46.432193756103516], [-692.1921997070312, -85.93165588378906], [-0.002194274216890335, -37.81336212158203], [-142.008544921875, -206.68649291992188], [-636.8223876953125, -496.5784912109375], [-286.3178405761719, -956.5653076171875], [-94.44595336914062, -476.9876708984375], [-258.6536865234375, -205.80865478515625], [-59.731624603271484, -473.00933837890625], [-327.9917907714844, -96.58511352539062], [-365.509033203125, -513.5924072265625], [-207.38829040527344, -106.99331665039062], [-0.012929077260196209, -107.13256072998047], [-63.998779296875, -113.45276641845703], [-95.92310333251953, -118.99484252929688], [-151.66116333007812, -248.74916076660156], [-157.13687133789062, -7.35589075088501], [-45.36836624145508, -74.88785552978516], [-102.69889068603516, -232.0316619873047], [-325.95697021484375, -644.1514282226562], [-0.21620900928974152, -345.0224609375]], "train_probs": [1.0690768244993841e-07, 0.9999999999926555, 1.3326688990281485e-64, 1.0, 1.0, 1.0, 1.0, 1.0, 0.9999999999399051, 1.0, 1.0, 5.135456113326543e-09, 3.1966122072389246e-50, 1.0, 4.005838968981086e-14, 1.0, 9.95663211939446e-41, 8.315507085750622e-30, 2.8774602053455035e-18, 1.4527016470251547e-59, 0.9999999451698007, 1.0, 0.5518992264015676, 1.0, 1.0, 1.0, 9.559078102648598e-69, 6.971236041749231e-28, 1.0, 0.9999962678266071, 5.06280525139059e-264, 1.0, 1.0, 1.2383677579431607e-61, 1.0, 1.0, 1.1212289949133356e-23, 1.0, 3.172173965282641e-101, 1.0, 2.5062067043600006e-44, 1.0, 1.0, 0.9999999999044852, 1.0, 8.931957274983185e-66, 0.9999999999998487, 1.0, 1.0, 1.0], "train_labels_average": [1, 1, 0, 0, 1, 1, 1, 1, 1, 1, 1, 1, 0, 1, 0, 1, 0, 0, 0, 0, 1, 1, 0, 1, 0, 1, 0, 0, 1, 1, 0, 1, 1, 0, 1, 1, 0, 1, 0, 1, 0, 1, 1, 1, 1, 0, 0, 1, 1, 0], "train_logprobs_average": [[-5.908259465144231, -4.5180807674632355], [-8.044628143310547, -1.72384888785226], [-4.9027715718971105, -11.297691013502037], [-0.0010678854253556994, -0.004805484414100647], [-5.076389801807893, -1.9036461756779597], [-4.023284435272217, -0.7315062609585848], [-3.0871280323375356, -1.3860574839066486], [-1.1324503762381417, -0.2882600957697088], [-4.171406337193081, -3.17389612612517], [-6.416785455519153, -2.368099394298735], [-5.398158772786458, -1.7993862575954862], [-5.512415749686105, -3.67494383312407], [-4.57561767578125, -6.073828773160951], [-0.0004339717173328002, -3.829162211760002e-05], [-4.19844733344184, -9.44650650024414], [-3.5559737746779985, -3.132643563406808], [-3.5576340357462564, -6.324682730215567], [-3.8168170635516825, -14.176749093191964], [-4.690081669734075, -7.621382713317871], [-5.7571150461832685, -13.817076110839844], [-4.295571327209473, -3.9273794991629463], [-6.498906299321338, -5.317286972172004], [-3.083338569192325, -3.4944503784179686], [-5.138790296471638, -0.820779005686442], [-4.57677730437248, -4.57677730437248], [-4.511044552451686, -2.2262297791320007], [-2.559197111502706, -4.404771951528696], [-2.774690801447088, -13.080685206821986], [-3.878530000385485, -0.7676257292429606], [-4.2417097091674805, -1.8852043151855469], [-4.6769743223448055, -23.07307332356771], [-0.0002742842771112919, -0.00019947947426275775], [-4.7336181640625, -3.302524300508721], [-4.516470834718528, -5.306853230794271], [-4.0902548653738835, -1.5906546698676216], [-3.497998272931134, -0.8508644447670327], [-3.9189952503551138, -4.974109356219952], [-7.4664530754089355, -0.7027249953326057], [-4.823408687815947, -13.119671630859376], [-4.25010503724564, -2.8116079477163463], [-4.1477658081054685, -6.284493648644649], [-0.0007182820700109005, -0.000615670345723629], [-3.5554877387152777, -2.285670689174107], [-5.642535490148208, -3.0942936558877268], [-5.416470118931362, -2.708235059465681], [-4.246942468591638, -78.56843566894531], [-3.0245577494303384, -5.671045780181885], [-3.3128674414850052, -1.8017349243164062], [-5.25737048733619, -2.050043837829206], [-0.0031795442542609047, -0.0032758940801475987]], "train_probs_average": [0.19937923031425703, 0.0017953124928744245, 0.9983327639258343, 0.5009343986594184, 0.04020441067435188, 0.035854325784514994, 0.15432549702124101, 0.30065299710557813, 0.26943122511003914, 0.017146161994375714, 0.026628791133019074, 0.1373505589804441, 0.8173075161232844, 0.4999010799774868, 0.9947697861159722, 0.39572013509389725, 0.9408690055498989, 0.9999683243941778, 0.9493722457616414, 0.9996841606797329, 0.4089780118063291, 0.23476116183347429, 0.6013544398576052, 0.013151103133459416, 0.5, 0.09238842774051285, 0.8636067008436548, 0.9999665690298263, 0.04265969864493803, 0.08655007622710666, 0.9999999897511365, 0.49998129879929665, 0.19292830483673673, 0.6879134325373885, 0.07588621255535612, 0.0661658843473349, 0.7417557379878279, 0.0011535832293603652, 0.9997506149222789, 0.19177819075362845, 0.8944220148426857, 0.49997434706895066, 0.21928857179803388, 0.07254468932873201, 0.06248916933123234, 1.0, 0.9337942019667199, 0.18077101481193214, 0.03889093702328888, 0.500024087456453], "test_labels": [], "test_logprobs": [], "test_probs": []}}