{"0": {"train_labels": [0, 1, 1, 1, 1, 1, 1, 1, 1, 0, 1, 1, 0, 1, 1, 1, 1, 0, 1, 1, 1, 0, 1, 1, 1, 1, 0, 0, 0, 1, 1, 1, 1, 0, 1, 0, 0, 0, 0, 1, 1, 1, 0, 1, 0, 1, 1, 1, 1, 1], "train_logprobs": [[-0.3819837272167206, -1.1583008766174316], [-6.189555644989014, -0.0020236745476722717], [-2.535655975341797, -0.08253104984760284], [-1.1262881755828857, -0.39191314578056335], [-1.857323169708252, -0.16982319951057434], [-3.3935587406158447, -0.03418368473649025], [-3.5600991249084473, -0.028849054127931595], [-3.7733709812164307, -0.023027390241622925], [-1.4777257442474365, -0.2589758038520813], [-0.6931483745574951, -0.6931483745574951], [-1.3247098922729492, -0.3049544394016266], [-2.6078076362609863, -0.07655756175518036], [-0.6399663686752319, -0.7493413686752319], [-1.701413869857788, -0.20141391456127167], [-2.6513004302978516, -0.07317543029785156], [-1.3602280616760254, -0.30584055185317993], [-3.529752492904663, -0.02975238487124443], [-0.14061416685581207, -2.0312392711639404], [-2.0720906257629395, -0.1345905363559723], [-8.42209529876709, -0.0002203936892328784], [-3.1231446266174316, -0.045019637793302536], [-0.4529007077217102, -1.0252997875213623], [-2.4211418628692627, -0.09301680326461792], [-2.492605209350586, -0.08635520935058594], [-1.2014936208724976, -0.35774359107017517], [-1.9637166261672974, -0.15121665596961975], [-0.3090902864933014, -1.324715256690979], [-0.6180710792541504, -0.7743210792541504], [-0.6038034558296204, -0.7913034558296204], [-2.7679738998413086, -0.0648488774895668], [-0.7744299173355103, -0.6181799173355103], [-0.8615590929985046, -0.5490590929985046], [-5.022237300872803, -0.006612325552850962], [-0.3721666932106018, -1.169041633605957], [-1.417985200881958, -0.2773602604866028], [-0.3132772445678711, -1.313277244567871], [-0.21613231301307678, -1.6380072832107544], [-0.3770436942577362, -1.1582937240600586], [-0.005929143168032169, -5.130928993225098], [-4.171797275543213, -0.015547497197985649], [-1.4777429103851318, -0.25899291038513184], [-0.9740777015686035, -0.4740777313709259], [-0.529521107673645, -0.888896107673645], [-2.154515027999878, -0.12326496094465256], [-0.6400035619735718, -0.7493785619735718], [-3.138085126876831, -0.04433517903089523], [-0.7493364810943604, -0.6399614810943604], [-2.90032958984375, -0.05744507163763046], [-1.2456092834472656, -0.3304661810398102], [-1.394397497177124, -0.28502246737480164]], "train_probs": [0.684885833057166, 0.0020506781122361806, 0.07921032954318363, 0.32423539245106087, 0.1561049013715009, 0.03358950383619029, 0.028436031089369332, 0.02296965775933113, 0.22815651265736978, 0.5, 0.26507503808673066, 0.07369626461990013, 0.5273165233795672, 0.1824255304737224, 0.07055959618729296, 0.258383468955739, 0.02931222767747903, 0.8688267881258485, 0.12592275499444555, 0.000219953393305919, 0.0440186503332383, 0.6393165658010013, 0.08882028757623954, 0.08269734267503885, 0.3007455726738824, 0.14033625308549463, 0.7341195210831258, 0.5389832206876841, 0.5467381519846138, 0.06278920728172459, 0.46101677931231594, 0.42250463481418826, 0.006589771824644713, 0.6893056040203135, 0.24220563966531902, 0.7310585786300049, 0.8056321843145404, 0.6859494614282923, 0.9940889302626722, 0.01542455544803169, 0.22815650216092534, 0.37754067580180184, 0.588889130767832, 0.11596071137987896, 0.5273165233795672, 0.04336580092752893, 0.47268347662043286, 0.05505029311324116, 0.2859485533950672, 0.24798742068237775], "train_labels_average": [], "train_logprobs_average": [], "train_probs_average": [], "train_response": [], "test_labels": [], "test_logprobs": [], "test_probs": []}}