{"0": {"train_labels": [0, 1, 1, 1, 1, 1, 1, 1, 1, 1, 1, 1, 1, 1, 1, 0, 1, 0, 1, 1, 1, 1, 1, 1, 1, 0, 0, 0, 1, 1, 0, 1, 0, 0, 0, 1, 0, 1, 1, 0, 1, 0, 1, 1, 1, 1, 0, 1, 1, 1], "train_logprobs": [[-0.048602886497974396, -3.04860258102417], [-4.41837739944458, -0.012127237394452095], [-2.6949362754821777, -0.07428323477506638], [-4.758614540100098, -0.008886787109076977], [-1.3132617473602295, -0.3132617473602295], [-4.356654167175293, -0.013311090879142284], [-1.0334573984146118, -0.4397074282169342], [-1.201490879058838, -0.386871337890625], [-2.044826030731201, -0.13857607543468475], [-4.511047840118408, -0.011047860607504845], [-3.8649375438690186, -0.02118763141334057], [-3.438877582550049, -0.03262746334075928], [-4.2333598136901855, -0.01460985653102398], [-1.6004129648208618, -0.22541292011737823], [-1.9369090795516968, -0.1556590050458908], [-0.33935174345970154, -1.245601773262024], [-5.4418416023254395, -0.004341462627053261], [-0.38687166571617126, -1.179742693901062], [-4.758614540100098, -0.008614521473646164], [-3.3181424140930176, -0.036892469972372055], [-1.3132634162902832, -0.313263475894928], [-4.913622856140137, -0.007373026572167873], [-3.4086458683013916, -0.03364577144384384], [-1.1368714570999146, -0.38687142729759216], [-0.8615550994873047, -0.5490550994873047], [-0.3769516944885254, -1.1582016944885254], [-0.0026793316937983036, -5.924554347991943], [-0.008094719611108303, -4.820594787597656], [-3.7732455730438232, -0.023245563730597496], [-5.286323070526123, -0.005073173902928829], [-0.5490549802780151, -0.8436275124549866], [-3.3181426525115967, -0.03689270094037056], [-0.0008562712464481592, -7.094580173492432], [-0.46239373087882996, -0.9936437606811523], [-0.14267519116401672, -2.0176751613616943], [-3.834352731704712, -0.023974865674972534], [-0.21311022341251373, -1.6506102085113525], [-7.750430583953857, -0.0004306104383431375], [-5.940135955810547, -0.0026359357871115208], [-0.01579042337834835, -4.1564154624938965], [-8.094056129455566, -0.000296310376143083], [-0.4623933434486389, -0.9936433434486389], [-6.626326084136963, -0.0010993395699188113], [-6.876032829284668, -0.001032772590406239], [-6.595118045806885, -0.0013260389678180218], [-1.3362035751342773, -0.3132624328136444], [-0.5105140805244446, -0.9167640805244446], [-2.293837547302246, -0.10633748024702072], [-1.6759392023086548, -0.20718920230865479], [-5.224149703979492, -0.00539964297786355]], "train_probs": [0.9525741130221452, 0.01205377758646493, 0.06782099583506526, 0.008579800888130646, 0.2689414213699951, 0.012826365652197701, 0.35577490034429643, 0.3069069740602309, 0.12940273662782922, 0.010986942853232413, 0.02096424261495215, 0.032100703013145805, 0.014503580303715773, 0.20181321505933414, 0.14414884384096244, 0.7122321903471563, 0.004331501418081198, 0.6884474633224308, 0.00857748525531428, 0.03622005781562043, 0.2689414330889797, 0.007345827817244598, 0.033085975290105755, 0.3208212943308302, 0.42250463481418826, 0.6859494550081926, 0.9973269940106599, 0.9919380090154164, 0.02297736970094919, 0.005060332552440032, 0.5731151941652122, 0.036220057555534334, 0.9991703891789054, 0.6297746143530797, 0.8670357563664174, 0.021660257476154094, 0.8080672112416736, 0.00043055709272278825, 0.0026316739223281025, 0.9843363518914269, 0.00030534593479666076, 0.6297746074044135, 0.0013247224075946722, 0.0010322309782936526, 0.001366968300931873, 0.2644548977258522, 0.600188359260205, 0.10087861664800518, 0.18713268216242657, 0.005384937635056882], "train_labels_average": [], "train_logprobs_average": [], "train_probs_average": [], "train_response": [], "test_labels": [], "test_logprobs": [], "test_probs": []}}