{"0": {"train_labels": [1, 1, 1, 0, 0, 1, 0, 0, 1, 1, 1, 1, 1, 1, 1, 0, 1, 1, 1, 1, 1, 1, 1, 1, 1, 0, 1, 1, 1, 1, 1, 1, 1, 1, 0, 1, 1, 1, 1, 1, 0, 0, 1, 1, 1, 1, 1, 1, 1, 1], "train_logprobs": [[-2.9003326892852783, -0.05744878575205803], [-5.675312042236328, -0.003436970291659236], [-1.0037040710449219, -0.4568290114402771], [-0.3868774175643921, -1.1157598495483398], [-0.48856115341186523, -0.9669657349586487], [-1.201493263244629, -0.34844717383384705], [-0.1852472871541977, -1.753110408782959], [-0.627693235874176, -0.7766509056091309], [-3.378460168838501, -0.03471013903617859], [-2.4933502674102783, -0.08708778768777847], [-3.3181650638580322, -0.03806815296411514], [-3.8190758228302, -0.021860355511307716], [-4.202574729919434, -0.015074735507369041], [-1.4657070636749268, -0.262582004070282], [-1.1797547340393066, -0.37696370482444763], [-0.049356598407030106, -3.0634984970092773], [-3.8343822956085205, -0.021882282570004463], [-2.2099711894989014, -0.11622128635644913], [-2.6658568382263184, -0.07210765779018402], [-1.0948598384857178, -0.40735968947410583], [-1.8309272527694702, -0.1746772676706314], [-3.1530814170837402, -0.043706510215997696], [-4.696706771850586, -0.009206698276102543], [-4.079568862915039, -0.014845846220850945], [-1.1987005472183228, -0.44964441657066345], [-0.1095397099852562, -2.265789747238159], [-1.3247228860855103, -0.30909737944602966], [-3.560119152069092, -0.028869206085801125], [-4.233361721038818, -0.015307563357055187], [-4.310420989990234, -0.013545858673751354], [-1.4180331230163574, -0.2774081528186798], [-0.8097835183143616, -0.5910335183143616], [-2.9446847438812256, -0.05405968055129051], [-6.298723220825195, -0.0018482997547835112], [-0.48001760244369507, -0.9547532796859741], [-2.5212838649749756, -0.08378379046916962], [-2.5212771892547607, -0.08377721160650253], [-1.0138499736785889, -0.4513499438762665], [-1.8575446605682373, -0.17250275611877441], [-4.372084617614746, -0.012908587232232094], [-0.28510770201683044, -1.4062528610229492], [-0.001415918697603047, -6.517108917236328], [-2.9899888038635254, -0.05492789298295975], [-1.714208960533142, -0.19858399033546448], [-3.742736577987671, -0.02398662082850933], [-0.7411322593688965, -0.6473822593688965], [-1.4780840873718262, -0.2593340277671814], [-3.4237606525421143, -0.033648766577243805], [-2.1269376277923584, -0.12693770229816437], [-1.8704367876052856, -0.16731183230876923]], "train_probs": [0.055050325088385574, 0.003429603678199003, 0.36658972248186006, 0.6745599820801387, 0.6173710692283428, 0.2987942613973878, 0.8274787659539862, 0.5371707129888333, 0.03410042473069495, 0.08269639598703726, 0.03626032962104636, 0.021940946253117096, 0.014957086675479122, 0.23091975234373585, 0.3094288074383336, 0.9532089370349879, 0.021615332486907682, 0.1097057833380882, 0.06954179753629244, 0.3345894080773388, 0.16026603433317138, 0.042722201355321725, 0.009125636723893568, 0.016877986839725065, 0.3210270000040851, 0.8962513765975758, 0.26588037420985783, 0.028436034537195284, 0.01451352888352845, 0.013428253002296173, 0.24220563419533916, 0.4455295350395727, 0.05261895019070398, 0.0018386654325468408, 0.6165040134583745, 0.0803574633162173, 0.08035747047400407, 0.3629691986286475, 0.1564289913124769, 0.012627429789790576, 0.7542010698982022, 0.9985221573658151, 0.05044734281014158, 0.18010666848732088, 0.023689472290209367, 0.47657965106367595, 0.22815649166448126, 0.03260592592787944, 0.11920292984474948, 0.15405756851741476], "train_labels_average": [], "train_logprobs_average": [], "train_probs_average": [], "train_response": [], "test_labels": [], "test_logprobs": [], "test_probs": []}}