{"0": {"train_labels": [0, 0, 0, 0, 0, 0, 0, 0, 0, 0, 0, 0, 0, 0, 0, 0, 0, 0, 0, 0, 0, 0, 0, 0, 0, 0, 0, 0, 0, 0, 0, 0, 0, 0, 0, 0, 0, 0, 0, 0, 0, 0, 0, 0, 0, 0, 0, 0, 0, 0], "train_logprobs": [[-2.297499179840088, -73.25883483886719], [-0.004388704430311918, -49.167205810546875], [-1.8342561721801758, -316.57861328125], [-0.06017954647541046, -211.86224365234375], [-0.0022939741611480713, -325.5823669433594], [-0.007907053455710411, -118.1644515991211], [-0.14124040305614471, -110.56536865234375], [-0.10924571752548218, -155.50015258789062], [-0.05676975101232529, -216.49240112304688], [-0.9391729831695557, -530.1697387695312], [-0.006783853285014629, -58.614925384521484], [-0.0007115771877579391, -234.3214111328125], [-0.010057851672172546, -217.51959228515625], [-0.10672783106565475, -153.7293701171875], [-0.01770952343940735, -97.5650405883789], [-0.009228141978383064, -48.27090835571289], [-0.004132242873311043, -57.21168899536133], [-0.005985199473798275, -25.81551742553711], [-0.36776506900787354, -262.5745849609375], [-0.02622542530298233, -188.19488525390625], [-0.08927358686923981, -75.45366668701172], [-0.20841339230537415, -353.3253173828125], [-0.034424878656864166, -387.49334716796875], [-0.021720904856920242, -139.44317626953125], [-0.003937101457268, -98.71029663085938], [-0.003647083882242441, -471.32879638671875], [-0.07294417917728424, -159.20310974121094], [-0.0028191418386995792, -71.86636352539062], [-0.005493978038430214, -332.1162109375], [-0.003747568465769291, -167.2625732421875], [-0.04459483548998833, -263.7582702636719], [-0.011687205173075199, -704.73193359375], [-0.9721790552139282, -491.33087158203125], [-0.003328023012727499, -258.82501220703125], [-0.04140155762434006, -147.917236328125], [-0.05027209222316742, -108.07140350341797], [-2.130156993865967, -396.5205078125], [-0.1778634488582611, -411.47015380859375], [-0.004884789232164621, -151.6499481201172], [-0.009837513789534569, -162.15472412109375], [-1.0937213897705078, -116.8914566040039], [-0.02098076045513153, -183.9639892578125], [-0.03886008635163307, -39.309913635253906], [-0.01761089637875557, -41.251319885253906], [-1.6154934167861938, -488.3032531738281], [-0.29413241147994995, -409.3341064453125], [-0.38479989767074585, -213.87136840820312], [-0.45696762204170227, -167.04946899414062], [-0.011308628134429455, -252.0631103515625], [-0.14988546073436737, -117.0234603881836]], "train_probs": [1.0, 1.0, 1.0, 1.0, 1.0, 1.0, 1.0, 1.0, 1.0, 1.0, 1.0, 1.0, 1.0, 1.0, 1.0, 1.0, 1.0, 0.9999999999938189, 1.0, 1.0, 1.0, 1.0, 1.0, 1.0, 1.0, 1.0, 1.0, 1.0, 1.0, 1.0, 1.0, 1.0, 1.0, 1.0, 1.0, 1.0, 1.0, 1.0, 1.0, 1.0, 1.0, 1.0, 1.0, 1.0, 1.0, 1.0, 1.0, 1.0, 1.0, 1.0], "test_labels": [], "test_logprobs": [], "test_probs": []}}