{"0": {"train_labels": [1, 1, 1, 0, 0, 1, 1, 0, 1, 0, 1, 1, 0, 1, 0, 1, 1, 0, 1, 1, 1, 1, 0, 1, 1, 1, 0, 1, 1, 0, 1, 1, 0, 1, 1, 1, 1, 0, 0, 1, 1, 0, 0, 0, 0, 0, 0, 0, 0, 0], "train_logprobs": [[-1.9369099140167236, -0.15565992891788483], [-0.8436447381973267, -0.535988450050354], [-1.857235312461853, -0.16492079198360443], [-0.4740787744522095, -0.9167634844779968], [-0.4509463310241699, -1.01344633102417], [-3.1982414722442627, -0.041991546750068665], [-2.9891443252563477, -0.053240783512592316], [-0.01603446528315544, -4.079559803009033], [-6.563914775848389, -0.0014147283509373665], [-0.0004051103023812175, -7.812905311584473], [-0.8615742325782776, -0.5490742325782776], [-1.6759752035140991, -0.20722515881061554], [-2.9682672902708873e-05, -10.937529563903809], [-9.312592506408691, -9.285972191719338e-05], [-0.0015587572706863284, -6.501558780670166], [-6.158823013305664, -0.0025729192420840263], [-6.220747470855713, -0.0019976201001554728], [-0.008351876400411129, -4.789601802825928], [-10.03130054473877, -5.054346183896996e-05], [-3.408646583557129, -0.03364657983183861], [-0.8043361306190491, -0.6168692111968994], [-1.0334833860397339, -0.4397333860397339], [-0.0010657589882612228, -6.844815731048584], [-1.2510679960250854, -0.34481796622276306], [-1.382652759552002, -0.2968360185623169], [-0.8981670141220093, -0.5231670141220093], [-3.682049036026001, -8.166423797607422], [-1.5755935907363892, -0.23184363543987274], [-3.866159200668335, -0.022409191355109215], [-0.20718911290168762, -1.6759390830993652], [-2.9298884868621826, -0.054888173937797546], [-1.998624324798584, -0.18612438440322876], [-0.10953640192747116, -2.2938392162323], [-1.3593342304229736, -0.296834260225296], [-2.044832468032837, -0.13858240842819214], [-2.322011947631836, -0.10326184332370758], [-2.7826383113861084, -0.06388837099075317], [-0.48599517345428467, -0.9547451734542847], [-0.3393528461456299, -1.2456028461456299], [-1.1368727684020996, -0.3868729770183563], [-7.00091552734375, -0.0009157040040008724], [-1.3629287481307983, -3.112928867340088], [-0.003954211715608835, -5.504079341888428], [-0.0001731960946926847, -8.734548568725586], [-0.006715704221278429, -5.006715774536133], [-0.043010301887989044, -3.1680102348327637], [-0.058323170989751816, -2.8708231449127197], [-0.09164474159479141, -2.435394763946533], [-0.7248876094818115, -0.774323046207428], [-0.0083515215665102, -4.7896013259887695]], "train_probs": [0.14414885487109627, 0.42368691518815, 0.15547170061370208, 0.608898557145135, 0.6370307944803832, 0.04084571882888897, 0.05040699404916943, 0.9831021284255241, 0.0014103584297240684, 0.9995955185835399, 0.42250463481418826, 0.18713267536239914, 0.9999822214460253, 9.028042204469284e-05, 0.9984988177783373, 0.0021157032020035346, 0.001987774508458486, 0.9916842209157846, 4.400118452306904e-05, 0.033085978269527264, 0.4532700459094942, 0.3557748935136304, 0.9989350372982211, 0.28776780965284365, 0.25240683153328736, 0.40733340004593027, 0.9888419661213171, 0.20689405615123369, 0.020964240626975952, 0.8128673133042217, 0.05340331398105625, 0.14033625668090613, 0.8988310154562617, 0.25683199707586785, 0.12940272487671914, 0.09807931424338741, 0.061875989183534374, 0.6150878555160665, 0.712232184238947, 0.3208213462810467, 0.0009110513552005616, 0.8519528170040852, 0.9959303694767556, 0.9998390692349712, 0.9933071495431722, 0.9579122693809591, 0.9433475732983931, 0.9124361622627654, 0.5123563428504162, 0.9916842199096692], "train_labels_average": [], "train_logprobs_average": [], "train_probs_average": [], "train_response": [], "test_labels": [], "test_logprobs": [], "test_probs": []}}