{"0": {"train_labels": [1, 1, 1, 0, 1, 1, 1, 0, 1, 1, 1, 1, 0, 1, 1, 1, 1, 1, 1, 1, 1, 1, 1, 1, 1, 0, 0, 1, 1, 1, 1, 1, 1, 1, 1, 1, 1, 0, 1, 1, 1, 1, 1, 1, 0, 0, 1, 1, 1, 1], "train_logprobs": [[-3.499433994293213, -0.030683916062116623], [-2.2938625812530518, -0.10636256635189056], [-6.220742702484131, -0.0019928612746298313], [-0.603787362575531, -0.791287362575531], [-1.4779435396194458, -0.2591935694217682], [-1.6380113363265991, -0.21613635122776031], [-1.5755689144134521, -0.23181886970996857], [-0.08252391219139099, -2.535648822784424], [-3.742727041244507, -0.02397696115076542], [-1.0137734413146973, -0.45127350091934204], [-4.187192916870117, -0.015317777171730995], [-1.466783046722412, -0.2710200548171997], [-0.25216594338417053, -1.5021659135818481], [-4.913624286651611, -0.007374209817498922], [-0.7088999152183533, -0.6776499152183533], [-3.288358211517334, -0.03835821524262428], [-3.7733376026153564, -0.02333757095038891], [-0.8347737193107605, -0.5691487193107605], [-5.737607955932617, -0.003233088180422783], [-4.557420253753662, -0.010545482859015465], [-0.9547488689422607, -0.48599883913993835], [-1.3018691539764404, -0.3049595355987549], [-1.6762174367904663, -0.2074674665927887], [-1.5401026010513306, -0.2398747354745865], [-2.6222984790802, -0.07429629564285278], [-0.12692973017692566, -2.126929759979248], [-0.4751206338405609, -0.9751206636428833], [-0.8084945678710938, -0.5897445678710938], [-4.464707851409912, -0.011583570390939713], [-2.072092294692993, -0.134592205286026], [-4.480147361755371, -0.011397371999919415], [-1.4898077249526978, -0.25543272495269775], [-6.251929759979248, -0.0019299230771139264], [-3.544935941696167, -0.029310835525393486], [-0.8259612917900085, -0.5759612917900085], [-1.739906668663025, -0.19303162395954132], [-4.433816432952881, -0.011941257864236832], [-0.5759432315826416, -0.8259432315826416], [-3.0783872604370117, -0.04642345756292343], [-2.364353656768799, -0.09872869402170181], [-6.423508167266846, -0.001711214892566204], [-1.2441680431365967, -0.8603132963180542], [-2.5077362060546875, -0.08586128056049347], [-1.7014726400375366, -0.20434178411960602], [-0.0863184705376625, -2.4925684928894043], [-0.6853695511817932, -0.6853700280189514], [-3.0337131023406982, -0.049338217824697495], [-1.9369103908538818, -0.15566033124923706], [-0.7912868857383728, -0.6108993887901306], [-1.8969767093658447, -0.16496609151363373]], "train_probs": [0.030214584775092625, 0.10087862137848952, 0.0019877745273961752, 0.546738151984614, 0.22815650740914753, 0.19436781335210207, 0.2068940414805427, 0.9207896693699845, 0.023689469446944, 0.36296921930155557, 0.015189046718327907, 0.23222981409426252, 0.7772998560157665, 0.007345826014213076, 0.49218813572079556, 0.03732688747799252, 0.022977369199165775, 0.43398146480389854, 0.003222484748795628, 0.010489093637838837, 0.38491213742809105, 0.26954946096755045, 0.18713268669577832, 0.2141266700517871, 0.07256081515705287, 0.8807970811069351, 0.6224593382055109, 0.44552953503957277, 0.011508157243227068, 0.12592275499444552, 0.011331753646134665, 0.2254166158350767, 0.0019267349769683433, 0.028870903969537978, 0.4378234991142019, 0.175538067153742, 0.011869118992857133, 0.5621765008857982, 0.04600256605710133, 0.09401018278948647, 0.0016230935295346235, 0.4051975164585743, 0.08151976155328809, 0.18285383643715805, 0.9173026590205305, 0.5000001192092897, 0.04813677640806832, 0.14414884567931804, 0.45502501552505353, 0.15033058032265384], "train_labels_average": [], "train_logprobs_average": [], "train_probs_average": [], "train_response": [], "test_labels": [], "test_logprobs": [], "test_probs": []}}