{"0": {"train_labels": [1, 1, 1, 1, 1, 1, 1, 1, 1, 1, 1, 1, 0, 1, 0, 1, 1, 1, 1, 1, 1, 0, 1, 1, 0, 1, 1, 1, 1, 1, 1, 1, 1, 0, 1, 1, 1, 0, 0, 1, 0, 1, 1, 1, 0, 1, 1, 1, 1, 0], "train_logprobs": [[-3.8038151264190674, -0.022565029561519623], [-3.3633689880371094, -0.035243913531303406], [-2.9891488552093506, -0.05164875462651253], [-2.058520555496216, -0.1366456001996994], [-0.8810068964958191, -0.5569473505020142], [-4.619284152984619, -0.0099091287702322], [-1.382985234260559, -0.2892352342605591], [-2.709517478942871, -0.06785977631807327], [-0.8981324434280396, -0.5231324434280396], [-1.0951268672943115, -0.40762680768966675], [-2.5069169998168945, -0.08504197001457214], [-0.9168013334274292, -0.5105513334274292], [-0.30098840594291687, -1.3363251686096191], [-2.5644643306732178, -0.08008939772844315], [-0.5359808206558228, -0.8797308206558228], [-0.888905942440033, -0.529530942440033], [-1.6632715463638306, -0.21014651656150818], [-2.2240307331085205, -0.11465571820735931], [-2.1821863651275635, -0.1179361417889595], [-3.987517833709717, -0.01876787468791008], [-1.3826582431793213, -0.2889082729816437], [-0.32178446650505066, -1.290534496307373], [-2.086552381515503, -0.1334274411201477], [-2.5069739818573, -0.08509889990091324], [-0.45697253942489624, -1.003847599029541], [-5.177615642547607, -0.005740584805607796], [-1.13687264919281, -0.35774266719818115], [-2.607807159423828, -0.07541369646787643], [-0.8889302611351013, -0.5295552611351013], [-6.626326084136963, -0.0013262771535664797], [-5.908968925476074, -0.002893905621021986], [-3.484314203262329, -0.031189223751425743], [-1.9637216329574585, -0.15122167766094208], [-0.4397120475769043, -1.0334620475769043], [-5.971311569213867, -0.0025613855104893446], [-3.1979565620422363, -0.04170665144920349], [-1.587985634803772, -0.2286107838153839], [-0.3049573600292206, -1.336207389831543], [-0.6400980353355408, -0.7412654161453247], [-0.8797245025634766, -0.5359745025634766], [-0.47408056259155273, -0.9740805625915527], [-4.743147373199463, -0.0087722884491086], [-3.1980221271514893, -0.04177205264568329], [-6.610723495483398, -0.0013486584648489952], [-0.6473768353462219, -0.7411268353462219], [-0.7248877882957458, -0.6623877882957458], [-10.468780517578125, -3.0636318115284666e-05], [-2.3361103534698486, -0.10173527151346207], [-1.7399494647979736, -0.19307446479797363], [-0.4567525386810303, -1.013553500175476]], "train_probs": [0.022286183428746942, 0.034618836349163955, 0.05033062778987291, 0.1276526302998559, 0.41968672522793443, 0.009859855067142483, 0.25091278688527247, 0.06650504788709312, 0.4073334000459302, 0.33458942798284697, 0.08151975374329137, 0.399811640739795, 0.7379492296296745, 0.07696084045948635, 0.5851011542032312, 0.411110869232168, 0.18952108675195606, 0.10818895312434518, 0.11262037554031543, 0.018546565258026546, 0.2509127924867847, 0.724870282120402, 0.12421301483609337, 0.08151974983829327, 0.6334102775181399, 0.005641908176086274, 0.314507425145396, 0.07361824909986175, 0.41111086923216794, 0.0013250226726256359, 0.0027154592889800993, 0.03067580231991324, 0.14033625488320037, 0.6442251064863697, 0.0025509119538709188, 0.040845719412676916, 0.20434192416409175, 0.7371581684030623, 0.5252702957608386, 0.41489884579676883, 0.6224593312018546, 0.008711383725844173, 0.040845712991009864, 0.0013458606203521756, 0.5234203489363239, 0.4843800842769844, 2.8409746319386745e-05, 0.0967057861369214, 0.17553807362342935, 0.6357120218819365], "train_labels_average": [], "train_logprobs_average": [], "train_probs_average": [], "train_response": [], "test_labels": [], "test_logprobs": [], "test_probs": []}}