{"0": {"train_labels": [0, 0, 0, 0, 0, 0, 0, 0, 0, 0, 0, 0, 0, 0, 0, 0, 0, 0, 0, 0, 0, 0, 0, 0, 0, 0, 0, 0, 0, 0, 0, 0, 0, 0, 0, 0, 0, 0, 0, 0, 0, 0, 0, 0, 0, 0, 0, 0, 0, 0], "train_logprobs": [[-15.214984893798828, -72.8265380859375], [-0.0010340666631236672, -50.213470458984375], [-2.653826951980591, -306.94964599609375], [-0.08176741003990173, -217.6153106689453], [-0.02908073365688324, -302.8524169921875], [-0.01573438197374344, -114.69068908691406], [-2.4842865467071533, -98.46658325195312], [-0.12744250893592834, -162.3472137451172], [-0.6778640151023865, -217.46542358398438], [-0.6730468273162842, -520.2763671875], [-0.46893182396888733, -53.66176986694336], [-0.00047477736370638013, -243.83978271484375], [-0.003169436939060688, -216.482177734375], [-0.23222920298576355, -160.49319458007812], [-0.02321040630340576, -98.09257507324219], [-0.006048339419066906, -54.86956024169922], [-0.01635434664785862, -51.051116943359375], [-0.0031832552049309015, -25.690065383911133], [-2.1316421031951904, -263.69586181640625], [-0.05963796004652977, -183.25682067871094], [-0.16903111338615417, -78.80113983154297], [-0.7417537569999695, -341.3714294433594], [-0.02758534625172615, -391.4696044921875], [-0.13540445268154144, -140.71046447753906], [-0.002061312086880207, -96.80615234375], [-0.0035392639692872763, -472.9779357910156], [-0.6196110248565674, -154.5394287109375], [-0.020954608917236328, -62.85713577270508], [-0.00856240838766098, -326.85772705078125], [-0.005968289449810982, -173.14569091796875], [-1.0119221210479736, -265.238525390625], [-0.030378861352801323, -705.1661376953125], [-1.081458568572998, -484.96661376953125], [-0.01862340234220028, -266.42425537109375], [-0.10001692175865173, -145.24632263183594], [-0.39631184935569763, -100.60455322265625], [-2.72068190574646, -381.29058837890625], [-0.13598673045635223, -409.86700439453125], [-0.013820317573845387, -147.82833862304688], [-0.05440579354763031, -155.74850463867188], [-1.0816524028778076, -118.79121398925781], [-0.017344558611512184, -178.3861083984375], [-0.07630335539579391, -38.81901168823242], [-0.0021813763305544853, -37.36410903930664], [-0.9257579445838928, -475.6270446777344], [-0.15372878313064575, -411.59002685546875], [-0.2896801829338074, -213.52975463867188], [-0.4075831472873688, -172.16622924804688], [-0.015882374718785286, -245.3332061767578], [-2.854820728302002, -112.93141174316406]], "train_probs": [1.0, 1.0, 1.0, 1.0, 1.0, 1.0, 1.0, 1.0, 1.0, 1.0, 1.0, 1.0, 1.0, 1.0, 1.0, 1.0, 1.0, 0.9999999999930124, 1.0, 1.0, 1.0, 1.0, 1.0, 1.0, 1.0, 1.0, 1.0, 1.0, 1.0, 1.0, 1.0, 1.0, 1.0, 1.0, 1.0, 1.0, 1.0, 1.0, 1.0, 1.0, 1.0, 1.0, 1.0, 0.9999999999999999, 1.0, 1.0, 1.0, 1.0, 1.0, 1.0], "test_labels": [], "test_logprobs": [], "test_probs": []}}