{"0": {"train_labels": [1, 1, 1, 0, 0, 0, 1, 0, 1, 1, 1, 1, 0, 1, 0, 1, 0, 1, 0, 0, 1, 0, 1, 1, 1, 0, 1, 1, 1, 0, 1, 0, 1, 0, 0, 0, 1, 0, 0, 1, 1, 1, 1, 0, 0, 0, 1, 1, 0, 1], "train_logprobs": [[-379.4933776855469, -115.96931457519531], [-207.55282592773438, -87.5467300415039], [-68.79395294189453, -6.379209041595459], [-17.052658081054688, -40.79248809814453], [-44.26295471191406, -62.042259216308594], [-19.9660587310791, -63.96040344238281], [-111.19731140136719, -68.64753723144531], [-18.77202606201172, -33.58869934082031], [-68.0914306640625, -55.93232727050781], [-22.494876861572266, -19.720054626464844], [-209.05702209472656, -128.5741424560547], [-10.692588806152344, -9.167915344238281], [-39.86518859863281, -223.25738525390625], [-115.64823913574219, -35.78416442871094], [-43.15825653076172, -81.36729431152344], [-223.906494140625, -56.35786819458008], [-10.62662410736084, -49.72468566894531], [-100.36260986328125, -89.01292419433594], [-30.798301696777344, -267.1130065917969], [-23.258087158203125, -25.141862869262695], [-76.25382232666016, -23.40216827392578], [-26.377357482910156, -79.00579833984375], [-24.795570373535156, -12.939336776733398], [-244.4910125732422, -13.643295288085938], [-481.5041809082031, -118.12045288085938], [-67.39695739746094, -83.68545532226562], [-145.28216552734375, -48.313568115234375], [-274.4481201171875, -39.20004653930664], [-166.06900024414062, -141.70849609375], [-23.994808197021484, -46.085418701171875], [-86.92106628417969, -47.40720748901367], [-14.790712356567383, -209.74839782714844], [-27.644046783447266, -16.330265045166016], [-21.288890838623047, -38.25], [-44.14006042480469, -80.64342498779297], [-61.12792205810547, -85.9049301147461], [-78.4879379272461, -19.770099639892578], [-28.719539642333984, -185.46524047851562], [-91.37810516357422, -448.9588317871094], [-202.92129516601562, -99.21552276611328], [-43.57728576660156, -30.730989456176758], [-65.29169464111328, -20.337093353271484], [-38.9284553527832, -28.640981674194336], [-44.898433685302734, -228.95242309570312], [-44.031944274902344, -154.66346740722656], [-16.385019302368164, -62.7971076965332], [-55.76261901855469, -32.85353469848633], [-46.740169525146484, -43.92005157470703], [-36.271873474121094, -95.74758911132812], [-163.1141357421875, -151.43309020996094]], "train_probs": [3.572346218409032e-115, 7.6210491386133745e-53, 7.827465005797516e-28, 0.9999999999510308, 0.9999999810090734, 1.0, 3.3179349850797633e-19, 0.9999996325481864, 5.240421447308595e-06, 0.05869999649752342, 1.1136006743091758e-35, 0.1787743590215154, 1.0, 2.0676310833340798e-35, 1.0, 1.71615417486171e-73, 1.0, 1.1773051116151597e-05, 1.0, 0.8680442107744104, 1.1138283955293071e-23, 1.0, 7.094145503975314e-06, 5.54766493749188e-101, 1.5291570956468703e-158, 0.999999915667457, 7.710334614008513e-43, 6.808630512865541e-103, 2.6324944914772926e-11, 0.9999999997452174, 6.907949699183057e-18, 1.0, 1.2203424586783517e-05, 0.99999995695885, 0.9999999999999998, 0.9999999999826427, 3.1562169114691946e-26, 1.0, 1.0, 9.144401899804885e-46, 2.6358655543282835e-06, 2.9954682763170703e-20, 3.405588401859425e-05, 1.0, 1.0, 1.0, 1.123857101800304e-10, 0.056246672084156665, 1.0, 8.452451970074061e-06], "train_labels_average": [0, 0, 0, 1, 0, 1, 0, 1, 0, 0, 0, 0, 1, 0, 1, 0, 1, 0, 1, 1, 0, 1, 0, 0, 0, 1, 0, 0, 0, 1, 0, 1, 1, 1, 1, 1, 0, 1, 1, 0, 1, 0, 0, 1, 1, 1, 0, 0, 1, 0], "train_logprobs_average": [[-1.888026754654462, -6.023704407707093], [-1.7441413943507091, -5.461916471782484], [-1.495520716128142, -6.879395294189453], [-1.4210548400878906, -0.8120313371930804], [-1.1962960732949746, -1.2646558489118302], [-1.4261470522199358, -0.5396232089480838], [-1.566159315512214, -3.369615497011127], [-2.0857806735568576, -0.5866258144378662], [-1.4185714721679688, -1.7022857666015625], [-2.4994307623969183, -2.4994307623969183], [-2.0101636739877553, -3.029811914416327], [-0.763756343296596, -1.527512686593192], [-1.8120540272105823, -0.37966846284412203], [-2.0651471274239674, -5.507059006463914], [-2.0551550728934154, -1.1066219623272235], [-2.1529470590444713, -6.585485121783088], [-1.5180891581944056, -0.39357867064299407], [-1.893634148363797, -2.181795866593071], [-1.3390565955120584, -0.19011297343689718], [-1.6612919398716517, -1.3681227740119486], [-1.8155671982538133, -5.083588155110677], [-3.2971696853637695, -0.5861634996202257], [-1.3775316874186199, -1.3775316874186199], [-2.182955469403948, -34.92728751046317], [-1.7637515784183264, -8.754621471058238], [-1.5317490317604758, -1.4041032791137695], [-1.9632725071262669, -7.264108276367187], [-1.6734641470560214, -10.9779248046875], [-1.9088390832659843, -2.3390000034386005], [-2.3994808197021484, -0.8569574356079102], [-2.0695491972423734, -2.997278147730334], [-1.8488390445709229, -0.17400838066549862], [-1.727752923965454, -1.4549498307077509], [-1.9353537126020952, -0.9256039495053499], [-1.9191330619480298, -1.1035015106201171], [-1.652106001570418, -1.1319985566315827], [-2.5318689653950353, -6.540661493937175], [-1.3675971258254278, -0.2541552180737521], [-1.9442150034803025, -0.3528112168477769], [-2.1137634913126626, -4.411332503609035], [-2.4209603203667536, -2.2935413561369242], [-1.978536201245857, -5.4409745534261065], [-1.0813459820217557, -1.9464227676391601], [-1.4030760526657104, -0.3480498735294786], [-2.31747075131065, -0.6201682292239766], [-1.8205577002631292, -0.6827091375986735], [-2.7881309509277346, -4.646884918212891], [-1.4163687734892874, -2.2257223583403087], [-2.2669920921325684, -0.9067968368530274], [-1.4694967183980856, -2.6740022252817623]], "train_probs_average": [0.9842598885522108, 0.9762879699445167, 0.9954309687608475, 0.3522819822769499, 0.517083291819851, 0.29182770470780406, 0.8585691332420984, 0.18255160740298232, 0.5704565964945391, 0.5, 0.73490407530313, 0.6821687204254231, 0.192727257784056, 0.9689890180108727, 0.279179920954765, 0.9882552892354344, 0.24517559321879684, 0.5715460316741221, 0.24068208768574334, 0.42722818043049493, 0.9633152985412122, 0.06232702160402498, 0.5, 0.999999999999994, 0.9990806004050414, 0.4681318202772007, 0.9950373271238449, 0.9999089909559132, 0.6059120940283502, 0.17616874835391863, 0.7166143117256217, 0.15778118815946965, 0.43221906957224887, 0.2670288253814693, 0.3066917463112524, 0.37282710980980377, 0.9821684334926303, 0.24722976756317097, 0.1691864856458598, 0.9086755054160797, 0.4681882874673054, 0.9695999217497231, 0.7037202479025125, 0.2582611051011079, 0.1548178996684383, 0.24271558643392452, 0.8651516466743563, 0.6919717400487673, 0.20420857001783846, 0.7693253182525346], "test_labels": [], "test_logprobs": [], "test_probs": []}}