{"0": {"train_labels": [0, 1, 1, 0, 1, 1, 1, 0, 0, 1, 1, 1, 0, 0, 0, 1, 1, 1, 1, 1, 1, 0, 0, 0, 0, 1, 0, 0, 0, 0, 1, 0, 1, 0, 1, 1, 1, 0, 0, 1, 0, 1, 1, 1, 0, 1, 1, 1, 0, 1], "train_logprobs": [[-0.4289275109767914, -1.0539275407791138], [-3.8037915229797363, -0.022541485726833344], [-3.469141721725464, -0.030682992190122604], [-0.007852754555642605, -4.851602554321289], [-1.0954502820968628, -0.4079503118991852], [-3.773247241973877, -0.023247310891747475], [-4.233362674713135, -0.014166269451379776], [-0.009167601354420185, -4.511047840118408], [-0.5759545564651489, -0.8259545564651489], [-2.989150285720825, -0.05165034160017967], [-1.429847240447998, -0.27359718084335327], [-1.8047455549240112, -0.17974555492401123], [-0.06994123011827469, -2.694941282272339], [-0.028848474845290184, -3.5297508239746094], [-0.0034985069651156664, -5.659748554229736], [-2.2938427925109863, -0.10634273290634155], [-4.110290050506592, -0.016539957374334335], [-6.471396446228027, -0.0026466362178325653], [-3.048593521118164, -0.04859346151351929], [-8.656425476074219, -0.00017534149810671806], [-1.5508973598480225, -0.2383982092142105], [-0.0013262771535664797, -6.626326084136963], [-0.2700147330760956, -1.4815163612365723], [-0.8306450843811035, -1.2675738334655762], [-0.06619971245527267, -2.753699779510498], [-4.141414165496826, -0.01696033962070942], [-0.39700794219970703, -1.115757942199707], [-0.6931804418563843, -0.6931804418563843], [-0.4287952184677124, -1.0537952184677124], [-0.6931612491607666, -0.6931612491607666], [-2.293837785720825, -0.10633769631385803], [-0.030680911615490913, -3.4994308948516846], [-5.846644878387451, -0.002894737757742405], [-0.19435884058475494, -2.4131088256835938], [-7.2819390296936035, -0.0006889115320518613], [-4.696670055389404, -0.009170081466436386], [-1.1582067012786865, -0.37695667147636414], [-0.6353565454483032, -0.7439290285110474], [-0.27360406517982483, -1.4298540353775024], [-3.227992296218872, -0.04049219936132431], [-0.4179179072380066, -1.0741679668426514], [-3.197998523712158, -0.041748497635126114], [-1.1368821859359741, -0.3868821859359741], [-6.3455071449279785, -0.001757030957378447], [-0.09062700718641281, -2.4656269550323486], [-5.348516941070557, -0.004917669575661421], [-5.037759780883789, -0.006509647238999605], [-2.9337215423583984, -0.058721523731946945], [-2.5017025470733643, -4.939202308654785], [-1.268723964691162, -0.3312239944934845]], "train_probs": [0.6513548714339145, 0.022286184727502954, 0.031114914932940902, 0.9921841096579337, 0.33458944788835565, 0.022977371457191226, 0.014497200502802982, 0.9890334697013858, 0.5621765008857981, 0.05033063526836816, 0.23934933647101647, 0.16451646289656316, 0.9324533121452495, 0.9707134329082368, 0.9965165759709886, 0.10087861732378864, 0.016403031013569797, 0.0015487613880811055, 0.047425870484828096, 0.00017400541211419056, 0.21206894628251544, 0.9986749773273743, 0.7705645369990501, 0.6075269703050259, 0.9362850097482404, 0.015914943442916087, 0.6723316991792861, 0.5, 0.6513548646660542, 0.5, 0.1008786146206548, 0.9697854124413986, 0.0028895806125869314, 0.9019206752113866, 0.0006878510738335978, 0.009125637624978438, 0.3140505385717078, 0.5271164886029113, 0.7606506472514406, 0.03963883541383565, 0.6584175139669997, 0.040845714888320485, 0.3208213008246071, 0.001754614210475919, 0.9149009509324104, 0.004755913298996473, 0.006488268735159467, 0.05340332885823078, 0.9196425135586234, 0.28140561345566495], "train_labels_average": [], "train_logprobs_average": [], "train_probs_average": [], "train_response": [], "test_labels": [], "test_logprobs": [], "test_probs": []}}