{"0": {"train_labels": [1, 0, 1, 1, 0, 0, 0, 0, 0, 0, 0, 1, 1, 0, 1, 0, 1, 1, 1, 1, 0, 0, 1, 0, 1, 0, 1, 1, 0, 0, 1, 1, 0, 1, 0, 0, 1, 0, 1, 0, 1, 0, 0, 0, 0, 1, 1, 0, 0, 0], "train_logprobs": [[-64.5484848022461, -57.082496643066406], [-17.08348846435547, -44.58810806274414], [-100.26446533203125, -39.22044372558594], [-91.5886001586914, -18.175487518310547], [-64.5245590209961, -185.46539306640625], [-19.638158798217773, -66.62461853027344], [-36.60924530029297, -101.92076873779297], [-16.01183319091797, -101.35812377929688], [-53.645957946777344, -70.53154754638672], [-70.42412567138672, -126.31561279296875], [-31.805253982543945, -78.56543731689453], [-48.714691162109375, -45.370765686035156], [-284.62347412109375, -207.96580505371094], [-5.390740871429443, -80.86705780029297], [-23.511613845825195, -14.06434440612793], [-66.73998260498047, -78.03752899169922], [-85.03772735595703, -31.001487731933594], [-44.196502685546875, -13.939534187316895], [-14.27288818359375, -10.175883293151855], [-94.19944763183594, -42.488555908203125], [-43.15983581542969, -68.99492645263672], [-225.78379821777344, -285.13677978515625], [-19.22589874267578, -16.375154495239258], [-46.076080322265625, -274.1283874511719], [-69.97508239746094, -63.76206970214844], [-62.176692962646484, -123.09298706054688], [-144.98532104492188, -117.60570526123047], [-45.805931091308594, -11.94277572631836], [-22.02852439880371, -163.4394989013672], [-12.956779479980469, -31.78643035888672], [-229.70877075195312, -38.296939849853516], [-15.143815994262695, -8.59267807006836], [-58.60401153564453, -73.22930908203125], [-275.787109375, -223.482421875], [-129.30490112304688, -425.71270751953125], [-44.09160614013672, -220.93319702148438], [-91.56942749023438, -82.43376922607422], [-14.74134349822998, -209.81008911132812], [-145.8048858642578, -37.386749267578125], [-145.89715576171875, -200.10751342773438], [-90.2969970703125, -54.643211364746094], [-24.021530151367188, -54.61493682861328], [-25.978822708129883, -47.367103576660156], [-25.333316802978516, -35.37703323364258], [-60.01483154296875, -101.19021606445312], [-62.7716064453125, -3.4570112228393555], [-15.217819213867188, -14.652626037597656], [-43.96906280517578, -76.75579833984375], [-133.90357971191406, -241.77847290039062], [-111.9053955078125, -122.26405334472656]], "train_probs": [0.0005718921033549954, 0.9999999999988654, 3.082607730133008e-27, 1.3094541034355945e-32, 1.0, 1.0, 1.0, 1.0, 0.9999999535825163, 1.0, 1.0, 0.034094646426402815, 5.105018596518233e-34, 1.0, 7.88985000307753e-05, 0.9999875968339331, 3.4068993898960615e-24, 7.237116138879272e-14, 0.01635060077826072, 3.485339354518241e-23, 0.9999999999939749, 1.0, 0.05464285886810553, 1.0, 0.0019991885915867755, 1.0, 1.2858311675402226e-12, 1.9652530780334025e-15, 1.0, 0.9999999933566593, 7.428447668667206e-84, 0.0014264514902326063, 0.9999995550473618, 1.9246990904333987e-23, 1.0, 1.0, 0.00010774254573248916, 1.0, 8.214885939996258e-48, 1.0, 3.2791222580753406e-16, 0.9999999999999483, 0.9999999994857343, 0.9999565439244585, 1.0, 1.7377952209680732e-26, 0.3623467125104785, 0.9999999999999943, 1.0, 0.9999682840089076], "train_labels_average": [1, 1, 0, 0, 1, 1, 1, 1, 1, 1, 1, 1, 0, 1, 0, 1, 0, 0, 0, 0, 1, 1, 0, 1, 0, 1, 0, 0, 1, 1, 0, 1, 1, 0, 1, 1, 0, 1, 0, 1, 0, 1, 1, 1, 1, 0, 0, 1, 1, 0], "train_logprobs_average": [[-2.482634030855619, -1.8984848471248852], [-2.847248077392578, -0.6101245880126953], [-1.8917823647553067, -4.359324579653532], [-2.035302225748698, -9.158860015869141], [-1.6544758723332331, -0.6204284521249624], [-2.4547698497772217, -0.44632179086858575], [-1.6640566045587712, -0.7471274551080198], [-1.1437023707798548, -0.2911242398348722], [-1.5327416556222098, -1.1662164771038552], [-2.2717459893995717, -0.8383824484688895], [-2.1203502655029296, -0.7067834218343099], [-1.7398103986467635, -1.1598735990978422], [-1.8974898274739582, -2.5187918063813606], [-1.7969136238098145, -0.15855120210086598], [-1.3062007692125108, -2.9389517307281494], [-1.8037833136481207, -1.5890472048804873], [-1.7716193199157715, -3.1495454576280384], [-1.699865487905649, -6.313786097935268], [-1.0979144756610577, -1.7841110229492188], [-1.9624884923299153, -4.709972381591797], [-1.3487448692321777, -1.233138166155134], [-2.280644426442156, -1.865981803452673], [-1.130935220157399, -1.2817265828450521], [-2.0033078400985054, -0.3199727800157335], [-2.25726072249874, -2.25726072249874], [-1.6362287621749074, -0.8074895189954089], [-0.8099738605861557, -1.394089625431941], [-1.3880585179184421, -6.543704441615513], [-1.159396020989669, -0.22946379582087198], [-1.6195974349975586, -0.7198210822211372], [-1.5520862888645481, -7.656959025065104], [-1.892976999282837, -1.3767105449329724], [-1.9534670511881511, -1.3628839892010356], [-1.9559369459219857, -2.298225911458333], [-1.847212873186384, -0.7183605617947049], [-1.6330224496346932, -0.3972216769381686], [-1.3874155680338542, -1.7609505286583533], [-1.8426679372787476, -0.17342757056741154], [-2.1441894980037914, -5.832195434570313], [-1.6964785553688226, -1.1222858135516827], [-1.80593994140625, -2.7362726384943183], [-1.3345294528537326, -1.1438823881603422], [-1.4432679282294378, -0.9278150967189244], [-1.4901951060575598, -0.8172037678380166], [-2.1433868408203125, -1.0716934204101562], [-1.696529903927365, -31.38580322265625], [-1.0145212809244792, -1.9022274017333984], [-1.4183568646830897, -0.7713870667574698], [-2.1597351566437752, -0.8421608786912834], [-1.6456675809972428, -1.6955362955729167]], "train_probs_average": [0.3579784264001287, 0.09646596833660838, 0.9218348517945936, 0.9991947545015364, 0.2623001801104112, 0.11831877956887414, 0.2855840142389926, 0.2988923155312391, 0.4093809270228195, 0.19257514652694535, 0.1956720809723537, 0.35894713621779595, 0.6505146054043582, 0.16268801131346677, 0.8365461444969767, 0.4465213140152445, 0.7986577223439723, 0.9901844231162615, 0.66512029634525, 0.9397710919543731, 0.4711304702926357, 0.3977946403580085, 0.5376265714844121, 0.15665435682802012, 0.5, 0.3039117165507553, 0.6420138929053466, 0.994266310786357, 0.2829384647532409, 0.28909645911638154, 0.9977730051750061, 0.3737256751487208, 0.35650108399702296, 0.584746432659071, 0.24437296495740846, 0.22516776773344213, 0.5923128725891444, 0.15852548396220806, 0.9755889617953943, 0.3602699355087051, 0.7171427776444842, 0.45248207180206473, 0.37391612703195576, 0.3378273540612373, 0.2550811758487699, 0.9999999999998723, 0.7084165696978052, 0.34367271095188257, 0.2112221535130849, 0.512464595579162], "test_labels": [], "test_logprobs": [], "test_probs": []}}