{"0": {"train_labels": [0, 1, 1, 0, 1, 1, 0, 1, 0, 1, 0, 0, 1, 0, 0, 0, 0, 0, 0, 0, 1, 0, 1, 0, 1, 0, 1, 0, 0, 1, 0, 0, 0, 0, 0, 1, 0, 0, 1, 1, 1, 0, 1, 1, 0, 1, 0, 1, 0, 0], "train_logprobs": [[-29.762657165527344, -147.6514892578125], [-84.72553253173828, -82.8298110961914], [-254.33908081054688, -22.630252838134766], [-212.89500427246094, -283.32879638671875], [-272.142333984375, -221.95675659179688], [-182.09133911132812, -136.0779266357422], [-50.30351257324219, -83.50537872314453], [-209.88308715820312, -53.59356689453125], [-86.39417266845703, -279.09539794921875], [-215.68072509765625, -129.39950561523438], [-156.11366271972656, -316.4761657714844], [-284.9676208496094, -398.22088623046875], [-589.2135009765625, -160.41741943359375], [-77.8584976196289, -227.02330017089844], [-211.0986328125, -327.73541259765625], [-0.3468484580516815, -5.740904331207275], [-17.39250946044922, -118.25665283203125], [-25.5186710357666, -31.463396072387695], [-64.89205932617188, -506.24945068359375], [-28.256914138793945, -152.9020538330078], [-477.87347412109375, -247.58096313476562], [-84.63233947753906, -376.57647705078125], [-192.6748046875, -97.19235229492188], [-158.9410400390625, -300.0535888671875], [-355.25390625, -288.314208984375], [-77.2523193359375, -205.31552124023438], [-269.9898681640625, -136.13296508789062], [-66.3795394897461, -337.09600830078125], [-67.98751831054688, -368.09613037109375], [-312.5982666015625, -61.86832809448242], [-46.76132583618164, -61.307952880859375], [-105.92532348632812, -234.9508819580078], [-18.7119140625, -59.96441650390625], [-12.001625061035156, -82.89215087890625], [-406.70294189453125, -577.669677734375], [-200.4471893310547, -173.0492401123047], [-41.14799880981445, -63.85017013549805], [-19.405832290649414, -185.90560913085938], [-10.312691688537598, -1.3378069400787354], [-90.64714050292969, -26.896142959594727], [-89.34134674072266, -54.94882583618164], [-218.12265014648438, -464.929931640625], [-232.51333618164062, -122.22013854980469], [-636.3812255859375, -409.5809631347656], [-1.398221731185913, -2.4397759437561035], [-413.33197021484375, -331.0120849609375], [-1.8440802097320557, -4.792475700378418], [-39.04145812988281, -31.34737777709961], [-76.96415710449219, -86.88032531738281], [-53.68252944946289, -68.389404296875]], "train_probs": [1.0, 0.13059349024560676, 2.3449554878394386e-101, 1.0, 1.6020669724406993e-22, 1.0390318688815647e-20, 0.9999999999999962, 1.331446652725537e-68, 1.0, 3.3770888498646617e-38, 1.0, 1.0, 5.973487017463987e-187, 1.0, 1.0, 0.9954770420732811, 1.0, 0.9973872219427039, 1.0, 1.0, 9.665698741066418e-101, 1.0, 3.407986041558286e-42, 1.0, 8.481230320090712e-30, 1.0, 7.356743756670444e-59, 1.0, 1.0, 1.28638586232086e-109, 0.9999995186289863, 1.0, 1.0, 1.0, 1.0, 1.2624722442551146e-12, 0.9999999998617797, 1.0, 0.00012653250972069203, 2.057280696445219e-28, 1.157491878304058e-15, 1.0, 1.2597166716126594e-48, 3.1761245392892288e-99, 0.7391497811041983, 1.7738957095914673e-36, 0.9501876000417989, 0.0004553083096861708, 0.9999506324672509, 0.9999995899042867], "test_labels": [], "test_logprobs": [], "test_probs": []}}