{"0": {"train_labels": [0, 1, 0, 0, 0, 0, 0, 1, 1, 0, 0, 1, 0, 0, 0, 0, 0, 0, 1, 1, 1, 0, 0, 1, 0, 1, 0, 1, 1, 0, 1, 0, 0, 1, 1, 0, 0, 1, 0, 0, 0, 1, 1, 0, 0, 1, 1, 0, 1, 1], "train_logprobs": [[-3.2966506481170654, -20.03548812866211], [-231.43638610839844, -99.61775970458984], [-68.81578063964844, -217.43063354492188], [-63.478240966796875, -193.17115783691406], [-44.42768096923828, -46.05155563354492], [-102.3048324584961, -303.6573486328125], [-100.2435073852539, -217.17547607421875], [-85.35128021240234, -36.887046813964844], [-484.1640625, -48.89360809326172], [-255.31723022460938, -431.5709228515625], [-19.433622360229492, -72.67164611816406], [-155.2354278564453, -59.21714782714844], [-76.57835388183594, -147.14334106445312], [-1.591279149055481, -5.152673721313477], [-47.09579849243164, -397.6618957519531], [-99.86125183105469, -227.14068603515625], [-39.00916290283203, -62.35655212402344], [-142.09205627441406, -372.324951171875], [-269.0813293457031, -57.718990325927734], [-161.47775268554688, -109.03443908691406], [-3.716442584991455, -3.2491869926452637], [-91.6255874633789, -156.32550048828125], [-60.15171813964844, -350.94476318359375], [-11.345291137695312, -10.125875473022461], [-72.78902435302734, -108.12271881103516], [-109.9220199584961, -30.252565383911133], [-176.25001525878906, -201.91339111328125], [-240.79953002929688, -72.85047149658203], [-41.348472595214844, -35.96775436401367], [-204.499755859375, -813.6656494140625], [-266.19384765625, -212.0357666015625], [-49.69316482543945, -548.5215454101562], [-120.18913269042969, -123.33726501464844], [-215.0758514404297, -133.046875], [-166.12127685546875, -62.70952224731445], [-1.6133661270141602, -18.992691040039062], [-6.366850852966309, -144.1802520751953], [-116.25370788574219, -11.343759536743164], [-76.19416809082031, -145.03619384765625], [-144.3348846435547, -186.9302978515625], [-104.3979721069336, -206.17977905273438], [-463.7408447265625, -138.6283416748047], [-86.23959350585938, -19.612789154052734], [-63.15374755859375, -84.03372192382812], [-150.36941528320312, -372.93597412109375], [-73.72471618652344, -6.815450191497803], [-101.9517822265625, -67.55779266357422], [-4.009726047515869, -5.077428340911865], [-98.62507629394531, -57.51677703857422], [-190.87469482421875, -177.892333984375]], "train_probs": [0.9999999462454506, 5.648042301730502e-58, 1.0, 1.0, 0.8353288004145831, 1.0, 1.0, 8.95882112474385e-22, 9.213900448949824e-190, 1.0, 1.0, 1.9943015253928e-42, 1.0, 0.9723850499196336, 1.0, 1.0, 0.9999999999274967, 1.0, 1.6088015705121422e-92, 1.6755534694678147e-23, 0.38526601344289835, 1.0, 1.0, 0.22803929908436224, 0.9999999999999996, 2.5118604160591867e-35, 0.9999999999928462, 1.1498750172887237e-73, 0.004583409266246055, 1.0, 3.016089658036669e-24, 1.0, 0.9588350670646458, 2.372838475155799e-36, 1.2270029581152699e-45, 0.9999999716694452, 1.0, 2.7427633353147748e-46, 1.0, 1.0, 1.0, 6.389015281078131e-142, 1.1597023124906833e-29, 0.9999999991450468, 1.0, 8.743292148702401e-30, 1.155793165798918e-15, 0.7441597100432894, 1.4024664247019834e-18, 2.3005481429668214e-06], "test_labels": [], "test_logprobs": [], "test_probs": []}}