{"0": {"train_labels": [0, 0, 0, 0, 1, 1, 0, 0, 0, 1, 0, 1, 0, 0, 1, 0, 0, 0, 1, 0, 0, 0, 0, 0, 1, 1, 0, 0, 0, 0, 0, 1, 1, 1, 0, 1, 0, 1, 0, 0, 0, 1, 1, 1, 0, 1, 0, 0, 0, 1], "train_logprobs": [[-39.730743408203125, -94.5496826171875], [-15.320932388305664, -103.87872314453125], [-61.688682556152344, -83.17693328857422], [-19.889808654785156, -42.90725326538086], [-159.50184631347656, -81.45069885253906], [-111.43831634521484, -15.73803997039795], [-33.26168441772461, -120.23446655273438], [-25.5317325592041, -46.84847640991211], [-2.9943172931671143, -25.12574005126953], [-37.88285446166992, -35.593292236328125], [-23.964466094970703, -29.488773345947266], [-178.21987915039062, -34.29399871826172], [-30.567625045776367, -90.6131591796875], [-52.193138122558594, -67.16963195800781], [-50.12836456298828, -15.766002655029297], [-11.699694633483887, -131.41661071777344], [-44.79301452636719, -169.0609130859375], [-18.79783058166504, -48.822792053222656], [-87.87051391601562, -86.043701171875], [-59.17132568359375, -95.98371887207031], [-27.987197875976562, -85.8933334350586], [-79.22309112548828, -183.77365112304688], [-22.002708435058594, -165.2474365234375], [-4.902492523193359, -55.395179748535156], [-107.30952453613281, -57.077239990234375], [-57.376853942871094, -31.16265296936035], [-149.74024963378906, -190.25778198242188], [-43.09107208251953, -54.379940032958984], [-80.60237884521484, -159.31661987304688], [-36.662628173828125, -561.286865234375], [-77.36447143554688, -87.193359375], [-186.72032165527344, -34.33430480957031], [-74.87187957763672, -12.569557189941406], [-29.44187355041504, -11.540563583374023], [-25.446203231811523, -230.58831787109375], [-124.96319580078125, -69.58992004394531], [-57.11790466308594, -161.77462768554688], [-165.6336669921875, -89.25520324707031], [-58.97043228149414, -140.89329528808594], [-11.404949188232422, -48.435001373291016], [-34.32807159423828, -37.045989990234375], [-107.38592529296875, -51.67778778076172], [-110.895263671875, -68.01747131347656], [-66.76155853271484, -41.04508972167969], [-17.307403564453125, -23.32202911376953], [-119.28681182861328, -96.90584564208984], [-0.7455670237541199, -16.623516082763672], [-57.501800537109375, -413.2244873046875], [-9.943153381347656, -22.5943546295166], [-94.77556610107422, -36.907135009765625]], "train_probs": [1.0, 1.0, 0.999999999534659, 0.9999999998991558, 1.2671188495671012e-34, 2.7409306908878135e-42, 1.0, 0.9999999994475973, 0.9999999997554063, 0.0919911101683296, 0.9960272151169616, 3.117341098602614e-63, 1.0, 0.9999996868220096, 1.192932411110935e-15, 1.0, 1.0, 0.9999999999999087, 0.13861840401173667, 0.9999999999999999, 1.0, 1.0, 1.0, 1.0, 1.52895959368706e-22, 4.123985880516157e-12, 1.0, 0.9999874887267712, 1.0, 1.0, 0.9999461302687764, 6.600757300156583e-67, 8.758811446659997e-28, 1.6809695837151512e-08, 1.0, 8.947297827769811e-25, 1.0, 6.749236697783562e-34, 1.0, 0.9999999999999999, 0.9380757242777796, 6.401227780336347e-25, 2.390074192834138e-19, 6.783900997719691e-12, 0.9975631896623053, 1.905767364015684e-10, 0.9999998728564643, 1.0, 0.9999967963009156, 7.380056737098787e-26], "test_labels": [], "test_logprobs": [], "test_probs": []}}