{"0": {"train_labels": [0, 1, 1, 0, 1, 1, 1, 1, 1, 1, 1, 1, 0, 1, 1, 0, 1, 0, 1, 1, 1, 0, 0, 1, 0, 1, 0, 0, 0, 1, 0, 1, 1, 1, 0, 0, 0, 1, 0, 1, 1, 1, 0, 1, 0, 1, 0, 1, 1, 0], "train_logprobs": [[-0.012511925771832466, -4.387511730194092], [-6.969690799713135, -0.000940595637075603], [-2.6367852687835693, -0.07428533583879471], [-0.07428368180990219, -2.6367835998535156], [-1.0741891860961914, -0.41793957352638245], [-2.8708324432373047, -0.05833250656723976], [-6.501561164855957, -0.001563994330354035], [-2.3507628440856934, -0.10077141225337982], [-1.2014960050582886, -0.3577460050582886], [-6.0336527824401855, -0.0024026355240494013], [-0.8981236815452576, -0.5231236815452576], [-2.6658430099487305, -0.06995056569576263], [-0.0037155181635171175, -5.597465515136719], [-6.563912391662598, -0.0014122284483164549], [-3.257977247238159, -0.04433631896972656], [-0.04608096927404404, -3.608581066131592], [-1.2456132173538208, -0.3769644498825073], [-0.0019288521725684404, -6.251928806304932], [-4.356654644012451, -0.012904468923807144], [-4.572882175445557, -0.010382331907749176], [-1.2234601974487305, -0.3484601378440857], [-0.2397349774837494, -1.5522350072860718], [-0.09727013856172562, -2.3785202503204346], [-2.126979112625122, -0.12697908282279968], [-0.009168782271444798, -4.69666862487793], [-1.0334583520889282, -0.4509385824203491], [-0.0008379285573028028, -7.094587802886963], [-0.0009710840531624854, -6.907251834869385], [-0.014610913582146168, -4.233360767364502], [-2.6078040599823, -0.07889062911272049], [-0.04571126028895378, -3.1082112789154053], [-1.1582090854644775, -0.3769591450691223], [-3.108241558074951, -0.045741550624370575], [-0.7577053904533386, -0.6327053904533386], [-0.0036591021344065666, -5.628602504730225], [-0.5759444832801819, -0.8259447813034058], [-0.001207456924021244, -6.71995735168457], [-3.292280673980713, -0.24573299288749695], [-1.0371154530730564e-05, -11.625009536743164], [-2.4925711154937744, -0.08632120490074158], [-2.154505729675293, -0.11968148499727249], [-1.3362103700637817, -0.3049605190753937], [-0.3970044255256653, -1.1157543659210205], [-5.53520393371582, -0.003953974228352308], [-0.48606568574905396, -0.954815685749054], [-4.26416540145874, -0.014165564440190792], [-0.03577751666307449, -3.3482775688171387], [-0.843674898147583, -0.562424898147583], [-4.233527660369873, -0.015240526758134365], [-0.11620759963989258, -2.2099575996398926]], "train_probs": [0.9875683467456855, 0.0009399436890231323, 0.07159120390143847, 0.9284087951081423, 0.34158258657288154, 0.056652428692511095, 0.0015011864979233775, 0.09535020397420421, 0.3007455789412415, 0.0023967305188544803, 0.4073334000459302, 0.06940324395429084, 0.9962927471144343, 0.0014103582667520447, 0.038655605151102494, 0.9724147203713491, 0.2955355431494616, 0.998073265248468, 0.012821212050527102, 0.010328154118580766, 0.2942149597859341, 0.7879312006227324, 0.9073122307591682, 0.11920291889306489, 0.9908743611876105, 0.35835300102466855, 0.9991704107074726, 0.9989995263341637, 0.9854964182186962, 0.07385593486834209, 0.9553191305224104, 0.3140505578320071, 0.044680869954625974, 0.46879062662624377, 0.996406194755206, 0.5621765742394695, 0.9987934101609259, 0.045366754172467834, 0.9999910602962359, 0.08269734945731683, 0.11559481139412178, 0.26284186624321243, 0.6723316860482763, 0.003945406965809818, 0.6150878555160665, 0.014063629303120604, 0.9648551553677347, 0.4301473485858429, 0.014510197032146385, 0.8902942261220292], "train_labels_average": [], "train_logprobs_average": [], "train_probs_average": [], "train_response": [], "test_labels": [], "test_logprobs": [], "test_probs": []}}