{"0": {"train_labels": [1, 1, 1, 0, 0, 1, 1, 1, 0, 1, 1, 0, 0, 1, 0, 0, 1, 0, 1, 1, 0, 0, 0, 1, 0, 0, 0, 0, 0, 1, 1, 0, 1, 1, 0, 1, 0, 0, 0, 1, 1, 0, 0, 1, 0, 1, 0, 1, 0, 1], "train_logprobs": [[-1.0907975435256958, -0.4662102162837982], [-1.877198576927185, -0.22092819213867188], [-0.9815376400947571, -0.5440376400947571], [-0.6836013197898865, -0.8242263197898865], [-0.4946448504924774, -1.0258948802947998], [-0.8748114109039307, -0.7029345035552979], [-1.7264845371246338, -0.22648459672927856], [-1.3190293312072754, -0.46884435415267944], [-0.502411961555481, -1.018036961555481], [-0.8634999990463257, -0.5822499990463257], [-1.4690288305282593, -0.296985387802124], [-0.6481480598449707, -0.8043980598449707], [-0.34183746576309204, -1.3263205289840698], [-1.0961084365844727, -0.4772953987121582], [-0.17789311707019806, -2.3004605770111084], [-0.7069036364555359, -0.9100286364555359], [-1.0796538591384888, -0.5011584162712097], [-0.09222757816314697, -2.8422276973724365], [-1.6351085901260376, -0.27623170614242554], [-1.957437515258789, -0.22306248545646667], [-0.5335670113563538, -0.9866920113563538], [-0.2562102675437927, -1.6312103271484375], [-0.3623543679714203, -1.3002707958221436], [-1.1703089475631714, -0.4203089475631714], [-0.4440416991710663, -1.1159167289733887], [-0.46357402205467224, -1.0885740518569946], [-0.1551598757505417, -2.2332849502563477], [-0.2318350374698639, -1.7943350076675415], [-0.31160515546798706, -1.4834802150726318], [-0.9541089534759521, -0.6884839534759521], [-0.9539462327957153, -0.5945752859115601], [-0.36137229204177856, -1.2988722324371338], [-1.2407333850860596, -0.39698654413223267], [-0.7631242871284485, -0.7318742871284485], [-0.15976840257644653, -2.113003730773926], [-1.281700849533081, -0.36920854449272156], [-0.2676015794277191, -1.5957266092300415], [-0.6929072141647339, -0.8179072141647339], [-0.15565532445907593, -2.0775303840637207], [-0.8058227300643921, -0.6495727300643921], [-1.1011505126953125, -0.4760614335536957], [-0.32346537709236145, -1.495972752571106], [-0.6900014877319336, -0.7368764877319336], [-0.9361118078231812, -0.5454868078231812], [-0.6108333468437195, -0.9233333468437195], [-0.9158945679664612, -0.6180614829063416], [-0.4867870509624481, -1.1430370807647705], [-1.4788731336593628, -0.2913731634616852], [-0.5612239837646484, -0.9206852912902832], [-1.031989574432373, -0.5007401704788208]], "train_probs": [0.348738855746616, 0.16026328894497768, 0.3923368301671084, 0.5350984286266115, 0.6297746143530797, 0.4571362434946727, 0.1824255326961778, 0.29939405580706446, 0.6261241772283034, 0.43014734858584286, 0.23648582103035826, 0.5389832206876841, 0.7279968478352777, 0.35005145554190403, 0.8930773443206175, 0.5506073655352404, 0.35927886567049194, 0.9399133565584851, 0.2044228986980551, 0.15002882054202774, 0.6113819732941511, 0.798186787341014, 0.7186785934838833, 0.3208213008246071, 0.6619228825191872, 0.6513548714339145, 0.8887588008585926, 0.8267117898012104, 0.7634837743174788, 0.43398146480389854, 0.4111118504866894, 0.7185943805178138, 0.3007462432817273, 0.49218813572079556, 0.8757989931080945, 0.2864901054086029, 0.7905303236047049, 0.5312093733737563, 0.8723473813156294, 0.46101677931231594, 0.34862490647255145, 0.7635979365550793, 0.5117166047041654, 0.4035668537353746, 0.5774953651858118, 0.42608728881207625, 0.6584175072643413, 0.23370636225126956, 0.5889100255492108, 0.37022553156892357], "train_labels_average": [], "train_logprobs_average": [], "train_probs_average": [], "train_response": [], "test_labels": [], "test_logprobs": [], "test_probs": []}}