{"0": {"train_labels": [0, 1, 1, 1, 1, 0, 1, 1, 0, 1, 1, 0, 0, 1, 0, 1, 1, 0, 1, 1, 0, 0, 0, 1, 0, 0, 0, 0, 0, 1, 0, 0, 1, 0, 0, 1, 0, 1, 0, 1, 1, 1, 1, 1, 1, 1, 0, 1, 1, 1], "train_logprobs": [[-0.4138067364692688, -1.288806676864624], [-2.5562777519226074, -0.13543887436389923], [-0.9327848553657532, -0.6359098553657532], [-0.7841177582740784, -0.7528677582740784], [-0.9207867980003357, -0.6551617980003357], [-0.5285383462905884, -1.7132948637008667], [-1.7323535680770874, -0.26350852847099304], [-1.7974976301193237, -0.35999763011932373], [-0.7251991629600525, -0.7564491629600525], [-0.815865695476532, -0.659615695476532], [-1.0779149532318115, -0.4841650128364563], [-0.6884734630584717, -1.0634698867797852], [-0.38991492986679077, -1.2336649894714355], [-0.9253852367401123, -0.5742840766906738], [-0.7681013345718384, -1.1431013345718384], [-0.9955468773841858, -0.7142968773841858], [-0.9275110960006714, -0.7400110960006714], [-0.28655850887298584, -1.8621673583984375], [-0.9856839776039124, -0.6255090236663818], [-1.9469350576400757, -0.22818510234355927], [-0.6228558421134949, -0.9509808421134949], [-0.5165945291519165, -1.1259695291519165], [-0.5655634999275208, -0.9874384999275208], [-1.2876007556915283, -0.4594758152961731], [-0.32814517617225647, -1.718770146369934], [-0.5770419836044312, -0.9364169836044312], [-0.1427645981311798, -2.4858598709106445], [-0.3031732738018036, -1.521923303604126], [-0.42877084016799927, -1.3506457805633545], [-0.9865899085998535, -0.7990899085998535], [-0.28807514905929565, -1.6474502086639404], [-0.5581592917442322, -0.9644092917442322], [-0.8415331840515137, -0.7165331840515137], [-0.5034070611000061, -1.1909070014953613], [-0.34595027565956116, -1.3303252458572388], [-1.8758032321929932, -0.20392820239067078], [-0.3802552819252014, -1.3490052223205566], [-0.9358891248703003, -0.7885465621948242], [-0.15502481162548065, -2.2800443172454834], [-0.821376621723175, -0.712001621723175], [-0.9926504492759705, -0.6073168516159058], [-0.9749014377593994, -0.6155264377593994], [-0.9764604568481445, -0.5552172660827637], [-1.222934365272522, -0.44168439507484436], [-0.9913632869720459, -0.5851439237594604], [-0.9258487224578857, -0.6133487224578857], [-0.7516048550605774, -0.8453548550605774], [-1.3795008659362793, -0.34814053773880005], [-0.8493484258651733, -0.6462234258651733], [-1.2165114879608154, -0.45088648796081543]], "train_probs": [0.7057850154599562, 0.08159736854767437, 0.42632159254749036, 0.4921881357207956, 0.4339814648038985, 0.7658019602095714, 0.18711822573371745, 0.19193278644723683, 0.5078118642792044, 0.4610167793123159, 0.3557749071749625, 0.5926657365939701, 0.6992544335934766, 0.4131154181328505, 0.5926665999540698, 0.43014734858584286, 0.45326184801538616, 0.8285817246898376, 0.41091721518641394, 0.15203224738527765, 0.5813030906443133, 0.6477982179521103, 0.6039318337259584, 0.3040416875789104, 0.800691997339971, 0.588889130767832, 0.9123838359927017, 0.7718435030872968, 0.7154239836484144, 0.4532618480153861, 0.7956581097540519, 0.600188359260205, 0.46879062662624377, 0.6654105454764746, 0.727975443004307, 0.15817434878009673, 0.7248702642896702, 0.46323085626492977, 0.893311265076083, 0.4726834766204328, 0.40484114496401075, 0.411110869232168, 0.3962193038086725, 0.31405055141190724, 0.39981899243610813, 0.42250463481418826, 0.523420348936324, 0.2628204611797698, 0.44939263446475963, 0.3174262655876759], "train_labels_average": [], "train_logprobs_average": [], "train_probs_average": [], "train_response": [], "test_labels": [], "test_logprobs": [], "test_probs": []}}