{"0": {"train_labels": [0, 1, 1, 0, 0, 0, 1, 0, 0, 0, 1, 1, 1, 1, 1, 0, 1, 1, 0, 0, 1, 0, 1, 1, 0, 0, 0, 0, 0, 1, 0, 0, 1, 0, 0, 0, 1, 0, 0, 0, 1, 0, 1, 0, 1, 1, 1, 0, 0, 0], "train_logprobs": [[-0.018460720777511597, -4.018415927886963], [-1.2241544723510742, -0.34915444254875183], [-1.7014143466949463, -0.2014143019914627], [-0.02349407970905304, -3.773494005203247], [-0.13260453939437866, -2.1326045989990234], [-0.0790894627571106, -2.579089403152466], [-1.7014461755752563, -0.20144617557525635], [-0.00318211130797863, -5.7531819343566895], [-0.03804956376552582, -3.2880494594573975], [-0.0678563192486763, -2.7241063117980957], [-1.4536908864974976, -0.26619085669517517], [-3.8037912845611572, -0.021855341270565987], [-3.040940761566162, -2.6327011585235596], [-2.9003772735595703, -0.05662455037236214], [-0.7914267182350159, -0.6039267182350159], [-0.012910705991089344, -4.356660842895508], [-4.696680545806885, -0.009180357679724693], [-1.13729989528656, -0.39744138717651367], [-0.5105204582214355, -0.935643196105957], [-0.06323036551475525, -2.9758408069610596], [-1.5692390203475952, -0.2567389905452728], [-0.6611119508743286, -1.4111119508743286], [-0.843629002571106, -0.6326006054878235], [-2.8119735717773438, -0.06387919932603836], [-0.023247426375746727, -3.773247480392456], [-0.000519617460668087, -7.563019752502441], [-0.0008866431307978928, -8.188386917114258], [-0.006116718519479036, -5.09986686706543], [-0.09770689904689789, -2.3789567947387695], [-7.032134056091309, -0.0008841419476084411], [-0.00011181206355104223, -9.10948657989502], [-1.2461047172546387, -4.417789936065674], [-5.348516941070557, -0.004620826803147793], [-0.021852891892194748, -3.834352970123291], [-0.07207926362752914, -2.6658291816711426], [-0.49814003705978394, -0.9356400370597839], [-3.7596561908721924, -0.07215613126754761], [-0.2661919593811035, -1.477725625038147], [-0.14276500046253204, -2.0177650451660156], [-0.00574722234159708, -5.193070888519287], [-1.0134618282318115, -0.45096176862716675], [-0.00026556302327662706, -8.234640121459961], [-1.0334837436676025, -0.43973368406295776], [-0.006116362754255533, -5.0998663902282715], [-5.317551136016846, -0.00520896865054965], [-0.8086753487586975, -0.5899253487586975], [-6.251930236816406, -0.0019302800064906478], [-0.2736240029335022, -1.4298739433288574], [-0.6776444911956787, -0.7411207556724548], [-0.23185205459594727, -1.5508962869644165]], "train_probs": [0.9820129988571602, 0.2942149659744614, 0.18242551713899047, 0.977022628417363, 0.8807970842359877, 0.9241418158002492, 0.18242552380635635, 0.9968273165978856, 0.9626731089077049, 0.9343951620842039, 0.23370635157681108, 0.02227124406670119, 0.39933430633913636, 0.05500514674315371, 0.4532618480153861, 0.9871787874661817, 0.009125635688067145, 0.3230350849169184, 0.6047084238819108, 0.9484663070913161, 0.21206879937726764, 0.679178699175393, 0.447437818670539, 0.060194363126006165, 0.9770226313026177, 0.9994806952055965, 0.9997219691122772, 0.9939024387076698, 0.9073122125886486, 0.0008830459235326523, 0.999889388377176, 0.95975472760547, 0.004754508461242931, 0.9783846688917921, 0.9304582501911272, 0.6076631698328916, 0.02442308863393106, 0.7705702010137542, 0.8670357649558006, 0.9944441011314368, 0.3629691917376783, 0.9997346975059849, 0.3557748798522984, 0.9939024379739277, 0.004906176201102995, 0.4455295350395727, 0.001926734746382975, 0.7606506418255927, 0.5158637399139955, 0.7890226477448558], "train_labels_average": [], "train_logprobs_average": [], "train_probs_average": [], "train_response": [], "test_labels": [], "test_logprobs": [], "test_probs": []}}