{"0": {"train_labels": [0, 1, 0, 1, 0, 1, 0, 1, 1, 1, 0, 1, 1, 0, 0, 0, 1, 1, 1, 0, 1, 1, 0, 0, 0, 0, 0, 0, 0, 1, 1, 1, 0, 1, 0, 0, 1, 1, 0, 0, 1, 0, 0, 1, 1, 0, 0, 0, 1, 0], "train_logprobs": [[-0.4912347197532654, -1.0849847793579102], [-0.855233371257782, -0.652108371257782], [-0.5889089107513428, -0.9407065510749817], [-0.7812193036079407, -0.765584409236908], [-0.47665727138519287, -1.0860322713851929], [-1.0956865549087524, -0.5644365549087524], [-0.3558129370212555, -1.3407084941864014], [-1.4348435401916504, -0.3410935699939728], [-1.2800880670547485, -0.38946306705474854], [-1.362309217453003, -0.35051000118255615], [-0.6239728927612305, -1.201399564743042], [-1.235799789428711, -0.3981122672557831], [-1.1132209300994873, -0.4728012979030609], [-0.4338632822036743, -1.2776132822036743], [-0.6013010144233704, -0.951244592666626], [-0.1378992795944214, -2.762899398803711], [-1.2435537576675415, -0.4154287278652191], [-1.113406777381897, -0.535281777381897], [-2.1986148357391357, -0.15173988044261932], [-0.21698246896266937, -1.8415907621383667], [-0.8200762271881104, -0.6563336253166199], [-1.5910474061965942, -0.2934139668941498], [-0.5831394791603088, -0.9329102635383606], [-0.05833396688103676, -3.4333338737487793], [-0.38014981150627136, -1.4319801330566406], [-0.13069911301136017, -2.3806991577148438], [-0.1980445235967636, -1.9791966676712036], [-0.3044268786907196, -1.507551908493042], [-0.6901170015335083, -0.9401170015335083], [-0.9712957739830017, -0.5962803363800049], [-0.8485991358757019, -0.6298491358757019], [-0.9482043981552124, -0.7607043981552124], [-0.2786523103713989, -1.716152310371399], [-0.9740694761276245, -0.6146944761276245], [-0.32282498478889465, -1.5103249549865723], [-0.45600709319114685, -1.3089303970336914], [-1.0656437873840332, -0.5027888417243958], [-1.4869600534439087, -0.3305806815624237], [-0.5467727780342102, -0.9686477780342102], [-0.08299864828586578, -3.020498752593994], [-2.526014804840088, -0.1354013979434967], [-0.2046177238225937, -2.1888327598571777], [-0.1248105987906456, -2.6404356956481934], [-1.742177963256836, -0.26128867268562317], [-2.2826712131500244, -0.1904565393924713], [-0.15810492634773254, -2.51747989654541], [-0.5295196771621704, -1.3576446771621704], [-0.4628857970237732, -1.150385856628418], [-0.9358983039855957, -0.5637512803077698], [-0.43705084919929504, -1.1870508193969727]], "train_probs": [0.6442251201477016, 0.4493926344647597, 0.5870534340298253, 0.49609135602922694, 0.6477982179521103, 0.3702253925955866, 0.7280785211467216, 0.2509127924867847, 0.29098086621490676, 0.26662788889643146, 0.6404750688924724, 0.30202204196370563, 0.34515168712333455, 0.6992544210587585, 0.5866038967214341, 0.9324533163686646, 0.3040416686603661, 0.3593641451601019, 0.11436853070975536, 0.8354296896130332, 0.4591555676284173, 0.2145635746642113, 0.5865619936227564, 0.9669140186318741, 0.7411262162364328, 0.904650538956921, 0.8558390740651249, 0.7690802423634963, 0.5621765008857981, 0.40732967321473385, 0.4455295350395727, 0.4532618480153861, 0.8080672135527632, 0.411110869232168, 0.7662936377487305, 0.7011800123951707, 0.3628871380675486, 0.239325794512156, 0.6039318337259583, 0.9496693723881865, 0.08389127737721362, 0.8791297706707132, 0.9252299637925935, 0.18529313478106554, 0.1098558197147248, 0.9136765210631689, 0.6959583250334526, 0.665410572017153, 0.4080223270052693, 0.679178692681616], "train_labels_average": [], "train_logprobs_average": [], "train_probs_average": [], "train_response": [], "test_labels": [], "test_logprobs": [], "test_probs": []}}