{"0": {"train_labels": [0, 0, 1, 0, 1, 1, 0, 1, 0, 1, 0, 0, 1, 0, 0, 0, 0, 0, 0, 0, 1, 0, 1, 0, 1, 0, 1, 0, 0, 1, 0, 0, 0, 0, 0, 1, 0, 0, 0, 1, 1, 0, 1, 1, 0, 1, 0, 0, 0, 1], "train_logprobs": [[-34.43806457519531, -179.20819091796875], [-85.81990814208984, -148.88722229003906], [-309.152099609375, -25.72163200378418], [-217.090087890625, -294.425048828125], [-281.54217529296875, -256.13751220703125], [-255.05706787109375, -173.0562286376953], [-67.51585388183594, -100.50077819824219], [-241.5584716796875, -55.14775848388672], [-77.79000091552734, -315.99664306640625], [-234.13345336914062, -185.0409393310547], [-187.61293029785156, -417.64520263671875], [-315.9006652832031, -515.594482421875], [-750.8604736328125, -210.77215576171875], [-77.74844360351562, -245.635009765625], [-187.13858032226562, -409.5830383300781], [-0.00034020256134681404, -386.232177734375], [-16.937349319458008, -106.35578918457031], [-0.48106649518013, -431.25128173828125], [-75.93964385986328, -633.876953125], [-23.572525024414062, -214.1328125], [-582.1519165039062, -268.5316162109375], [-117.61432647705078, -497.9123229980469], [-189.24319458007812, -144.0401611328125], [-188.7909393310547, -327.7100524902344], [-473.247314453125, -382.23785400390625], [-55.74618148803711, -260.8248596191406], [-285.85137939453125, -136.1897430419922], [-86.54386138916016, -345.6154479980469], [-73.88558197021484, -478.5411376953125], [-317.5381164550781, -68.15521240234375], [-43.35399627685547, -77.6922607421875], [-133.1203155517578, -284.7086486816406], [-24.595876693725586, -78.06266784667969], [-0.33412107825279236, -954.7623901367188], [-477.976806640625, -742.0069580078125], [-244.60646057128906, -216.77682495117188], [-61.52898406982422, -100.14848327636719], [-34.80553436279297, -197.6202392578125], [-0.7685700058937073, -95.37838745117188], [-116.3105239868164, -31.635833740234375], [-127.65547180175781, -68.90864562988281], [-182.16986083984375, -546.4849853515625], [-227.34622192382812, -157.37051391601562], [-802.7530517578125, -393.58294677734375], [-0.034673064947128296, -88.15603637695312], [-531.2656860351562, -393.05328369140625], [-0.20447564125061035, -78.25399780273438], [-49.994842529296875, -60.381797790527344], [-81.33910369873047, -87.86438751220703], [-74.22441101074219, -55.21025466918945]], "train_probs": [1.0, 1.0, 8.085593724707866e-124, 1.0, 9.266057847701129e-12, 2.4405516855591453e-36, 0.9999999999999953, 1.1037123227912358e-81, 1.0, 4.779605481198742e-22, 1.0, 1.0, 0.0, 1.0, 1.0, 1.0, 1.0, 1.0, 1.0, 1.0, 6.257979986752867e-137, 1.0, 2.3365334810160334e-20, 1.0, 2.986025594387961e-40, 1.0, 1.00641518176908e-65, 1.0, 1.0, 4.947444019957902e-109, 0.9999999999999987, 1.0, 1.0, 1.0, 1.0, 8.19865887286594e-13, 1.0, 1.0, 1.0, 1.6836401312449875e-37, 3.066038219524266e-26, 1.0, 4.073203843829914e-31, 0.0, 1.0, 9.443137893413884e-61, 1.0, 0.9999691688832172, 0.998536242681352, 5.524040073023344e-09], "test_labels": [], "test_logprobs": [], "test_probs": []}}