{"0": {"train_labels": [0, 0, 1, 0, 1, 1, 0, 1, 0, 1, 0, 0, 1, 0, 0, 0, 0, 0, 0, 0, 1, 0, 1, 0, 1, 0, 1, 0, 0, 1, 0, 0, 0, 0, 0, 1, 0, 0, 0, 1, 1, 0, 1, 1, 0, 1, 0, 0, 0, 1], "train_logprobs": [[-34.3587760925293, -193.807861328125], [-81.63629150390625, -154.57943725585938], [-312.619140625, -23.90105438232422], [-211.3440399169922, -299.33880615234375], [-292.350341796875, -250.86871337890625], [-239.64987182617188, -175.44647216796875], [-68.9318618774414, -95.43000793457031], [-242.24032592773438, -56.940608978271484], [-78.69075012207031, -327.15185546875], [-245.64694213867188, -195.168212890625], [-195.5604248046875, -429.14794921875], [-324.1788330078125, -523.8311767578125], [-776.0335083007812, -217.110107421875], [-83.01353454589844, -254.10952758789062], [-190.74862670898438, -421.6843566894531], [-0.00033114381949417293, -375.26690673828125], [-7.470185279846191, -93.72944641113281], [-0.395268052816391, -430.3936767578125], [-80.36408233642578, -635.250244140625], [-15.928027153015137, -212.20294189453125], [-587.1090087890625, -272.8189392089844], [-116.6021728515625, -503.36346435546875], [-195.70982360839844, -150.2479705810547], [-186.25830078125, -317.9051208496094], [-466.59613037109375, -383.0745849609375], [-58.57218933105469, -252.71420288085938], [-301.4380798339844, -144.91612243652344], [-86.12272644042969, -347.6373291015625], [-72.65092468261719, -478.5113525390625], [-335.9932556152344, -70.57113647460938], [-41.44889831542969, -80.69536590576172], [-132.99612426757812, -292.2417907714844], [-30.001672744750977, -78.08818817138672], [-0.833701491355896, -956.7598876953125], [-479.89013671875, -734.893310546875], [-252.4402618408203, -224.22918701171875], [-77.74224853515625, -97.72051239013672], [-36.80668258666992, -202.17819213867188], [-0.7959778308868408, -96.00239562988281], [-115.25052642822266, -37.32342529296875], [-129.7415313720703, -77.4751968383789], [-184.97958374023438, -588.0032348632812], [-226.74151611328125, -163.74017333984375], [-801.7451171875, -391.89459228515625], [-0.032478850334882736, -91.82931518554688], [-544.4216918945312, -392.97222900390625], [-0.027316514402627945, -78.33662414550781], [-53.76230239868164, -62.48642349243164], [-87.01951599121094, -92.7222900390625], [-78.17594909667969, -49.24056625366211]], "train_probs": [1.0, 1.0, 4.086281854558329e-126, 1.0, 9.655120041724655e-19, 1.3086328229480017e-28, 0.9999999999968954, 3.3523969017542365e-81, 1.0, 1.1949959518710506e-22, 1.0, 1.0, 0.0, 1.0, 1.0, 1.0, 1.0, 1.0, 1.0, 1.0, 3.2030009272017322e-137, 1.0, 1.803715731657089e-20, 1.0, 5.334008560349406e-37, 1.0, 1.055304051768031e-68, 1.0, 1.0, 5.353505857096839e-116, 1.0, 1.0, 1.0, 1.0, 1.0, 5.598682934549231e-13, 0.9999999978935543, 1.0, 1.0, 1.4344650991892793e-34, 1.9999508498273432e-23, 1.0, 4.353759960075277e-28, 0.0, 1.0, 1.6839685619700628e-66, 1.0, 0.9998374107857675, 0.9966744000660389, 2.7134567237740143e-13], "test_labels": [], "test_logprobs": [], "test_probs": []}}