{"0": {"train_labels": [0, 0, 0, 0, 1, 0, 1, 1, 0, 1, 0, 1, 0, 0, 1, 1, 0, 0, 0, 0, 1, 0, 0, 0, 0, 1, 1, 1, 1, 0, 0, 0, 0, 1, 0, 1, 0, 1, 0, 0, 0, 1, 1, 0, 0, 0, 1, 1, 0, 0], "train_logprobs": [[-212.70616149902344, -428.42950439453125], [-22.96245574951172, -181.65142822265625], [-0.3302152454853058, -429.8463134765625], [-105.93498229980469, -155.9849853515625], [-533.1724853515625, -158.01943969726562], [-19.6295108795166, -67.37310028076172], [-196.94171142578125, -127.89750671386719], [-135.25131225585938, -73.37644958496094], [-61.816715240478516, -84.63809967041016], [-209.10751342773438, -107.55655670166016], [-0.37863731384277344, -324.70947265625], [-215.52127075195312, -117.89790344238281], [-41.129173278808594, -153.6466827392578], [-85.46369934082031, -176.62205505371094], [-161.15518188476562, -121.52581787109375], [-110.25550842285156, -95.08430480957031], [-125.00418090820312, -488.24371337890625], [-77.05642700195312, -148.90005493164062], [-335.7840576171875, -353.9031066894531], [-24.069244384765625, -102.89511108398438], [-256.91790771484375, -174.93124389648438], [-71.74507141113281, -432.12762451171875], [-83.05302429199219, -111.02192687988281], [-86.85647583007812, -375.556640625], [-16.29785919189453, -97.75801086425781], [-44.709571838378906, -42.85698318481445], [-120.27952575683594, -53.93229293823242], [-168.2591552734375, -155.71942138671875], [-21.258211135864258, -5.267889022827148], [-197.55250549316406, -424.47943115234375], [-381.2535400390625, -448.6012268066406], [-370.8743896484375, -1001.9595336914062], [-0.5091307163238525, -682.87841796875], [-157.33023071289062, -56.76164245605469], [-17.889299392700195, -142.08956909179688], [-602.9728393554688, -305.3377380371094], [-178.06027221679688, -205.75888061523438], [-383.8759765625, -94.56169128417969], [-44.864410400390625, -425.60198974609375], [-47.76213836669922, -174.5940704345703], [-27.685470581054688, -197.25904846191406], [-192.40695190429688, -102.83403778076172], [-114.77011108398438, -45.354095458984375], [-215.5804901123047, -294.0286865234375], [-227.72207641601562, -589.0380859375], [-89.93660736083984, -93.78730773925781], [-867.2031860351562, -147.11712646484375], [-140.05038452148438, -109.90764617919922], [-13.493436813354492, -77.0442886352539], [-89.69129943847656, -104.30232238769531]], "train_probs": [1.0, 1.0, 1.0, 1.0, 1.1833205402832926e-163, 1.0, 1.0339103579689436e-30, 1.3430388433445099e-27, 0.9999999998773129, 7.888235392140174e-45, 1.0, 4.005993798436482e-43, 1.0, 1.0, 6.154402382112428e-18, 2.5776851819832507e-07, 1.0, 1.0, 0.9999999864793689, 1.0, 2.4753938865183198e-36, 1.0, 0.9999999999992867, 1.0, 1.0, 0.13556924582396848, 1.5337793887426512e-29, 3.5814691372644476e-06, 1.1362955165665523e-07, 1.0, 1.0, 1.0, 1.0, 2.1067697176537536e-44, 1.0, 5.479209128163061e-130, 0.9999999999990654, 2.2511392894472765e-126, 1.0, 1.0, 1.0, 1.255965379071555e-39, 7.128652724070908e-31, 1.0, 1.0, 0.9791779399413716, 0.0, 8.112880303453471e-14, 1.0, 0.9999995486502957], "train_labels_average": [1, 1, 0, 1, 0, 1, 0, 0, 1, 0, 1, 0, 1, 1, 0, 0, 1, 1, 1, 0, 0, 1, 1, 1, 1, 0, 0, 1, 0, 1, 1, 1, 1, 0, 1, 0, 1, 0, 1, 1, 1, 0, 0, 1, 1, 0, 0, 0, 1, 1], "train_logprobs_average": [[-3.798324312482561, -2.502425429400276], [-1.9135379791259766, -0.4174991954456676], [-0.003057548569308387, -0.0032694578760921367], [-4.237399291992188, -3.923517862955729], [-5.612341951069079, -17.772416178385416], [-6.5431702931722, -1.509962375347431], [-5.322748957453547, -6.154428482055664], [-6.147786920720881, -19.32161603655134], [-3.8635447025299072, -2.3775659707876353], [-5.651554416965794, -10.455375671386719], [-0.007572746276855469, -0.006417581590555482], [-5.986701965332031, -9.79642139781605], [-2.937798091343471, -1.7137155532836914], [-5.697579956054687, -1.899193318684896], [-5.371839396158854, -5.968710440176505], [-6.48561814252068, -6.48561814252068], [-5.43496438731318, -1.0776222492086476], [-3.8528213500976562, -2.6571181724811423], [-4.729352924185739, -3.9974292573474703], [-0.633401168020148, -0.633401168020148], [-5.83904335715554, -9.17563956124442], [-3.9858373006184897, -1.0550745795754826], [-6.388694176307092, -2.6791298158707155], [-5.109204460592831, -1.1135445619240785], [-2.7163098653157554, -0.7760885329473586], [-2.7943482398986816, -6.387081691196987], [-5.727596464611235, -12.027952575683594], [-4.3143373147035255, -3.8240717107599433], [-1.6352470104510968, -7.086070378621419], [-3.65837973135489, -2.2971221568972564], [-4.765669250488282, -4.099500430527554], [-4.879926179584704, -1.4775872097547311], [-0.005989773133221794, -0.0032636584379734136], [-4.916569709777832, -15.733023071289063], [-2.9815498987833657, -0.7453874746958414], [-6.554052601689878, -8.259901908979025], [-3.7095890045166016, -2.826353527250744], [-5.406703895246479, -12.795865885416667], [-4.078582763671875, -0.598192138671875], [-5.970267295837402, -0.9747375176877392], [-3.460683822631836, -0.6438481530477834], [-4.692852485470656, -10.12668167917352], [-4.2507448549623845, -14.346263885498047], [-4.491260210673015, -3.7821138616193806], [-5.175501736727628, -2.070200694691051], [-3.101262322787581, -3.330985457808883], [-4.379814070884628, -48.177954779730904], [-4.668346150716146, -6.669065929594494], [-1.124453067779541, -0.8433398008346558], [-3.899621714716372, -3.5876519775390623]], "train_probs_average": [0.21485603729398983, 0.1830170685449748, 0.5000529773264977, 0.42216760990441865, 0.9999947646636353, 0.006475660709119653, 0.6967099393097071, 0.9999981003312243, 0.18452606509124309, 0.9918683074351541, 0.49971120886053866, 0.9783257852034214, 0.2272187978082625, 0.02191582754778292, 0.6449401245909233, 0.5, 0.012650315166291429, 0.2322404791005646, 0.32477273400388385, 0.5, 0.9656631585611275, 0.0506536347477941, 0.023902851429461167, 0.018063028479729026, 0.12562354285137495, 0.9732142298692106, 0.9981677124753754, 0.3798310001516523, 0.9957255803886162, 0.20403598950374738, 0.3393552361820223, 0.03222244603131156, 0.49931847174826405, 0.999979933793529, 0.09654976755444863, 0.8462971449538759, 0.292507757466757, 0.9993824680271417, 0.02987535631047984, 0.006722634842148753, 0.05642115933421885, 0.9956526379062371, 0.9999587376581565, 0.32978749327545076, 0.04288912098760199, 0.5571795446458713, 1.0, 0.8808726294318813, 0.4301808649953905, 0.42263402132354605], "test_labels": [], "test_logprobs": [], "test_probs": []}}