{"0": {"train_labels": [0, 0, 0, 0, 0, 0, 0, 0, 1, 1, 1, 1, 0, 0, 0, 1, 1, 0, 0, 0, 0, 0, 0, 0, 1, 0, 1, 1, 1, 0, 1, 0, 0, 0, 0, 1, 0, 1, 1, 0, 0, 1, 0, 1, 0, 0, 0, 0, 0, 0], "train_logprobs": [[-45.0803337097168, -45.537986755371094], [-109.30419921875, -162.4043426513672], [-64.06117248535156, -101.96125793457031], [-33.84590530395508, -279.5727233886719], [-298.37841796875, -350.53070068359375], [-31.502681732177734, -133.61973571777344], [-22.797161102294922, -297.3524169921875], [-0.37655919790267944, -6.956693649291992], [-143.82339477539062, -116.26669311523438], [-59.86094284057617, -39.89539337158203], [-100.900634765625, -27.35964012145996], [-77.6689682006836, -4.662664413452148], [-39.17513656616211, -105.82093811035156], [-35.270240783691406, -136.77915954589844], [-4.59585428237915, -26.708656311035156], [-555.7817993164062, -80.0718994140625], [-349.8085632324219, -111.1740493774414], [-52.90994644165039, -114.31388092041016], [-49.4986572265625, -90.37310028076172], [-38.128414154052734, -270.11175537109375], [-46.86132049560547, -492.341796875], [-145.09190368652344, -246.79904174804688], [-3.0938401222229004, -3.7676143646240234], [-99.56935119628906, -210.43716430664062], [-454.5277099609375, -236.03575134277344], [-168.75926208496094, -199.17503356933594], [-280.7217712402344, -261.7332763671875], [-199.03060913085938, -130.265380859375], [-530.514404296875, -336.093994140625], [-78.55081176757812, -195.45913696289062], [-72.2092514038086, -63.27357482910156], [-8.440169334411621, -10.024781227111816], [-0.7764798402786255, -9.871210098266602], [-82.05310821533203, -90.39323425292969], [-117.10877227783203, -176.60452270507812], [-279.60736083984375, -171.7842254638672], [-175.96426391601562, -428.08343505859375], [-6.488760948181152, -5.9659624099731445], [-8.204402923583984, -4.069280624389648], [-49.183753967285156, -54.80538558959961], [-165.72500610351562, -525.0095825195312], [-52.86236572265625, -9.796795845031738], [-117.98402404785156, -398.5096435546875], [-175.59658813476562, -30.23163604736328], [-1.6345179080963135, -14.319724082946777], [-86.20582580566406, -263.29425048828125], [-51.743900299072266, -226.73997497558594], [-188.43357849121094, -468.1444396972656], [-18.404441833496094, -62.34246063232422], [-15.764962196350098, -94.03001403808594]], "train_probs": [0.6124572658738582, 1.0, 1.0, 1.0, 1.0, 1.0, 1.0, 0.9986142602302892, 1.0771508525957156e-12, 2.1333987511285425e-09, 1.1522635724625769e-32, 1.9668222879478794e-32, 1.0, 1.0, 0.9999999997508092, 2.5224088742602122e-207, 2.303283736855876e-104, 1.0, 1.0, 1.0, 1.0, 1.0, 0.6623477593876108, 1.0, 1.2886887341798067e-95, 0.9999999999999383, 5.667629531242599e-09, 1.3665981072226672e-30, 3.6668124713154917e-85, 1.0, 0.00013159149420531002, 0.8298566831370112, 0.9998877567882434, 0.9997613147337167, 1.0, 1.48938605995024e-47, 1.0, 0.37219807505002195, 0.01574871750413157, 0.9963943161174642, 1.0, 1.9808912887654912e-19, 1.0, 7.392706190582853e-64, 0.9999969034106797, 1.0, 1.0, 1.0, 1.0, 1.0], "train_labels_average": [0, 1, 1, 1, 1, 1, 1, 0, 0, 0, 0, 0, 1, 1, 1, 0, 0, 1, 1, 1, 1, 1, 0, 1, 0, 1, 0, 0, 0, 1, 0, 1, 0, 0, 1, 0, 1, 0, 0, 1, 1, 0, 1, 0, 1, 1, 1, 1, 1, 1], "train_logprobs_average": [[-3.756694475809733, -6.440047672816685], [-4.968372691761363, -2.2771708170572915], [-3.558954026963976, -2.7852683689283286], [-3.3845905303955077, -0.5051627657306728], [-4.202512929137324, -2.2604425603693183], [-6.300536346435547, -1.1667659900806568], [-1.5198107401529948, -0.3210867760886609], [-0.012147070900086434, -0.0198189051527726], [-4.959427406047952, -5.752935791015625], [-2.9930471420288085, -5.986094284057617], [-5.6055908203125, -10.0900634765625], [-4.568762835334329, -7.766896820068359], [-4.896892070770264, -1.8654826936267672], [-2.7130954448993387, -1.4108096313476564], [-0.20890246738087048, -0.043770040784563334], [-3.140010165629414, -30.876766628689236], [-5.6420736005229335, -11.66028544108073], [-3.3068716526031494, -1.7636648813883464], [-4.94986572265625, -1.9799462890625], [-3.4662194685502485, -0.43825763395462913], [-2.1300600225275215, -0.3719152420286148], [-3.4545691353934154, -2.133704465978286], [-0.10312800407409668, -0.1104942900793893], [-2.428520760885099, -2.1184968339635972], [-3.819560587907038, -6.684231028837316], [-3.515817960103353, -2.678718445793031], [-1.5682780516214212, -2.699247800386869], [-4.23469381129488, -6.6343536376953125], [-3.789388602120536, -5.526191711425781], [-3.142032470703125, -1.2273564338684082], [-3.4385357811337425, -3.800486915989926], [-0.5626779556274414, -0.15924847800776643], [-0.03529453819448298, -0.19411996006965637], [-3.729686737060547, -3.729686737060547], [-2.788304101853144, -1.858869401235429], [-4.173244191639459, -5.949092783826463], [-6.067733238483298, -1.5301240340523097], [-0.2595504379272461, -0.3089886165800549], [-0.13905767667091498, -0.14917096224698154], [-4.918375396728516, -2.342083522251674], [-3.452604293823242, -1.2185662213493795], [-2.6431182861328124, -4.805669611150568], [-2.1848893342194735, -0.92900806336891], [-4.745853733372044, -35.119317626953126], [-0.3269035816192627, -0.011119169442832064], [-4.310291290283203, -1.4863073414769665], [-3.980300023005559, -0.9407981872558594], [-2.2432568868001304, -1.299541920629041], [-3.067406972249349, -0.9202220916748047], [-1.4331783814863726, -0.5254987398783366]], "train_probs_average": [0.936037178571832, 0.06349451380252666, 0.315682364231251, 0.053179942131733104, 0.125420581054239, 0.005859755804241674, 0.23170229397666886, 0.5019179491561131, 0.6885841519974519, 0.9522590296820734, 0.9888430461936034, 0.9607639953312203, 0.0460269038930609, 0.21378056963178724, 0.458810449693574, 0.9999999999991003, 0.9975718919405898, 0.17606958806019432, 0.04880346289117261, 0.04617851720538841, 0.1470228452283229, 0.2106744709911059, 0.5018415631740629, 0.4231088985885715, 0.9460720810391943, 0.3021460112293337, 0.7560178183905275, 0.9168013598901754, 0.8502805455393291, 0.12845643452825484, 0.5895126665967736, 0.40048865061970856, 0.5396230977135492, 0.5, 0.2830394155684469, 0.8551834938239615, 0.010585699096585322, 0.5123570279135559, 0.5025282998448175, 0.07067990896016643, 0.09673522918957009, 0.8968358395973941, 0.22168372326456542, 0.9999999999999355, 0.42170346105161993, 0.056041805069543545, 0.045672879289833865, 0.2801505478844345, 0.10459457855115371, 0.2874748889197837], "test_labels": [], "test_logprobs": [], "test_probs": []}}