{"0": {"train_labels": [0, 0, 0, 0, 1, 1, 0, 1, 0, 1, 0, 0, 1, 0, 0, 1, 0, 0, 0, 1, 0, 1, 0, 1, 1, 1, 1, 0, 0, 1, 0, 1, 0, 0, 1, 0, 0, 0, 0, 0, 0, 0, 0, 1, 1, 0, 0, 0, 1, 0], "train_logprobs": [[-23.928604125976562, -63.62479782104492], [-69.04595184326172, -97.17798614501953], [-103.09393310546875, -365.38873291015625], [-39.720603942871094, -156.85665893554688], [-185.7613983154297, -114.13941192626953], [-112.81143188476562, -30.13353729248047], [-176.01580810546875, -305.72088623046875], [-526.4739379882812, -389.9565734863281], [-118.73471069335938, -273.95782470703125], [-181.58709716796875, -176.20826721191406], [-0.7869212031364441, -1.2974358797073364], [-290.9159240722656, -555.9263305664062], [-770.3949584960938, -45.31694793701172], [-188.4261474609375, -323.3642883300781], [-30.125905990600586, -267.4988708496094], [-16.66141700744629, -1.8689693212509155], [-1.181573748588562, -6.735980033874512], [-121.44876098632812, -129.48968505859375], [-33.732444763183594, -40.06813430786133], [-128.82559204101562, -124.2117919921875], [-66.25000762939453, -155.16905212402344], [-228.72634887695312, -209.48147583007812], [-30.476505279541016, -98.01805114746094], [-282.0128173828125, -224.41302490234375], [-86.14350128173828, -52.75220489501953], [-81.31105041503906, -65.12980651855469], [-8.68458366394043, -3.785554885864258], [-116.50509643554688, -120.13067626953125], [-129.166259765625, -148.13150024414062], [-252.52224731445312, -126.57682800292969], [-178.8072967529297, -279.787353515625], [-16.36704444885254, -1.5460383892059326], [-77.8951416015625, -144.57571411132812], [-334.9241638183594, -341.14105224609375], [-100.33062744140625, -97.15218353271484], [-168.01223754882812, -281.4960021972656], [-113.25294494628906, -170.1102294921875], [-21.723634719848633, -73.48297882080078], [-37.77122116088867, -56.93098831176758], [-42.64342498779297, -129.0238037109375], [-253.39041137695312, -855.6862182617188], [-59.79679870605469, -177.76275634765625], [-28.580059051513672, -850.8558959960938], [-147.19810485839844, -88.18025970458984], [-473.3675231933594, -271.93438720703125], [-148.19900512695312, -379.0795593261719], [-4.485376358032227, -10.189292907714844], [-168.740478515625, -194.09559631347656], [-163.34225463867188, -21.08812141418457], [-88.23638153076172, -240.61712646484375]], "train_probs": [1.0, 0.9999999999993942, 1.0, 1.0, 7.851751175908545e-32, 1.2400711481366674e-36, 1.0, 5.14353752763069e-60, 1.0, 0.004592032400075704, 0.6249271189189651, 1.0, 0.0, 1.0, 1.0, 3.7646224912658905e-07, 0.9961445562963657, 0.9996780924069405, 0.9982312105629747, 0.009816748715196345, 1.0, 4.3858909464913425e-09, 1.0, 9.654459542670632e-26, 3.150244308839937e-15, 9.388042017015455e-08, 0.0073986705189556775, 0.9740572990480472, 0.9999999941990287, 2.007240319189914e-55, 1.0, 3.658631701443222e-07, 1.0, 0.9980085293319386, 0.0399850236790927, 1.0, 1.0, 1.0, 0.9999999952244999, 1.0, 1.0, 1.0, 1.0, 2.338166941466767e-26, 3.301418409372783e-88, 1.0, 0.9966781847863659, 0.9999999999902632, 1.658879776518885e-62, 1.0], "train_labels_average": [1, 1, 1, 1, 0, 0, 1, 0, 1, 0, 0, 1, 0, 1, 1, 0, 1, 0, 0, 0, 1, 0, 1, 0, 1, 1, 0, 1, 1, 0, 1, 0, 1, 1, 1, 1, 1, 1, 1, 1, 1, 1, 1, 0, 0, 1, 0, 1, 0, 1], "train_logprobs_average": [[-2.9910755157470703, -0.9970251719156901], [-5.311227064866286, -4.6030634562174475], [-4.295580546061198, -1.272764606240355], [-2.8371859959193637, -1.72698278012483], [-6.192046610514323, -7.430455932617187], [-3.6390784478956655, -10.255584716796875], [-5.333812366832387, -2.750247001647949], [-3.3111568426935927, -4.874758685076678], [-3.8301519578503025, -1.946470667104252], [-4.323502313523066, -4.428953589462653], [-0.03747243824459258, -0.0786921203136444], [-2.9991332378584086, -2.187337774979441], [-3.721714775343448, -85.59943983289931], [-6.078262821320565, -2.854941628196023], [-2.3173773838923526, -0.443028029273538], [-0.1811023587765901, -0.6942257086435953], [-0.04074392236512283, -0.017635429083411373], [-3.469964599609375, -3.469964599609375], [-1.9842614566578585, -2.248829650878906], [-4.025799751281738, -4.44226179451778], [-3.3125003814697265, -1.5056819915771484], [-4.158660888671875, -4.7651322682698565], [-3.809563159942627, -1.3852956945245916], [-4.087142280910326, -5.5296630859375], [-7.178625106811523, -5.742900085449219], [-5.420736694335938, -4.279528969212582], [-0.3473833465576172, -0.6680448972261869], [-4.160896301269531, -3.64078426361084], [-4.783935546875, -3.1503965796493905], [-4.951416614008885, -8.145878945627521], [-6.1657688535493, -2.980121612548828], [-0.35580531410549, -0.4813836602603688], [-4.327507866753472, -1.9473785400390624], [-3.48879337310791, -2.8383403713420288], [-5.901801614200368, -4.01322509765625], [-5.419749598349294, -2.000145685105097], [-3.2357984270368303, -2.4096371265167886], [-1.974875883622603, -0.8045790636980975], [-3.147601763407389, -2.697944368634905], [-3.87667499889027, -1.5793861106589988], [-3.619863019670759, -1.4077245076497396], [-2.7180363048206675, -1.3288177490234374], [-2.858005905151367, -0.15283454038242605], [-4.329356025247013, -4.329356025247013], [-4.045876266609909, -8.452991485595703], [-3.0244694923867983, -1.4114190964471727], [-0.09153829302106585, -0.29902509053548176], [-4.687235514322917, -3.3748095703125], [-4.8041839599609375, -20.417781829833984], [-3.529455261230469, -1.4955318903518935]], "train_probs_average": [0.11982901439047568, 0.3300047424521381, 0.04640570365560434, 0.2478330047958582, 0.7752870123967245, 0.9986636903706025, 0.07020364441942625, 0.8268695865344835, 0.13196660483073552, 0.5263384166366849, 0.5103034617067217, 0.3075080254686349, 1.0, 0.03829747562719047, 0.13303926760326273, 0.6255383746883642, 0.49422313374901744, 0.5, 0.5657589216945768, 0.6026363386979099, 0.14102309191404783, 0.6471354564867832, 0.08134080109119561, 0.8088447090387649, 0.192208226576593, 0.2420986902222347, 0.5794854686501167, 0.37282603590826807, 0.16334613478161283, 0.9606253523147372, 0.039709429381265246, 0.5313533939853097, 0.0847005389631023, 0.3428874616758251, 0.1314068593231096, 0.031688379740578185, 0.3044573542552217, 0.2368013368671442, 0.38944222660034483, 0.09134774315347681, 0.09866573029406953, 0.19953253926858186, 0.06266889442074226, 0.5, 0.98795651958315, 0.1661655368325216, 0.5516864039937661, 0.21208117905294677, 0.9999998343846714, 0.11568694200948412], "test_labels": [], "test_logprobs": [], "test_probs": []}}