{"0": {"train_labels": [1, 1, 0, 0, 0, 1, 1, 0, 1, 0, 1, 1, 1, 0, 0, 0, 1, 0, 1, 0, 0, 1, 1, 1, 0, 0, 0, 1, 1, 0, 0, 0, 0, 1, 0, 1, 0, 0, 0, 1, 1, 0, 1, 1, 0, 1, 0, 1, 1, 1], "train_logprobs": [[-3.529752731323242, -0.029752615839242935], [-3.9874727725982666, -0.018722830340266228], [-0.035778436809778214, -3.348278522491455], [-0.07207904011011124, -2.6658289432525635], [-0.056578703224658966, -2.9003286361694336], [-2.4353883266448975, -0.09163832664489746], [-3.3483033180236816, -0.03580339625477791], [-0.047544799745082855, -3.1384730339050293], [-3.2880427837371826, -0.03804267570376396], [-0.11623943597078323, -2.209989547729492], [-0.7576031684875488, -0.6326031684875488], [-4.0488481521606445, -0.017598316073417664], [-3.4086458683013916, -0.03469563275575638], [-0.5759429931640625, -0.8259429931640625], [-0.0601176992058754, -2.841367721557617], [-0.0025548457633703947, -5.971304893493652], [-1.5508475303649902, -0.25193220376968384], [-0.2519301474094391, -1.5019301176071167], [-2.406916379928589, -0.09441649168729782], [-0.3132621645927429, -1.3132622241973877], [-0.006119561847299337, -5.099869728088379], [-4.944662570953369, -0.0073888832703232765], [-4.480210304260254, -0.011458774097263813], [-3.378446578979492, -0.03469666838645935], [-0.7846468091011047, -2.84714674949646], [-0.03689304366707802, -3.318143129348755], [-0.16022440791130066, -1.910224437713623], [-2.4639480113983154, -0.08894795924425125], [-2.2099547386169434, -0.1162046268582344], [-0.1903015375137329, -1.752801537513733], [-0.0005887205479666591, -7.438088893890381], [-0.09575551003217697, -2.3799190521240234], [-0.42870205640792847, -1.0537021160125732], [-3.1380860805511475, -0.044336091727018356], [-0.04170379415154457, -3.0783777236938477], [-0.7743217945098877, -0.6180717945098877], [-0.04044640436768532, -3.2279465198516846], [-0.4073752462863922, -1.0948752164840698], [-0.6180808544158936, -0.7743306756019592], [-5.597466945648193, -0.003716943319886923], [-0.7248877286911011, -0.6473727226257324], [-2.1576648578047752e-05, -10.750021934509277], [-4.356661319732666, -0.0125168701633811], [-0.8436284065246582, -0.5623784065246582], [-0.37695300579071045, -1.1582030057907104], [-4.480146884918213, -0.01139701809734106], [-0.3393643796443939, -1.2456144094467163], [-4.0488481521606445, -0.01759796403348446], [-2.3502097129821777, -0.10323195159435272], [-5.690885066986084, -0.0033849345054477453]], "train_probs": [0.029312227465487506, 0.01854656556317124, 0.9648551565046454, 0.9304582492269372, 0.9449947082210348, 0.08756383952305866, 0.03514484905358528, 0.9565169887459438, 0.037326883462100995, 0.8902942370375484, 0.4687906266262437, 0.01744248754538274, 0.03311957818038146, 0.5621765008857982, 0.9416541606163594, 0.9974490877001585, 0.2143476223118885, 0.7772998560157665, 0.0900930031235117, 0.7310585903489891, 0.993902438814909, 0.007123029113908012, 0.011331736388430552, 0.03410042865716137, 0.8872045877523148, 0.9637799471260151, 0.8519528057272544, 0.08509904094645104, 0.10970576296245152, 0.8267117940706734, 0.9994115912833793, 0.907556950196111, 0.6513548782017745, 0.04336579922754008, 0.9542037026527297, 0.46101677931231594, 0.9603611652952286, 0.6654105521116443, 0.5389831762559422, 0.0037072528657866, 0.48063094588231664, 0.9999785550592533, 0.012816222744436627, 0.43014734858584286, 0.6859494550081926, 0.011331755023413258, 0.7122321903471563, 0.017442481512036374, 0.0956104759943814, 0.003376611935914253], "train_labels_average": [], "train_logprobs_average": [], "train_probs_average": [], "train_response": [], "test_labels": [], "test_logprobs": [], "test_probs": []}}