{"0": {"train_labels": [1, 0, 0, 0, 0, 1, 1, 0, 0, 1, 1, 1, 1, 1, 0, 1, 0, 0, 1, 1, 0, 0, 1, 1, 0, 1, 1, 1, 1, 0, 1, 1, 0, 1, 0, 1, 1, 0, 1, 0, 0, 1, 1, 0, 0, 1, 1, 0, 0, 1], "train_logprobs": [[-2.3502094745635986, -0.10020938515663147], [-0.12325610965490341, -2.1821820735931396], [-0.321819543838501, -1.290569543838501], [-0.4861431121826172, -0.9548931121826172], [-0.20719143748283386, -1.6759414672851562], [-8.031576156616211, -0.00032586511224508286], [-7.000912189483643, -0.0010334871476516128], [-0.6776825189590454, -0.7089325189590454], [-0.6473837494850159, -0.6776758432388306], [-1.1731271743774414, -0.4856271743774414], [-0.7743220925331116, -0.6180720925331116], [-1.0537052154541016, -0.4287051558494568], [-2.209986925125122, -0.11623688787221909], [-8.843894958496094, -0.00016437610611319542], [-0.6473707556724548, -0.7411207556724548], [-2.4353930950164795, -0.09164299815893173], [-0.029750995337963104, -3.5904734134674072], [-0.0011703077470883727, -6.71995735168457], [-2.609238862991333, -0.07798895239830017], [-1.6008052825927734, -0.2258053421974182], [-0.15121819078922272, -1.9637181758880615], [-0.051647283136844635, -2.989147186279297], [-2.0577454566955566, -0.27649548649787903], [-3.1979587078094482, -0.04170859605073929], [-0.5897424817085266, -0.8084925413131714], [-2.018021583557129, -0.13893447816371918], [-3.0783791542053223, -0.04712912067770958], [-6.907254219055176, -0.0010044296504929662], [-2.1821842193603516, -0.11968433856964111], [-0.10639803856611252, -2.293898105621338], [-9.000123977661133, -0.00012420836719684303], [-1.1582133769989014, -0.37696337699890137], [-0.06013217940926552, -2.929896354675293], [-2.578970432281494, -0.07897049933671951], [-0.009469710290431976, -4.665719509124756], [-9.062616348266602, -0.00011657988943625242], [-4.079596042633057, -0.017096171155571938], [-0.11968148499727249, -2.1821815967559814], [-0.7089331150054932, -0.6776831150054932], [-0.015545031987130642, -4.171794891357422], [-0.11282756179571152, -2.2378275394439697], [-2.9595251083374023, -0.053275030106306076], [-0.8259409070014954, -0.5759409070014954], [-0.5879092812538147, -0.8379092812538147], [-0.005746985320001841, -5.161996841430664], [-5.006719589233398, -0.006719493307173252], [-2.3220438957214355, -0.10329398512840271], [-0.00022396916756406426, -8.406474113464355], [-0.0018695986364036798, -6.2831196784973145], [-0.9740805625915527, -0.47408056259155273]], "train_probs": [0.09534945718704857, 0.886846435358527, 0.7248702761768249, 0.6150878555160665, 0.8128673223709251, 0.00032503575051812003, 0.0009111616087876922, 0.5078118642792044, 0.5075724444008212, 0.334589441253186, 0.4610167793123159, 0.34864512179822543, 0.10970577023946425, 0.00014426266528966503, 0.523420348936324, 0.08756383178448829, 0.9723669952599423, 0.998793454929832, 0.07369627580942688, 0.20181323186177208, 0.8596637487122111, 0.9496693627729781, 0.14414885670945196, 0.04084571153154022, 0.5544704796847396, 0.1324937656903653, 0.04603390092688259, 0.0010005046114007449, 0.11279541821247763, 0.8991213833519949, 0.00012339460445059917, 0.31405054499180746, 0.9463313721146023, 0.0758581847220642, 0.9905874085367228, 0.00011591937003278859, 0.016914915403901713, 0.8872046049010912, 0.49218813572079556, 0.9845754457824666, 0.8933094039240554, 0.05184546280413374, 0.4378234991142019, 0.5621765008857981, 0.9942697526652111, 0.006692850286561905, 0.09807933137938005, 0.9997765836720482, 0.9981324341709737, 0.3775406687981454], "train_labels_average": [], "train_logprobs_average": [], "train_probs_average": [], "train_response": [], "test_labels": [], "test_logprobs": [], "test_probs": []}}