{"0": {"train_labels": [1, 1, 1, 1, 0, 0, 1, 0, 1, 0, 0, 1, 0, 1, 0, 1, 1, 0, 1, 1, 0, 1, 0, 1, 1, 1, 0, 1, 1, 0, 1, 0, 0, 0, 0, 0, 0, 0, 1, 1, 1, 0, 0, 0, 0, 0, 1, 0, 1, 0], "train_logprobs": [[-1.2224041223526, -0.3942791223526001], [-2.064817428588867, -0.1878078281879425], [-1.3889954090118408, -0.35774534940719604], [-1.2194597721099854, -0.45383477210998535], [-0.1414860635995865, -2.328986167907715], [-0.6531404256820679, -0.8161141872406006], [-1.137152910232544, -0.4495391845703125], [-0.4151531457901001, -1.1651531457901], [-1.3716806173324585, -0.3560555875301361], [-0.21596865355968475, -1.8722186088562012], [-0.4551440179347992, -1.2158522605895996], [-1.5253233909606934, -0.27532342076301575], [-0.2359655499458313, -1.7992746829986572], [-2.1683528423309326, -0.1683529019355774], [-0.21055307984352112, -1.8824397325515747], [-1.6228876113891602, -0.2634083330631256], [-1.532439112663269, -0.3185654878616333], [-0.4455999732017517, -1.2737250328063965], [-1.1506149768829346, -0.4318649172782898], [-1.1223465204238892, -0.48172152042388916], [-0.4301167130470276, -1.3987891674041748], [-0.9615249037742615, -0.5708999037742615], [-0.1270078420639038, -2.3301329612731934], [-1.3352876901626587, -0.3665376901626587], [-0.9506728053092957, -0.5756728053092957], [-0.9503766894340515, -0.6691266894340515], [-0.6740792393684387, -1.095954179763794], [-1.1574797630310059, -0.6731047630310059], [-1.0902671813964844, -0.4652547836303711], [-0.38593050837516785, -1.2296805381774902], [-1.343680739402771, -0.343680739402771], [-0.5950603485107422, -1.1419353485107422], [-0.4551420509815216, -1.283350944519043], [-0.6745249629020691, -0.7840291261672974], [-0.6134225130081177, -0.879047691822052], [-0.7302249670028687, -0.7458499670028687], [-0.37795811891555786, -1.673769235610962], [-0.5495445728302002, -0.9404600858688354], [-1.385351300239563, -0.3384763300418854], [-0.9767038822174072, -0.5488758683204651], [-2.006417751312256, -0.17191430926322937], [-0.45110923051834106, -1.6073591709136963], [-0.22198578715324402, -1.815735936164856], [-0.1080075055360794, -2.6236324310302734], [-0.13541898131370544, -2.2153799533843994], [-0.2785889804363251, -1.6843855381011963], [-0.786699116230011, -0.708574116230011], [-0.6899487376213074, -0.8078179955482483], [-1.0644546747207642, -0.46525830030441284], [-0.3633456528186798, -1.3159208297729492]], "train_probs": [0.3040416749665474, 0.13273273475116568, 0.26284182582255894, 0.3174262655876759, 0.8991213867309121, 0.5406534989383219, 0.3345641219223234, 0.679178699175393, 0.2658804672827598, 0.8397339616560072, 0.6815074811807451, 0.22270014398423357, 0.8268276793482872, 0.11920292828022305, 0.8418271988643725, 0.20432494623362135, 0.22901637541264996, 0.6959583376458153, 0.3276682876897044, 0.3451052709578724, 0.7248548107191288, 0.40356685373537454, 0.9005297967961707, 0.2751297238231752, 0.4073334000459302, 0.43014734858584286, 0.603931819468636, 0.38121956625614994, 0.34864231990938466, 0.6992544273261176, 0.26894142136999516, 0.6334102636778401, 0.6959760766422435, 0.5273487177015853, 0.5660185791202335, 0.5039061705290805, 0.7851291567673578, 0.5965030709819262, 0.25982564369245537, 0.39464510088449833, 0.13770265860202016, 0.7606506418255927, 0.8311430687712434, 0.9252299519377652, 0.8889401802938339, 0.8031021037764947, 0.480478678047907, 0.5294332456322947, 0.3545275721566161, 0.7216327719012345], "train_labels_average": [], "train_logprobs_average": [], "train_probs_average": [], "train_response": [], "test_labels": [], "test_logprobs": [], "test_probs": []}}