{"0": {"train_labels": [1, 1, 1, 1, 1, 1, 0, 1, 1, 0, 1, 1, 1, 1, 1, 0, 1, 1, 1, 0, 0, 1, 1, 1, 1, 0, 1, 1, 1, 1, 1, 1, 1, 1, 0, 1, 1, 1, 1, 1, 1, 0, 1, 0, 1, 1, 1, 0, 1, 1], "train_logprobs": [[-5.286323070526123, -0.005073173902928829], [-11.25001335144043, -1.3589766240329482e-05], [-3.197953462600708, -0.041703447699546814], [-2.265784740447998, -0.10953480005264282], [-1.382650375366211, -0.2889004349708557], [-4.04884672164917, -0.017596909776329994], [-0.015070038847625256, -4.202569961547852], [-7.328785419464111, -0.0006503135664388537], [-8.46895980834961, -0.00021002470748499036], [-0.09726916253566742, -2.378519058227539], [-5.690882682800293, -0.003382677212357521], [-5.099867820739746, -0.006117903161793947], [-3.742725133895874, -0.021852541714906693], [-1.8309202194213867, -0.1746702641248703], [-6.407901287078857, -0.0016005337238311768], [-4.0649541915627196e-05, -11.703165054321289], [-0.9167627692222595, -0.5105127692222595], [-0.9167622923851013, -0.5105122923851013], [-5.753177642822266, -0.0031777145341038704], [-0.3577410876750946, -1.201491117477417], [-0.002185577293857932, -6.127185344696045], [-8.28150463104248, -0.0002543602604418993], [-4.079559803009033, -0.018721075728535652], [-5.006715774536133, -0.006715704221278429], [-1.033457636833191, -0.4397076666355133], [-0.16491614282131195, -1.8836661577224731], [-4.1410346031188965, -0.016034817323088646], [-3.742724895477295, -0.023974865674972534], [-4.665707111358643, -0.01006421260535717], [-5.784330368041992, -0.0030801494140177965], [-6.064826488494873, -0.00240013818256557], [-2.4069135189056396, -0.09441345185041428], [-3.5904734134674072, -0.02797330729663372], [-7.281938552856445, -0.001134705264121294], [-0.10633780062198639, -2.2378227710723877], [-2.4069130420684814, -0.09441301971673965], [-6.345506191253662, -0.0016499252524226904], [-2.0448265075683594, -0.13857659697532654], [-10.70314884185791, -2.407998726994265e-05], [-9.34383773803711, -8.487341256113723e-05], [-6.751170635223389, -0.0012076949933543801], [-0.0013075858587399125, -6.657537460327148], [-5.193071365356445, -0.005571195390075445], [-0.32176271080970764, -1.2905126810073853], [-6.096004486083984, -0.0022545652464032173], [-9.031370162963867, -8.761498611420393e-05], [-1.382651925086975, -0.2889019548892975], [-0.4073512852191925, -1.0948512554168701], [-5.193070888519287, -0.0055709583684802055], [-5.1309285163879395, -0.005746866576373577]], "train_probs": [0.005060332552440032, 1.3007131566370516e-05, 0.04084571532616141, 0.10374863240870875, 0.2509127980882971, 0.017442487960374894, 0.9850429122679636, 0.0006563662035853132, 0.00020988313360346435, 0.9073122125886485, 0.0033766123629349193, 0.0060975626920844175, 0.023640428993380848, 0.16026603834399278, 0.0016483994158459675, 0.9999917321220062, 0.39981164073979497, 0.399811640739795, 0.0031726830692822717, 0.6992544273261175, 0.9978172830480678, 0.000253156303618091, 0.016942560418301358, 0.006692850456827735, 0.35577490034429643, 0.8479677602988602, 0.015906395064834336, 0.023689470610097973, 0.009418251881491929, 0.003075369179754187, 0.0023233332315890196, 0.0900929884650163, 0.027585279378829798, 0.0006881578987399913, 0.8939258991568146, 0.09009299212963996, 0.001754428291255067, 0.12940274166401952, 2.2474095205912746e-05, 8.750274696567081e-05, 0.0011695535569485646, 0.9987156660654193, 0.005554923764785479, 0.7248702702332475, 0.0022518474573632865, 0.00011959468588726054, 0.2509127924867847, 0.6654105521116443, 0.005554925089542774, 0.005910001554472347], "train_labels_average": [], "train_logprobs_average": [], "train_probs_average": [], "train_response": [], "test_labels": [], "test_logprobs": [], "test_probs": []}}