{"0": {"train_labels": [0, 0, 0, 0, 1, 1, 0, 0, 0, 1, 1, 1, 0, 1, 1, 0, 0, 0, 0, 0, 0, 0, 0, 0, 1, 1, 0, 0, 0, 0, 1, 1, 1, 1, 0, 1, 0, 1, 0, 0, 1, 1, 1, 1, 0, 1, 0, 0, 0, 1], "train_logprobs": [[-88.3321533203125, -216.33912658691406], [-24.360681533813477, -275.0764465332031], [-144.65408325195312, -177.0314483642578], [-50.54705047607422, -112.58150482177734], [-385.531494140625, -232.9049072265625], [-253.29470825195312, -44.05010223388672], [-97.65982055664062, -350.0604553222656], [-53.57553482055664, -138.20375061035156], [-18.57367515563965, -65.45500946044922], [-133.83877563476562, -89.25580596923828], [-56.685264587402344, -33.70854568481445], [-433.12908935546875, -96.90581512451172], [-0.02598744072020054, -234.25537109375], [-154.07046508789062, -137.42689514160156], [-119.60940551757812, -42.64508056640625], [-33.59864044189453, -426.2559814453125], [-0.12843537330627441, -428.00335693359375], [-0.03500032797455788, -146.60089111328125], [-263.2419738769531, -288.58477783203125], [-155.08444213867188, -208.48861694335938], [-0.03463778272271156, -253.89947509765625], [-219.2693634033203, -594.46923828125], [-77.38363647460938, -402.70452880859375], [-6.230019569396973, -151.3892059326172], [-268.7274169921875, -170.09304809570312], [-103.85420227050781, -81.41016387939453], [-410.74884033203125, -487.3196716308594], [-114.16883087158203, -139.11416625976562], [-196.20657348632812, -423.2941589355469], [-93.17733764648438, -1209.09716796875], [-235.545166015625, -198.5932159423828], [-586.6212158203125, -114.02784729003906], [-186.7157745361328, -16.840232849121094], [-59.46489715576172, -13.219175338745117], [-62.63650894165039, -613.543212890625], [-345.37384033203125, -173.3902587890625], [-183.98585510253906, -382.6994934082031], [-436.6276550292969, -232.94911193847656], [-180.37147521972656, -313.03253173828125], [-16.200227737426758, -108.69247436523438], [-126.63212585449219, -111.78307342529297], [-229.7999267578125, -102.21586608886719], [-295.3717041015625, -125.52201843261719], [-159.37478637695312, -71.55582427978516], [-72.97232055664062, -94.17100524902344], [-338.98431396484375, -260.4805603027344], [-0.2643359303474426, -36.17384719848633], [-0.4550946056842804, -961.7344970703125], [-0.0036860667169094086, -77.43946075439453], [-221.31423950195312, -147.56549072265625]], "train_probs": [1.0, 1.0, 0.9999999999999913, 1.0, 5.189380451464148e-67, 1.337279657809265e-91, 1.0, 1.0, 1.0, 4.3437246500471606e-20, 1.0503590175959371e-10, 9.551846047047239e-147, 1.0, 5.9127482398549045e-08, 3.7568025524237306e-34, 1.0, 1.0, 1.0, 0.9999999999901427, 1.0, 1.0, 1.0, 1.0, 1.0, 1.4575983306641968e-43, 1.789278630039199e-10, 1.0, 0.9999999999853318, 1.0, 1.0, 8.953070156023785e-17, 5.692563230046614e-206, 1.6749029018427615e-74, 8.23641466580046e-21, 1.0, 2.0346024256661446e-75, 1.0, 3.495687918516498e-89, 1.0, 1.0, 3.557445979888514e-07, 3.8989392880550248e-56, 1.7187739426659128e-74, 7.256201841413585e-39, 0.9999999993783754, 8.058477095370799e-35, 0.9999999999999997, 1.0, 1.0, 9.361067091622897e-33], "test_labels": [], "test_logprobs": [], "test_probs": []}}