{"0": {"train_labels": [0, 0, 1, 0, 1, 0, 1, 1, 0, 1, 0, 0, 1, 0, 0, 0, 0, 1, 0, 0, 1, 0, 1, 0, 1, 0, 1, 0, 0, 1, 0, 0, 0, 0, 0, 1, 0, 0, 1, 1, 1, 0, 1, 1, 1, 1, 1, 1, 0, 0], "train_logprobs": [[-14.034629821777344, -63.718505859375], [-43.17038345336914, -60.776275634765625], [-135.57098388671875, -9.003053665161133], [-83.70797729492188, -140.57083129882812], [-126.39146423339844, -101.32003784179688], [-75.23029327392578, -75.76029968261719], [-29.96209716796875, -28.887516021728516], [-104.44011688232422, -16.082481384277344], [-31.207529067993164, -121.19595336914062], [-110.91557312011719, -67.0684814453125], [-75.63883209228516, -156.82168579101562], [-143.9090576171875, -205.97059631347656], [-293.93170166015625, -73.92402648925781], [-31.2199649810791, -91.61360168457031], [-71.73914337158203, -183.95578002929688], [-6.576913356781006, -137.11947631835938], [-13.858160018920898, -60.6983642578125], [-188.56094360351562, -165.83236694335938], [-39.817569732666016, -260.3222961425781], [-15.655450820922852, -65.58184051513672], [-209.6559600830078, -128.06692504882812], [-38.462181091308594, -196.43392944335938], [-68.74232482910156, -52.88909149169922], [-79.44486236572266, -136.79312133789062], [-190.899169921875, -136.4046173095703], [-28.07322883605957, -107.38441467285156], [-141.30755615234375, -61.42224884033203], [-35.816612243652344, -164.99105834960938], [-28.379703521728516, -185.16261291503906], [-127.69457244873047, -28.0721492767334], [-16.601314544677734, -28.12451934814453], [-58.9820442199707, -118.00202941894531], [-11.177221298217773, -38.36907958984375], [-157.0346221923828, -322.70477294921875], [-194.67282104492188, -313.468505859375], [-79.083251953125, -73.23985290527344], [-18.387746810913086, -21.63374137878418], [-10.707576751708984, -67.57645416259766], [-146.36907958984375, -37.19193649291992], [-50.21583938598633, -16.01847267150879], [-38.319664001464844, -23.34660530090332], [-87.1737060546875, -222.75184631347656], [-94.73682403564453, -62.0802001953125], [-330.2925720214844, -198.84962463378906], [-68.17436981201172, -22.713871002197266], [-214.08399963378906, -162.47988891601562], [-61.57830047607422, -23.46170425415039], [-25.488056182861328, -14.669107437133789], [-19.213748931884766, -37.22519302368164], [-25.585134506225586, -27.832693099975586]], "train_probs": [1.0, 0.9999999774130199, 1.0770759257272317e-55, 1.0, 1.2930575805507293e-11, 0.6294846066916788, 0.2545328534772156, 4.2341522404758233e-39, 1.0, 9.066716537481439e-20, 1.0, 1.0, 2.830614303659008e-96, 1.0, 1.0, 1.0, 1.0, 1.3461844663620138e-10, 1.0, 1.0, 3.6841075567343744e-36, 1.0, 1.3032513535102185e-07, 1.0, 2.154351218553131e-24, 1.0, 2.0241926764722553e-35, 1.0, 1.0, 5.426644134296174e-44, 0.9999901023648307, 1.0, 0.9999999999984486, 1.0, 1.0, 0.00289059236853417, 0.9625289160635022, 1.0, 3.845645106048171e-48, 1.4069295143029564e-15, 3.142556485873038e-07, 1.0, 6.56762683279185e-15, 8.223435007963922e-58, 1.806160009787365e-20, 3.8781041810351433e-23, 2.793653839649057e-17, 2.0016197000740332e-05, 0.9999999849433202, 0.9044397362693098], "test_labels": [], "test_logprobs": [], "test_probs": []}}