{"0": {"train_labels": [0, 1, 1, 0, 1, 1, 0, 0, 0, 0, 1, 0, 1, 0, 1, 1, 1, 1, 1, 1, 0, 1, 1, 0, 0, 1, 1, 0, 1, 0, 0, 1, 1, 0, 0, 1, 0, 1, 1, 0, 1, 0, 1, 1, 0, 1, 1, 0, 0, 0], "train_logprobs": [[-0.7036705017089844, -0.8286705017089844], [-1.4634008407592773, -0.35402587056159973], [-0.8144862651824951, -0.7438173294067383], [-0.4226926863193512, -1.3445676565170288], [-1.3954708576202393, -0.37963542342185974], [-1.8221280574798584, -0.2596281170845032], [-0.5537370443344116, -1.0849870443344116], [-0.5272427797317505, -1.1996642351150513], [-0.22592611610889435, -1.929051160812378], [-0.5760526657104492, -1.0135526657104492], [-1.1682356595993042, -0.5588606595993042], [-0.2744125425815582, -1.8056625127792358], [-1.5261352062225342, -0.4167543947696686], [-0.7422502636909485, -0.7976287603378296], [-1.2697851657867432, -0.4572851359844208], [-1.1160023212432861, -0.6003773212432861], [-2.2591612339019775, -0.16541124880313873], [-1.3129006624221802, -0.4379006624221802], [-0.9130373001098633, -0.7255373001098633], [-1.2402458190917969, -0.42774584889411926], [-0.8267561197280884, -0.8425420522689819], [-1.7343391180038452, -0.2655891478061676], [-1.045360803604126, -0.7158659100532532], [-0.5946539044380188, -0.9540289044380188], [-0.1287444531917572, -2.6290283203125], [-1.0365033149719238, -0.6042704582214355], [-0.8855431079864502, -0.6824181079864502], [-0.7093119621276855, -0.8030619621276855], [-0.8443326950073242, -0.6880826950073242], [-0.6086565256118774, -0.9211565256118774], [-0.10038828104734421, -2.975740909576416], [-1.2401607036590576, -0.4432857632637024], [-1.4073173999786377, -0.3760673403739929], [-0.7687175273895264, -0.7687175273895264], [-0.5760387778282166, -0.9818397164344788], [-1.2389748096466064, -0.5045998096466064], [-0.46904921531677246, -1.1877992153167725], [-1.4760417938232422, -0.3979167342185974], [-0.7817521691322327, -0.7192521691322327], [-0.6676679849624634, -0.8708966374397278], [-1.5123844146728516, -0.34050941467285156], [-0.5717661380767822, -1.1186411380767822], [-1.277667760848999, -0.6214177012443542], [-0.9192754030227661, -0.6224004030227661], [-0.6617135405540466, -0.8335885405540466], [-1.974733829498291, -0.22473378479480743], [-1.005746841430664, -0.584537148475647], [-0.7230616807937622, -0.8082104921340942], [-0.6934561133384705, -1.0372061729431152], [-0.6498684883117676, -1.1186184883117676]], "train_probs": [0.5312093733737563, 0.24798743179802785, 0.4823401150447794, 0.7154239897159439, 0.2658394008832335, 0.17328821446825263, 0.6297746074044134, 0.662045151350017, 0.8459424431344437, 0.6076631698328916, 0.35220178204788966, 0.8221891261650248, 0.2479863424659055, 0.5138410870475301, 0.30735801052067524, 0.37387582277169656, 0.1097057753333734, 0.29421497216298875, 0.4532618480153861, 0.30735802320985245, 0.5039464011833911, 0.18713268669577834, 0.41836352841107516, 0.588889130767832, 0.9241617177231051, 0.3935932722307688, 0.44939263446475963, 0.523420348936324, 0.46101677931231594, 0.5774953651858117, 0.9466144932639863, 0.3106943959796865, 0.2628418258225589, 0.5, 0.600080596612106, 0.32423539898095244, 0.672331699179286, 0.25386099567919973, 0.48438008427698437, 0.5506330130550734, 0.2365162364457076, 0.6334102636778401, 0.34158248603300034, 0.42632159254749036, 0.5428632831725052, 0.1480471923932738, 0.3962273175032029, 0.5212743505671411, 0.5851011686727232, 0.6150878555160665], "train_labels_average": [], "train_logprobs_average": [], "train_probs_average": [], "train_response": [], "test_labels": [], "test_logprobs": [], "test_probs": []}}