{"0": {"train_labels": [1, 1, 1, 0, 0, 0, 1, 0, 1, 1, 1, 0, 0, 1, 0, 1, 0, 1, 0, 1, 1, 0, 1, 1, 1, 0, 1, 1, 1, 0, 1, 0, 1, 0, 0, 0, 1, 0, 0, 1, 1, 1, 0, 0, 0, 0, 1, 1, 0, 0], "train_logprobs": [[-954.2027587890625, -356.21661376953125], [-563.8470458984375, -205.6449432373047], [-216.1612091064453, -18.38228988647461], [-0.0007761560846120119, -134.444091796875], [-130.1570587158203, -160.906982421875], [-36.428733825683594, -165.57089233398438], [-366.3794250488281, -161.95907592773438], [-55.72721862792969, -115.96932983398438], [-165.86151123046875, -142.98826599121094], [-54.94669723510742, -47.82062530517578], [-583.0255126953125, -273.39556884765625], [-0.0003259008517488837, -27.78618621826172], [-1.5752795934677124, -488.0015869140625], [-332.4735107421875, -97.42555236816406], [-140.77789306640625, -267.2210998535156], [-529.3202514648438, -151.6515350341797], [-37.156455993652344, -130.1842803955078], [-215.29986572265625, -199.42750549316406], [-95.85147857666016, -711.603515625], [-85.36856842041016, -82.629638671875], [-195.60806274414062, -64.33077239990234], [-30.457956314086914, -162.75100708007812], [-76.87590026855469, -34.310020446777344], [-599.1094970703125, -22.995189666748047], [-1151.749755859375, -227.1170654296875], [-156.38937377929688, -247.1035614013672], [-358.9678649902344, -76.6968994140625], [-731.3209228515625, -127.83788299560547], [-431.76727294921875, -364.20703125], [-56.277706146240234, -146.17330932617188], [-269.27880859375, -119.19844818115234], [-57.336509704589844, -460.1836242675781], [-63.74485778808594, -36.493125915527344], [-59.873512268066406, -111.02000427246094], [-120.91026306152344, -219.70262145996094], [-169.31753540039062, -215.42852783203125], [-254.97027587890625, -47.38169860839844], [-75.07355499267578, -479.0547180175781], [-262.4449157714844, -1083.2080078125], [-397.37353515625, -172.832275390625], [-101.10576629638672, -63.72275924682617], [-173.27288818359375, -56.546607971191406], [-0.05642424523830414, -83.33463287353516], [-0.04702812433242798, -551.8199462890625], [-108.29960632324219, -283.29595947265625], [-34.688087463378906, -128.364013671875], [-132.73919677734375, -84.84136199951172], [-123.45133209228516, -98.5576171875], [-113.91014862060547, -239.46377563476562], [-0.8004237413406372, -336.1390380859375]], "train_probs": [0.0, 2.72146910311161e-156, 1.2755771942150986e-86, 1.0, 0.9999999999999558, 1.0, 1.664831896673284e-89, 1.0, 1.1648655708904659e-10, 0.000803225165591101, 3.383950136436838e-135, 0.9999999999991434, 1.0, 8.317038187399528e-103, 1.0, 9.562258207602323e-165, 1.0, 1.2785610854544295e-07, 1.0, 0.06071490958068631, 9.705037197350591e-58, 1.0, 3.264925501324333e-19, 6.262321343005233e-251, 0.0, 1.0, 2.5779663768572776e-123, 8.140395336401138e-263, 4.5599474101713034e-30, 1.0, 6.621061635617172e-66, 1.0, 1.4612456302324432e-12, 1.0, 1.0, 1.0, 7.005294301372502e-91, 1.0, 1.0, 3.0406744452191e-98, 5.817900927664589e-17, 2.024979405319081e-51, 1.0, 1.0, 1.0, 1.0, 1.5784639254158745e-21, 1.5445322568446436e-11, 1.0, 1.0], "train_labels_average": [0, 0, 0, 1, 0, 1, 0, 1, 0, 0, 0, 0, 1, 0, 1, 0, 1, 0, 1, 1, 0, 1, 0, 0, 0, 1, 0, 0, 0, 1, 0, 1, 1, 1, 1, 1, 0, 1, 1, 0, 1, 0, 0, 1, 1, 1, 0, 0, 1, 0], "train_logprobs_average": [[-4.747277406910759, -15.146075536334326], [-4.738210469734769, -14.83808015522204], [-4.699156719705333, -21.616120910644533], [-6.467967371766765e-05, -3.695981355295295e-05], [-3.517758343670819, -3.7187731061662945], [-2.6020524161202565, -0.9845603736671241], [-5.160273592237016, -11.102406819661459], [-6.191913180881077, -1.7414755821228027], [-3.4554481506347656, -4.146537780761719], [-6.105188581678602, -6.105188581678602], [-5.606014545147236, -8.449645111526268], [-2.327863226777741e-05, -4.655726453555482e-05], [-0.07160361788489601, -0.015002662794930594], [-5.9370269775390625, -15.832071940104166], [-6.703709193638393, -3.6096895658052883], [-5.089617802546575, -15.568242690142464], [-5.308065141950335, -1.3761650368019387], [-4.062261617408608, -4.680431863536006], [-4.167455590289572, -0.5916757936830874], [-6.097754887172154, -5.021680495318244], [-4.657334827241444, -13.040537516276041], [-3.8072445392608643, -0.6768434736463759], [-4.270883348253038, -4.270883348253038], [-5.34919193812779, -85.58707101004464], [-4.218863574576465, -20.940904651988635], [-3.5543039495294746, -3.2581119537353516], [-4.850917094462627, -17.948393249511717], [-4.4592739198266, -29.2528369140625], [-4.962842217807112, -6.08122919646787], [-5.627770614624024, -2.009918076651437], [-6.411400204613095, -9.285476158405173], [-7.1670637130737305, -0.6745471729951746], [-3.984053611755371, -3.354992515162418], [-5.443046569824219, -2.6031961855681045], [-5.256967959196671, -3.022756576538086], [-4.576149605415963, -3.1355099148220487], [-8.224847608996976, -21.247522989908855], [-3.574931190127418, -0.6643677432980157], [-5.583934378116689, -1.0133008330945343], [-4.1393076578776045, -8.63855511209239], [-5.616987016465929, -5.3213561208624585], [-5.2506935813210225, -14.439407348632812], [-0.0015673401455084484, -0.002821212261915207], [-0.0014696288853883743, -0.0003645591033521549], [-5.699979280170641, -1.5253465679329885], [-3.854231940375434, -1.4453369776407878], [-6.636959838867187, -11.061599731445312], [-3.7409494573419746, -5.878634861537388], [-7.119384288787842, -2.847753715515137], [-0.007211024696762497, -0.013121700677715365]], "train_probs_average": [0.9999695318474338, 0.999958916779064, 0.9999999550162371, 0.49999307003495924, 0.5500851551249542, 0.16555103866581442, 0.9973804590993575, 0.011538760332942911, 0.6662092765479374, 0.5, 0.9449885032520199, 0.5000058196580667, 0.48585353774004436, 0.9999495786259861, 0.043354614574716135, 0.9999718694116019, 0.019229364660634768, 0.6498022853230189, 0.027231286540971514, 0.2542496201439766, 0.9997713758888993, 0.041870514401718455, 0.5, 1.0, 0.9999999453349424, 0.42648864430534705, 0.9999979496052154, 0.9999999999829277, 0.7536893949892799, 0.026138684174784724, 0.9465499390761242, 0.0015124413792186287, 0.34772346177351243, 0.055208341277718655, 0.09672008683297262, 0.19144630835439752, 0.9999977903525733, 0.05163383775184279, 0.010245345893099979, 0.9890048770240086, 0.4266258928703186, 0.9998978242254893, 0.5003134679880323, 0.4997237325826053, 0.01514785310976977, 0.08249692112221844, 0.9881632625647433, 0.8945124046531696, 0.013766832151564604, 0.501477664693255], "test_labels": [], "test_logprobs": [], "test_probs": []}}