{"0": {"train_labels": [1, 1, 1, 1, 0, 0, 1, 0, 1, 1, 1, 1, 1, 1, 0, 1, 0, 1, 0, 1, 1, 0, 1, 1, 1, 0, 1, 1, 1, 0, 1, 0, 1, 0, 0, 0, 1, 0, 0, 1, 0, 1, 1, 1, 0, 0, 1, 1, 0, 1], "train_logprobs": [[-934.8344116210938, -296.7146301269531], [-620.2068481445312, -200.1163787841797], [-223.09274291992188, -26.19426727294922], [-38.82611846923828, -0.016114797443151474], [-135.04188537597656, -184.4373779296875], [-38.26683044433594, -177.0868377685547], [-377.977783203125, -179.06219482421875], [-41.78724670410156, -97.11967468261719], [-203.91595458984375, -108.2428970336914], [-65.27957153320312, -43.255638122558594], [-609.545166015625, -295.6510009765625], [-47.443359375, -0.0014849427388980985], [-116.45570373535156, -5.204521179199219], [-330.30413818359375, -89.7517318725586], [-90.41293334960938, -207.37612915039062], [-579.9509887695312, -140.65322875976562], [-47.28502655029297, -147.46591186523438], [-234.55801391601562, -200.09600830078125], [-67.41710662841797, -657.24853515625], [-70.24329376220703, -64.4852523803711], [-216.97386169433594, -29.187145233154297], [-52.96868896484375, -183.19680786132812], [-75.835205078125, -55.021602630615234], [-553.3848876953125, -33.28307342529297], [-1112.426025390625, -269.88616943359375], [-215.15667724609375, -223.52072143554688], [-355.53436279296875, -84.9942626953125], [-659.792236328125, -114.3428726196289], [-423.35723876953125, -316.88116455078125], [-63.58357238769531, -133.79603576660156], [-212.27687072753906, -126.32640838623047], [-59.91131591796875, -442.031005859375], [-54.32567596435547, -17.91059112548828], [-46.32886505126953, -96.94601440429688], [-145.8265380859375, -229.25274658203125], [-140.78201293945312, -183.3428955078125], [-199.0138702392578, -67.56121826171875], [-77.02255249023438, -480.41607666015625], [-266.6451416015625, -1105.727294921875], [-446.18829345703125, -211.20928955078125], [-69.47842407226562, -76.936767578125], [-191.5264129638672, -69.30784606933594], [-120.36859893798828, -0.0077567375265061855], [-108.15113830566406, -2.8319389820098877], [-73.25831604003906, -297.25408935546875], [-45.775203704833984, -133.24002075195312], [-152.83712768554688, -71.44072723388672], [-153.9672088623047, -103.78386688232422], [-86.58072662353516, -195.63243103027344], [-400.8070068359375, -0.187332421541214]], "train_probs": [0.0, 3.606012739218788e-183, 3.0766531006537007e-86, 1.3964634159505252e-17, 1.0, 1.0, 4.093149454798507e-87, 1.0, 2.8165601899380177e-42, 2.723499186169254e-10, 4.758786511207773e-137, 2.490323248221725e-21, 4.8330947649090745e-49, 3.383898520761334e-105, 1.0, 1.6421276557937752e-191, 1.0, 1.079794537169844e-15, 1.0, 0.0031473523684356513, 2.7878234455424657e-82, 1.0, 9.136235973168199e-10, 1.3263313489519595e-226, 0.0, 0.9997669545973017, 3.2057333406711383e-118, 1.301221359992264e-237, 5.728336371278159e-47, 1.0, 4.700980915967959e-38, 1.0, 1.5315444168193807e-16, 1.0, 1.0, 1.0, 8.144015932183213e-58, 1.0, 1.0, 8.910770130407986e-103, 0.9994237217553146, 8.339707361010791e-54, 5.345033052222627e-53, 1.821599486863611e-46, 1.0, 1.0, 4.4667581352739414e-36, 1.6056522589374892e-22, 1.0, 1.030590322356578e-174], "train_labels_average": [0, 0, 0, 1, 0, 1, 0, 1, 0, 0, 0, 0, 1, 0, 1, 0, 1, 0, 1, 1, 0, 1, 0, 0, 0, 1, 0, 0, 0, 1, 0, 1, 1, 1, 1, 1, 0, 1, 1, 0, 1, 0, 0, 1, 1, 1, 0, 0, 1, 0], "train_logprobs_average": [[-4.65091747075171, -14.838641454303076], [-5.211822253315389, -16.321232845908717], [-4.849842237389606, -22.30927429199219], [-3.2355098724365234, -1.848862784249442], [-3.6497806858372046, -3.858339582170759], [-2.7333450317382812, -1.034238660657728], [-5.323630749339789, -11.453872218276516], [-4.64302741156684, -1.3058514595031738], [-4.248249053955078, -5.097898864746094], [-7.253285725911458, -7.253285725911458], [-5.861011211688702, -8.833987913269928], [-3.3888113839285716, -6.777622767857143], [-5.293441078879616, -1.1091019403366815], [-5.898288181849888, -15.728768484933036], [-4.3053777785528276, -2.318280342297676], [-5.576451815091646, -17.057382022633274], [-6.755003792898996, -1.7512972796404804], [-4.425622904075767, -5.099087259043818], [-2.931178549061651, -0.41615497918776523], [-5.0173781258719305, -4.1319584566004135], [-5.1660443260556175, -14.46492411295573], [-6.621086120605469, -1.1770819769965277], [-4.213066948784722, -4.213066948784722], [-4.9409364972795755, -79.05498395647321], [-4.074820605826465, -20.225927734375], [-4.889924482865767, -4.482430775960286], [-4.8045184161212, -17.776718139648438], [-4.023123392244664, -26.391689453125], [-4.866175158270474, -5.962778010838468], [-6.358357238769531, -2.2708418709891185], [-5.0542112077985495, -7.319892094053071], [-7.488914489746094, -0.7048390107996324], [-3.395354747772217, -2.85924610338713], [-4.211715004660866, -2.0142984804899795], [-6.3402842646059785, -3.6456634521484377], [-3.8049192686338684, -2.6070743136935763], [-6.4198022657825105, -16.584489186604817], [-3.6677405947730657, -0.681615508763136], [-5.673300885139628, -1.029517921241554], [-4.647794723510742, -9.699745509935463], [-3.8599124484592013, -3.656759161698191], [-5.803830695874764, -15.9605344136556], [-3.3435721927218967, -6.018429946899414], [-3.379723072052002, -0.838380917098171], [-3.855700844212582, -1.0318072681695643], [-5.086133744981554, -1.9073001543680828], [-7.641856384277344, -12.736427307128906], [-4.665672995827415, -7.3317718505859375], [-5.411295413970947, -2.1645181655883787], [-3.6108739354588963, -6.570606669441599]], "train_probs_average": [0.9999623719815028, 0.9999850294491496, 0.9999999738504035, 0.19994356964118903, 0.5519515498854175, 0.15458201419807222, 0.9978286694881137, 0.034317623447046794, 0.7004936771364009, 0.5, 0.9513382650260462, 0.9673530276789819, 0.015003728211248017, 0.9999462159761068, 0.1205642782597313, 0.9999896749805218, 0.006668254814993598, 0.6622784516825991, 0.07481166017570205, 0.29205595049069155, 0.9999084816728864, 0.004303541579744582, 0.5, 1.0, 0.9999999032472638, 0.3995132352006212, 0.9999976759566073, 0.9999999998070455, 0.7496230414895598, 0.016503925775640457, 0.9059945802343508, 0.0011303742656370735, 0.3690932741698364, 0.09998272611120029, 0.0632915167893268, 0.23185880886637442, 0.9999614951144165, 0.048056646219702105, 0.009529545952049509, 0.9936438171069618, 0.4493856352299047, 0.9999611865038163, 0.9355266549190996, 0.07301028459293084, 0.05604658608185883, 0.03997006794364141, 0.9939074108967914, 0.9349963288118734, 0.03744286521404468, 0.9507214739704564], "test_labels": [], "test_logprobs": [], "test_probs": []}}