{"0": {"train_labels": [1, 1, 1, 1, 1, 1, 0, 1, 0, 1, 1, 0, 1, 1, 1, 1, 1, 1, 1, 1, 1, 1, 1, 1, 0, 1, 1, 1, 1, 1, 1, 1, 1, 1, 1, 1, 1, 1, 1, 1, 1, 1, 1, 1, 1, 1, 1, 1, 1, 1], "train_logprobs": [[-2.7241060733795166, -0.06785598397254944], [-6.626326084136963, -0.0013260389678180218], [-2.492567777633667, -0.08631781488656998], [-1.8047449588775635, -0.17467045783996582], [-11.031266212463379, -1.597391747054644e-05], [-9.37508487701416, -8.487341256113723e-05], [-0.6776443719863892, -0.7088943719863892], [-1.0537011623382568, -0.417916476726532], [-0.001207337831147015, -6.71995735168457], [-0.9547404050827026, -0.48599040508270264], [-1.2456012964248657, -0.3393513262271881], [-0.00016866691294126213, -8.656423568725586], [-5.877804756164551, -0.0027186835650354624], [-2.3502066135406494, -0.10020668804645538], [-6.876032829284668, -0.001032772590406239], [-3.712226390838623, -0.024726316332817078], [-13.437500953674316, -1.5497195136049413e-06], [-3.378445625305176, -0.03364577144384384], [-2.072087526321411, -0.13458742201328278], [-4.758614540100098, -0.008614521473646164], [-5.441841125488281, -0.004340988118201494], [-4.696667671203613, -0.009167718701064587], [-4.04884672164917, -0.01759655773639679], [-4.449256420135498, -0.011756186373531818], [-0.042999111115932465, -3.167999029159546], [-3.926166296005249, -0.019916318356990814], [-1.1368714570999146, -0.38687142729759216], [-3.3482773303985596, -0.03577728569507599], [-2.1821796894073486, -0.11967968195676804], [-5.784330368041992, -0.0030802683904767036], [-1.0334599018096924, -0.43970987200737], [-5.846643924713135, -0.002893905621021986], [-6.158368110656738, -0.002118011936545372], [-0.8797205686569214, -0.5359705686569214], [-3.4994308948516846, -0.03068079613149166], [-6.907250881195068, -0.0010010951664298773], [-4.511047840118408, -0.011396546848118305], [-7.609870910644531, -0.0004960260121151805], [-3.4086458683013916, -0.03364577144384384], [-1.3593337535858154, -0.2735815942287445], [-6.532706260681152, -0.0014561536954715848], [-2.2938380241394043, -0.10633791238069534], [-4.387509822845459, -0.012509924359619617], [-4.110289096832275, -0.016539253294467926], [-4.511048316955566, -0.01139701809734106], [-4.202569961547852, -0.015070038847625256], [-1.267958402633667, -0.33045846223831177], [-7.188255786895752, -0.0007557396893389523], [-1.9637142419815063, -0.1556590050458908], [-0.8981233835220337, -0.5231233835220337]], "train_probs": [0.06560483197834707, 0.0013250223574423354, 0.08269734550098794, 0.1638201555837629, 1.6187577574732984e-05, 8.481104141815128e-05, 0.5078118642792044, 0.3462000375589404, 0.9987934103044488, 0.3849121444839335, 0.2877678218692626, 0.9998259954172645, 0.0028006865695999316, 0.09534947132582736, 0.0010322309782936526, 0.02442308827888703, 1.4593770909300634e-06, 0.034065862968481436, 0.12592275335433115, 0.00857748525531428, 0.004331501428122577, 0.00912563781866959, 0.017442481927028387, 0.011687255295588348, 0.9579122687801985, 0.01971912853941211, 0.3208212943308302, 0.035144844884912194, 0.11279540553729424, 0.0030753695445254765, 0.3557748866829643, 0.002889580962764834, 0.0021157031921723675, 0.41489884579676883, 0.03021458417472801, 0.0010005046147751131, 0.010990732404225819, 0.0004955360047040096, 0.033085975290105755, 0.2524190181287056, 0.0014550627830884635, 0.10087861259330445, 0.012431652099485881, 0.016403035040520045, 0.010990732343485318, 0.014957087732036366, 0.2814056194821862, 0.0007554055970964759, 0.14087333224309964, 0.4073334000459302], "train_labels_average": [], "train_logprobs_average": [], "train_probs_average": [], "train_response": [], "test_labels": [], "test_logprobs": [], "test_probs": []}}