{"0": {"train_labels": [1, 0, 0, 0, 0, 0, 0, 0, 1, 1, 1, 1, 0, 0, 0, 1, 1, 0, 0, 0, 0, 0, 0, 0, 1, 0, 1, 1, 1, 0, 0, 0, 0, 0, 0, 1, 0, 0, 1, 0, 0, 1, 0, 1, 0, 0, 0, 0, 0, 0], "train_logprobs": [[-54.469383239746094, -48.8017578125], [-111.87590026855469, -160.9871368408203], [-59.461612701416016, -110.09259796142578], [-38.480525970458984, -286.8629150390625], [-304.9971618652344, -349.8806457519531], [-37.712303161621094, -142.80445861816406], [-19.328739166259766, -303.47784423828125], [-0.9651125073432922, -6.097368240356445], [-150.0120086669922, -122.11091613769531], [-59.40657424926758, -38.0032844543457], [-94.67311096191406, -28.018558502197266], [-83.190673828125, -9.734031677246094], [-51.63566589355469, -110.01129913330078], [-34.273963928222656, -144.69100952148438], [-1.0169329643249512, -25.915794372558594], [-565.92822265625, -73.9014892578125], [-368.652099609375, -109.05297088623047], [-56.2640495300293, -119.36865997314453], [-51.8462028503418, -87.33199310302734], [-34.97629165649414, -270.7489013671875], [-50.18763732910156, -491.80712890625], [-150.1424560546875, -245.532470703125], [-0.7753227949142456, -6.357163429260254], [-97.05716705322266, -207.93898010253906], [-454.405517578125, -231.40304565429688], [-177.90325927734375, -207.17323303222656], [-295.32989501953125, -255.4111785888672], [-199.6015167236328, -137.14208984375], [-524.722900390625, -337.2476806640625], [-79.02679443359375, -194.8839111328125], [-68.81503295898438, -69.18966674804688], [-6.783573627471924, -8.033204078674316], [-0.5649658441543579, -9.620842933654785], [-81.57877349853516, -97.3112564086914], [-121.29043579101562, -187.032470703125], [-272.46868896484375, -161.26828002929688], [-170.27296447753906, -428.34942626953125], [-3.6598775386810303, -5.401317119598389], [-4.726461410522461, -3.617892265319824], [-47.842384338378906, -56.92241287231445], [-167.66635131835938, -508.697998046875], [-58.32911682128906, -6.72723913192749], [-117.40998840332031, -406.61004638671875], [-184.37625122070312, -36.104896545410156], [-3.5660400390625, -10.21875], [-74.49923706054688, -267.79046630859375], [-50.373695373535156, -210.57452392578125], [-194.65957641601562, -482.1065673828125], [-15.771928787231445, -64.09154510498047], [-17.13327980041504, -96.5113296508789]], "train_probs": [0.00344415898359188, 1.0, 1.0, 1.0, 1.0, 1.0, 1.0, 0.9941314142731184, 7.633249807817898e-13, 5.066048547368625e-10, 1.1279651273301613e-29, 1.2536769895389873e-32, 1.0, 1.0, 0.999999999984634, 2.067781931886168e-214, 1.8093845958709868e-113, 1.0, 0.9999999999999997, 1.0, 1.0, 1.0, 0.9962484987662475, 1.0, 1.4166318203905323e-97, 0.9999999999998058, 4.608098242847719e-18, 7.485409486200968e-28, 3.8066818301328656e-82, 1.0, 0.5925781889098904, 0.7772358839534073, 0.9998833104753577, 0.9999998529485126, 1.0, 5.08482503660549e-49, 1.0, 0.8508698266989335, 0.24813774034800906, 0.9998860946190424, 1.0, 3.886773773976731e-23, 1.0, 4.041744352953386e-65, 0.9987111431922255, 1.0, 1.0, 1.0, 1.0, 1.0], "train_labels_average": [0, 1, 1, 1, 1, 1, 1, 0, 0, 0, 0, 0, 1, 1, 1, 0, 0, 1, 1, 1, 1, 1, 0, 1, 0, 1, 0, 0, 0, 1, 0, 1, 0, 0, 1, 0, 1, 0, 0, 1, 1, 0, 1, 0, 1, 1, 1, 1, 1, 1], "train_logprobs_average": [[-4.539115269978841, -7.781340462820871], [-5.085268194025213, -2.330747922261556], [-3.3034229278564453, -2.5852875087572182], [-3.8480525970458985, -0.5743362085143132], [-4.295734674158231, -2.310584559585109], [-7.542460632324219, -1.3967519689489294], [-1.2885826110839844, -0.2722357629050671], [-0.031132661527202975, -0.05079539512333117], [-5.172827885068696, -6.000480346679687], [-2.970328712463379, -5.940657424926758], [-5.259617275661892, -9.467311096191406], [-4.8935690487132355, -8.3190673828125], [-6.454458236694336, -2.4588412330264138], [-2.636458763709435, -1.3709585571289062], [-0.04622422565113415, -0.00968507585071382], [-3.1973345912782487, -31.44045681423611], [-5.946001606602823, -12.2884033203125], [-3.516503095626831, -1.8754683176676432], [-5.18462028503418, -2.0738481140136718], [-3.1796628778631035, -0.402026340879243], [-2.281256242231889, -0.39831458197699654], [-3.5748203822544644, -2.207977294921875], [-0.025844093163808188, -0.027690099818365916], [-2.3672479769078696, -2.065046107515376], [-3.8185337611607144, -6.68243408203125], [-3.706317901611328, -2.8238612583705356], [-1.649887681673359, -2.839710529033954], [-4.24684078135389, -6.653383890787761], [-3.748020717075893, -5.465863545735677], [-3.16107177734375, -1.2347936630249023], [-3.2769063313802085, -3.6218438399465462], [-0.4522382418314616, -0.1279919552353193], [-0.025680265643379906, -0.14124146103858948], [-3.7081260681152344, -3.7081260681152344], [-2.8878675188337053, -1.9252450125558036], [-4.066696850221549, -5.797206148188165], [-5.871481533708243, -1.480634473717731], [-0.14639510154724122, -0.17427988279433476], [-0.08010951543258409, -0.08593566200949929], [-4.78423843383789, -2.278208778018043], [-3.493048985799154, -1.2328408185173483], [-2.916455841064453, -5.302646983753551], [-2.1742590445059315, -0.9244880976639395], [-4.983141924883868, -36.875250244140624], [-0.7132080078125, -0.024258775775935375], [-3.724961853027344, -1.2844696044921875], [-3.8748996441180887, -0.915885370427912], [-2.317375909714472, -1.3424798373518319], [-2.6286547978719077, -0.7885964393615723], [-1.5575708909468218, -0.5711093266805013]], "train_probs_average": [0.9623927287336608, 0.05983186927277589, 0.32780370842745993, 0.03648396122601942, 0.12077090252703575, 0.0021380757684031104, 0.2657396007768181, 0.5049155250287619, 0.6958583264943216, 0.9512155330154016, 0.9853375406325676, 0.9684919875901669, 0.0180637893135985, 0.22002851554109631, 0.4908662287426568, 0.9999999999994578, 0.9982430224311187, 0.16232430934595865, 0.04266509391988801, 0.05854468718703679, 0.13205135361929848, 0.20313037202502846, 0.500461501532583, 0.4250193063455412, 0.946032776245528, 0.29266896085046656, 0.7667093791227214, 0.9173248894451724, 0.847850770343456, 0.12716310916269793, 0.5853894019989011, 0.41964124527794017, 0.5288581907003765, 0.5, 0.2763534327867857, 0.8494775534540947, 0.012238590560558557, 0.5069707436360794, 0.5014565325241881, 0.07543655828392284, 0.0944725592573143, 0.9157682300035046, 0.22273979154186055, 0.9999999999999859, 0.33426686256330157, 0.08013661869921637, 0.049312196906141886, 0.27390568752359223, 0.13704439076358985, 0.27161155123366565], "test_labels": [], "test_logprobs": [], "test_probs": []}}