{"0": {"train_labels": [0, 1, 0, 0, 1, 1, 0, 1, 1, 0, 0, 0, 0, 1, 0, 1, 1, 1, 0, 1, 1, 0, 0, 0, 1, 0, 0, 0, 0, 0, 0, 1, 1, 0, 1, 0, 0, 1, 0, 1, 1, 1, 1, 1, 1, 0, 0, 1, 1, 1], "train_logprobs": [[-50.0684700012207, -176.79759216308594], [-25.536964416503906, -14.096379280090332], [-175.49978637695312, -203.45999145507812], [-16.757171630859375, -78.17472076416016], [-41.380184173583984, -30.436386108398438], [-50.298980712890625, -16.1904296875], [-36.18489074707031, -90.72431945800781], [-133.14852905273438, -114.89180755615234], [-157.95974731445312, -95.3239517211914], [-92.98784637451172, -167.16734313964844], [-159.02188110351562, -253.7919921875], [-101.46330261230469, -103.71624755859375], [-19.83016014099121, -49.83325958251953], [-20.289276123046875, -10.825517654418945], [-54.408790588378906, -97.36767578125], [-131.85040283203125, -51.010860443115234], [-30.10000991821289, -22.81198501586914], [-73.97865295410156, -25.68048095703125], [-25.23015594482422, -230.92088317871094], [-173.55313110351562, -156.41673278808594], [-87.78987884521484, -46.97140884399414], [-25.882606506347656, -30.503559112548828], [-23.171226501464844, -235.96473693847656], [-130.2686004638672, -132.0459442138672], [-31.39366912841797, -22.15864372253418], [-115.99320983886719, -155.9454345703125], [-38.58979797363281, -77.90642547607422], [-43.95231628417969, -138.91879272460938], [-84.43576049804688, -251.3543701171875], [-32.74861526489258, -56.66788101196289], [-31.56321144104004, -81.8709716796875], [-87.67518615722656, -85.93974304199219], [-142.1402587890625, -54.7772216796875], [-48.3837776184082, -127.48648071289062], [-64.55851745605469, -31.581567764282227], [-27.727985382080078, -42.20051193237305], [-23.420791625976562, -194.09130859375], [-179.73931884765625, -44.741737365722656], [-20.04926300048828, -24.779396057128906], [-54.82647705078125, -28.941991806030273], [-45.230316162109375, -12.186284065246582], [-32.35932159423828, -20.10879135131836], [-20.217267990112305, -20.139163970947266], [-139.0839080810547, -66.24974060058594], [-187.3848419189453, -61.418094635009766], [-19.76294708251953, -22.80534553527832], [-42.27478790283203, -176.99798583984375], [-45.78602981567383, -32.52777099609375], [-132.90536499023438, -61.21776580810547], [-39.11995315551758, -25.269222259521484]], "train_probs": [1.0, 1.07500958562788e-05, 0.9999999999992805, 1.0, 1.766693521623513e-05, 1.5376040135812497e-15, 1.0, 1.1781662868586763e-08, 6.275084873423527e-28, 1.0, 1.0, 0.9049042575764065, 0.9999999999999067, 7.760830758890439e-05, 1.0, 7.79529977308939e-36, 0.0006832099540900488, 1.0577192677175962e-21, 1.0, 3.6120749745101604e-08, 1.8739746802869853e-18, 0.9902525336577948, 1.0, 0.8553685628570247, 9.755219763653922e-05, 1.0, 1.0, 1.0, 1.0, 0.9999999999590744, 1.0, 0.14989266900863413, 1.1447616213820282e-38, 1.0, 4.767522143400193e-15, 0.9999994816043425, 1.0, 2.3512309621986228e-59, 0.9912519078118254, 5.734702479304201e-12, 4.458196437557202e-15, 4.7825579171082875e-06, 0.48048391526337336, 2.3362696609186035e-32, 1.9648832538101788e-55, 0.9544532091495948, 1.0, 1.7458647515240625e-06, 7.353113240501933e-32, 9.653917481163008e-07], "test_labels": [], "test_logprobs": [], "test_probs": []}}