{"0": {"train_labels": [1, 0, 0, 0, 0, 1, 1, 0, 0, 0, 0, 0, 0, 0, 0, 0, 0, 0, 1, 0, 1, 0, 0, 0, 0, 0, 0, 0, 0, 0, 0, 0, 0, 0, 0, 0, 0, 0, 0, 0, 1, 1, 0, 0, 0, 0, 0, 0, 0, 1], "train_logprobs": [[-13.223329544067383, -8.949994087219238], [-0.2927802503108978, -15.59499454498291], [-12.207939147949219, -26.419574737548828], [-0.1046285480260849, -15.770000457763672], [-0.7996665239334106, -13.0672025680542], [-2.2643141746520996, -2.1554195880889893], [-10.376785278320312, -5.778505325317383], [-1.0014570951461792, -17.218414306640625], [-0.8586852550506592, -10.47327709197998], [-17.723628997802734, -25.2803955078125], [-0.2181924432516098, -12.57836627960205], [-0.7576205134391785, -9.381175994873047], [-0.515737771987915, -3.315925359725952], [-6.225030899047852, -13.91130256652832], [-0.28724512457847595, -3.578033685684204], [-0.6973467469215393, -17.37299156188965], [-0.3034477233886719, -11.136837005615234], [-0.20935185253620148, -1.8939658403396606], [-11.33822250366211, -1.8423463106155396], [-0.7472981810569763, -6.461314678192139], [-11.342307090759277, -2.1913719177246094], [-1.5705287456512451, -22.985233306884766], [-6.0803728103637695, -9.079378128051758], [-2.3838980197906494, -18.32927703857422], [-0.4454074203968048, -9.9049654006958], [-0.09949386119842529, -14.855367660522461], [-0.03595789894461632, -5.465442657470703], [-0.2573300302028656, -5.168059825897217], [-0.24469707906246185, -248.27716064453125], [-0.032541293650865555, -10.51504898071289], [-4.366153717041016, -16.599124908447266], [-0.37651491165161133, -72.72891998291016], [-13.689406394958496, -32.139076232910156], [-0.0204942487180233, -18.42833137512207], [-0.7950457334518433, -1.6012847423553467], [-0.1178283542394638, -18.968605041503906], [-3.751713514328003, -31.26030731201172], [-4.977959156036377, -5.111799716949463], [-0.7599165439605713, -5.683538436889648], [-0.7904148101806641, -14.99441909790039], [-5.465761184692383, -3.820631504058838], [-13.662080764770508, -7.045313835144043], [-3.904334783554077, -15.647747039794922], [-0.23259671032428741, -1.6264616250991821], [-9.72891616821289, -12.144062042236328], [-4.978002071380615, -19.507671356201172], [-0.27174192667007446, -14.759763717651367], [-3.014616012573242, -12.845187187194824], [-0.2693935036659241, -22.772029876708984], [-7.038464546203613, -6.727363109588623]], "train_probs": [0.013743703603237855, 0.9999997738832823, 0.9999993270778987, 0.9999998427410562, 0.9999952980852851, 0.47280322306793243, 0.00996876337596132, 0.9999999094131975, 0.9999332568296202, 0.999477710713942, 0.9999957140919824, 0.9998202125584318, 0.9426859601471136, 0.9995411240513199, 0.964111448763443, 0.9999999427389312, 0.9999802707649907, 0.8435145329489111, 7.515549294440808e-05, 0.9967114563111485, 0.00010610925491508937, 0.999999999499145, 0.9525291701637641, 0.9999998811470875, 0.9999220650394564, 0.9999996095141835, 0.9956337926308614, 0.9926867675034592, 1.0, 0.9999719784222048, 0.9999951327237002, 1.0, 0.9999999902857295, 0.9999999898707356, 0.691307481362972, 0.9999999934955331, 0.9999999999988698, 0.533410281091547, 0.9927797688840104, 0.9999993219229862, 0.1617682740651605, 0.0013359618166395937, 0.9999920585938203, 0.8012085380221172, 0.9179749846195836, 0.9999995103964106, 0.9999994895750901, 0.999946220863059, 0.9999999998312556, 0.42284591347669975], "test_labels": [], "test_logprobs": [], "test_probs": []}}