{"0": {"train_labels": [0, 1, 1, 0, 1, 0, 0, 0, 0, 0, 1, 1, 0, 0, 0, 1, 1, 1, 0, 0, 1, 0, 0, 1, 1, 0, 0, 0, 1, 1, 0, 0, 1, 0, 0, 1, 1, 0, 0, 0, 1, 0, 0, 1, 1, 0, 1, 1, 0, 0], "train_logprobs": [[-2.11211895942688, -2.48711895942688], [-2.595186233520508, -2.2327160835266113], [-2.378070831298828, -2.1288561820983887], [-1.66983163356781, -3.4225642681121826], [-2.6083827018737793, -1.8896327018737793], [-2.220517635345459, -2.403625249862671], [-2.3830389976501465, -3.1955389976501465], [-1.9239295721054077, -2.7364296913146973], [-2.0399866104125977, -2.8681116104125977], [-1.830441951751709, -2.330441951751709], [-2.202160596847534, -1.9209105968475342], [-2.3290653228759766, -1.92958664894104], [-2.5807409286499023, -2.6497719287872314], [-2.607203483581543, -2.731325149536133], [-2.1737277507781982, -2.5644121170043945], [-2.533465623855591, -2.189715623855591], [-2.934932231903076, -1.9659249782562256], [-2.787059783935547, -2.256895065307617], [-2.305453300476074, -2.7586166858673096], [-1.771892786026001, -3.600017786026001], [-3.0655477046966553, -1.8780477046966553], [-2.0012409687042236, -2.9387617111206055], [-2.1281843185424805, -2.5031843185424805], [-2.0312037467956543, -1.8593286275863647], [-2.397822141647339, -1.6165053844451904], [-1.8185012340545654, -3.8028762340545654], [-2.192521572113037, -2.442521572113037], [-1.8520243167877197, -1.9613993167877197], [-2.661367416381836, -2.0357491970062256], [-2.107222557067871, -1.9293434619903564], [-2.224303722381592, -2.271178722381592], [-2.0456180572509766, -2.805281162261963], [-3.294980764389038, -1.435605764389038], [-2.087895154953003, -3.166020154953003], [-2.650744915008545, -2.713244915008545], [-3.61973237991333, -1.8251503705978394], [-2.6092073917388916, -2.453866720199585], [-2.0001816749572754, -3.5001816749572754], [-1.9067456722259521, -2.891120672225952], [-1.8673888444900513, -3.5236387252807617], [-2.4124197959899902, -1.8499197959899902], [-2.2290284633636475, -2.8999691009521484], [-2.224297046661377, -2.505547046661377], [-2.197436571121216, -2.088061571121216], [-2.58388090133667, -1.6776307821273804], [-2.2920820713043213, -2.9952070713043213], [-3.0531165599823, -2.6312415599823], [-3.335294723510742, -2.116363525390625], [-2.224551200866699, -2.4920332431793213], [-2.3986427783966064, -2.8048927783966064]], "train_probs": [0.5926665999540698, 0.41036174407416426, 0.43801681014239113, 0.8522971356660196, 0.3276683008207139, 0.5456494288259573, 0.6926419831347361, 0.6926420085130899, 0.6959583250334526, 0.6224593312018546, 0.4301473485858429, 0.40143760051834293, 0.5172509001323597, 0.5309906393997811, 0.5964474356719489, 0.41489884579676883, 0.2750784218323329, 0.37047847084721974, 0.6113910933959532, 0.8615382094310355, 0.2337063569140403, 0.7185985870105044, 0.5926665999540698, 0.4571366872441911, 0.31403616414690977, 0.8791467675095294, 0.5621765008857982, 0.5273165233795671, 0.34850475598174885, 0.45564711198061675, 0.5117166047041654, 0.6812805857721705, 0.13477591742295678, 0.7461389930307512, 0.5156199157230156, 0.1425118739811026, 0.4612427375230826, 0.8175744761936438, 0.7279754489059774, 0.8397339516289534, 0.36296920551961687, 0.6617137516875944, 0.5698526514141572, 0.47268347662043286, 0.2877677913282157, 0.6688802603710086, 0.3960681662740417, 0.22812459454213452, 0.5664746459038874, 0.600188359260205], "test_labels": [], "test_logprobs": [], "test_probs": []}}

