{"0": {"train_labels": [0, 1, 0, 0, 0, 0, 0, 1, 1, 0, 0, 1, 0, 1, 0, 0, 0, 0, 1, 1, 0, 0, 0, 0, 0, 1, 0, 1, 0, 0, 1, 0, 1, 1, 1, 0, 0, 1, 0, 0, 0, 1, 1, 0, 0, 1, 1, 0, 1, 1], "train_logprobs": [[-54.25751876831055, -116.03136444091797], [-145.9639892578125, -58.003875732421875], [-30.95621681213379, -101.17923736572266], [-26.44384002685547, -105.47019958496094], [-17.487754821777344, -24.596229553222656], [-39.60269546508789, -134.3248291015625], [-55.90620422363281, -101.09563446044922], [-39.77846145629883, -22.562360763549805], [-288.9366760253906, -16.814929962158203], [-125.2207260131836, -217.79017639160156], [-16.83833885192871, -34.21970748901367], [-77.15077209472656, -18.012449264526367], [-16.569011688232422, -58.81244659423828], [-57.0589599609375, -30.10746955871582], [-18.32201385498047, -176.2665557861328], [-52.04384994506836, -117.0641098022461], [-23.630590438842773, -28.818872451782227], [-80.30107116699219, -167.76832580566406], [-138.931396484375, -27.161026000976562], [-71.35565948486328, -54.98046875], [-38.317604064941406, -56.10927963256836], [-43.86083984375, -77.22630310058594], [-17.513669967651367, -211.74874877929688], [-109.38236999511719, -150.1634979248047], [-38.71834182739258, -59.64115905761719], [-54.38352966308594, -15.634561538696289], [-84.62376403808594, -130.3457489013672], [-125.2187271118164, -39.43838882446289], [-11.457643508911133, -24.757583618164062], [-91.69097137451172, -449.29229736328125], [-121.17478942871094, -94.5337142944336], [-21.37674331665039, -243.22506713867188], [-54.58702087402344, -52.018463134765625], [-101.18760681152344, -60.65214157104492], [-77.34098815917969, -42.656002044677734], [-2.4538731575012207, -10.364007949829102], [-10.226444244384766, -76.17086029052734], [-55.31482696533203, -8.678043365478516], [-26.37397003173828, -45.104637145996094], [-80.953125, -90.22757720947266], [-63.746971130371094, -105.02967071533203], [-241.07058715820312, -70.2733383178711], [-29.94101333618164, -9.585502624511719], [-24.818965911865234, -35.52727508544922], [-65.07429504394531, -186.71200561523438], [-36.186790466308594, -7.8433685302734375], [-41.436058044433594, -32.5221061706543], [-30.667387008666992, -91.00994873046875], [-42.74907684326172, -28.585697174072266], [-78.19841003417969, -49.435333251953125]], "train_probs": [1.0, 6.300979524412286e-39, 1.0, 1.0, 0.9991825268819695, 1.0, 1.0, 3.335357993050923e-08, 6.592153005074208e-119, 1.0, 0.9999999717272859, 2.0727776913597163e-26, 1.0, 1.972951635781682e-12, 1.0, 1.0, 0.9944493935186698, 1.0, 2.875708484580284e-49, 7.732946225931298e-08, 0.9999999812425642, 0.9999999999999968, 1.0, 1.0, 0.9999999991809018, 1.4843522124481118e-17, 1.0, 5.572786769021678e-38, 0.9999983254093052, 1.0, 2.6910891002260185e-12, 1.0, 0.07118960978425917, 2.486973311134093e-18, 8.639764913868354e-16, 0.9996331295355463, 1.0, 5.5706032585537224e-21, 0.9999999926654305, 0.9999062187856146, 1.0, 6.663421785520456e-75, 1.4444882749079734e-09, 0.9999776421156487, 1.0, 4.90465263956069e-13, 0.00013448117063609037, 1.0, 7.061908039740522e-07, 3.223698899074802e-13], "test_labels": [], "test_logprobs": [], "test_probs": []}}