{"0": {"train_labels": [1, 1, 0, 0, 0, 0, 0, 1, 1, 0, 0, 1, 0, 1, 0, 0, 0, 0, 1, 1, 1, 0, 0, 1, 0, 1, 0, 1, 0, 0, 1, 0, 1, 1, 1, 0, 0, 1, 0, 0, 0, 1, 1, 1, 0, 1, 0, 1, 1, 1], "train_logprobs": [[-155.1541290283203, -3.773897409439087], [-307.1883544921875, -152.30198669433594], [-102.150390625, -240.87477111816406], [-58.29904556274414, -227.3758544921875], [-28.518051147460938, -55.93601989746094], [-143.36166381835938, -401.0928649902344], [-178.28359985351562, -304.9222717285156], [-65.42914581298828, -58.67742156982422], [-661.1769409179688, -35.28250503540039], [-293.6628723144531, -442.74981689453125], [-44.46036911010742, -77.9689712524414], [-264.60882568359375, -63.17924499511719], [-47.944793701171875, -201.77847290039062], [-165.91665649414062, -0.03392496332526207], [-34.97202682495117, -389.7364196777344], [-156.18048095703125, -278.2181701660156], [-48.973731994628906, -73.2208480834961], [-212.7672882080078, -437.1127014160156], [-376.50286865234375, -79.65809631347656], [-191.31158447265625, -134.91587829589844], [-115.9354248046875, -0.2948653995990753], [-106.78350830078125, -188.77549743652344], [-75.51376342773438, -510.1092529296875], [-313.104736328125, -1.301290512084961], [-97.85773468017578, -107.57260131835938], [-109.3906478881836, -36.78343200683594], [-158.96961975097656, -258.0387878417969], [-339.193115234375, -116.17240905761719], [-39.46015167236328, -57.20682907104492], [-267.1888427734375, -1111.4503173828125], [-300.17584228515625, -232.756591796875], [-79.10317993164062, -671.174072265625], [-180.78834533691406, -135.1028594970703], [-237.50152587890625, -175.08694458007812], [-163.958251953125, -102.45413208007812], [-14.199103355407715, -26.60588264465332], [-21.478866577148438, -162.76817321777344], [-104.8090591430664, -6.927245616912842], [-76.27696228027344, -146.65721130371094], [-188.40585327148438, -200.56759643554688], [-129.15858459472656, -252.07501220703125], [-468.1304931640625, -203.65866088867188], [-107.28262329101562, -26.16946792602539], [-110.25875854492188, -108.08699798583984], [-158.04638671875, -486.55865478515625], [-68.8183822631836, -9.122360229492188], [-73.14568328857422, -94.14746856689453], [-132.84445190429688, -0.0313679464161396], [-162.37139892578125, -86.0880126953125], [-234.2085723876953, -170.66339111328125]], "train_probs": [1.8046822161058184e-66, 5.41633033263683e-68, 1.0, 1.0, 0.9999999999987625, 1.0, 1.0, 0.0011674978347167282, 1.5048743582296593e-272, 1.0, 0.9999999999999972, 3.3131768251001533e-88, 1.0, 9.07914711150048e-73, 1.0, 1.0, 0.9999999999705143, 1.0, 1.207684219166324e-129, 3.218518460026169e-25, 5.99712589887045e-51, 1.0, 1.0, 3.85020668452201e-136, 0.9999396244910078, 2.931479060486586e-32, 1.0, 1.3910346790684138e-97, 0.9999999803792355, 1.0, 5.2503896953794664e-30, 1.0, 1.4422667675262183e-20, 7.828737866602962e-28, 1.9458086281500286e-27, 0.9999959092547018, 1.0, 3.0936309710491354e-43, 1.0, 0.999994773393748, 1.0, 1.3846583339599557e-115, 5.929310794883658e-36, 0.10231521844805776, 1.0, 1.186716659563145e-26, 0.9999999992430965, 2.0893467050013318e-58, 7.422433225063396e-34, 2.527425837936308e-28], "test_labels": [], "test_logprobs": [], "test_probs": []}}