{"0": {"train_labels": [0, 0, 1, 1, 1, 1, 0, 1, 1, 0, 1, 0, 0, 1, 1, 1, 1, 0, 1, 0, 0, 1, 0, 0, 1, 0, 0, 1, 1, 1, 1, 1, 1, 1, 0, 0, 0, 0, 0, 0, 0, 0, 1, 0, 1, 0, 0, 0, 1, 0], "train_logprobs": [[-52.93049621582031, -75.26229858398438], [-34.600685119628906, -107.01608276367188], [-33.1536865234375, -22.443218231201172], [-141.0823516845703, -42.37439727783203], [-109.99629211425781, -107.5424575805664], [-17.035934448242188, -10.51659107208252], [-21.896324157714844, -38.79735565185547], [-72.74019622802734, -35.09756088256836], [-35.755409240722656, -24.74777603149414], [-69.54450988769531, -129.79547119140625], [-153.90138244628906, -130.47088623046875], [-166.63427734375, -171.61289978027344], [-26.97884178161621, -48.479698181152344], [-92.55786895751953, -40.98674011230469], [-54.779396057128906, -25.876977920532227], [-113.5260238647461, -110.56031799316406], [-48.46885681152344, -34.844940185546875], [-25.55156707763672, -325.95001220703125], [-86.09127044677734, -26.306537628173828], [-66.81462097167969, -470.0303649902344], [-91.57037353515625, -121.16603088378906], [-36.17414093017578, -21.11103630065918], [-69.73931884765625, -107.01980590820312], [-1.9259207248687744, -41.86735534667969], [-70.58241271972656, -17.758644104003906], [-21.703384399414062, -181.72979736328125], [-17.671512603759766, -48.51398468017578], [-146.589599609375, -88.47403717041016], [-58.53418731689453, -49.94508743286133], [-46.419857025146484, -18.50487518310547], [-75.4360580444336, -27.647659301757812], [-219.812744140625, -118.48419189453125], [-50.559539794921875, -43.7458381652832], [-106.20564270019531, -95.64945983886719], [-23.560588836669922, -122.96065521240234], [-59.199493408203125, -67.77689361572266], [-85.26531982421875, -120.87257385253906], [-25.91655731201172, -56.03647994995117], [-44.016448974609375, -61.33203125], [-16.929834365844727, -19.54442596435547], [-36.538299560546875, -129.1275634765625], [-24.146526336669922, -114.88526153564453], [-55.7838020324707, -35.995567321777344], [-22.52303123474121, -67.60302734375], [-42.690738677978516, -39.30782699584961], [-36.80782699584961, -182.24075317382812], [-68.00071716308594, -159.7890625], [-56.86698913574219, -110.9106674194336], [-75.76838684082031, -49.11792755126953], [-91.90616607666016, -470.6073913574219]], "train_probs": [0.9999999997998197, 1.0, 2.230966417836252e-05, 1.354191492856025e-43, 0.07915858897362232, 0.001472465713858084, 0.9999999542937845, 4.487569474331747e-17, 1.6574423831565727e-05, 1.0, 6.672134388717531e-11, 0.9931635206288356, 0.9999999995404882, 4.008144009488604e-23, 2.8043956811570986e-13, 0.048999435822125084, 1.2111771292581143e-06, 1.0, 1.0859765184685652e-26, 1.0, 0.9999999999998598, 2.871948543011724e-07, 1.0, 1.0, 1.1453250957665562e-23, 1.0, 0.9999999999999596, 5.764105486448283e-26, 0.00018608890952541968, 7.527962093587275e-13, 1.7610112364223252e-21, 9.853009471673435e-45, 0.0010974130460303028, 2.60313521879035e-05, 1.0, 0.9998117215367874, 0.9999999999999997, 0.999999999999917, 0.9999999698047831, 0.9317947865278177, 1.0, 1.0, 2.5472927376949086e-09, 1.0, 0.03283380627866918, 1.0, 1.0, 1.0, 2.6659536243165077e-12, 1.0], "train_labels_average": [1, 1, 0, 0, 0, 1, 1, 0, 0, 1, 0, 0, 1, 0, 0, 1, 1, 1, 0, 1, 1, 0, 1, 1, 0, 1, 1, 0, 0, 0, 0, 0, 0, 0, 1, 1, 1, 1, 1, 0, 1, 1, 0, 1, 0, 1, 1, 1, 0, 1], "train_logprobs_average": [[-2.205437342325846, -1.392907795153166], [-1.3840274047851562, -0.5864522901632018], [-2.0721054077148438, -3.683742947048611], [-1.6997873696936183, -7.054117584228516], [-1.7741337437783518, -1.8032179035124232], [-3.4071868896484374, -2.8393224080403647], [-1.990574923428622, -0.9520140938136888], [-2.204248370546283, -2.9096078491210937], [-1.1534002980878275, -1.489808718363444], [-2.674788841834435, -0.8915962806114783], [-1.7488793459805576, -1.9000170672381367], [-1.9376078760901163, -1.960403262867647], [-1.4988245434231229, -0.9635300636291504], [-2.012127586033033, -4.024255172066066], [-1.4415630541349713, -2.8831261082699426], [-2.3651254971822104, -2.0641095248135652], [-2.423442840576172, -2.308040800548735], [-1.9655051598182092, -0.15209266117640904], [-1.8317291584420712, -4.782848358154297], [-1.9651359109317554, -0.2819182319480156], [-2.2334237447599086, -1.526172892252604], [-1.0961860887932056, -3.617414093017578], [-2.051156436695772, -1.0566563461766099], [-0.4814801812171936, -0.0740738740334144], [-2.276852023216986, -6.416582974520597], [-1.9730349454012783, -0.28937845865885414], [-1.6065011457963423, -0.5890504201253255], [-2.094137137276786, -2.9916244818239797], [-1.829193353652954, -2.544964665951936], [-2.443150369744552, -6.631408146449497], [-2.6012433808425377, -4.190892113579644], [-1.962613786969866, -3.7256397311970337], [-1.5321072665127842, -2.2981608997691763], [-1.966771161114728, -2.3088183195694634], [-1.812352987436148, -0.28732425410573076], [-2.1142676217215404, -1.7411615708295036], [-1.705306396484375, -1.0272930099303463], [-1.9935813316932092, -0.863885243733724], [-1.6929403451772838, -1.333831787109375], [-1.0581146478652954, -1.2092738832746233], [-1.2599413641567887, -0.49376080487225504], [-1.1498345874604725, -0.5249244855797809], [-1.5938229152134487, -2.656371525355748], [-1.501535415649414, -0.6825160980224609], [-1.3771206025154359, -1.7076295471191407], [-1.5336594581604004, -0.3472436509042416], [-2.7200286865234373, -0.9855176400447238], [-2.8433494567871094, -0.8241592628368433], [-1.9939049168636924, -2.914168724646935], [-0.8670393026100015, -0.42747053989144257]], "train_probs_average": [0.3073517266310638, 0.3105444641740492, 0.8336386131124391, 0.9952946104256805, 0.5072705274362066, 0.3617297304513416, 0.26142777825167296, 0.6693749645868219, 0.5833178223335183, 0.14390936495450266, 0.5377126696437554, 0.5056985999330584, 0.36928288352642097, 0.8820645279102332, 0.8086965826326548, 0.42530913910238494, 0.47118146577980097, 0.14022619996627947, 0.9503163582950271, 0.15666986511246112, 0.3302065856115917, 0.9256166477035942, 0.27002414239966427, 0.3995342027886342, 0.9843225606076447, 0.15661189662674738, 0.26552426562707226, 0.7104328775953171, 0.6716751524257706, 0.9850540739104292, 0.8305666764840062, 0.853588233432443, 0.6826665977532188, 0.5846877163339899, 0.17872220612503717, 0.40779070391770467, 0.33670483826327896, 0.24421719115646212, 0.4111753760109129, 0.5377180175789488, 0.3173059065289632, 0.34866555072889927, 0.7431772866875942, 0.30597187118439034, 0.5818832057485355, 0.2339005785495867, 0.1500114764974853, 0.11720275251502205, 0.7150958553056782, 0.3918437292610503], "test_labels": [], "test_logprobs": [], "test_probs": []}}