{"0": {"train_labels": [0, 0, 1, 1, 1, 1, 0, 1, 0, 1, 1, 0, 0, 1, 1, 1, 0, 0, 1, 0, 0, 1, 0, 0, 1, 0, 0, 1, 0, 1, 1, 1, 1, 1, 0, 1, 0, 0, 0, 1, 1, 0, 1, 0, 1, 0, 0, 0, 1, 0], "train_logprobs": [[-93.771728515625, -182.15464782714844], [-82.57046508789062, -247.20382690429688], [-61.46273422241211, -47.47800827026367], [-305.630859375, -111.18077850341797], [-256.5946960449219, -255.6043243408203], [-26.04391098022461, -15.329851150512695], [-46.789817810058594, -89.16914367675781], [-163.43072509765625, -100.42914581298828], [-118.53375244140625, -130.1591339111328], [-185.2626190185547, -0.17653393745422363], [-410.921142578125, -347.4566650390625], [-401.3097229003906, -416.7528381347656], [-70.09696197509766, -146.45901489257812], [-226.3720245361328, -73.38578796386719], [-128.95391845703125, -87.51277160644531], [-275.4712829589844, -234.23690795898438], [-101.95999145507812, -116.96529388427734], [-50.10862731933594, -825.7288208007812], [-188.55873107910156, -58.96883773803711], [-179.38690185546875, -1021.734375], [-215.67652893066406, -248.59194946289062], [-110.61347961425781, -67.72303771972656], [-189.67918395996094, -284.55615234375], [-21.109251022338867, -129.89492797851562], [-188.13009643554688, -57.26612854003906], [-44.258968353271484, -413.8116455078125], [-35.83681106567383, -166.33892822265625], [-361.7986755371094, -215.00341796875], [-141.9647216796875, -165.8145751953125], [-111.51454162597656, -0.003264844184741378], [-160.6925506591797, -78.34439086914062], [-529.560302734375, -0.3212473392486572], [-131.93048095703125, -120.77172088623047], [-267.84112548828125, -246.30715942382812], [-92.04670715332031, -331.3770751953125], [-163.89280700683594, -135.9389190673828], [-220.95782470703125, -307.51678466796875], [-62.133262634277344, -185.70724487304688], [-128.17132568359375, -178.84552001953125], [-43.21106719970703, -34.15275955200195], [-103.22346496582031, -4.059783458709717], [-39.254737854003906, -270.467041015625], [-204.874267578125, -104.05171203613281], [-60.24010467529297, -159.41465759277344], [-108.28807830810547, -106.02445983886719], [-84.2077865600586, -459.3133544921875], [-201.08535766601562, -440.1484680175781], [-117.49636840820312, -248.47535705566406], [-228.23243713378906, -171.17965698242188], [-236.31422424316406, -1152.364501953125]], "train_probs": [1.0, 1.0, 8.443263077811978e-07, 3.559613718409033e-85, 0.27083866538302337, 2.222968367703094e-05, 1.0, 4.352730368709714e-28, 0.9999910637132379, 4.1508264185490457e-81, 2.7398551794033183e-28, 0.9999998036005872, 1.0, 3.621776525416792e-67, 1.0053993475263237e-18, 1.2363415723522361e-18, 0.9999996957155047, 1.0, 5.245953196191395e-57, 1.0, 0.9999999999999949, 2.3600312780379833e-19, 1.0, 1.0, 1.4672390025571317e-57, 1.0, 1.0, 1.768600194722961e-64, 0.9999999999561328, 3.726214261358387e-49, 1.7244420652779023e-36, 1.426916744127312e-230, 1.4249705464690168e-05, 4.445466732063986e-10, 1.0, 7.2407027707409e-13, 1.0, 1.0, 1.0, 0.00011640628133519201, 8.585395694155176e-44, 1.0, 1.6342574623867836e-44, 1.0, 0.0941812196649852, 1.0, 1.0, 1.0, 1.668370119462663e-25, 1.0], "train_labels_average": [1, 1, 0, 0, 0, 1, 1, 0, 0, 1, 0, 0, 1, 0, 0, 1, 1, 1, 0, 1, 1, 0, 1, 1, 0, 1, 1, 0, 0, 0, 0, 0, 0, 0, 1, 1, 1, 1, 1, 0, 1, 1, 0, 1, 0, 1, 1, 1, 0, 1], "train_logprobs_average": [[-3.9071553548177085, -2.467677066200658], [-3.302818603515625, -1.3994994082693326], [-3.841420888900757, -6.829192691379124], [-3.6822995105421685, -15.28154296875], [-4.1386241297568045, -4.206470426965932], [-5.208782196044922, -4.340651830037435], [-4.253619800914418, -2.0343399047851562], [-4.952446215080492, -6.53722900390625], [-3.82366943359375, -4.938906351725261], [-7.125485346867488, -2.3751617822891626], [-4.669558438387784, -5.073100525655864], [-4.666392126748728, -4.721290857651654], [-3.894275665283203, -2.503462927682059], [-4.9211309681768, -9.8422619363536], [-3.393524169921875, -6.78704833984375], [-5.738985061645508, -5.0085687810724435], [-5.097999572753906, -4.855237688337054], [-3.854509793795072, -0.29826563880557105], [-4.011887895300033, -10.475485059950087], [-5.276085348690257, -0.7569067588838344], [-5.260403144650343, -3.5946088155110676], [-3.351923624674479, -11.061347961425781], [-5.578799528234145, -2.873927029696378], [-5.277312755584717, -0.8118942700899564], [-6.068712788243448, -17.10273603959517], [-4.023542577570135, -0.5901195780436198], [-3.2578919150612573, -1.1945603688557942], [-5.168552507672991, -7.3836464395328445], [-4.436397552490234, -6.172379203464674], [-5.8691864013671875, -15.930648803710938], [-5.5411224365234375, -8.927363925509983], [-4.728216988699777, -8.975598351430085], [-3.9978933623342803, -5.996840043501421], [-4.960020842375578, -5.822633162788723], [-7.080515934870793, -1.1225208189429305], [-5.853314535958426, -4.820376676671645], [-4.419156494140625, -2.662142466349774], [-4.779481741098257, -2.0711087544759113], [-4.929666372445913, -3.883979566169508], [-2.7006916999816895, -3.086504799979074], [-3.559429826407597, -1.3949116887273014], [-1.8692732311430431, -0.8533638663913893], [-5.853550502232143, -9.755917503720237], [-4.0160069783528645, -1.8254577174331204], [-3.4931638163904988, -4.331523132324219], [-3.508657773335775, -0.7944130807552697], [-8.043414306640624, -2.914280545884284], [-5.874818420410156, -1.7028459189594656], [-6.00611676667866, -8.778170658991886], [-2.229379473992114, -1.099135926712391]], "train_probs_average": [0.19162615155881638, 0.1297332679856547, 0.9520186304165316, 0.9999908270592551, 0.5169550709489483, 0.2956434828106364, 0.09803245896298109, 0.8298808113815364, 0.7531041452155155, 0.00857473428643284, 0.5995383863713711, 0.5137212367294305, 0.19927803961792104, 0.9927618917533124, 0.9675015355001512, 0.32510338415950985, 0.43960584039868256, 0.02775358795950167, 0.9984432502540278, 0.01078048626389651, 0.15898570978585458, 0.9995516214998327, 0.06268645256746448, 0.011369138465675789, 0.9999838572478811, 0.03126708494157195, 0.11271221807953406, 0.9015967860036197, 0.8501759408931844, 0.9999573082598263, 0.9672717698979197, 0.9859000171058688, 0.880686441891061, 0.7032061538404047, 0.002578424127612038, 0.26251493543044907, 0.1471647062840249, 0.062481089456615437, 0.2600542121550217, 0.5952743833534232, 0.10298233028327611, 0.26582497219463636, 0.9802056722807623, 0.10060238468398489, 0.6981195564994273, 0.06213802366087904, 0.005886827893779239, 0.015187590416916577, 0.9411468536393607, 0.24411615791801403], "test_labels": [], "test_logprobs": [], "test_probs": []}}