{"0": {"train_labels": [1, 1, 0, 1, 0, 0, 1, 0, 1, 0, 1, 0, 0, 1, 1, 0, 1, 0, 1, 1, 1, 1, 0, 1, 1, 1, 1, 1, 0, 1, 0, 0, 0, 0, 1, 0, 0, 1, 0, 0, 0, 1, 0, 0, 0, 1, 0, 1, 1, 1], "train_logprobs": [[-1.2051304578781128, -0.4238804280757904], [-0.8923726081848145, -0.6736141443252563], [-0.4789416193962097, -1.0414459705352783], [-1.4185216426849365, -0.3247716724872589], [-0.4451797604560852, -1.1170547008514404], [-0.4204627275466919, -1.592337727546692], [-1.661258339881897, -0.28625836968421936], [-0.33364132046699524, -1.5213146209716797], [-1.2134158611297607, -0.43216580152511597], [-0.4510219097137451, -1.2322719097137451], [-1.0375502109527588, -0.5062742233276367], [-0.7533649802207947, -0.8939899802207947], [-0.773752748966217, -0.773752748966217], [-0.990171492099762, -0.5214138627052307], [-1.1867011785507202, -0.4835761487483978], [-0.32076647877693176, -1.4613914489746094], [-0.8800538778305054, -0.6925538778305054], [-0.6304253339767456, -0.8404467701911926], [-0.7896009683609009, -0.6646009683609009], [-1.0882704257965088, -0.4788954555988312], [-0.9738962650299072, -0.5366219282150269], [-0.9945873022079468, -0.5102123022079468], [-0.6887805461883545, -0.8450725674629211], [-0.9675916433334351, -0.5746850371360779], [-1.0373631715774536, -0.584669291973114], [-1.4383517503738403, -0.32915252447128296], [-0.8876189589500427, -0.6063689589500427], [-0.7945405840873718, -0.7007905840873718], [-0.6550547480583191, -0.8269051313400269], [-1.1318049430847168, -0.6161813139915466], [-0.2764661908149719, -1.7450370788574219], [-0.16177646815776825, -2.114901542663574], [-0.1933460682630539, -2.2089710235595703], [-0.34727743268013, -1.6910274028778076], [-1.2307668924331665, -0.6006965637207031], [-0.2835969030857086, -1.7678608894348145], [-0.6247025728225708, -0.8590775728225708], [-0.7577958106994629, -0.7265458106994629], [-0.6273952722549438, -1.1430202722549438], [-0.6438177227973938, -0.8625677227973938], [-0.6757611632347107, -0.8945111632347107], [-1.2374953031539917, -0.4249953031539917], [-0.2785332202911377, -1.684914231300354], [-0.36521559953689575, -1.333965539932251], [-0.5402888059616089, -1.1965388059616089], [-0.7599433064460754, -0.752480149269104], [-0.5667656064033508, -1.004265546798706], [-1.2781269550323486, -0.403126984834671], [-1.291109561920166, -0.40626388788223267], [-1.1858251094818115, -0.43582507967948914]], "train_probs": [0.3140505385717078, 0.4455274441881855, 0.6370318005613036, 0.25091279248678466, 0.6619228625116081, 0.7634837635542924, 0.2018132270610754, 0.7663246776417131, 0.31405053215160805, 0.6859494550081925, 0.3702193333789974, 0.5350984286266115, 0.5, 0.38491033818985376, 0.33111973302838926, 0.7577943658046609, 0.45326184801538616, 0.5523132099699942, 0.46879062662624377, 0.352201788847459, 0.3923906315274997, 0.38121956625614994, 0.5389936621298462, 0.40301779068889576, 0.38872046326660775, 0.24802020774438757, 0.43014734858584286, 0.47657965106367595, 0.5428571742138242, 0.3738761436910223, 0.8128400708670418, 0.8757869997529962, 0.8824278618165526, 0.7931059462938815, 0.3474945911562527, 0.8152157669495815, 0.5583269943353744, 0.49218813572079556, 0.6261241772283034, 0.5544704649604273, 0.5544704649604273, 0.3073580168652638, 0.8031945064947283, 0.7248702642896702, 0.658417500561683, 0.4981342193658811, 0.6076631556226291, 0.2942149783515162, 0.2921746434912822, 0.32082129433083023], "train_labels_average": [], "train_logprobs_average": [], "train_probs_average": [], "train_response": [], "test_labels": [], "test_logprobs": [], "test_probs": []}}