{"0": {"train_labels": [1, 1, 1, 1, 1, 1, 0, 1, 1, 1, 1, 1, 1, 1, 1, 0, 0, 1, 1, 0, 0, 1, 1, 1, 1, 0, 1, 1, 1, 1, 1, 1, 1, 1, 0, 1, 1, 1, 1, 1, 1, 0, 1, 1, 1, 1, 1, 1, 1, 1], "train_logprobs": [[-5.9401350021362305, -0.0026352223940193653], [-8.37523078918457, -0.00023064337437972426], [-2.492567777633667, -0.08631781488656998], [-0.708894670009613, -0.6623858213424683], [-1.2456018924713135, -0.33935192227363586], [-1.0537011623382568, -0.4397074282169342], [-0.06387316435575485, -2.782623052597046], [-4.6347575187683105, -0.009757443331182003], [-6.938470363616943, -0.0009703694959171116], [-2.4069135189056396, -0.09441345185041428], [-5.2552337646484375, -0.005233872216194868], [-2.4069132804870605, -0.09441323578357697], [-4.110289096832275, -0.015070038847625256], [-1.267958402633667, -0.33045846223831177], [-2.7241063117980957, -0.06785643100738525], [-0.0004889961564913392, -7.656724452972412], [-0.13458679616451263, -2.072086811065674], [-2.6078038215637207, -0.07655370235443115], [-6.345506191253662, -0.0017561980057507753], [-0.10633727163076401, -2.293837308883667], [-0.0052339909598231316, -5.224149703979492], [-7.422475814819336, -0.0006007535266689956], [-5.56633186340332, -0.0037142117507755756], [-4.202569961547852, -0.015070156194269657], [-1.600413203239441, -0.22541320323944092], [-0.23179900646209717, -1.5508450269699097], [-4.110289096832275, -0.016539135947823524], [-4.789600372314453, -0.008350575342774391], [-7.344396591186523, -0.0007557396893389523], [-2.3502066135406494, -0.0972687304019928], [-1.2234457731246948, -0.34844574332237244], [-2.4925696849823, -0.08631978183984756], [-2.753336191177368, -0.06583614647388458], [-7.469320774078369, -0.0005706112715415657], [-0.04170367866754532, -3.167999505996704], [-4.32581090927124, -0.013311090879142284], [-5.877804756164551, -0.0028049908578395844], [-1.7527992725372314, -0.19029927253723145], [-6.876032829284668, -0.0010657589882612228], [-9.7500581741333, -5.829164365422912e-05], [-6.158368110656738, -0.002118011936545372], [-0.0038353470154106617, -5.659742832183838], [-2.265784978866577, -0.10633791238069534], [-2.3502066135406494, -0.10020658373832703], [-5.286323547363281, -0.005073648411780596], [-5.5040788650512695, -0.004078642465174198], [-1.2679599523544312, -0.33045992255210876], [-4.727636814117432, -0.008886787109076977], [-4.325811386108398, -0.01373106986284256], [-3.288041353225708, -0.03804141283035278]], "train_probs": [0.002631674553005893, 0.00023050668839066048, 0.08269734550098794, 0.4883748832556893, 0.28776782186926264, 0.35114871233271694, 0.9381240077890602, 0.009708475756204796, 0.0009697519734782037, 0.0900929884650163, 0.00522012625214445, 0.09009299029732812, 0.01637934760502194, 0.2814056194821862, 0.06560484476669957, 0.9995271386918724, 0.8740772368049823, 0.07369626156821128, 0.0017546144219260115, 0.8991213806488609, 0.9946159495145366, 0.000597669334492011, 0.0038240354348339444, 0.014957089460948376, 0.20181322226037882, 0.7890229454089434, 0.01640303314725227, 0.00831578015177299, 0.0006462737811052526, 0.09509635022738011, 0.2942149659744614, 0.08269735002250668, 0.06371499158516147, 0.000570315614280007, 0.9579644841252772, 0.013222824121921403, 0.0028009276226385977, 0.17328820592932656, 0.0010322649932882025, 5.8291272510566984e-05, 0.0021157031921723675, 0.9965153866364034, 0.1034517245022934, 0.09534946232842245, 0.005060332540717648, 0.004070136813627531, 0.28140560140262283, 0.008847354846091983, 0.013228298895868304, 0.03732688948593844], "train_labels_average": [], "train_logprobs_average": [], "train_probs_average": [], "train_response": [], "test_labels": [], "test_logprobs": [], "test_probs": []}}