{"0": {"train_labels": [1, 1, 0, 0, 0, 0, 0, 0, 1, 0, 1, 1, 0, 0, 1, 0, 1, 1, 0, 0, 0, 1, 0, 0, 0, 0, 1, 0, 1, 0, 1, 0, 0, 1, 1, 0, 0, 1, 1, 1, 1, 0, 1, 0, 0, 1, 0, 1, 0, 1], "train_logprobs": [[-1.0795669555664062, -0.48581698536872864], [-1.7818303108215332, -0.23495525121688843], [-0.40586724877357483, -1.3433672189712524], [-0.6154041886329651, -0.8654041886329651], [-0.5409159064292908, -1.2284159660339355], [-0.17171603441238403, -2.185336112976074], [-0.5691590905189514, -0.96857088804245], [-0.7006164193153381, -0.7942445278167725], [-1.261999249458313, -0.4026242792606354], [-0.5713385939598083, -1.0869636535644531], [-0.9346243143081665, -0.5596270561218262], [-1.0906643867492676, -0.48128941655158997], [-0.6027801632881165, -0.9058286547660828], [-0.4762214422225952, -1.0600848197937012], [-1.054187536239624, -0.476062536239624], [-0.14068500697612762, -2.265526294708252], [-1.204192876815796, -0.4541929364204407], [-1.2908443212509155, -0.3796331584453583], [-0.5670842528343201, -0.9577092528343201], [-0.32145053148269653, -1.4620754718780518], [-0.3880739212036133, -1.3724489212036133], [-1.302985429763794, -0.37015271186828613], [-0.6917084455490112, -0.7853603959083557], [-0.6472938656806946, -0.8346609473228455], [-0.707073450088501, -0.9178755879402161], [-0.27931374311447144, -1.5882734060287476], [-0.8251310586929321, -0.6845023036003113], [-0.381246417760849, -1.2562464475631714], [-1.1563712358474731, -0.42199939489364624], [-0.44661152362823486, -1.2278615236282349], [-1.010650634765625, -0.573150634765625], [-0.5385645031929016, -1.0073144435882568], [-0.6634560227394104, -0.8040810227394104], [-1.527590274810791, -0.3088403046131134], [-0.780521035194397, -0.7024083137512207], [-0.4464397430419922, -1.1651897430419922], [-0.7189943194389343, -0.7658694386482239], [-0.8907036781311035, -0.6563286781311035], [-1.3088207244873047, -0.3713347613811493], [-1.7829278707504272, -0.23605282604694366], [-1.1979809999465942, -0.41673097014427185], [-0.14488060772418976, -2.2386298179626465], [-1.0933423042297363, -0.5308423638343811], [-0.5603460073471069, -0.9668427109718323], [-0.5828365683555603, -0.8953365683555603], [-1.7830013036727905, -0.2364054173231125], [-0.36873292922973633, -1.5249829292297363], [-0.8343937993049622, -0.6399778723716736], [-0.736885666847229, -0.815010666847229], [-0.9681551456451416, -0.5619051456451416]], "train_probs": [0.35577490034429643, 0.1755380649971796, 0.718594386544335, 0.5621765008857981, 0.665410572017153, 0.8822196984662971, 0.598546329946896, 0.5233899428339591, 0.29746994883293104, 0.626124191181315, 0.4073340619552887, 0.352201788847459, 0.5751875762327298, 0.6419558841406765, 0.3593641451601019, 0.8932942786071033, 0.3208213138121609, 0.2867520598270087, 0.5964331462646255, 0.757794360334681, 0.7279754489059774, 0.2823503710135053, 0.5233958902514914, 0.54670521254472, 0.5525062409616642, 0.7873390177673679, 0.4649006372262538, 0.7057850340255386, 0.3242360911498507, 0.6859494550081925, 0.39233683016710835, 0.6150878414043816, 0.5350984286266115, 0.22815650740914753, 0.48048174300871044, 0.672331699179286, 0.5117166344901227, 0.44167300566462553, 0.2814084459292787, 0.175538067153742, 0.3140505385717078, 0.8902941489856662, 0.36296921930155557, 0.600247557364114, 0.5774953651858118, 0.17557847185355752, 0.7606506526772884, 0.45154853444862647, 0.519521321952093, 0.399811640739795], "train_labels_average": [], "train_logprobs_average": [], "train_probs_average": [], "train_response": [], "test_labels": [], "test_logprobs": [], "test_probs": []}}