{"0": {"train_labels": [0, 0, 0, 0, 1, 1, 0, 1, 0, 1, 0, 0, 1, 0, 0, 0, 0, 1, 1, 0, 0, 1, 0, 1, 0, 1, 0, 0, 0, 1, 0, 0, 0, 0, 1, 0, 0, 0, 0, 0, 0, 0, 0, 1, 1, 0, 0, 0, 1, 0], "train_logprobs": [[-15.188223838806152, -59.22231674194336], [-73.35272216796875, -111.08427429199219], [-166.79244995117188, -421.0226745605469], [-71.67147827148438, -141.96804809570312], [-197.6177520751953, -120.72062683105469], [-103.48902130126953, -28.300518035888672], [-166.8548583984375, -378.15924072265625], [-746.01123046875, -432.49041748046875], [-145.9612579345703, -318.08624267578125], [-228.80776977539062, -227.64154052734375], [-0.033846959471702576, -33.1099967956543], [-405.53692626953125, -636.0964965820312], [-822.3164672851562, -57.81725311279297], [-218.6069793701172, -294.05596923828125], [-33.23139190673828, -358.01947021484375], [-0.52872633934021, -152.98513793945312], [-0.017612934112548828, -314.9527282714844], [-154.7353515625, -123.59715270996094], [-53.41719055175781, -48.52368927001953], [-130.11827087402344, -157.54005432128906], [-69.70870971679688, -224.7894287109375], [-283.260986328125, -223.79473876953125], [-42.72289276123047, -104.719970703125], [-313.9353332519531, -180.8863525390625], [-67.65382385253906, -91.36715698242188], [-110.43643951416016, -67.51131439208984], [-0.2851133942604065, -69.10681915283203], [-131.7975616455078, -137.76559448242188], [-164.40875244140625, -179.63922119140625], [-194.75498962402344, -117.9302978515625], [-170.25946044921875, -274.7738342285156], [-0.14881852269172668, -62.774436950683594], [-90.69400024414062, -161.56210327148438], [-436.85223388671875, -517.6976928710938], [-108.34712219238281, -107.57877349853516], [-193.9347381591797, -325.8472900390625], [-161.9795379638672, -206.20172119140625], [-17.077619552612305, -95.58390808105469], [-51.610435485839844, -75.15396118164062], [-43.89801025390625, -130.04098510742188], [-277.15966796875, -982.4447021484375], [-70.59078979492188, -225.16290283203125], [-31.351560592651367, -1042.2904052734375], [-165.82835388183594, -90.89531707763672], [-573.5570678710938, -345.41217041015625], [-219.0863800048828, -492.61376953125], [-0.04416585713624954, -96.67566680908203], [-157.04962158203125, -233.9934539794922], [-230.93490600585938, -30.39230728149414], [-99.5646743774414, -295.68426513671875]], "train_probs": [1.0, 1.0, 1.0, 1.0, 4.0179343113164625e-34, 2.2184412362314274e-33, 1.0, 0.0, 1.0, 0.23753724157838232, 0.9999999999999957, 1.0, 0.0, 1.0, 1.0, 1.0, 1.0, 2.9981410583103786e-14, 0.007439374794288179, 0.9999999999987673, 1.0, 1.493264793135321e-26, 1.0, 1.650296024756602e-58, 0.999999999949716, 2.279580978727317e-19, 1.0, 0.9974472621740412, 0.9999997570642891, 4.319766670489639e-34, 1.0, 1.0, 1.0, 1.0, 0.31683642514924404, 1.0, 1.0, 1.0, 0.9999999999404096, 1.0, 1.0, 1.0, 1.0, 2.8641489762833726e-33, 8.278086465324859e-100, 1.0, 1.0, 1.0, 8.043702274549718e-88, 1.0], "train_labels_average": [1, 1, 1, 1, 0, 0, 1, 0, 1, 0, 0, 1, 0, 1, 1, 0, 1, 0, 0, 0, 1, 0, 1, 0, 1, 1, 0, 1, 1, 0, 1, 0, 1, 1, 1, 1, 1, 1, 1, 1, 1, 1, 1, 0, 0, 1, 0, 1, 0, 1], "train_logprobs_average": [[-1.898527979850769, -0.6328426599502563], [-5.64251708984375, -4.890181477864584], [-6.949685414632161, -2.0591660487798995], [-5.119391305106027, -3.1161512291949727], [-6.58725840250651, -7.904710083007813], [-3.3383555258474042, -9.408092845569957], [-5.056207830255682, -2.607107162475586], [-4.69189453125, -6.907511393229167], [-4.7084276753087195, -2.3928075071241035], [-5.447804042271206, -5.5806773115948936], [-0.0016117599748429797, -0.0033846959471702577], [-4.180793054325065, -3.049149821575423], [-3.972543320218146, -91.36849636501736], [-7.0518380441973285, -3.3122269601532905], [-2.5562609159029446, -0.48869693980497475], [-0.005747025427610978, -0.022030264139175415], [-0.000607342555605132, -0.00026287961362013175], [-4.421010044642857, -4.421010044642857], [-3.1421876795151653, -3.561146036783854], [-4.066195964813232, -4.486836926690463], [-3.4854354858398438, -1.584288857199929], [-5.1501997514204545, -5.9012705485026045], [-5.340361595153809, -1.9419496709650212], [-4.5497874384341035, -6.1555947696461395], [-5.637818654378255, -4.510254923502604], [-7.362429300944011, -5.8124441849557975], [-0.011404535770416259, -0.021931799558492806], [-4.707055773053851, -4.118673801422119], [-6.089213053385417, -4.009969571741616], [-3.8187252867455577, -6.2824190201297885], [-5.871015877559267, -2.837657674153646], [-0.0032351852759071016, -0.004377015373286079], [-5.038555569118923, -2.2673500061035154], [-4.550544102986653, -3.702137575311176], [-6.373360128963695, -4.333884887695312], [-6.2559592954574095, -2.308746882847377], [-4.627986798967634, -3.446373148167387], [-1.5525108684193005, -0.6325044278745298], [-4.300869623819987, -3.6864596775599887], [-3.9907282049005683, -1.6258522316261574], [-3.959423828125, -1.5397759331597223], [-3.2086722634055396, -1.5686842176649305], [-3.1351560592651366, -0.16765540423877737], [-4.877304525936351, -4.877304525936351], [-4.9021971612914, -10.242090497698102], [-4.471150612344547, -2.0865369524274553], [-0.0009013440231887661, -0.0029443904757499697], [-4.362489488389757, -3.140992431640625], [-6.792203117819393, -28.866863250732422], [-3.9825869750976564, -1.6875368538549391]], "train_probs_average": [0.2199967487859669, 0.32031259578717475, 0.007461425723629983, 0.11886315434172987, 0.7887574201266587, 0.9976935516121874, 0.07950434048943704, 0.9016431706328769, 0.0898375412119344, 0.5331695301687263, 0.5004432338769803, 0.24385797562500616, 1.0, 0.023211754390085947, 0.11228963381210677, 0.5040707197344256, 0.49991388426535527, 0.5, 0.6032339670595785, 0.6036366162345171, 0.12997875366867453, 0.679411975719261, 0.032345132866985996, 0.8328284755201637, 0.24461098592953018, 0.17508841788813745, 0.5026317916417482, 0.3570061912040142, 0.11113067410289475, 0.9215570975120204, 0.04594140966048632, 0.5002854574933303, 0.05890015244548869, 0.2997672315058677, 0.1151201771216791, 0.01894269669205919, 0.23476218158180662, 0.2849565819954375, 0.351053887064118, 0.08589059146074125, 0.08168666436215458, 0.16246668920531945, 0.048915869286973994, 0.5, 0.9952265131852017, 0.08435353177063577, 0.5005107614354788, 0.2276731037020237, 0.9999999997411209, 0.09153373836036512], "test_labels": [], "test_logprobs": [], "test_probs": []}}