{"0": {"train_labels": [0, 1, 1, 1, 1, 1, 1, 1, 1, 1, 1, 1, 0, 1, 1, 1, 1, 0, 1, 1, 1, 0, 1, 1, 1, 1, 0, 1, 0, 1, 1, 1, 1, 1, 1, 1, 0, 0, 0, 1, 1, 1, 1, 1, 1, 1, 0, 1, 1, 0], "train_logprobs": [[-0.5490599274635315, -0.8615599274635315], [-6.766778945922852, -0.001209242851473391], [-3.3030920028686523, -0.03746699169278145], [-2.7972991466522217, -0.06292403489351273], [-2.279916763305664, -0.10645601898431778], [-2.782639741897583, -0.06685610860586166], [-3.168041706085205, -0.04304181784391403], [-3.0637547969818115, -0.04812970757484436], [-0.8085058331489563, -0.5897558331489563], [-4.325812816619873, -0.013107565231621265], [-2.944681406021118, -0.05405651777982712], [-2.4354183673858643, -0.08634788542985916], [-0.2889348864555359, -1.3826789855957031], [-3.4237585067749023, -0.03262815251946449], [-6.6263275146484375, -0.0013071097200736403], [-2.826843023300171, -0.061218079179525375], [-3.5904762744903564, -0.025504278019070625], [-0.37220078706741333, -1.1690757274627686], [-2.3502438068389893, -0.10024432837963104], [-6.0648322105407715, -0.0023322305642068386], [-4.018155097961426, -0.018154878169298172], [-0.15152333676815033, -1.9640233516693115], [-4.387511253356934, -0.012707334011793137], [-1.4662126302719116, -0.263087660074234], [-1.7270387411117554, -0.19858497381210327], [-3.16800594329834, -0.04502374306321144], [-0.4126380383968353, -1.0948827266693115], [-3.168001890182495, -0.04300185292959213], [-0.3349233567714691, -1.2567983865737915], [-4.681192874908447, -0.009317840449512005], [-2.435398817062378, -0.09164876490831375], [-1.3594017028808594, -0.296901673078537], [-3.4388797283172607, -0.031158601865172386], [-1.212463140487671, -0.3484656810760498], [-1.1263700723648071, -0.39199507236480713], [-0.7827893495559692, -0.6038020253181458], [-0.4511229395866394, -1.0136229991912842], [-0.5499340891838074, -0.8624340891838074], [-0.007952101528644562, -4.8673272132873535], [-3.153045415878296, -0.043670449405908585], [-2.237834930419922, -0.11117923259735107], [-3.1380860805511475, -0.044335976243019104], [-1.5756598711013794, -0.23190990090370178], [-3.9108598232269287, -0.020234940573573112], [-0.8445487022399902, -0.5632987022399902], [-3.803804636001587, -0.0225543063133955], [-0.6931517124176025, -0.6931517124176025], [-4.495622158050537, -0.011247209273278713], [-1.2905371189117432, -0.3217870593070984], [-0.6561413407325745, -0.7342663407325745]], "train_probs": [0.5774953651858117, 0.0011514631629828175, 0.036769465679777645, 0.06097517446597346, 0.10215916739933194, 0.0620483993932624, 0.04208773242132242, 0.04672495464375097, 0.44552953503957266, 0.0132201439041132, 0.052618958918907936, 0.08713968384697211, 0.7490861040136814, 0.03257381589512708, 0.0013249954163250183, 0.05921025385401174, 0.027519049947012906, 0.6893056040203135, 0.09534950988614269, 0.002323162569040909, 0.01798620607996819, 0.8596637523076225, 0.012434058386115386, 0.23091976822203994, 0.17822003073374462, 0.04216915344688802, 0.6642395042914785, 0.04208772641371775, 0.7154240018510026, 0.009268013064508345, 0.08756383535613607, 0.25683198569916993, 0.03205502989775631, 0.2965048389885321, 0.32423539898095244, 0.45537224831386186, 0.6370308082623217, 0.5774953651858117, 0.9923043536750447, 0.04272219891766975, 0.1065328959051236, 0.043365794436662754, 0.20689405370611846, 0.020023443592090268, 0.43014734858584286, 0.022286178355481995, 0.5, 0.011158031813251684, 0.27512971193602087, 0.519521321952093], "train_labels_average": [], "train_logprobs_average": [], "train_probs_average": [], "train_response": [], "test_labels": [], "test_logprobs": [], "test_probs": []}}