{"0": {"train_labels": [1, 1, 1, 1, 1, 1, 1, 0, 1, 1, 1, 0, 0, 1, 1, 1, 1, 0, 1, 1, 0, 1, 1, 1, 1, 1, 1, 1, 1, 1, 1, 1, 0, 1, 1, 1, 1, 1, 0, 0, 0, 1, 0, 1, 0, 1, 1, 0, 1, 1], "train_logprobs": [[-3.5297536849975586, -0.03068380057811737], [-1.0741688013076782, -0.41791877150535583], [-1.950318694114685, -0.15344372391700745], [-1.0234785079956055, -0.44535350799560547], [-1.9637339115142822, -0.15123388171195984], [-5.193075180053711, -0.0055751074105501175], [-4.758622646331787, -0.008622794412076473], [-0.5491107106208801, -0.8616107106208801], [-1.3362338542938232, -0.3049839735031128], [-1.9909204244613647, -0.1450379639863968], [-0.9074190258979797, -0.516793966293335], [-0.169732466340065, -1.8309259414672852], [-0.5759651064872742, -0.8259651064872742], [-7.250710964202881, -0.0007109498255886137], [-1.600414752960205, -0.22541481256484985], [-1.9369207620620728, -0.15567073225975037], [-1.5263108015060425, -0.23835153877735138], [-0.012145963497459888, -4.41839599609375], [-0.9745035767555237, -0.4864184558391571], [-1.870446801185608, -0.1673218160867691], [-0.2519315481185913, -1.5019315481185913], [-0.9644097685813904, -0.4800347685813904], [-1.7229697704315186, -0.34796977043151855], [-3.454014778137207, -0.032139852643013], [-3.7427268028259277, -0.023976845666766167], [-2.1340324878692627, -0.13403251767158508], [-1.3826515674591064, -0.29683488607406616], [-2.812004327774048, -0.06200425326824188], [-1.9637336730957031, -0.15567828714847565], [-6.5327301025390625, -0.0014803176745772362], [-4.248764991760254, -0.014390144497156143], [-3.2579798698425293, -0.039229847490787506], [-0.34881243109703064, -1.223812460899353], [-3.4237732887268066, -0.03366214036941528], [-1.465781569480896, -0.2626565992832184], [-2.421144485473633, -0.09301941096782684], [-5.504079341888428, -0.004079354461282492], [-1.0846809148788452, -0.41811779141426086], [-0.16493555903434753, -1.88368558883667], [-0.04861322045326233, -3.0486133098602295], [-0.22542832791805267, -1.5755643844604492], [-0.7576032280921936, -0.618074893951416], [-0.20142492651939392, -1.7014249563217163], [-0.9649312496185303, -0.48656341433525085], [-0.5114769339561462, -0.9177269339561462], [-4.681192874908447, -0.009317722171545029], [-1.336208462715149, -0.29683780670166016], [-0.41793569922447205, -1.0741857290267944], [-2.738727569580078, -0.06685253977775574], [-0.9547491073608398, -0.48599913716316223]], "train_probs": [0.02933870694139, 0.3415824927356586, 0.1422318986458388, 0.35936414516010196, 0.14033624589467186, 0.0055549243024053925, 0.00857748667297385, 0.5774953651858118, 0.2628418604688331, 0.13635706854503934, 0.40356683938849797, 0.8403981478430326, 0.5621765008857981, 0.0007096703889046904, 0.20181323186177208, 0.14414884935602928, 0.21619842707055734, 0.9879462208719361, 0.3803447678674543, 0.15405756463346185, 0.7772998611746911, 0.38121956625614994, 0.20181322226037882, 0.03161876954994039, 0.023689472290209363, 0.11920292515117027, 0.2524068427805423, 0.060086645966199635, 0.1408733142085178, 0.0014550632511131044, 0.014281936075335358, 0.038466191191610606, 0.7057850340255386, 0.03260594919407755, 0.23091976822203994, 0.08882028637027004, 0.004070137766861096, 0.33926684159442466, 0.8479677622198947, 0.9525741308615412, 0.7941518708885014, 0.4651743973299281, 0.8175744806385542, 0.38263761115962414, 0.600188359260205, 0.009268011978466276, 0.2612714445148013, 0.6584175072643413, 0.06465348655397574, 0.384912151539776], "train_labels_average": [], "train_logprobs_average": [], "train_probs_average": [], "train_response": [], "test_labels": [], "test_logprobs": [], "test_probs": []}}