{"0": {"train_labels": [0, 1, 1, 0, 1, 1, 1, 1, 1, 1, 1, 1, 1, 1, 1, 0, 1, 0, 1, 0, 1, 1, 1, 0, 1, 0, 0, 0, 1, 1, 1, 0, 0, 1, 0, 1, 1, 1, 1, 0, 1, 1, 1, 1, 1, 0, 1, 0, 1, 1], "train_logprobs": [[-0.36731964349746704, -1.1798195838928223], [-1.5882208347320557, -0.22884587943553925], [-3.2880444526672363, -0.038044512271881104], [-0.4509379267692566, -1.0134379863739014], [-1.7528095245361328, -0.19030950963497162], [-1.3999379873275757, -0.29056301712989807], [-1.1053197383880615, -0.40219470858573914], [-2.1821820735931396, -0.11968211829662323], [-0.9644110798835754, -0.48003607988357544], [-2.20996356010437, -0.11621353775262833], [-1.4917513132095337, -0.25388219952583313], [-2.5501201152801514, -0.08015783876180649], [-0.8534013032913208, -0.5498890280723572], [-2.740262031555176, -0.06945202499628067], [-2.0720949172973633, -0.13459481298923492], [-0.28166618943214417, -1.4303429126739502], [-3.712231397628784, -0.02289329469203949], [-0.5027426481246948, -0.9402426481246948], [-4.202634811401367, -0.01560887973755598], [-0.6474063992500305, -0.7411563992500305], [-0.9168570637702942, -0.5106046199798584], [-2.2805962562561035, -0.10872118920087814], [-3.7122645378112793, -0.025148969143629074], [-0.04936351999640465, -3.033738613128662], [-0.7016096115112305, -0.6859674453735352], [-0.5492587685585022, -0.8617525100708008], [-0.2661970555782318, -1.4777312278747559], [-0.0103043457493186, -4.5884294509887695], [-1.1690082550048828, -0.37213334441185], [-2.4639437198638916, -0.088943712413311], [-0.7493634819984436, -0.6326329708099365], [-0.4347784221172333, -1.0340962409973145], [-0.3654331862926483, -1.2045180797576904], [-1.792184591293335, -0.1854371428489685], [-0.04255412146449089, -3.1981515884399414], [-1.8841748237609863, -0.16542477905750275], [-2.66621994972229, -0.07246984541416168], [-4.8206071853637695, -0.007857012562453747], [-3.727532386779785, -0.02440737746655941], [-0.014392259530723095, -4.248767375946045], [-7.0946125984191895, -0.0008891443139873445], [-3.2730836868286133, -0.03753519803285599], [-3.7427260875701904, -0.023976029828190804], [-4.310418128967285, -0.012726754881441593], [-1.046297311782837, -0.4369223415851593], [-0.5834406614303589, -0.8531786203384399], [-0.8706997632980347, -0.5425747632980347], [-0.6855288743972778, -0.7170180678367615], [-0.8347771167755127, -0.5624009966850281], [-2.782632350921631, -0.06388233602046967]], "train_probs": [0.6926419704455588, 0.2043419072050194, 0.03732688948593844, 0.6370308082623217, 0.17328820379459514, 0.24798743179802785, 0.3311197330283893, 0.11279541075648723, 0.3812195662561499, 0.10970577169486684, 0.22480711512192122, 0.07799094771987408, 0.4246991036346953, 0.06471792201435385, 0.12592275335433112, 0.7592691320501809, 0.024379332568996524, 0.6076631698328916, 0.014964072824680987, 0.523420348936324, 0.39981105432238284, 0.10230470173440492, 0.024432251421568088, 0.9518632331506499, 0.4960895381987074, 0.5774938381486916, 0.7705702905834305, 0.9898303433054925, 0.31069440236225293, 0.0850990444269389, 0.4708504640162947, 0.6455002184329696, 0.6982724489931632, 0.16704067741600462, 0.9591287119188108, 0.15203223585907102, 0.06954173775649895, 0.008059991143621815, 0.024053552675798395, 0.985718067713779, 0.0008296111925686289, 0.03784966842071253, 0.023689469963901314, 0.013417443764728375, 0.352201788847459, 0.5670285731287609, 0.4186969093556867, 0.5078716479302486, 0.4323238542715902, 0.06187598485866984], "train_labels_average": [], "train_logprobs_average": [], "train_probs_average": [], "train_response": [], "test_labels": [], "test_logprobs": [], "test_probs": []}}