{"0": {"train_labels": [0, 1, 0, 0, 1, 0, 0, 1, 1, 0, 0, 1, 0, 0, 0, 0, 0, 0, 1, 1, 0, 0, 0, 0, 0, 1, 0, 1, 1, 0, 1, 0, 0, 1, 1, 0, 0, 1, 0, 0, 0, 1, 1, 0, 0, 1, 1, 0, 1, 1], "train_logprobs": [[-1.537719964981079, -20.91225242614746], [-243.69635009765625, -92.40978240966797], [-73.94869995117188, -234.89767456054688], [-55.928070068359375, -201.18789672851562], [-52.74555206298828, -37.849525451660156], [-101.06626892089844, -300.03387451171875], [-92.73248291015625, -211.25332641601562], [-60.119136810302734, -43.9598274230957], [-487.2173767089844, -50.9496955871582], [-255.0827178955078, -430.7684326171875], [-28.250160217285156, -71.89350128173828], [-160.29006958007812, -58.87731170654297], [-71.95329284667969, -145.03091430664062], [-1.038423776626587, -2.3348379135131836], [-42.168060302734375, -383.919677734375], [-111.97025299072266, -241.61410522460938], [-37.24559783935547, -57.1321907043457], [-150.2997589111328, -366.37164306640625], [-284.080810546875, -51.24011993408203], [-158.4987030029297, -97.41537475585938], [-1.5523974895477295, -3.1221983432769775], [-93.21473693847656, -157.773193359375], [-35.66750717163086, -358.5162048339844], [-7.381243705749512, -14.510419845581055], [-68.73233795166016, -114.98988342285156], [-103.3647232055664, -27.40237808227539], [-171.99276733398438, -207.1168975830078], [-242.10223388671875, -75.36433410644531], [-44.163475036621094, -37.551109313964844], [-196.9211883544922, -818.1094360351562], [-268.1416931152344, -210.31817626953125], [-45.45713806152344, -565.2540893554688], [-119.48005676269531, -126.23159790039062], [-215.85403442382812, -134.2125701904297], [-153.2188262939453, -73.38545227050781], [-0.8253049254417419, -19.782020568847656], [-16.885299682617188, -138.76385498046875], [-110.30402374267578, -19.045604705810547], [-87.7201919555664, -151.6560516357422], [-134.27401733398438, -189.77027893066406], [-107.05786895751953, -212.56924438476562], [-469.7515563964844, -130.82342529296875], [-85.59233856201172, -16.809995651245117], [-74.30582427978516, -89.59490966796875], [-158.864990234375, -378.5300598144531], [-71.35800170898438, -9.577173233032227], [-97.70619201660156, -57.17731857299805], [-4.099415302276611, -4.562140941619873], [-101.08374786376953, -61.86042785644531], [-179.90676879882812, -169.45944213867188]], "train_probs": [0.9999999961474573, 1.981885074507162e-66, 1.0, 1.0, 3.3942020623671306e-07, 1.0, 1.0, 9.596239095048097e-08, 3.3990179342879846e-190, 1.0, 1.0, 9.05730225347297e-45, 1.0, 0.7852308696046592, 1.0, 1.0, 0.9999999976913267, 1.0, 7.560889731358203e-102, 2.9637912123311495e-27, 0.8277552165375162, 1.0, 1.0, 0.9991992623544873, 1.0, 1.023228623632492e-33, 0.9999999999999994, 3.860559064268722e-73, 0.0013418467120708646, 1.0, 7.719082981041806e-26, 1.0, 0.9988322886201227, 3.4959288801757497e-36, 2.132093223845762e-35, 0.999999994149365, 1.0, 2.327942156966406e-40, 1.0, 1.0, 1.0, 6.388264655533569e-148, 1.3434082823607753e-30, 0.9999997708950444, 1.0, 1.4754588628753942e-27, 2.5034210846686766e-18, 0.613660574039476, 9.236949279385506e-18, 2.9024922935241475e-05], "test_labels": [], "test_logprobs": [], "test_probs": []}}