{"0": {"train_labels": [1, 1, 1, 1, 1, 1, 1, 1, 1, 1, 1, 1, 1, 1, 1, 1, 1, 0, 1, 1, 1, 0, 1, 1, 0, 1, 0, 1, 0, 1, 1, 0, 1, 0, 1, 1, 0, 0, 0, 1, 1, 1, 1, 1, 1, 1, 1, 1, 1, 1], "train_logprobs": [[-1.9102250337600708, -0.1602250188589096], [-12.546878814697266, -3.576272320060525e-06], [-3.529750347137451, -0.029750416055321693], [-2.293837308883667, -0.10633727163076401], [-2.870821475982666, -0.05832137167453766], [-1.8047447204589844, -0.17974475026130676], [-9.796930313110352, -5.578839045483619e-05], [-8.90638542175293, -0.00013982271775603294], [-2.182180166244507, -0.11968021094799042], [-4.44925594329834, -0.01373071689158678], [-10.406280517578125, -3.099393507000059e-05], [-4.356654167175293, -0.011756068095564842], [-1.5019325017929077, -0.2589768171310425], [-2.753335475921631, -0.0658353641629219], [-2.811967611312866, -0.06196761503815651], [-2.2378225326538086, -0.11282245069742203], [-5.161996841430664, -0.005746866576373577], [-0.12325389683246613, -2.1821796894073486], [-3.4388773441314697, -0.03364577144384384], [-6.657535552978516, -0.0012853225925937295], [-2.099454879760742, -0.13070496916770935], [-0.030680563300848007, -3.4994306564331055], [-1.406150221824646, -0.2811501920223236], [-4.1410346031188965, -0.016034699976444244], [-0.01373071689158678, -4.294980525970459], [-2.694936513900757, -0.06993645429611206], [-0.004340869374573231, -5.410728454589844], [-2.15450382232666, -0.12325379252433777], [-0.26618993282318115, -1.4536899328231812], [-3.926166296005249, -0.019916201010346413], [-6.688745498657227, -0.001207337831147015], [-0.02185230888426304, -3.8343522548675537], [-4.975677967071533, -0.00692775659263134], [-0.6180711388587952, -0.7575992345809937], [-2.521271228790283, -0.08377117663621902], [-3.108210563659668, -0.045710574835538864], [-0.07428312301635742, -2.6367831230163574], [-0.19029927253723145, -1.7527992725372314], [-0.005746985320001841, -5.161996841430664], [-5.317417621612549, -0.004917550832033157], [-1.8572272062301636, -0.16972723603248596], [-2.841367244720459, -0.06011725217103958], [-2.665828227996826, -0.07207826524972916], [-4.480146408081055, -0.011396546848118305], [-2.26578426361084, -0.1095343679189682], [-3.6513004302978516, -0.027124058455228806], [-0.7248857617378235, -0.6776446104049683], [-4.758614540100098, -0.00861463975161314], [-3.197953462600708, -0.041703563183546066], [-5.56633186340332, -0.003953261766582727]], "train_probs": [0.14804719615221756, 3.555983805648536e-06, 0.0293122327122782, 0.10087861935113906, 0.056652419733442295, 0.16451646699291614, 5.562208917106592e-05, 0.00013552138196676276, 0.11279541075648723, 0.011710089955489467, 3.0241972939485766e-05, 0.012806691095712754, 0.22392192510134168, 0.06371498758495588, 0.06008665038439803, 0.10669058613457583, 0.005730246658257517, 0.8868464181622416, 0.03213236459250004, 0.0012843078246275027, 0.12252322213041654, 0.9697854156615362, 0.24508500761839525, 0.01590639322796263, 0.9863631621505142, 0.06754668738548217, 0.9955322277283052, 0.11596071519881658, 0.7662936430859597, 0.019719126271068216, 0.0012447958578779802, 0.9783846660950011, 0.006903836628141824, 0.5348255433545861, 0.0803574649680142, 0.04468087074968655, 0.9284088005554476, 0.8267117940706734, 0.9942697526652111, 0.004905405360218094, 0.1561049013715009, 0.0583458410210279, 0.06954174691630292, 0.011331755086016833, 0.10374863656545572, 0.025978189592793965, 0.4881919081209526, 0.00857748626113976, 0.04084571985051788, 0.003824946182897946], "train_labels_average": [], "train_logprobs_average": [], "train_probs_average": [], "train_response": [], "test_labels": [], "test_logprobs": [], "test_probs": []}}