{"0": {"train_labels": [0, 0, 1, 0, 1, 0, 1, 1, 0, 1, 0, 1, 0, 0, 1, 1, 0, 1, 1, 0, 1, 0, 0, 0, 0, 1, 1, 1, 1, 0, 0, 0, 0, 1, 0, 1, 0, 1, 0, 0, 0, 1, 1, 0, 0, 0, 1, 1, 0, 0], "train_logprobs": [[-175.49737548828125, -341.3865051269531], [-14.157681465148926, -207.58033752441406], [-25.10381317138672, -23.488126754760742], [-83.54149627685547, -122.27420043945312], [-461.068603515625, -139.715576171875], [-3.588899850845337, -52.53736877441406], [-173.6120147705078, -137.15501403808594], [-144.60501098632812, -52.00863265991211], [-47.3790168762207, -104.8846435546875], [-158.84356689453125, -96.82395935058594], [-5.804682731628418, -9.922734260559082], [-151.45486450195312, -96.41058349609375], [-56.192134857177734, -88.98414611816406], [-59.170623779296875, -138.2870635986328], [-141.20396423339844, -106.84349822998047], [-102.94111633300781, -84.87655639648438], [-107.55050659179688, -385.1329040527344], [-91.28325653076172, -81.25007629394531], [-295.712890625, -283.8772277832031], [-12.895781517028809, -82.70822143554688], [-203.23745727539062, -152.7050323486328], [-59.10354995727539, -314.16790771484375], [-84.50365447998047, -94.23860168457031], [-71.12588500976562, -362.5624084472656], [-15.827022552490234, -97.9385986328125], [-37.25000762939453, -29.338071823120117], [-81.21054077148438, -36.94899368286133], [-161.07635498046875, -99.84559631347656], [-13.834547996520996, -7.597751140594482], [-165.8275146484375, -326.8614501953125], [-276.1851806640625, -341.508056640625], [-275.749267578125, -771.422119140625], [-1.387575626373291, -17.837888717651367], [-149.16238403320312, -48.53839111328125], [-10.484315872192383, -134.4923095703125], [-402.70623779296875, -280.10491943359375], [-180.8443603515625, -209.75970458984375], [-391.4211730957031, -133.98785400390625], [-31.109596252441406, -349.7359313964844], [-36.31580352783203, -134.3522186279297], [-27.616912841796875, -185.39166259765625], [-202.97836303710938, -94.42922973632812], [-109.68934631347656, -29.633901596069336], [-202.30238342285156, -283.2662658691406], [-187.43121337890625, -480.7087097167969], [-85.10347747802734, -95.46614837646484], [-730.1754150390625, -127.76679992675781], [-168.42483520507812, -98.27896881103516], [-19.69504165649414, -46.603755950927734], [-76.40984344482422, -84.52009582519531]], "train_probs": [1.0, 1.0, 0.16580062550065147, 1.0, 2.742543228308974e-140, 1.0, 1.4686751787467362e-16, 6.108067792967259e-41, 1.0, 1.1620549737357534e-27, 0.9839844745860545, 1.243290166805253e-24, 0.9999999999999943, 1.0, 1.195196242412204e-15, 1.4277800038936935e-08, 1.0, 4.391633751655186e-05, 7.241587675505536e-06, 1.0, 1.1325221300998976e-22, 1.0, 0.9999408247028859, 1.0, 1.0, 0.00036621056202531827, 5.990379533215068e-20, 2.5575220585413268e-27, 0.001952292303733589, 1.0, 1.0, 1.0, 0.9999999282668722, 1.9932195023435957e-44, 1.0, 5.687533431373395e-54, 0.9999999999997232, 1.5780837957804233e-112, 1.0, 1.0, 1.0, 7.206267712247146e-48, 1.7075055065624503e-35, 1.0, 1.0, 0.9999684110280721, 2.3837605382724206e-262, 3.4358745355496096e-31, 0.9999999999979409, 0.9996996472012105], "train_labels_average": [1, 1, 0, 1, 0, 1, 0, 0, 1, 0, 1, 0, 1, 1, 0, 0, 1, 1, 1, 0, 0, 1, 1, 1, 1, 0, 0, 1, 0, 1, 1, 1, 1, 0, 1, 0, 1, 0, 1, 1, 1, 0, 0, 1, 1, 0, 0, 0, 1, 1], "train_logprobs_average": [[-3.1338817051478793, -2.064675005744485], [-1.1798067887624104, -0.257412390275435], [-0.23244271454987703, -0.24855260565729426], [-3.3416598510742186, -3.0941294917353876], [-4.853353721217105, -15.368953450520833], [-1.196299950281779, -0.27606921929579514], [-4.69221661541913, -5.425375461578369], [-6.572955044833097, -20.65785871233259], [-2.961188554763794, -1.8222698798546424], [-4.293069375527872, -7.942178344726562], [-0.11609365463256836, -0.09838445307844776], [-4.207079569498698, -6.884312022816051], [-4.0137239183698386, -2.3413389523824057], [-3.944708251953125, -1.3149027506510416], [-4.706798807779948, -5.229776453088831], [-6.055359784294577, -6.055359784294577], [-4.676108982252038, -0.9271595395844558], [-4.564162826538086, -3.147698501060749], [-4.164970290492958, -3.5203915550595237], [-0.3393626715007581, -0.3393626715007581], [-4.619033119895241, -7.258480616978237], [-3.2835305531819663, -0.8691698523128734], [-6.500281113844651, -2.7259243380638862], [-4.183875588809743, -0.9118703206380209], [-2.6378370920817056, -0.753667740594773], [-2.328125476837158, -5.3214296613420755], [-3.8671686081659224, -8.121054077148438], [-4.130162948217148, -3.660826249556108], [-1.0641959997323842, -4.611515998840332], [-3.070879900896991, -1.928226914516715], [-3.452314758300781, -2.969733125420027], [-3.628279836554276, -1.0986026596738048], [-0.016324419133803423, -0.008894715553674942], [-4.661324501037598, -14.916238403320312], [-1.7473859786987305, -0.4368464946746826], [-4.377241715140965, -5.516523805383134], [-3.7675908406575522, -2.870545402405754], [-5.512974268953565, -13.047372436523437], [-2.8281451138583096, -0.41479461669921874], [-4.539475440979004, -0.7411388475067762], [-3.4521141052246094, -0.642253787018532], [-4.950691781392911, -10.68307173879523], [-4.062568381980613, -13.71116828918457], [-4.214632987976074, -3.5491646214535364], [-4.259800304066051, -1.7039201216264204], [-2.934602671656115, -3.151980647334346], [-3.6877546214094066, -40.56530083550347], [-5.6141611735026045, -8.020230247860862], [-1.6412534713745117, -1.2309401035308838], [-3.322167106296705, -3.056393737792969]], "train_probs_average": [0.2555539772814757, 0.28447027041203454, 0.50402738567542, 0.4384314548978386, 0.9999728905135861, 0.2849108836029716, 0.6754980764979976, 0.9999992361576608, 0.24251894889878545, 0.9746452870621932, 0.4955728153137946, 0.9356697404850488, 0.1581064599481807, 0.06724464906520428, 0.6278437753513736, 0.5, 0.02300096612553924, 0.1952164642698964, 0.3442122446749517, 0.5, 0.9333576063160113, 0.08208415590036558, 0.02243688116969647, 0.0365441597684601, 0.13191070682145983, 0.9522707139296651, 0.9859901466563035, 0.38477325015067054, 0.9720045911048604, 0.2418336025472154, 0.3816426958136523, 0.0738037106971174, 0.4981425826491565, 0.9999648170541566, 0.21239658292647087, 0.7575478055257512, 0.28965803893873426, 0.9994659026368428, 0.08216030320129523, 0.021916900290618085, 0.0567936628398494, 0.9967711010444672, 0.9999354883300425, 0.3395122907877276, 0.07203244131930067, 0.5541315044404648, 0.9999999999999999, 0.9172889315423106, 0.3988369838020666, 0.43394501969127225], "test_labels": [], "test_logprobs": [], "test_probs": []}}