{"0": {"train_labels": [0, 0, 1, 1, 1, 1, 0, 1, 1, 0, 1, 0, 0, 1, 1, 1, 1, 0, 1, 0, 0, 1, 0, 0, 1, 0, 0, 1, 1, 1, 1, 1, 1, 1, 0, 0, 0, 0, 0, 0, 0, 0, 1, 0, 1, 0, 0, 0, 1, 0], "train_logprobs": [[-47.24436950683594, -75.61962890625], [-36.013919830322266, -108.95263671875], [-34.63374710083008, -24.190095901489258], [-143.1922607421875, -42.09172439575195], [-109.16060638427734, -105.89794921875], [-16.351900100708008, -9.484426498413086], [-22.120407104492188, -42.90862274169922], [-73.56391143798828, -34.475067138671875], [-34.88023376464844, -24.826473236083984], [-71.64228057861328, -131.7472381591797], [-152.87396240234375, -132.10311889648438], [-165.17794799804688, -170.5948028564453], [-26.484773635864258, -48.64361572265625], [-94.85368347167969, -40.615577697753906], [-56.22956085205078, -25.491985321044922], [-120.41043853759766, -111.88028717041016], [-48.36935806274414, -32.995731353759766], [-24.358158111572266, -323.841064453125], [-85.73939514160156, -26.00431251525879], [-65.96163940429688, -474.2344970703125], [-88.03475952148438, -121.39414978027344], [-35.70903396606445, -20.307994842529297], [-70.18951416015625, -107.71180725097656], [-2.512274980545044, -38.00752639770508], [-74.69577026367188, -19.632780075073242], [-26.343238830566406, -181.6661834716797], [-17.09357452392578, -49.56700897216797], [-150.58963012695312, -88.84947967529297], [-62.282630920410156, -51.9310188293457], [-47.59666061401367, -18.120594024658203], [-75.10699462890625, -29.903879165649414], [-222.06671142578125, -117.91908264160156], [-49.46562957763672, -43.01008224487305], [-103.7606201171875, -95.55422973632812], [-23.697174072265625, -123.41556549072266], [-59.39892578125, -68.34674072265625], [-85.88253021240234, -119.25373840332031], [-25.749826431274414, -57.59836196899414], [-43.91404724121094, -61.30626678466797], [-17.35252571105957, -19.86366081237793], [-36.44295120239258, -128.08026123046875], [-24.509815216064453, -111.62248229980469], [-56.436378479003906, -36.298736572265625], [-23.6785888671875, -67.54887390136719], [-42.16291046142578, -39.03125], [-34.71614074707031, -182.65188598632812], [-72.39079284667969, -156.71974182128906], [-56.42841720581055, -111.4496841430664], [-76.90402221679688, -48.56080627441406], [-91.88387298583984, -470.22406005859375]], "train_probs": [0.9999999999995249, 1.0, 2.9131796078093653e-05, 1.2376417387956777e-44, 0.03687472390155067, 0.001040021217380414, 0.9999999990628856, 1.056648684848102e-17, 4.3021801837205635e-05, 1.0, 9.535364092107898e-10, 0.9955785435271076, 0.9999999997620218, 2.7841328430075586e-24, 4.475489677637603e-14, 0.0001973861150129229, 2.1053226460913279e-07, 1.0, 1.1412564350422869e-26, 1.0, 0.9999999999999968, 2.048394514345919e-07, 1.0, 0.9999999999999997, 1.2202454697977569e-24, 1.0, 0.9999999999999921, 1.5367150583506378e-27, 3.1940235825613495e-05, 1.5801813510012423e-13, 2.3363418557648652e-20, 5.8784051583437885e-46, 0.0015693121485433191, 0.00027282956885086446, 1.0, 0.9998699959499688, 0.9999999999999969, 0.9999999999999852, 0.9999999720324121, 0.9249187545825638, 1.0, 1.0, 1.7961112809708584e-09, 1.0, 0.04182001988871611, 1.0, 1.0, 1.0, 4.905663070939043e-13, 1.0], "train_labels_average": [1, 1, 0, 0, 0, 1, 1, 0, 0, 1, 0, 0, 1, 0, 0, 1, 1, 1, 0, 1, 1, 0, 1, 1, 0, 1, 1, 0, 0, 0, 0, 0, 0, 0, 1, 1, 1, 1, 1, 0, 1, 1, 0, 1, 0, 1, 1, 1, 0, 1], "train_logprobs_average": [[-1.968515396118164, -1.2432728817588405], [-1.4405567932128907, -0.6104054208529197], [-2.16460919380188, -3.848194122314453], [-1.725207960749247, -7.159613037109375], [-1.7606549416818926, -1.7895181374471696], [-3.2703800201416016, -2.7253166834513345], [-2.010946100408381, -0.9617568306300951], [-2.2292094375147964, -2.9425564575195313], [-1.1251688311176915, -1.4533430735270183], [-2.755472329946665, -0.9184907766488882], [-1.7372041182084517, -1.8873328691647377], [-1.9206738139307775, -1.9432699764476102], [-1.47137631310357, -0.9458847727094378], [-2.062036597210428, -4.124073194420856], [-1.4797252855802838, -2.9594505711605676], [-2.5085508028666177, -2.189280700683594], [-2.418467903137207, -2.303302764892578], [-1.8737044701209435, -0.14498903637840635], [-1.82424244982131, -4.763299730088976], [-1.9400482177734375, -0.27831915360462817], [-2.1471892566215702, -1.4672459920247396], [-1.0820919383655896, -3.5709033966064454], [-2.0643974752987133, -1.0634774872750947], [-0.628068745136261, -0.096625960790194], [-2.40954097624748, -6.790524569424716], [-2.394839893687855, -0.3512431844075521], [-1.5539613203568892, -0.5697858174641927], [-2.151280430385045, -3.0732577576929208], [-1.9463322162628174, -2.7079404748004414], [-2.505087400737562, -6.799522944859096], [-2.5898963665140085, -4.172610812717014], [-1.9827384948730469, -3.7638425665386652], [-1.4989584720495976, -2.2484377080743965], [-1.9214929651331019, -2.2556656547214673], [-1.8228595440204327, -0.2889899277105564], [-2.1213902064732144, -1.7470272288602942], [-1.7176506042480468, -1.034729279667498], [-1.9807558793288012, -0.8583275477091471], [-1.6890018169696515, -1.3307287042791194], [-1.0845328569412231, -1.2394661222185408], [-1.256653489737675, -0.49247231354584564], [-1.167134057907831, -0.5328220699144446], [-1.6124679565429687, -2.6874465942382812], [-1.5785725911458333, -0.7175329959753788], [-1.3600938858524445, -1.6865164184570312], [-1.446505864461263, -0.32751076176481425], [-2.8956317138671874, -1.0491419253141985], [-2.8214208602905275, -0.8178031479102977], [-2.02379005833676, -2.9578470083383412], [-0.8668289904324513, -0.4273668510969295]], "train_probs_average": [0.32623959186782286, 0.3036130642380007, 0.8433786514000852, 0.995655129881372, 0.5072152980357864, 0.3670105092087054, 0.2593808136604374, 0.6711403066265811, 0.5813150756968525, 0.13740867019233396, 0.5374618525493, 0.505648800281128, 0.3715690270824802, 0.8871582114722857, 0.8145310831312178, 0.4208536398342688, 0.47124049487942254, 0.15075196360976348, 0.9497437493420358, 0.15953002717672488, 0.33627396546742955, 0.9233537299362943, 0.2687605792006909, 0.3701804444014257, 0.9876415964370254, 0.11470099891167727, 0.2720640587432262, 0.7154448283968636, 0.6817028022382823, 0.9865393891111911, 0.8295886062924629, 0.8558331428594093, 0.6790652167258038, 0.5827743087728056, 0.17742822004067516, 0.40748719454195403, 0.33560960540951096, 0.2455611308312893, 0.41137766084617905, 0.5386560212895192, 0.31773917674781055, 0.34653345160138815, 0.7455425615293944, 0.2971221902011775, 0.5808886701704804, 0.24619772925381878, 0.13628556306577153, 0.11882360838994338, 0.7178976273609217, 0.39186913814304014], "test_labels": [], "test_logprobs": [], "test_probs": []}}