{"0": {"train_labels": [1, 1, 0, 0, 0, 0, 0, 1, 1, 0, 0, 1, 0, 1, 0, 0, 0, 0, 1, 1, 1, 0, 0, 1, 0, 1, 0, 1, 0, 0, 1, 0, 1, 1, 1, 0, 0, 1, 0, 1, 0, 1, 1, 1, 0, 1, 0, 1, 1, 1], "train_logprobs": [[-161.20579528808594, -5.330270290374756], [-309.3824462890625, -148.5477752685547], [-106.12623596191406, -242.45932006835938], [-61.15618133544922, -217.56106567382812], [-31.039505004882812, -57.240333557128906], [-142.4058837890625, -401.0051574707031], [-183.8257598876953, -309.21490478515625], [-69.85293579101562, -58.94218063354492], [-683.6931762695312, -43.47138977050781], [-300.280029296875, -449.9669189453125], [-39.812713623046875, -79.7135238647461], [-271.77618408203125, -64.75347137451172], [-57.27592468261719, -197.83074951171875], [-157.97189331054688, -0.04838484898209572], [-30.901927947998047, -389.0194396972656], [-153.85308837890625, -294.2892150878906], [-36.1236457824707, -75.25160217285156], [-216.9235076904297, -442.55206298828125], [-375.3240966796875, -88.34793090820312], [-188.8751678466797, -142.82904052734375], [-105.7304916381836, -0.3302099108695984], [-102.8486557006836, -206.03799438476562], [-66.64974975585938, -523.4837036132812], [-304.71051025390625, -1.2773849964141846], [-91.59771728515625, -111.83078002929688], [-104.26264953613281, -32.199851989746094], [-155.34300231933594, -260.3145751953125], [-346.5982360839844, -113.64580535888672], [-43.09119415283203, -58.82929992675781], [-268.2788391113281, -1108.91845703125], [-319.7509765625, -243.58200073242188], [-74.57623291015625, -664.4946899414062], [-177.36741638183594, -133.55685424804688], [-242.61891174316406, -170.62539672851562], [-159.20872497558594, -99.07847595214844], [-12.987726211547852, -24.639739990234375], [-21.127731323242188, -163.67677307128906], [-99.59258270263672, -12.594948768615723], [-77.94100952148438, -160.20779418945312], [-203.758056640625, -197.55235290527344], [-136.82469177246094, -248.4140625], [-471.8969421386719, -207.1258544921875], [-107.6821517944336, -26.78435707092285], [-120.33726501464844, -104.32325744628906], [-173.09182739257812, -492.43511962890625], [-72.13066101074219, -16.485952377319336], [-73.40298461914062, -90.35025787353516], [-135.94784545898438, -0.03694213554263115], [-168.54345703125, -87.54971313476562], [-229.27920532226562, -174.24517822265625]], "train_probs": [2.0142790219435646e-68, 1.4138061844280878e-70, 1.0, 1.0, 0.9999999999958206, 1.0, 1.0, 1.8260443079107e-05, 9.020091212872982e-279, 1.0, 1.0, 1.2336110261112121e-90, 1.0, 2.5983144725749466e-69, 1.0, 1.0, 1.0, 1.0, 2.332570440305688e-125, 1.005590107208343e-20, 1.6797291335931002e-46, 1.0, 1.0, 1.6621418100314547e-132, 0.9999999983673523, 5.05271351875122e-32, 1.0, 6.761527055274963e-102, 0.9999998537730427, 1.0, 8.32212251038427e-34, 1.0, 9.404043215372817e-20, 5.415189965366242e-32, 7.68713757573713e-27, 0.9999912985639279, 1.0, 1.6497101399996445e-38, 1.0, 0.0020138245767328867, 1.0, 1.0265442332014145e-115, 7.354178273385665e-36, 1.1096980725690155e-07, 1.0, 6.820403889446276e-25, 0.9999999563591979, 9.432887526608977e-60, 6.681345913439972e-36, 1.256104332970461e-24], "test_labels": [], "test_logprobs": [], "test_probs": []}}