{"0": {"train_labels": [1, 1, 1, 1, 1, 1, 1, 1, 1, 1, 1, 1, 1, 1, 1, 1, 1, 1, 1, 1, 1, 1, 1, 1, 1, 1, 1, 1, 1, 1, 1, 1, 1, 1, 1, 1, 1, 1, 1, 1, 1, 1, 1, 1, 1, 1, 1, 1, 1, 1], "train_logprobs": [[-702.8681640625, -0.011803332716226578], [-55.71876525878906, -0.04322316497564316], [-845.5819091796875, -0.09324666857719421], [-95.70723724365234, -0.11654267460107803], [-63.58663558959961, -0.19804534316062927], [-125.37869262695312, -0.024606093764305115], [-234.00372314453125, -0.02724510058760643], [-61.02256774902344, -1.2880804538726807], [-98.1739273071289, -0.2906753420829773], [-452.8611755371094, -0.8446859121322632], [-119.08880615234375, -0.011102737858891487], [-48.09044647216797, -4.965913772583008], [-173.77655029296875, -0.009856118820607662], [-101.86695098876953, -0.21208088099956512], [-210.32147216796875, -0.0009548813104629517], [-42.31884765625, -0.02054809406399727], [-26.68140411376953, -0.0053422641940414906], [-33.11235046386719, -0.0009146990487352014], [-147.7666015625, -0.3279961347579956], [-163.69989013671875, -0.4175119996070862], [-138.6254425048828, -55.728599548339844], [-136.73915100097656, -0.6573017239570618], [-110.68098449707031, -0.4167996346950531], [-138.35218811035156, -0.3097480535507202], [-68.6461410522461, -0.008941132575273514], [-103.76657104492188, -4.1647047996521], [-90.0655288696289, -0.31870758533477783], [-80.6366195678711, -0.037868745625019073], [-120.54512023925781, -0.22392457723617554], [-121.31795501708984, -0.15562325716018677], [-171.99948120117188, -1.2747026681900024], [-90.10386657714844, -2.305433511734009], [-738.4044189453125, -3.5980238914489746], [-77.50910949707031, -0.22499604523181915], [-162.01846313476562, -0.41068166494369507], [-92.34536743164062, -0.049089573323726654], [-139.82958984375, -0.46451014280319214], [-439.1660461425781, -1.9399371147155762], [-98.28317260742188, -0.03641712665557861], [-260.95050048828125, -0.3136398196220398], [-308.34246826171875, -0.22261469066143036], [-237.30914306640625, -0.11202113330364227], [-74.53829956054688, -0.021558871492743492], [-56.21365737915039, -0.08968919515609741], [-180.94122314453125, -1.4045840501785278], [-105.47373962402344, -0.7520516514778137], [-166.42971801757812, -0.11839965730905533], [-238.09429931640625, -0.21387015283107758], [-131.2489776611328, -0.24068313837051392], [-289.1287841796875, -0.05035693198442459]], "train_probs": [5.6671011523572456e-306, 6.6133162567308e-25, 0.0, 3.0583615662418915e-42, 2.955868030281426e-28, 3.625867541561072e-55, 2.4283243253745882e-102, 1.141936062877909e-26, 3.0891841709336127e-43, 4.9173693121362435e-197, 1.928459352545552e-52, 1.8674690544313274e-19, 3.4204526407019707e-76, 7.109693090298955e-45, 4.559948222714311e-92, 4.266599776282862e-19, 2.5985647317385942e-12, 4.167601248347826e-15, 9.294525927098781e-65, 1.2228246450866255e-71, 9.962275249734546e-37, 7.950670801256829e-60, 1.2967998831578119e-48, 1.119257504263946e-60, 1.5532552192221532e-30, 5.539353772921409e-44, 1.0554817971806685e-39, 9.917615560704491e-36, 5.561201970608973e-53, 2.398103385162924e-53, 7.164250438998125e-75, 7.406704187527614e-39, 7.5434e-320, 2.728575586813193e-34, 6.525777692882904e-71, 8.245857511623173e-41, 2.982049964864631e-61, 1.3035074125233526e-190, 2.1477129203648634e-43, 6.409876042884138e-114, 1.5319614229277587e-134, 9.6961387405833e-104, 4.343008799781145e-33, 4.223478767131176e-25, 1.0671570599413575e-78, 3.3109206912933446e-46, 5.914419949514877e-73, 4.89600960887726e-104, 1.2700493752930989e-57, 2.849930105365524e-126], "test_labels": [], "test_logprobs": [], "test_probs": []}}