{"0": {"train_labels": [1, 0, 1, 0, 0, 1, 0, 0, 1, 0, 0, 1, 0, 1, 0, 1, 1, 0, 1, 1, 0, 1, 0, 1, 1, 1, 0, 1, 1, 0, 0, 0, 1, 0, 1, 0, 1, 1, 0, 0, 1, 0, 0, 0, 0, 0, 0, 0, 0, 0], "train_logprobs": [[-1.7527999877929688, -0.19030004739761353], [-0.4623943269252777, -0.9936443567276001], [-4.975679397583008, -0.0038324969355016947], [-0.0638732761144638, -2.811967611312866], [-0.13072924315929413, -2.0994791984558105], [-2.900397300720215, -0.056647419929504395], [-0.0336463488638401, -3.40864634513855], [-0.03922583535313606, -3.2579758167266846], [-5.1619977951049805, -0.005747814662754536], [-0.0002613918040879071, -8.250261306762695], [-0.0972779244184494, -2.378527879714966], [-1.336203694343567, -0.3049537241458893], [-0.0008563903393223882, -7.063356399536133], [-8.875144004821777, -0.00014423283573705703], [-0.0017561980057507753, -6.345506191253662], [-3.386228561401367, -0.04247849062085152], [-5.784408092498779, -0.003154661040753126], [-0.06196907162666321, -2.811969041824341], [-13.00000286102295, -2.622600959512056e-06], [-3.8343539237976074, -0.021853942424058914], [-0.11285226792097092, -2.2378523349761963], [-1.2679611444473267, -0.3393542170524597], [-0.017059724777936935, -4.079559803009033], [-2.0193116664886475, -0.14431177079677582], [-1.3826504945755005, -0.2889004945755005], [-1.0948526859283447, -0.4073527157306671], [-1.256795048713684, -4.5067949295043945], [-1.7528661489486694, -0.19585257768630981], [-6.06483793258667, -0.0023377013858407736], [-0.09441323578357697, -2.4069132804870605], [-0.4623981714248657, -0.9936481714248657], [-0.36724853515625, -1.17974853515625], [-9.031370162963867, -0.00011991735664196312], [-0.5105123519897461, -0.9167623519897461], [-0.8084935545921326, -0.5897435545921326], [-0.6931617259979248, -0.6931617259979248], [-5.472958564758301, -0.004208399448543787], [-0.8615556359291077, -0.5490556359291077], [-0.4397091865539551, -1.013439416885376], [-0.15121522545814514, -1.9637151956558228], [-6.470301151275635, -0.0015513778198510408], [-0.7473965883255005, -3.497396469116211], [-0.5490574240684509, -0.8615574240684509], [-0.04044777899980545, -3.197955369949341], [-0.0021852203644812107, -6.127185344696045], [-0.058321934193372726, -2.870821952819824], [-0.0013681822456419468, -6.595118045806885], [-0.16492989659309387, -1.8836793899536133], [-0.1345871090888977, -2.072087049484253], [-0.13459095358848572, -2.0720908641815186]], "train_probs": [0.1732882144682526, 0.6297746143530797, 0.006882637569733003, 0.9398056347665598, 0.8774767826757123, 0.05500529448991837, 0.966914021492119, 0.9615338072927476, 0.005730246626420752, 0.9997388096586981, 0.907312217601206, 0.2628418431456957, 0.9991440993711196, 0.00013982210752426014, 0.998245385578074, 0.034100423380972224, 0.0030753593295180033, 0.9399133481428691, 2.2603237589938405e-06, 0.021615333156561903, 0.8933094124452288, 0.2832074241835392, 0.9830850880341626, 0.13296425222296632, 0.25091278688527247, 0.33458944788835565, 0.9626731083722524, 0.1740755978481935, 0.002323161986762053, 0.9099070097026719, 0.6297746074044134, 0.6926419831347361, 0.0001195985486794734, 0.600188359260205, 0.44552953503957266, 0.5, 0.004198794580284489, 0.42250463481418826, 0.6396234600335693, 0.8596637469145053, 0.0015487614446074852, 0.939913343093499, 0.5774953651858118, 0.9592035247231162, 0.997817283825443, 0.9433475756874783, 0.9986329741680833, 0.8479676930626432, 0.8740772286044095, 0.8740772253241802], "train_labels_average": [], "train_logprobs_average": [], "train_probs_average": [], "train_response": [], "test_labels": [], "test_logprobs": [], "test_probs": []}}