{"0": {"train_labels": [1, 1, 1, 1, 1, 1, 0, 0, 0, 1, 1, 0, 1, 1, 1, 1, 1, 1, 1, 1, 1, 1, 1, 1, 0, 1, 1, 1, 0, 1, 0, 1, 1, 0, 1, 1, 1, 1, 1, 0, 1, 1, 1, 1, 1, 1, 1, 1, 1, 0], "train_logprobs": [[-2.9003262519836426, -0.05832080915570259], [-5.441841125488281, -0.004340988118201494], [-3.5297505855560303, -0.029750648885965347], [-1.9102245569229126, -0.16491301357746124], [-10.125040054321289, -4.005352093372494e-05], [-8.593935012817383, -0.00018535325943958014], [-0.23179872334003448, -1.575548768043518], [-0.001526977401226759, -6.485901832580566], [-0.0011025547282770276, -6.813602447509766], [-3.8955421447753906, -0.02054213359951973], [-2.492567777633667, -0.08631781488656998], [-2.253030106658116e-05, -10.703147888183594], [-6.407899856567383, -0.0016499252524226904], [-2.6367831230163574, -0.07207804173231125], [-5.971304416656494, -0.0025542511139065027], [-1.9369089603424072, -0.1556590050458908], [-13.515625953674316, -1.4305104514278355e-06], [-1.7527995109558105, -0.19029946625232697], [-2.1269285678863525, -0.1269286721944809], [-5.006715297698975, -0.006715348921716213], [-4.449256420135498, -0.01175630372017622], [-5.161996841430664, -0.005746866576373577], [-3.5297505855560303, -0.029750648885965347], [-2.3502068519592285, -0.10020679980516434], [-0.0006463822210207582, -7.344396591186523], [-4.356654167175293, -0.012904350645840168], [-1.2234458923339844, -0.3484458327293396], [-4.294980525970459, -0.01373071689158678], [-0.25192904472351074, -1.5019290447235107], [-4.480147361755371, -0.011397253721952438], [-0.13459116220474243, -2.0720911026000977], [-5.068809986114502, -0.006310181226581335], [-5.877804756164551, -0.0028049908578395844], [-0.18495334684848785, -1.7787033319473267], [-2.7241063117980957, -0.06785620748996735], [-6.657535552978516, -0.0012854416854679585], [-3.6513004302978516, -0.026300331577658653], [-7.906618595123291, -0.0003685271949507296], [-1.8309202194213867, -0.17467015981674194], [-0.6325995922088623, -0.7575995922088623], [-5.597464561462402, -0.003714330494403839], [-1.4536900520324707, -0.2661901116371155], [-2.929882287979126, -0.05488230660557747], [-4.294981002807617, -0.013730835169553757], [-1.727036952972412, -0.19578690826892853], [-4.264163494110107, -0.01416344940662384], [-1.0334575176239014, -0.43970751762390137], [-3.9568092823028564, -0.019309287890791893], [-1.1582014560699463, -0.3769514560699463], [-0.5231233835220337, -0.8981233835220337]], "train_probs": [0.05509604029278188, 0.004331501428122577, 0.029312232553284526, 0.14863952576096348, 4.006369219714334e-05, 0.00018522580631227445, 0.7931059585194573, 0.9984752133882904, 0.9989012688094006, 0.020332353120047157, 0.08269734550098794, 0.9999775259181887, 0.0016484830548907576, 0.07144477511621569, 0.0025509120000793213, 0.1441488585478077, 1.3497031577122006e-06, 0.17328819952513227, 0.11920293297380237, 0.006692851264816553, 0.01168725665102001, 0.005730246658257517, 0.029312232553284526, 0.0953494604004072, 0.9993537968442273, 0.012821216588750111, 0.2942149597859341, 0.013636837849485769, 0.7772998611746911, 0.011331752321025871, 0.8740772286044094, 0.006289903356409292, 0.0028009276226385977, 0.831143045767024, 0.0656048310648934, 0.0012843079773829846, 0.02595735470179778, 0.00036829790100740753, 0.16026602430611822, 0.5312093733737563, 0.003707252021303903, 0.23370636758849891, 0.053403330741417704, 0.013636833026551927, 0.17781086294266127, 0.014063626423394072, 0.35577489351363034, 0.01912403685570912, 0.31405054499180746, 0.5926665999540698], "train_labels_average": [], "train_logprobs_average": [], "train_probs_average": [], "train_response": [], "test_labels": [], "test_logprobs": [], "test_probs": []}}