{"0": {"train_labels": [1, 1, 1, 1, 1, 0, 1, 1, 1, 1, 1, 1, 1, 1, 1, 1, 1, 1, 1, 1, 1, 1, 0, 1, 1, 1, 1, 1, 1, 1, 1, 0, 1, 0, 1, 0, 1, 1, 1, 1, 1, 1, 1, 0, 1, 1, 0, 1, 1, 1], "train_logprobs": [[-3.063616991043091, -0.05026586353778839], [-4.402969837188721, -0.012344622053205967], [-2.1822144985198975, -0.12329046428203583], [-2.9003307819366455, -0.05658084526658058], [-1.7142820358276367, -0.1986570954322815], [-0.07923725992441177, -2.626112222671509], [-2.666661262512207, -0.07291136682033539], [-2.058467149734497, -0.13659214973449707], [-3.3031044006347656, -0.03524770960211754], [-1.0949119329452515, -0.40741196274757385], [-1.7917144298553467, -0.18233947455883026], [-0.8298776149749756, -0.5798235535621643], [-2.1683332920074463, -0.12145830690860748], [-5.115450382232666, -0.006075485609471798], [-3.197957992553711, -0.0410747230052948], [-2.841545581817627, -0.06029549241065979], [-2.6803905963897705, -0.07101553678512573], [-0.8797256946563721, -0.5359756946563721], [-2.2100813388824463, -0.11633133888244629], [-4.079582214355469, -0.017082342877984047], [-3.8037936687469482, -0.022543584927916527], [-0.9741286039352417, -0.4741286337375641], [-0.6800621747970581, -0.7113121747970581], [-2.5933406352996826, -0.07655579596757889], [-3.880345106124878, -0.0209701769053936], [-3.575286865234375, -0.028411855921149254], [-1.910258173942566, -0.15796029567718506], [-1.0639102458953857, -0.42328524589538574], [-1.8310152292251587, -0.17476525902748108], [-3.4088029861450195, -0.03380286693572998], [-0.8436576724052429, -0.5624076724052429], [-0.17975789308547974, -1.804757833480835], [-1.4657319784164429, -0.25902059674263], [-0.505077600479126, -0.9269740581512451], [-2.3237903118133545, -0.2925402820110321], [-0.19879059493541718, -1.7144155502319336], [-1.5755757093429565, -0.23182567954063416], [-3.6208877563476562, -0.027137748897075653], [-0.8131139278411865, -0.6475752592086792], [-1.8201031684875488, -0.1794455200433731], [-0.9740970134735107, -0.47409701347351074], [-7.203908920288086, -0.0007968349382281303], [-0.8797403573989868, -0.5359903573989868], [-0.5359721183776855, -0.8981248736381531], [-1.9906421899795532, -0.13459032773971558], [-1.302459955215454, -0.31387123465538025], [-0.1903030127286911, -1.7142099142074585], [-2.1962954998016357, -0.11817046999931335], [-5.332968235015869, -0.004843289032578468], [-2.0585038661956787, -0.1366288661956787]], "train_probs": [0.046826345310943124, 0.012241272690512178, 0.11315375828673252, 0.05500529158532568, 0.18010667288817792, 0.9273632911298345, 0.06954175125515784, 0.12765262532179064, 0.036690506879750104, 0.3345894478883556, 0.16667541089705437, 0.4378101928026785, 0.11436852769112676, 0.00600359641347805, 0.04082091330402871, 0.058345835699519115, 0.06853748922682354, 0.4148988457967689, 0.10970577387797076, 0.016914915403901713, 0.022286183712849815, 0.37754067580180184, 0.5078118642792044, 0.07468984538420041, 0.02064593217037761, 0.028007520352453266, 0.14775760276256888, 0.34510527095787247, 0.16026603633858205, 0.03308597457504463, 0.4301473485858429, 0.8354835289107309, 0.23028345125183683, 0.6039369663504995, 0.11596071519881658, 0.8198933293122506, 0.2068940439256578, 0.02675928299140601, 0.4587095800954844, 0.1623755961106447, 0.37754066879814546, 0.0007437124613575316, 0.41489884579676883, 0.589561455330147, 0.13516390360610073, 0.27119092187066807, 0.8211130713941087, 0.11124120356108878, 0.004829722005430018, 0.12765262532179067], "train_labels_average": [], "train_logprobs_average": [], "train_probs_average": [], "train_response": [], "test_labels": [], "test_logprobs": [], "test_probs": []}}