{"0": {"train_labels": [1, 1, 1, 1, 1, 1, 1, 0, 1, 1, 1, 1, 1, 1, 0, 1, 1, 1, 1, 1, 1, 1, 1, 1, 1, 0, 1, 1, 1, 1, 1, 0, 1, 1, 1, 1, 1, 1, 0, 0, 1, 0, 1, 1, 0, 1, 0, 0, 1, 1], "train_logprobs": [[-3.6208744049072266, -0.027124522253870964], [-0.8615551590919495, -0.5623777508735657], [-9.062616348266602, -0.00011598391574807465], [-2.753335475921631, -0.0658353641629219], [-1.0134406089782715, -0.45094063878059387], [-3.712226629257202, -0.023974865674972534], [-2.578889846801758, -0.07888974994421005], [-0.04433426633477211, -3.1380841732025146], [-8.90638542175293, -0.00013553177996072918], [-1.7787035703659058, -0.18495355546474457], [-1.8309202194213867, -0.17467015981674194], [-4.572884559631348, -0.010384337976574898], [-0.7743211984634399, -0.6180711984634399], [-10.062542915344238, -4.2676016164477915e-05], [-0.002635103417560458, -5.9401350021362305], [-8.531447410583496, -0.00019751029321923852], [-5.2552337646484375, -0.00447842525318265], [-2.492567777633667, -0.08631781488656998], [-8.968877792358398, -0.00012790338951162994], [-7.313167095184326, -0.0006669919239357114], [-4.418376922607422, -0.011756068095564842], [-4.851596832275391, -0.007606116589158773], [-2.099454879760742, -0.13070476055145264], [-5.130928993225098, -0.0059287878684699535], [-4.233360290527344, -0.013731187209486961], [-0.017596440389752388, -4.048846244812012], [-1.550844669342041, -0.23834466934204102], [-1.5263038873672485, -0.24505390226840973], [-7.5942535400390625, -0.0005034133209846914], [-5.535203456878662, -0.003953261766582727], [-3.4388773441314697, -0.03262723237276077], [-0.5231240391731262, -0.8981240391731262], [-10.734397888183594, -2.3483953555114567e-05], [-5.5352044105529785, -0.004209230188280344], [-5.348516464233398, -0.004766649100929499], [-2.521270275115967, -0.08377030491828918], [-8.656423568725586, -0.00018523407925385982], [-7.03213357925415, -0.0007796823629178107], [-0.0024756519123911858, -6.002475738525391], [-0.08129486441612244, -2.5500447750091553], [-9.437580108642578, -7.974783511599526e-05], [-0.6038203239440918, -0.7913203239440918], [-5.006715774536133, -0.006715585943311453], [-5.971307277679443, -0.002557104919105768], [-0.004078404977917671, -5.504078388214111], [-1.2456015348434448, -0.3393515646457672], [-0.4981345236301422, -0.9356344938278198], [-0.15121543407440186, -1.9637154340744019], [-4.44925594329834, -0.011756068095564842], [-1.0948512554168701, -0.3970036208629608]], "train_probs": [0.026759286241528252, 0.4257585848897699, 0.00011591930095592296, 0.06371498758495588, 0.36296921241058616, 0.024405184484356978, 0.07585817323116975, 0.9566341973724822, 0.00013552080053299745, 0.1688569500503904, 0.16026602430611822, 0.010328150253665215, 0.46101677931231594, 4.264745797927923e-05, 0.9973683257592775, 0.00019716944161806235, 0.005216204775293431, 0.08269734550098794, 0.00012731105575582337, 0.0006667022404455507, 0.012049363999574764, 0.007814022308266373, 0.12252319970181708, 0.005911067649542063, 0.014491019830475496, 0.9825575119119353, 0.21206880435710532, 0.21733752358177863, 0.0005033355117032024, 0.003945406039842732, 0.03210070324463719, 0.5926665999540698, 2.1782662840280147e-05, 0.003946408333735374, 0.004755200784734985, 0.08035747102460308, 0.00017400746502066575, 0.0008829541878350882, 0.997527377056997, 0.9219218284193597, 7.967298111671049e-05, 0.546738151984614, 0.006692849670509208, 0.0025509119817144436, 0.9959298622161507, 0.28776782186926264, 0.6076631627277603, 0.8596637505099168, 0.011687259437185583, 0.33228960758717896], "train_labels_average": [], "train_logprobs_average": [], "train_probs_average": [], "train_response": [], "test_labels": [], "test_logprobs": [], "test_probs": []}}