{"0": {"train_labels": [0, 1, 0, 0, 0, 0, 0, 1, 1, 0, 0, 1, 0, 0, 0, 0, 0, 0, 1, 1, 0, 0, 0, 0, 0, 1, 0, 1, 0, 0, 1, 0, 1, 1, 1, 0, 0, 1, 0, 0, 0, 1, 1, 0, 0, 1, 1, 0, 1, 1], "train_logprobs": [[-0.3091130256652832, -296.5120544433594], [-351.4892272949219, -132.3800811767578], [-92.2828369140625, -276.2789306640625], [-68.31400299072266, -243.7791290283203], [-48.81180191040039, -63.006351470947266], [-120.17601013183594, -361.6502685546875], [-149.4187774658203, -254.4919891357422], [-76.49857330322266, -62.519981384277344], [-741.74169921875, -43.657508850097656], [-263.4310302734375, -506.80810546875], [-31.99242401123047, -66.75006103515625], [-212.36819458007812, -64.6774673461914], [-44.055015563964844, -191.09613037109375], [-0.3731960356235504, -99.48982238769531], [-45.07415008544922, -355.5951843261719], [-151.00645446777344, -302.48333740234375], [-33.7119026184082, -77.99434661865234], [-199.8302764892578, -393.381103515625], [-340.11541748046875, -74.68777465820312], [-164.7603759765625, -158.10736083984375], [-0.4628443121910095, -133.47128295898438], [-101.35548400878906, -233.98751831054688], [-62.318702697753906, -553.0367431640625], [-0.5015008449554443, -379.5797424316406], [-83.53033447265625, -136.4755859375], [-119.46454620361328, -46.214210510253906], [-228.25436401367188, -240.6288299560547], [-327.83111572265625, -110.18869018554688], [-37.77339172363281, -54.15408706665039], [-267.6113586425781, -1089.97216796875], [-296.42535400390625, -260.7666320800781], [-69.43865966796875, -665.9161987304688], [-160.30831909179688, -126.29611206054688], [-225.46084594726562, -176.02352905273438], [-175.43618774414062, -87.06419372558594], [-0.7302340865135193, -31.14739990234375], [-8.831738471984863, -175.57305908203125], [-134.08352661132812, -33.93764877319336], [-61.449012756347656, -119.3983154296875], [-183.201416015625, -230.4177703857422], [-171.60313415527344, -240.28189086914062], [-538.6876220703125, -167.25877380371094], [-77.384521484375, -20.562829971313477], [-94.88880157470703, -122.64503479003906], [-190.39932250976562, -508.8633728027344], [-92.33492279052734, -20.336299896240234], [-113.87702941894531, -81.91104125976562], [-0.020887380465865135, -226.16676330566406], [-151.205322265625, -90.31880950927734], [-235.65365600585938, -133.77615356445312]], "train_probs": [1.0, 6.951954265036605e-96, 1.0, 1.0, 0.9999993154815545, 1.0, 1.0, 8.495213459667935e-07, 6.762248141030388e-304, 1.0, 0.9999999999999992, 7.2232414808989496e-65, 1.0, 1.0, 1.0, 1.0, 1.0, 1.0, 5.324016315480547e-116, 0.001288464046613792, 1.0, 1.0, 1.0, 1.0, 1.0, 1.5409317754490526e-32, 0.9999957749107261, 3.013669072290413e-95, 0.9999999230950367, 1.0, 3.2629756792073097e-16, 1.0, 1.693113875872529e-15, 3.3856812827854224e-22, 4.1737904686147754e-39, 0.9999999999999384, 1.0, 3.215125052794428e-44, 1.0, 1.0, 1.0, 4.903439013507943e-162, 2.102097827958281e-25, 0.9999999999991176, 1.0, 5.387600349007823e-32, 1.3102305875280254e-14, 1.0, 3.608473228498472e-27, 5.690662896228613e-45], "test_labels": [], "test_logprobs": [], "test_probs": []}}