{"0": {"train_labels": [1, 1, 1, 1, 1, 0, 1, 1, 1, 1, 1, 0, 1, 1, 0, 1, 1, 1, 1, 1, 1, 1, 0, 1, 1, 1, 1, 0, 1, 1, 0, 0, 1, 0, 1, 0, 1, 1, 0, 1, 1, 1, 0, 0, 1, 0, 0, 1, 1, 1], "train_logprobs": [[-3.9568114280700684, -0.019311392679810524], [-7.172646522521973, -0.0007717015105299652], [-0.791287362575531, -0.5897438526153564], [-6.751171112060547, -0.0011710221879184246], [-2.52131986618042, -0.08381996303796768], [-0.06441138684749603, -2.81252384185791], [-2.636789321899414, -0.07428921014070511], [-2.0720882415771484, -0.13458815217018127], [-2.870821714401245, -0.05832171067595482], [-1.0134391784667969, -0.4509391188621521], [-2.031240701675415, -0.14267922937870026], [-0.15121522545814514, -1.9637151956558228], [-2.636784791946411, -0.07428478449583054], [-5.037761211395264, -0.006511068437248468], [-0.6473720073699951, -0.7411220073699951], [-5.8310651779174805, -0.002940024249255657], [-2.2657878398895264, -0.10953789204359055], [-1.5755488872528076, -0.23179891705513], [-3.2429654598236084, -0.03984048590064049], [-5.239692211151123, -0.005400591529905796], [-3.5297515392303467, -0.029751574620604515], [-0.757607102394104, -0.632607102394104], [-0.27358222007751465, -1.4298322200775146], [-3.469139814376831, -0.03163987770676613], [-2.350208044052124, -0.1002080887556076], [-5.037761211395264, -0.0065111867152154446], [-2.7679824829101562, -0.06485748291015625], [-0.33935385942459106, -1.2567574977874756], [-1.5632045269012451, -0.23507946729660034], [-2.7387166023254395, -0.06684160977602005], [-0.13070665299892426, -2.099456548690796], [-0.01122127566486597, -4.495596408843994], [-4.712153434753418, -0.009028207510709763], [-0.28115200996398926, -1.4061520099639893], [-3.849945306777954, -0.021820351481437683], [-0.07207971066236496, -2.665829658508301], [-1.0948569774627686, -0.4073569178581238], [-3.303093671798706, -0.03746871277689934], [-0.32635432481765747, -1.2794668674468994], [-0.9167795777320862, -0.5105298161506653], [-1.406151533126831, -0.28115156292915344], [-8.406477928161621, -0.00022790218645241112], [-0.21918436884880066, -1.625434398651123], [-0.13070528209209442, -2.0994553565979004], [-3.318142890930176, -0.036892928183078766], [-0.6932395696640015, -0.6932395696640015], [-0.04044606164097786, -3.197953462600708], [-1.9102272987365723, -0.16022735834121704], [-6.579514503479004, -0.0013681822456419468], [-0.8259432911872864, -0.5759432911872864]], "train_probs": [0.01912403608702756, 0.000767292550089915, 0.44978398785237916, 0.0011695101600714816, 0.08035747597999429, 0.939806659814342, 0.0715911920164097, 0.12592275499444552, 0.056652425108883415, 0.3629691917376783, 0.13140857646943985, 0.8596637469145053, 0.07159119894934293, 0.006488268675124822, 0.523420348936324, 0.002934951295028637, 0.10374863171591762, 0.2068940537061185, 0.03904829370472853, 0.005302334617713275, 0.029312231758316185, 0.46879062662624377, 0.7606506526772884, 0.031143832445689166, 0.09534946875514018, 0.006488269437564872, 0.06278920859705135, 0.7145127838839386, 0.2094696714602651, 0.06465348880678597, 0.8774767762675405, 0.9888419702213517, 0.008985426729034341, 0.7549149868676284, 0.02128735272481241, 0.9304582521195071, 0.3345894279828469, 0.03676946752694279, 0.7217407044775349, 0.39981169795126525, 0.24508501864634824, 0.00022341635438079087, 0.803173801068221, 0.8774767954920547, 0.03622005716540519, 0.5, 0.9592035172884112, 0.1480472055495773, 0.001388493712082784, 0.43782349911420193], "train_labels_average": [], "train_logprobs_average": [], "train_probs_average": [], "train_response": [], "test_labels": [], "test_logprobs": [], "test_probs": []}}