{"0": {"train_labels": [0, 0, 0, 0, 1, 1, 0, 0, 0, 1, 1, 1, 0, 1, 1, 0, 0, 0, 0, 0, 0, 0, 0, 0, 1, 1, 0, 0, 0, 0, 1, 1, 1, 1, 0, 1, 0, 1, 0, 0, 1, 1, 1, 1, 0, 1, 0, 0, 0, 1], "train_logprobs": [[-69.96784973144531, -207.02676391601562], [-34.78715133666992, -265.3021545410156], [-149.1010284423828, -165.92254638671875], [-49.84284973144531, -114.33660125732422], [-374.19476318359375, -227.84878540039062], [-241.51133728027344, -34.67595291137695], [-81.6120376586914, -331.21136474609375], [-56.79668426513672, -154.68093872070312], [-19.552684783935547, -64.67222595214844], [-124.06242370605469, -85.68122100830078], [-63.29414367675781, -31.115991592407227], [-437.99432373046875, -93.24308776855469], [-0.06860295683145523, -229.9711456298828], [-149.68057250976562, -131.14767456054688], [-114.9497299194336, -38.604820251464844], [-33.493980407714844, -409.00067138671875], [-0.06442098319530487, -430.81298828125], [-0.000758660607971251, -150.53378295898438], [-254.19024658203125, -285.52264404296875], [-144.140380859375, -216.87156677246094], [-0.08329807966947556, -244.23809814453125], [-220.669189453125, -591.5540771484375], [-72.93359375, -401.43280029296875], [-3.7087185382843018, -165.38821411132812], [-267.3978576660156, -171.73184204101562], [-101.18563079833984, -79.98163604736328], [-401.10015869140625, -484.40106201171875], [-112.3429183959961, -135.2938232421875], [-199.1326904296875, -429.9336242675781], [-90.70092010498047, -1190.4951171875], [-230.6929931640625, -204.30184936523438], [-564.6477661132812, -125.31450653076172], [-176.98806762695312, -16.914945602416992], [-57.639095306396484, -14.513639450073242], [-53.84698486328125, -594.4513549804688], [-346.9372253417969, -171.2239990234375], [-181.18545532226562, -392.010498046875], [-422.70697021484375, -232.89944458007812], [-192.51377868652344, -304.2047119140625], [-22.690471649169922, -107.20088195800781], [-126.98431396484375, -124.55487060546875], [-225.80819702148438, -105.03968048095703], [-301.2906494140625, -131.4808349609375], [-159.24879455566406, -69.84232330322266], [-63.154510498046875, -93.7581558227539], [-331.5643310546875, -246.90322875976562], [-0.16766774654388428, -42.25269317626953], [-0.4313410222530365, -976.535888671875], [-0.0008535210508853197, -76.72410583496094], [-214.36460876464844, -144.0908203125]], "train_probs": [1.0, 1.0, 0.9999999505111277, 1.0, 2.7717202835220693e-64, 1.4877635222581025e-90, 1.0, 1.0, 1.0, 2.1441514573728654e-17, 1.0597565559680593e-14, 1.8899076911034303e-150, 1.0, 8.93850079477708e-09, 6.979543362778004e-34, 1.0, 1.0, 1.0, 0.9999999999999754, 1.0, 1.0, 1.0, 1.0, 1.0, 2.836464212007223e-42, 6.183325158726142e-10, 1.0, 0.9999999998922173, 1.0, 1.0, 3.455189546075382e-12, 1.584855410237528e-191, 3.027794555570636e-70, 1.8657458832910984e-19, 1.0, 4.8833225674859095e-77, 1.0, 3.695208881815226e-83, 1.0, 1.0, 0.08095487227620769, 3.555491779038019e-53, 1.7886880683685515e-74, 1.4834157597342974e-39, 0.9999999999999488, 1.7066734856234502e-37, 1.0, 1.0, 1.0, 3.0233014530804027e-31], "test_labels": [], "test_logprobs": [], "test_probs": []}}