{"0": {"train_labels": [0, 1, 1, 1, 1, 1, 0, 1, 1, 1, 1, 1, 1, 0, 1, 0, 1, 1, 1, 0, 1, 1, 0, 1, 0, 0, 0, 0, 1, 1, 1, 1, 0, 0, 0, 1, 1, 1, 1, 0, 1, 0, 1, 1, 1, 0, 0, 0, 1, 1], "train_logprobs": [[-0.04044903814792633, -3.2279491424560547], [-5.659739971160889, -0.0034898349549621344], [-3.4388773441314697, -0.032627347856760025], [-6.657535076141357, -0.0012852036161348224], [-1.8572272062301636, -0.16972723603248596], [-4.851596832275391, -0.00784672237932682], [-0.6473725438117981, -0.7411225438117981], [-5.006715297698975, -0.006715348921716213], [-3.167999029159546, -0.042999111115932465], [-4.913623332977295, -0.0073731448501348495], [-4.110289096832275, -0.016539018601179123], [-3.5297505855560303, -0.029750533401966095], [-3.1082098484039307, -0.045709893107414246], [-0.35774093866348267, -1.201490879058838], [-1.4061503410339355, -0.2968332767486572], [-0.08377040922641754, -2.521270513534546], [-7.469320774078369, -0.0005710878176614642], [-1.6004129648208618, -0.22541292011737823], [-5.9401350021362305, -0.0026352223940193653], [-0.05832058563828468, -2.8708205223083496], [-2.870820999145508, -0.0583210363984108], [-9.468827247619629, -7.962863310240209e-05], [-0.6473710536956787, -0.7575997114181519], [-0.8797211050987244, -0.5359711050987244], [-0.5231237411499023, -0.8981237411499023], [-0.07207826524972916, -2.6367833614349365], [-0.02254323475062847, -3.80379319190979], [-0.0011703077470883727, -6.71995735168457], [-3.1082100868225098, -0.044334493577480316], [-3.742724657058716, -0.023974750190973282], [-0.7248854041099548, -0.6623854041099548], [-3.378445625305176, -0.034695517271757126], [-0.0972687304019928, -2.37851881980896], [-0.23834477365016937, -1.5508447885513306], [-0.4397076666355133, -0.9936438798904419], [-2.6367833614349365, -0.07655325531959534], [-1.4536908864974976, -0.26619085669517517], [-9.218849182128906, -9.917721035890281e-05], [-4.387509822845459, -0.012510042637586594], [-0.0007682471186853945, -7.172643184661865], [-11.125015258789062, -1.5020257706055418e-05], [-0.02185230888426304, -3.8343522548675537], [-5.753177642822266, -0.0031777145341038704], [-7.563019275665283, -0.0005704921204596758], [-9.875051498413086, -5.1616290875244886e-05], [-0.00024184639914892614, -8.328367233276367], [-0.16972914338111877, -1.8572291135787964], [-0.6931474208831787, -0.6931474208831787], [-1.1368732452392578, -0.37695348262786865], [-5.690882682800293, -0.003382914699614048]], "train_probs": [0.96036116486979, 0.0034834237202704364, 0.032100706832753886, 0.0012843082836406087, 0.1561049013715009, 0.007815887937066602, 0.523420348936324, 0.006692851264816553, 0.042087731219801416, 0.007345825202679257, 0.01640303125398471, 0.02931222926741552, 0.044680872180795646, 0.6992544085240401, 0.24799823080984698, 0.9196425388861785, 0.0005703158859067635, 0.20181321505933414, 0.002631674553005893, 0.9433475713074889, 0.05665242729887808, 7.72221021931283e-05, 0.5275292958426845, 0.4148988457967689, 0.5926665999540697, 0.9285552258723336, 0.9777138135272935, 0.998793454929832, 0.044622190538755956, 0.023689473453363474, 0.48438008427698437, 0.03410042215395161, 0.9073122288794594, 0.7879311981328135, 0.6350483394741354, 0.07174221677443822, 0.23370635157681108, 9.91527306715628e-05, 0.012431653551597116, 0.9992327075392554, 1.4738978458837804e-05, 0.9783846660950011, 0.0031726830692822717, 0.0005193314483173665, 5.144221980579182e-05, 0.9997584337951472, 0.8438950986284991, 0.5, 0.3186636868699552, 0.003376613162129707], "train_labels_average": [], "train_logprobs_average": [], "train_probs_average": [], "train_response": [], "test_labels": [], "test_logprobs": [], "test_probs": []}}