{"0": {"train_labels": [0, 1, 1, 0, 0, 1, 1, 0, 1, 1, 1, 1, 0, 0, 0, 1, 1, 1, 1, 1, 1, 0, 0, 1, 0, 1, 1, 1, 0, 1, 1, 0, 1, 0, 1, 1, 1, 1, 0, 1, 0, 1, 1, 1, 0, 1, 1, 1, 0, 0], "train_logprobs": [[-0.19629821181297302, -1.7275482416152954], [-4.264164447784424, -0.014164506457746029], [-3.288048505783081, -0.03804841265082359], [-0.06197478622198105, -2.8119747638702393], [-0.6368303894996643, -0.7618303894996643], [-5.5663323402404785, -0.0038324969355016947], [-2.378523111343384, -0.09727305918931961], [-0.1746707558631897, -1.830920696258545], [-0.9547420144081116, -0.4859920144081116], [-4.233360767364502, -0.013731775805354118], [-1.7270551919937134, -0.19580523669719696], [-2.463939666748047, -0.08631792664527893], [-0.17507539689540863, -1.8576462268829346], [-0.2317996770143509, -1.5755497217178345], [-0.008099212311208248, -4.82059907913208], [-3.378448486328125, -0.03469850867986679], [-4.4492621421813965, -0.011762076988816261], [-6.501542091369629, -0.0015419748378917575], [-2.072091579437256, -0.1345914751291275], [-8.156537055969238, -0.00028713393840007484], [-1.752885341644287, -0.19038540124893188], [-0.001812126487493515, -6.314311981201172], [-0.5388860106468201, -0.8826360106468201], [-1.3056583404541016, -1.1181583404541016], [-0.10604343563318253, -2.3247933387756348], [-6.844818592071533, -0.001068616984412074], [-1.9637154340744019, -0.15121543407440186], [-1.6760249137878418, -0.19586797058582306], [-0.2889951765537262, -1.3827451467514038], [-0.8615590929985046, -0.5490590929985046], [-1.8836759328842163, -0.1649259477853775], [-0.05009341984987259, -2.900327682495117], [-4.202571868896484, -0.015071917325258255], [-0.07221280038356781, -2.6659626960754395], [-6.969690799713135, -0.000940714729949832], [-4.511050701141357, -0.01071261614561081], [-2.044830560684204, -0.13858063519001007], [-0.9359696507453918, -0.5107843279838562], [-0.10634402185678482, -2.293843984603882], [-3.4086666107177734, -0.03366663306951523], [-0.3132629692554474, -1.313262939453125], [-4.234042167663574, -0.015280913561582565], [-1.9369150400161743, -0.15566502511501312], [-4.541961193084717, -0.010711200535297394], [-0.03470000624656677, -3.3784499168395996], [-5.877804756164551, -0.0028049908578395844], [-6.314311981201172, -0.001812126487493515], [-2.8710126876831055, -0.05851275473833084], [-0.8449921607971191, -1.2824921607971191], [-0.29690414667129517, -1.3594040870666504]], "train_probs": [0.822189134878876, 0.01406362785680048, 0.03732688399755317, 0.9399133485636499, 0.5312093733737563, 0.003824484241622883, 0.0926877742533886, 0.8397339596505965, 0.3849121444839335, 0.014491021426505078, 0.1778108760134381, 0.08489514558086116, 0.8432446513586341, 0.7931059585194573, 0.9919380074066954, 0.03410042644852396, 0.011687257242676738, 0.0015011820820642354, 0.12592275335433112, 0.0002868541047468204, 0.1732882144682526, 0.9981897887112745, 0.5851011542032312, 0.4532618480153861, 0.9019206679615432, 0.0010649626985589767, 0.1403362494900832, 0.18540371511994572, 0.7490872075132152, 0.42250463481418826, 0.1520322435432087, 0.9453307908546965, 0.014957087306669153, 0.9304582487448422, 0.0009399438008585166, 0.01098326952866526, 0.12940273998528942, 0.39527661616833176, 0.899121373891026, 0.03308597910376534, 0.7310585727705127, 0.014503418834839169, 0.14414885119438492, 0.010652510918248093, 0.9658995713428387, 0.0028009276226385977, 0.0018102112887254853, 0.056652428891601526, 0.6076631698328917, 0.743167997235783], "train_labels_average": [], "train_logprobs_average": [], "train_probs_average": [], "train_response": [], "test_labels": [], "test_logprobs": [], "test_probs": []}}