{"0": {"train_labels": [0, 1, 1, 1, 0, 0, 1, 1, 1, 0, 1, 1, 0, 0, 1, 0, 1, 1, 0, 1, 1, 1, 1, 0, 1, 1, 0, 0, 1, 1, 1, 0, 1, 1, 0, 1, 0, 1, 0, 1, 1, 1, 1, 0, 1, 1, 1, 1, 1, 1], "train_logprobs": [[-0.0658353641629219, -2.753335475921631], [-7.344396591186523, -0.0006463822210207582], [-3.4691390991210938, -0.031639184802770615], [-3.0485873222351074, -0.04858732968568802], [-0.5623775124549866, -0.8436275124549866], [-0.01250968873500824, -4.387509822845459], [-1.8572272062301636, -0.16972723603248596], [-1.4298315048217773, -0.27358147501945496], [-5.908968925476074, -0.0027188025414943695], [-0.00048828122089616954, -7.62548828125], [-5.472957611083984, -0.004207686986774206], [-1.6759374141693115, -0.2071874588727951], [-0.01653948798775673, -4.110289573669434], [-0.5759395360946655, -0.9936433434486389], [-5.690882682800293, -0.003382558235898614], [-0.0012457951670512557, -6.688745975494385], [-2.209953546524048, -0.11620356142520905], [-5.006715297698975, -0.00692775659263134], [-0.49813467264175415, -0.9547402858734131], [-3.197953462600708, -0.04044606164097786], [-2.378519058227539, -0.09726916253566742], [-6.407899856567383, -0.0016499252524226904], [-5.597464561462402, -0.003714330494403839], [-0.0944138839840889, -2.406913995742798], [-3.9568092823028564, -0.019309287890791893], [-5.472957611083984, -0.004207686986774206], [-0.24505379796028137, -1.526303768157959], [-0.1512140929698944, -1.9906370639801025], [-1.1797423362731934, -0.36724233627319336], [-3.438877582550049, -0.03262746334075928], [-8.312746047973633, -0.00024577934527769685], [-0.04299922659993172, -3.167999267578125], [-1.267958164215088, -0.3304581940174103], [-4.572882175445557, -0.010381978005170822], [-0.0002960720448754728, -8.125295639038086], [-3.926166296005249, -0.019916201010346413], [-0.17974475026130676, -1.8047447204589844], [-5.161996841430664, -0.005746748298406601], [-0.06785587221384048, -2.7241058349609375], [-6.251928806304932, -0.0019288521725684404], [-0.8615561127662659, -0.5490561127662659], [-2.9594879150390625, -0.05323795974254608], [-1.0537049770355225, -0.42870500683784485], [-0.2589735984802246, -1.4777235984802246], [-1.2679582834243774, -0.33045828342437744], [-3.3482773303985596, -0.03577740117907524], [-4.294980525970459, -0.01373071689158678], [-5.597464561462402, -0.00420816196128726], [-1.9369096755981445, -0.1556595116853714], [-4.387510776519775, -0.012510748580098152]], "train_probs": [0.9362850124150441, 0.0006462031557728052, 0.03114383312012826, 0.047425873514159125, 0.5698526514141571, 0.9875683507933022, 0.1561049013715009, 0.23934934189686405, 0.002714985136145767, 0.9995121428772319, 0.004198795588833998, 0.18713268896245422, 0.9835969688662227, 0.6029336607815023, 0.0033766119625540728, 0.9987551569221114, 0.10970577533337339, 0.006694263511094465, 0.61220862500044, 0.0407964827115888, 0.09268778741135145, 0.0016484830548907576, 0.003707252021303903, 0.9099070151996071, 0.01912403685570912, 0.004198795588833998, 0.7826624738835052, 0.8628804489303105, 0.3073580168652638, 0.032100703013145805, 0.0002453694146456044, 0.9579122737364724, 0.28140561345566495, 0.01032815050117208, 0.9997040427583734, 0.019719126271068216, 0.8354835330070839, 0.005730245984379374, 0.9343951602572963, 0.0019267347515319684, 0.42250463481418826, 0.051845468847292006, 0.348645142101806, 0.7718434978390746, 0.28140560742914383, 0.03514484880093842, 0.013636837849485769, 0.003709076439027789, 0.1441488328108293, 0.012431650510167477], "train_labels_average": [], "train_logprobs_average": [], "train_probs_average": [], "train_response": [], "test_labels": [], "test_logprobs": [], "test_probs": []}}