{"0": {"train_labels": [1, 0, 1, 0, 1, 1, 1, 1, 1, 1, 1, 1, 1, 1, 1, 1, 1, 0, 1, 1, 1, 0, 1, 1, 0, 1, 1, 1, 1, 1, 1, 1, 0, 1, 0, 1, 1, 0, 0, 1, 0, 1, 1, 1, 0, 1, 1, 0, 1, 0], "train_logprobs": [[-7.328782081604004, -0.0006572232232429087], [-0.4623936414718628, -0.9936436414718628], [-3.4388773441314697, -0.032627347856760025], [-0.5359707474708557, -0.8797207474708557], [-3.197953224182129, -0.04170333594083786], [-9.062616348266602, -0.00011967896716669202], [-6.407899856567383, -0.0018694796599447727], [-6.876032829284668, -0.001032891683280468], [-4.665709018707275, -0.009027617052197456], [-2.209954261779785, -0.11620430648326874], [-1.0537017583847046, -0.4179171025753021], [-0.9356347918510437, -0.4981347918510437], [-6.813599109649658, -0.0009702504030428827], [-7.157029628753662, -0.0008044582791626453], [-2.293837547302246, -0.10633759200572968], [-1.0948512554168701, -0.4073512852191925], [-1.0537006855010986, -0.4287007451057434], [-0.1902991682291031, -1.8047446012496948], [-3.834352970123291, -0.02185300923883915], [-5.410728931427002, -0.004341225605458021], [-2.044825792312622, -0.12325379252433777], [-0.020541900768876076, -3.8955419063568115], [-6.002475738525391, -0.0024757706560194492], [-8.687668800354004, -0.0001662831346038729], [-0.5759396553039551, -0.8259396553039551], [-3.7122271060943604, -0.025502070784568787], [-1.575548529624939, -0.23179854452610016], [-4.851597309112549, -0.008095192722976208], [-4.541963577270508, -0.00976039469242096], [-0.8259395956993103, -0.5759395956993103], [-10.046917915344238, -4.410646579344757e-05], [-5.224149703979492, -0.00539964297786355], [-0.15121451020240784, -1.9637144804000854], [-9.718810081481934, -6.01988795096986e-05], [-0.004917550832033157, -5.317417621612549], [-6.71995735168457, -0.0014115142403170466], [-4.913622856140137, -0.007373026572167873], [-0.001989886863157153, -6.220739841461182], [-0.006927874870598316, -4.975677967071533], [-0.9167619347572327, -0.5105119347572327], [-0.5359705686569214, -0.9936433434486389], [-4.20257043838501, -0.015070273540914059], [-5.193070411682129, -0.005570365581661463], [-1.990637183189392, -0.1468871682882309], [-0.26619020104408264, -1.4536901712417603], [-6.34550666809082, -0.0017567930044606328], [-7.078968524932861, -0.0008432884933426976], [-0.0002002515539061278, -8.156537055969238], [-0.9936437606811523, -0.46239379048347473], [-0.01373071689158678, -4.294980525970459]], "train_probs": [0.0006563729253286796, 0.6297746074044134, 0.032100706832753886, 0.5851011542032312, 0.04084572028835886, 0.00011591972923484, 0.001648844429511327, 0.0010322311010981203, 0.00940856805288862, 0.10970577824417872, 0.34620004430456414, 0.39233683016710835, 0.0010985896559181385, 0.000779385429469067, 0.1008786267847576, 0.3345894478883556, 0.3486451488696663, 0.834027661897947, 0.02161533358986759, 0.004467771735260847, 0.12768637045434825, 0.979667646768647, 0.0024726232358852703, 0.00016865232952529332, 0.5621765008857981, 0.0244415616367832, 0.2068940512610033, 0.007817811311823592, 0.010642469899546156, 0.43782349911420193, 4.3319090589499914e-05, 0.005384937635056882, 0.8596637469145054, 6.0141524837039536e-05, 0.9950945946397819, 0.0012068357805114307, 0.007345827817244598, 0.9980122256975467, 0.9930961625609239, 0.399811640739795, 0.6124619486405912, 0.014957084164440774, 0.005554924449029015, 0.136608388268679, 0.7662936377487304, 0.0017546146288902056, 0.0008426421096903704, 0.999713170809591, 0.370225399544253, 0.9863631621505142], "train_labels_average": [], "train_logprobs_average": [], "train_probs_average": [], "train_response": [], "test_labels": [], "test_logprobs": [], "test_probs": []}}