{"0": {"train_labels": [1, 0, 1, 1, 0, 0, 0, 0, 0, 0, 0, 1, 1, 0, 1, 0, 1, 1, 1, 1, 0, 0, 0, 0, 0, 0, 1, 1, 0, 0, 1, 1, 0, 1, 0, 0, 1, 0, 1, 0, 1, 0, 0, 0, 0, 1, 0, 0, 0, 0], "train_logprobs": [[-140.60635375976562, -106.60247802734375], [-37.00550079345703, -83.95736694335938], [-234.7446746826172, -101.99757385253906], [-5.148442268371582, -0.5376598238945007], [-153.54324340820312, -366.7320556640625], [-47.23966598510742, -186.10569763183594], [-66.52620697021484, -230.95712280273438], [-12.743330955505371, -173.16236877441406], [-145.8800048828125, -154.8141632080078], [-157.9461669921875, -284.4032897949219], [-52.94404220581055, -134.1556854248047], [-99.30128479003906, -86.3140640258789], [-536.8179321289062, -475.68060302734375], [-0.6298027038574219, -8.68424129486084], [-71.9968490600586, -23.829078674316406], [-143.03724670410156, -183.65176391601562], [-161.905517578125, -51.24639892578125], [-87.7942886352539, -32.322608947753906], [-55.00679016113281, -21.952281951904297], [-277.6375427246094, -133.7295684814453], [-118.81892395019531, -141.28030395507812], [-471.4652099609375, -565.156494140625], [-37.70261001586914, -43.986000061035156], [-110.87110137939453, -540.55078125], [-112.54508972167969, -166.54489135742188], [-135.34429931640625, -232.84017944335938], [-288.7962646484375, -267.0766906738281], [-86.87064361572266, -30.663225173950195], [-68.33822631835938, -343.6147155761719], [-29.04625129699707, -57.27132034301758], [-487.23126220703125, -96.73120880126953], [-2.6119384765625, -0.1529047042131424], [-123.93450927734375, -196.21310424804688], [-530.3972778320312, -406.1419982910156], [-242.9454345703125, -854.0198974609375], [-71.2377700805664, -458.52825927734375], [-237.2900848388672, -191.12420654296875], [-33.975677490234375, -365.0667419433594], [-290.13800048828125, -86.63752746582031], [-308.2967834472656, -423.1777038574219], [-168.33416748046875, -117.81352233886719], [-4.522064208984375, -8.038938522338867], [-72.83816528320312, -154.94935607910156], [-64.29310607910156, -78.52627563476562], [-163.34461975097656, -171.27188110351562], [-147.4333038330078, -0.647864043712616], [-27.216400146484375, -50.88522720336914], [-90.65037536621094, -154.51321411132812], [-309.2938232421875, -523.4951782226562], [-15.720001220703125, -28.067806243896484]], "train_probs": [1.7072786370195581e-15, 1.0, 2.2318583150334462e-58, 0.009846124406278085, 1.0, 1.0, 1.0, 1.0, 0.999868208591682, 1.0, 1.0, 2.2893948028491595e-06, 2.8079885521251138e-27, 0.9996824121958148, 1.2050445860539761e-21, 1.0, 8.736860410490126e-49, 8.108781719919057e-25, 4.411735659810636e-15, 3.17366355274698e-63, 0.9999999998241483, 1.0, 0.9981364189840012, 1.0, 1.0, 1.0, 3.69240111446981e-10, 3.88533373295499e-25, 1.0, 0.9999999999994479, 2.5584776233622864e-170, 0.07878043171529209, 1.0, 1.087972073823654e-54, 1.0, 1.0, 8.921005433290987e-21, 1.0, 4.177029107501232e-89, 1.0, 1.1459418832009103e-22, 0.9711640999149036, 1.0, 0.9999993414136639, 0.9996393570187408, 1.7860494369309848e-64, 0.9999999999474274, 1.0, 1.0, 0.9999956607514172], "train_labels_average": [1, 1, 0, 0, 1, 1, 1, 1, 1, 1, 1, 1, 0, 1, 0, 1, 0, 0, 0, 0, 1, 1, 0, 1, 0, 1, 0, 0, 1, 1, 0, 1, 1, 0, 1, 1, 0, 1, 0, 1, 0, 1, 1, 1, 1, 0, 0, 1, 1, 0], "train_logprobs_average": [[-5.407936683067908, -4.1354809929342835], [-6.167583465576172, -1.321625028337751], [-4.4291448053324, -10.20629020359205], [-0.11440982818603515, -0.5148442268371582], [-3.9370062412359776, -1.4763773404634917], [-5.904958248138428, -1.073628772388805], [-3.0239184986461294, -1.3576776932696908], [-0.9102379253932408, -0.23169692646373402], [-4.168000139508929, -3.1713044539741846], [-5.095037644909274, -1.880311511811756], [-3.529602813720703, -1.1765342712402345], [-3.5464744567871094, -2.3643163045247397], [-3.5787862141927085, -4.750601169282356], [-0.20993423461914062, -0.018523608936982995], [-3.999824947781033, -8.999606132507324], [-3.8658715325432853, -3.405648731050037], [-3.3730316162109375, -5.996500651041667], [-3.3767034090482273, -12.542041233607701], [-4.23129155085637, -6.875848770141602], [-5.784115473429362, -13.881877136230468], [-3.7130913734436035, -3.394826398577009], [-4.762274848090278, -3.8964066938920454], [-2.217800589168773, -2.513507334391276], [-4.820482668669327, -0.7699382040235732], [-3.630486765215474, -3.630486765215474], [-3.561692087273849, -1.7577181729403408], [-1.6133869533432263, -2.77688716008113], [-2.6324437459309897, -12.410091945103236], [-3.5967487535978617, -0.7118565241495768], [-3.630781412124634, -1.6136806276109483], [-3.2921031230204814, -16.24104207356771], [-0.3264923095703125, -0.23744895241477273], [-4.131150309244791, -2.8821978901707848], [-3.7616828215037676, -4.4199773152669275], [-3.4706490652901785, -1.3496968587239584], [-2.638435928909867, -0.6417817124375352], [-3.595304315740412, -4.563270862285908], [-4.246959686279297, -0.39971385282628674], [-4.266735301298254, -11.60552001953125], [-3.5848463191542517, -2.37151371882512], [-3.366683349609375, -5.1010353781960225], [-0.2512257893880208, -0.21533639090401785], [-4.0465647379557295, -2.601363045828683], [-3.781947416417739, -2.073971163841986], [-5.833736419677734, -2.916868209838867], [-3.9846838873785897, -73.7166519165039], [-1.8144266764322916, -3.402050018310547], [-2.9242056569745465, -1.5903574625651042], [-4.988610052293347, -1.9452441713345126], [-0.23117648853975184, -0.23818183667732007]], "train_probs_average": [0.21883716825668983, 0.007798781400669786, 0.9969120200996906, 0.5987920245805963, 0.07866474449969801, 0.007912798661184377, 0.15892602087022706, 0.3365870142709223, 0.2695915848269099, 0.038615297659370815, 0.08682217720007825, 0.2346643766209034, 0.7634729206946261, 0.45229291251250603, 0.9933056942223394, 0.3869329704845299, 0.9323568184778325, 0.9998954078881961, 0.9336747341743143, 0.9996958731992697, 0.421098644868843, 0.2961147798882362, 0.5733926610750563, 0.017114871948564307, 0.5, 0.14136801107390898, 0.7619681387680234, 0.9999432982170594, 0.05290546714777548, 0.11741910887779816, 0.9999976212640607, 0.4777538573877692, 0.22288153277563388, 0.6588771661351234, 0.10707699450859132, 0.11955465563389499, 0.7247140018991682, 0.02089260976883786, 0.9993505822377986, 0.22911191695909258, 0.8499682463153466, 0.49102861332374004, 0.1907411289128979, 0.1534263893822701, 0.05132597876377323, 1.0, 0.8302814611317253, 0.2085235411431844, 0.045504753025386105, 0.5017513298722027], "test_labels": [], "test_logprobs": [], "test_probs": []}}