{"0": {"train_labels": [1, 0, 0, 0, 0, 0, 0, 1, 1, 1, 1, 1, 0, 0, 1, 1, 1, 0, 0, 0, 0, 0, 1, 0, 1, 0, 1, 1, 1, 0, 0, 1, 1, 1, 0, 1, 0, 1, 1, 1, 0, 1, 0, 1, 1, 0, 0, 0, 0, 0], "train_logprobs": [[-71.40766143798828, -55.53068923950195], [-159.924560546875, -242.549560546875], [-107.05615234375, -125.88372039794922], [-28.2254581451416, -322.63824462890625], [-377.51715087890625, -440.39251708984375], [-15.696245193481445, -149.2008056640625], [-50.68518829345703, -398.1452941894531], [-149.5697021484375, -0.10039207339286804], [-168.5383758544922, -111.97499084472656], [-44.482608795166016, -42.487998962402344], [-99.89614868164062, -22.901533126831055], [-62.75934982299805, -9.007637977600098], [-38.12822723388672, -105.5494384765625], [-43.88225555419922, -174.826904296875], [-114.7789535522461, -3.2592790126800537], [-732.1153564453125, -75.39244842529297], [-396.6336669921875, -107.59312438964844], [-55.7805061340332, -177.86849975585938], [-78.84918975830078, -87.519287109375], [-67.03517150878906, -363.83416748046875], [-76.83417510986328, -642.027099609375], [-208.92161560058594, -311.2961120605469], [-76.63179779052734, -0.899141788482666], [-176.83384704589844, -298.951416015625], [-574.9689331054688, -326.7120056152344], [-203.2784423828125, -238.3515167236328], [-385.36419677734375, -300.78399658203125], [-260.0631408691406, -171.21444702148438], [-792.8446044921875, -395.5385437011719], [-62.219383239746094, -235.9820098876953], [-74.48114013671875, -88.03125762939453], [-68.79722595214844, -3.594938278198242], [-105.75231170654297, -0.006735269911587238], [-117.46966552734375, -90.18508911132812], [-171.498291015625, -221.60520935058594], [-320.3663024902344, -147.10220336914062], [-214.38784790039062, -531.4599609375], [-84.62834930419922, -0.24279546737670898], [-215.00518798828125, -1.2163653373718262], [-82.31317901611328, -71.27816009521484], [-233.4586639404297, -660.2822875976562], [-91.80830383300781, -18.110244750976562], [-144.02029418945312, -460.25634765625], [-205.52728271484375, -37.39769744873047], [-13.313226699829102, -2.637669563293457], [-81.23905944824219, -299.9338684082031], [-97.13206481933594, -285.30023193359375], [-230.99118041992188, -563.4822998046875], [-19.039432525634766, -95.32786560058594], [-44.79371643066406, -167.50997924804688]], "train_probs": [1.2726779789020905e-07, 1.0, 0.9999999933428079, 1.0, 1.0, 1.0, 1.0, 1.2198415454952554e-65, 2.7216608894758765e-25, 0.1197700176308814, 3.6447129366717155e-34, 4.52822661195824e-24, 1.0, 1.0, 3.6950534402182585e-49, 6.149868085754065e-286, 2.9599699454217666e-126, 1.0, 0.9998283870622158, 1.0, 1.0, 1.0, 1.2874352573768232e-33, 1.0, 1.5254089730005417e-108, 0.9999999999999994, 1.8504858855929052e-37, 2.5912095621585897e-39, 0.0, 1.0, 0.9999986960582904, 4.819547398257629e-29, 1.189267820764661e-46, 1.414031295612422e-12, 1.0, 5.654026501390965e-76, 1.0, 2.2481206577269917e-37, 1.4213270785443265e-93, 1.6126687530305174e-05, 1.0, 9.847808929875345e-33, 1.0, 9.599505775656357e-74, 2.3102257012063694e-05, 1.0, 1.0, 1.0, 1.0, 1.0], "train_labels_average": [0, 1, 1, 1, 1, 1, 1, 0, 0, 0, 0, 0, 1, 1, 1, 0, 0, 1, 1, 1, 1, 1, 0, 1, 0, 1, 0, 0, 0, 1, 0, 1, 0, 0, 1, 0, 1, 0, 0, 1, 1, 0, 1, 0, 1, 1, 1, 1, 1, 1], "train_logprobs_average": [[-5.95063845316569, -10.201094491141182], [-7.269298206676137, -3.331761678059896], [-5.947564019097222, -4.6546153192934785], [-2.82254581451416, -0.421275494703606], [-5.31714297012544, -2.8599784157492896], [-3.1392490386962892, -0.5813424145733869], [-3.3790125528971355, -0.7138758914571413], [-4.8248291015625, -7.872089586759868], [-5.811668132913524, -6.741535034179687], [-2.2241304397583006, -4.448260879516601], [-5.549786037868923, -9.989614868164063], [-3.6917264601763558, -6.2759349822998045], [-4.76602840423584, -1.81562986828032], [-3.3755581195537863, -1.7552902221679687], [-5.2172251614657315, -1.0931328909737723], [-4.1362449516684325, -40.673075358072914], [-6.397317209551411, -13.221122233072917], [-3.486281633377075, -1.8593502044677734], [-7.884918975830078, -3.1539675903320314], [-6.094106500799006, -0.7705192127447019], [-3.4924625049937856, -0.6097950405544705], [-4.974324180966332, -3.0723767000086166], [-2.554393259684245, -2.736849921090262], [-4.313020659656059, -3.7624222775723073], [-4.8316717067686445, -8.45542548684513], [-4.234967549641927, -3.2266419425843256], [-2.1528726076946576, -3.705424969012921], [-5.5332583163646945, -8.668771362304687], [-5.663175746372768, -8.258797963460287], [-2.488775329589844, -0.9721778631210327], [-3.546720958891369, -3.920060007195724], [-4.5864817301432295, -1.2980608670216687], [-4.806923259388316, -26.438077926635742], [-5.3395302512428975, -5.3395302512428975], [-4.083292643229167, -2.722195095486111], [-4.7815866043318564, -6.816304308302859], [-7.392684410358298, -1.8642421556555706], [-3.385133972167969, -4.029921395438058], [-3.6441557286149364, -3.9091852361505683], [-8.231317901611328, -3.9196751912434897], [-4.863722165425618, -1.7166078230913948], [-4.590415191650391, -8.346209439364346], [-2.6670424849898726, -1.1340180644838829], [-5.554791424725507, -41.10545654296875], [-2.6626453399658203, -0.0905661680260483], [-4.06195297241211, -1.4006734387627964], [-7.4716972937950725, -1.7660375421697443], [-2.74989500499907, -1.593042623585668], [-3.173238754272461, -0.9519716262817383], [-4.072156039151278, -1.4931238810221354]], "train_probs_average": [0.9859426949059242, 0.019123351547891937, 0.21535413097591533, 0.08307587953595728, 0.07891619533533853, 0.07189710373811228, 0.06506217604295479, 0.954664106381645, 0.7170482818652397, 0.9023956008176275, 0.9883396109777335, 0.9298383261061949, 0.04971767901667151, 0.16516792718078827, 0.015920606990889995, 0.9999999999999998, 0.9989136067423645, 0.16425115844475754, 0.008740998849832178, 0.004851580862851436, 0.05301705323474983, 0.12988821669699588, 0.5454880422600419, 0.3657255909184826, 0.9740111152888786, 0.26730765997967265, 0.8252820664453441, 0.9583340852196383, 0.930579301005865, 0.1799631063313486, 0.5922655631531025, 0.035970565004749426, 0.9999999995966252, 0.5, 0.20406197992196165, 0.8843942962208781, 0.003956456180239237, 0.6558348609353756, 0.565872251755751, 0.013234012318436123, 0.04120513184128965, 0.9771523486314379, 0.17755160784292687, 0.9999999999999997, 0.07095711815649766, 0.06529719559369798, 0.0033160488482252073, 0.23923969423735417, 0.097856884064131, 0.07050012707632317], "test_labels": [], "test_logprobs": [], "test_probs": []}}