{"0": {"train_labels": [0, 0, 1, 1, 1, 1, 0, 1, 1, 0, 1, 1, 0, 1, 1, 0, 1, 0, 1, 0, 0, 1, 0, 0, 1, 0, 0, 1, 0, 0, 1, 0, 0, 1, 0, 0, 0, 0, 0, 1, 0, 0, 1, 0, 1, 0, 0, 0, 1, 0], "train_logprobs": [[-95.17060089111328, -172.99575805664062], [-101.62535095214844, -287.1485595703125], [-87.90690612792969, -56.05926513671875], [-301.00640869140625, -85.46867370605469], [-267.63946533203125, -225.4746551513672], [-28.28494644165039, -7.662081718444824], [-66.6454086303711, -117.96452331542969], [-164.44998168945312, -105.93363189697266], [-107.38370513916016, -87.60617065429688], [-0.010312923230230808, -326.1123352050781], [-388.42645263671875, -345.57476806640625], [-448.06903076171875, -394.26568603515625], [-62.44123077392578, -115.23637390136719], [-229.09007263183594, -80.7021255493164], [-174.22006225585938, -41.32838439941406], [-274.900146484375, -303.7532958984375], [-114.99262237548828, -112.63532257080078], [-57.2464485168457, -849.1279296875], [-192.044189453125, -70.97726440429688], [-180.91249084472656, -1106.480224609375], [-217.57444763183594, -277.1090393066406], [-107.99530029296875, -78.41958618164062], [-188.577392578125, -272.0453186035156], [-10.458946228027344, -146.5484161376953], [-158.33843994140625, -54.07457733154297], [-43.0609130859375, -424.67431640625], [-36.49546432495117, -152.185302734375], [-344.87213134765625, -167.31228637695312], [-140.8610076904297, -150.30328369140625], [-0.5225186944007874, -45.938636779785156], [-168.81356811523438, -42.52030944824219], [-0.8393748998641968, -268.1725158691406], [-100.32495880126953, -111.18234252929688], [-247.95350646972656, -246.3161163330078], [-72.65058135986328, -337.8154296875], [-127.21469116210938, -167.29278564453125], [-223.93643188476562, -289.43310546875], [-82.47211456298828, -170.95852661132812], [-108.74957275390625, -150.39569091796875], [-48.33980178833008, -42.82805252075195], [-0.10455772280693054, -288.823974609375], [-48.210533142089844, -276.5604553222656], [-158.55784606933594, -91.2968521118164], [-64.63604736328125, -143.2012481689453], [-98.63961029052734, -98.51258087158203], [-118.60216522216797, -450.07794189453125], [-198.8143310546875, -394.57257080078125], [-122.03182983398438, -281.8139953613281], [-231.9473114013672, -139.60110473632812], [-223.71339416503906, -1143.118408203125]], "train_probs": [1.0, 1.0, 1.4748411818988566e-14, 2.4725839961434516e-94, 4.875909183413784e-19, 1.1056143050130836e-09, 1.0, 3.8607544794136396e-26, 2.5746956926188706e-09, 1.0, 2.453295435763532e-19, 4.300354689786508e-24, 1.0, 3.5969417196478334e-65, 1.9314239662320236e-58, 0.9999999999997055, 0.08648729140852243, 1.0, 2.638168377203703e-53, 1.0, 1.0, 1.4303112781253194e-13, 1.0, 1.0, 5.233350311218766e-46, 1.0, 1.0, 7.704405305286399e-78, 0.9999207065711779, 1.0, 1.4175378350832637e-55, 1.0, 0.9999807385138046, 0.16282050002088078, 1.0, 1.0, 1.0, 1.0, 1.0, 0.004022787662002158, 1.0, 1.0, 6.1506565505159074e-30, 1.0, 0.4682852807751532, 1.0, 1.0, 1.0, 7.844260734051278e-41, 1.0], "train_labels_average": [1, 1, 0, 0, 0, 1, 1, 0, 0, 1, 0, 0, 1, 0, 0, 1, 1, 1, 0, 1, 1, 0, 1, 1, 0, 1, 1, 0, 0, 0, 0, 0, 0, 0, 1, 1, 1, 1, 1, 0, 1, 1, 0, 1, 0, 1, 1, 1, 0, 1], "train_logprobs_average": [[-3.9654417037963867, -2.50448949713456], [-4.065014038085938, -1.722463575460143], [-5.4941816329956055, -9.767434014214409], [-3.6265832372458586, -15.050320434570313], [-4.316765569871472, -4.387532218557889], [-5.656989288330078, -4.714157740275065], [-6.058673511851918, -2.8976264621900474], [-4.983332778468276, -6.577999267578125], [-3.4639904883600052, -4.474321047465007], [-0.00039665089347041573, -0.00013221696449013858], [-4.413936961780895, -4.795388304157021], [-5.2101050088571945, -5.2714003619025736], [-3.468957265218099, -2.230043956211635], [-4.980218970257303, -9.960437940514606], [-4.584738480417352, -9.169476960834704], [-5.7270863850911455, -4.998184481534091], [-5.749631118774414, -5.475839160737538], [-4.403572962834285, -0.3407526697431292], [-4.0860465841090425, -10.669121636284721], [-5.320955613080193, -0.7633438432266944], [-5.306693844678925, -3.6262407938639325], [-3.2725848573626894, -10.799530029296875], [-5.546393899356618, -2.8572332208806817], [-2.614736557006836, -0.4022671626164363], [-5.107691611013105, -14.394403631036932], [-3.9146284623579546, -0.5741455078125], [-3.31776948408647, -1.2165154774983724], [-4.926744733537946, -7.038206762197066], [-4.401906490325928, -6.124391638714334], [-0.027500983915830914, -0.07464552777154106], [-5.821157521214978, -9.378531561957466], [-0.007494418748787471, -0.014226693218037233], [-3.040150266705137, -4.560225400057706], [-4.591731601291233, -5.3902936189071], [-5.588506258451021, -0.8859826995105278], [-4.543381827218192, -3.741608563591452], [-4.478728637695313, -2.6980292998164535], [-6.34400881253756, -2.749070485432943], [-4.18267587515024, -3.2954415986032197], [-3.02123761177063, -3.45284298488072], [-0.0036054387174803636, -0.001412942200093656], [-2.2957396734328497, -1.048055068306301], [-4.530224173409598, -7.550373622349331], [-4.30906982421875, -1.9586681019176135], [-3.1819229125976562, -3.945584411621094], [-4.941756884256999, -1.118888351152528], [-7.9525732421875, -2.8813671167346016], [-6.101591491699219, -1.768577243970788], [-6.1038766158254525, -8.921050438514122], [-2.110503718538104, -1.0405274147211119]], "train_probs_average": [0.18832173088834273, 0.08765972568366512, 0.9862551702765504, 0.9999890672548519, 0.5176842826668899, 0.2803287380715029, 0.040658193641536056, 0.8312716328311417, 0.7330848352047721, 0.49993389151814016, 0.594223101321812, 0.5153190422712577, 0.2246251966683104, 0.9931743521503337, 0.9898966998932089, 0.32543574336306574, 0.431976412758078, 0.01690958800131785, 0.9986183235303423, 0.01037823725924773, 0.15703548680955107, 0.999461909290753, 0.06361599757230411, 0.09863630856625459, 0.9999073614005927, 0.03420819825150123, 0.10897499812850703, 0.8920122459306568, 0.8484486622826751, 0.5117839534523244, 0.9722768838539407, 0.5016830622604584, 0.8205495440942522, 0.6896667987525815, 0.008990785981158721, 0.3096463284272233, 0.144216801510303, 0.02672835271438018, 0.2916809052322305, 0.6062569514792818, 0.4994518760902245, 0.22310120208865264, 0.9534761553963587, 0.08703384670954964, 0.682148156451044, 0.02139714209501848, 0.006235719136245073, 0.01295780797052146, 0.9435968404971281, 0.2554075905574223], "test_labels": [], "test_logprobs": [], "test_probs": []}}