{"0": {"train_labels": [1, 0, 1, 1, 0, 0, 0, 0, 0, 0, 0, 1, 1, 0, 1, 0, 1, 1, 1, 1, 0, 0, 1, 0, 1, 0, 1, 1, 0, 0, 1, 1, 0, 1, 0, 0, 1, 0, 1, 0, 1, 0, 0, 0, 0, 1, 1, 0, 0, 0], "train_logprobs": [[-65.46134185791016, -56.92976379394531], [-18.04450798034668, -42.56342315673828], [-98.6121826171875, -38.52574157714844], [-92.1495132446289, -17.493690490722656], [-62.85505294799805, -184.82760620117188], [-17.424997329711914, -66.45178985595703], [-34.62932205200195, -105.37492370605469], [-13.480127334594727, -99.84831237792969], [-54.68381881713867, -70.96138000488281], [-71.52023315429688, -126.38392639160156], [-32.41511535644531, -78.22301483154297], [-46.6579475402832, -45.64640426635742], [-281.12237548828125, -207.2048797607422], [-5.417960166931152, -77.85040283203125], [-21.633769989013672, -13.799203872680664], [-68.04881286621094, -77.32795715332031], [-85.5030288696289, -31.842973709106445], [-43.03271484375, -16.31903076171875], [-15.584745407104492, -9.232075691223145], [-92.7821044921875, -40.80459976196289], [-43.17082214355469, -69.0457992553711], [-224.16619873046875, -284.9038391113281], [-19.208738327026367, -15.99096393585205], [-47.46282196044922, -269.6807861328125], [-70.56925201416016, -62.950374603271484], [-60.554012298583984, -123.85348510742188], [-143.40084838867188, -117.60151672363281], [-45.74134826660156, -12.013809204101562], [-21.706336975097656, -163.4080047607422], [-12.592280387878418, -31.503868103027344], [-229.51438903808594, -38.857521057128906], [-15.302850723266602, -8.528081893920898], [-57.45375061035156, -74.26996612548828], [-272.1990051269531, -221.12432861328125], [-126.1749038696289, -421.85101318359375], [-44.22384262084961, -221.74679565429688], [-91.9240493774414, -81.07328796386719], [-14.600704193115234, -208.24020385742188], [-141.481201171875, -37.175506591796875], [-146.57952880859375, -198.81076049804688], [-90.9156265258789, -55.70943832397461], [-22.18946075439453, -56.26044464111328], [-25.61393928527832, -46.9173698425293], [-25.685985565185547, -35.608360290527344], [-60.273284912109375, -99.30227661132812], [-61.827518463134766, -3.3607730865478516], [-15.794179916381836, -15.140726089477539], [-43.37580108642578, -77.08020782470703], [-135.0386962890625, -239.59878540039062], [-108.712158203125, -124.9828872680664]], "train_probs": [0.00019710476113649796, 0.9999999999775318, 8.031380819724882e-27, 3.779097841579093e-33, 1.0, 1.0, 1.0, 1.0, 0.9999999147400723, 1.0, 1.0, 0.2666779382010022, 7.907505259017298e-33, 1.0, 0.00039565740817043863, 0.9999066577426644, 4.9628842380317675e-24, 2.5026171239638897e-12, 0.0017390604371613609, 2.669663430939205e-23, 0.9999999999942104, 1.0, 0.03850229266957986, 1.0, 0.0004908517634634927, 1.0, 6.244427405375871e-12, 2.2506911175585624e-15, 1.0, 0.99999999387929, 1.5804264845550965e-83, 0.0011409313094058384, 0.9999999502480195, 6.584909720242077e-23, 1.0, 1.0, 1.9389462622998696e-05, 1.0, 5.018944725932795e-46, 1.0, 5.130346937306085e-16, 0.9999999999999984, 0.9999999994401938, 0.9999509379035973, 1.0, 4.0570943548839927e-26, 0.34221164793950837, 0.9999999999999977, 1.0, 0.9999999141555717], "train_labels_average": [1, 1, 0, 0, 1, 1, 1, 1, 1, 1, 1, 1, 0, 1, 0, 1, 0, 0, 0, 0, 1, 1, 0, 1, 0, 1, 0, 0, 1, 1, 0, 1, 1, 0, 1, 1, 0, 1, 0, 1, 0, 1, 1, 1, 1, 0, 0, 1, 1, 0], "train_logprobs_average": [[-2.517743917611929, -1.9253335840561812], [-3.0074179967244468, -0.64444671358381], [-1.860607219192217, -4.287486200747282], [-2.0477669609917535, -9.214951324462891], [-1.6116680243076422, -0.6043755091153659], [-2.1781246662139893, -0.3960226665843617], [-1.5740600932728162, -0.7067208582041214], [-0.9628662381853376, -0.24509322426535868], [-1.5623948233468192, -1.1887786699377971], [-2.307104295299899, -0.8514313470749628], [-2.1610076904296873, -0.7203358968098958], [-1.6663552692958288, -1.1109035128638858], [-1.874149169921875, -2.487808632639657], [-1.805986722310384, -0.15935176961562214], [-1.2018761105007596, -2.704221248626709], [-1.8391571044921875, -1.6202098301478796], [-1.7813131014506023, -3.1667788470232927], [-1.6551044170673077, -6.147530691964286], [-1.1988265697772686, -1.9480931758880615], [-1.9329605102539062, -4.639105224609375], [-1.349088191986084, -1.2334520612444198], [-2.2643050376815026, -1.852613212648502], [-1.1299257839427275, -1.2805825551350911], [-2.06360095480214, -0.3296029302808974], [-2.2764274843277468, -2.2764274843277468], [-1.5935266394364207, -0.7864157441374543], [-0.8011220580372731, -1.3788543114295373], [-1.3861014626242898, -6.534478323800223], [-1.1424387881630345, -0.22610767682393393], [-1.5740350484848022, -0.6995711326599121], [-1.5507728989059861, -7.650479634602864], [-1.9128563404083252, -1.3911682475696912], [-1.915125020345052, -1.3361337351244549], [-1.9304893980634974, -2.2683250427246096], [-1.8024986267089844, -0.7009716881646051], [-1.637920097068504, -0.39841299658423074], [-1.3927886269309304, -1.7677701803354116], [-1.8250880241394043, -0.17177299050723804], [-2.080605899586397, -5.659248046875], [-1.7044131256813226, -1.1275348369891827], [-1.818312530517578, -2.7550189856326943], [-1.232747819688585, -1.0566409883045016], [-1.4229966269599066, -0.9147835459027972], [-1.5109403273638558, -0.8285801795221144], [-2.1526173182896207, -1.0763086591448103], [-1.6710140125171558, -30.913759231567383], [-1.052945327758789, -1.9742724895477295], [-1.3992193898847025, -0.7609789664285225], [-2.178043488533266, -0.8492999766607704], [-1.5987082088694853, -1.6471539121685606]], "train_probs_average": [0.35608200317376226, 0.08604025315525386, 0.9188541298458878, 0.9992291028241422, 0.2675100440714873, 0.14404377373631697, 0.2958082532928089, 0.3278835688251294, 0.4076675212595139, 0.18913002880257493, 0.1914413390279503, 0.3646004872323175, 0.6487751223805307, 0.16156426413424932, 0.8179239847659515, 0.44548080229652176, 0.7998673885548641, 0.988930453993405, 0.6790188753234202, 0.9373882572653623, 0.4711231379091901, 0.3985065227094939, 0.5375931139903091, 0.1500769026643328, 0.5, 0.30850648785953466, 0.6405454311112955, 0.9942247219734596, 0.28570604507845926, 0.2943263036733393, 0.9977614965706982, 0.3724575859218085, 0.3591647319355234, 0.5836646795339193, 0.2494539014563132, 0.22452179367904504, 0.5926621467003151, 0.1606614164979233, 0.9728444338757909, 0.35965121527317967, 0.7184338968764811, 0.45608672598542777, 0.3756125143765032, 0.33573474578193274, 0.2542052040414249, 0.9999999999998005, 0.7153124468694365, 0.3456444023113929, 0.20936727903408917, 0.512109057601512], "test_labels": [], "test_logprobs": [], "test_probs": []}}