{"0": {"train_labels": [1, 0, 0, 0, 0, 0, 0, 1, 1, 1, 1, 1, 0, 0, 0, 1, 1, 0, 0, 0, 0, 0, 1, 0, 1, 0, 1, 1, 1, 0, 0, 0, 1, 1, 0, 1, 0, 0, 0, 0, 0, 1, 0, 1, 0, 0, 0, 0, 0, 0], "train_logprobs": [[-24.599679946899414, -20.708683013916016], [-32.635345458984375, -90.4574966430664], [-30.07720947265625, -52.61793518066406], [-14.151141166687012, -133.02406311035156], [-132.71664428710938, -203.71243286132812], [-9.83564567565918, -70.53483581542969], [-14.6937255859375, -133.7896728515625], [-60.78971862792969, -22.745159149169922], [-67.19479370117188, -39.027854919433594], [-19.00649070739746, -13.73388671875], [-50.936256408691406, -15.665804862976074], [-35.07118225097656, -9.241252899169922], [-13.725117683410645, -59.01764678955078], [-17.591440200805664, -49.437278747558594], [-41.14081954956055, -224.38766479492188], [-285.3462829589844, -20.389118194580078], [-170.24526977539062, -56.13180923461914], [-20.599842071533203, -64.2294692993164], [-25.17499542236328, -42.508174896240234], [-19.885988235473633, -151.9844970703125], [-26.389572143554688, -228.66073608398438], [-74.38038635253906, -129.7292938232422], [-41.20702362060547, -39.79690933227539], [-56.38920211791992, -99.76860046386719], [-214.20977783203125, -103.91883087158203], [-76.43879699707031, -89.94793701171875], [-145.52720642089844, -118.46367645263672], [-96.10012817382812, -49.36333084106445], [-288.57220458984375, -162.4231719970703], [-29.895780563354492, -98.7356948852539], [-28.861492156982422, -32.48905563354492], [-24.785131454467773, -101.2522201538086], [-45.26397705078125, -11.935030937194824], [-54.582298278808594, -28.1871337890625], [-68.84556579589844, -95.11322784423828], [-137.314697265625, -61.142311096191406], [-60.3013801574707, -178.94700622558594], [-35.78117370605469, -39.14337158203125], [-92.68426513671875, -97.70944213867188], [-17.192310333251953, -31.83649253845215], [-70.56812286376953, -261.3228454589844], [-30.3258056640625, -8.884183883666992], [-54.770259857177734, -186.292236328125], [-60.86520767211914, -16.541589736938477], [-10.171958923339844, -230.81243896484375], [-33.780677795410156, -131.58001708984375], [-18.815961837768555, -106.5090103149414], [-102.34309387207031, -244.27880859375], [-11.755054473876953, -40.22941589355469], [-16.229509353637695, -48.941471099853516]], "train_probs": [0.020016144336069606, 1.0, 0.999999999837562, 1.0, 1.0, 1.0, 1.0, 3.002325341149195e-17, 5.85132087984801e-13, 0.0051040491263097685, 4.81102395629983e-16, 6.056255859175869e-12, 1.0, 0.9999999999999852, 1.0, 8.522468448698784e-116, 2.7615555027634963e-50, 1.0, 0.9999999703314865, 1.0, 1.0, 1.0, 0.19621603072170124, 1.0, 1.2625550728368753e-48, 0.9999986415162544, 1.763836290898974e-12, 5.040421049247738e-21, 1.637462065085745e-55, 1.0, 0.974107377947088, 1.0, 3.3529155518695385e-15, 3.4413251876751602e-12, 0.9999999999960907, 8.293789588365877e-34, 1.0, 0.9665020078856087, 0.9934724652529178, 0.9999995633712923, 1.0, 4.875531621446677e-10, 1.0, 5.629856338581847e-20, 1.0, 1.0, 1.0, 1.0, 0.9999999999995697, 0.9999999999999938], "train_labels_average": [0, 1, 1, 1, 1, 1, 1, 0, 0, 0, 0, 0, 1, 1, 1, 0, 0, 1, 1, 1, 1, 1, 0, 1, 0, 1, 0, 0, 0, 1, 0, 1, 0, 0, 1, 0, 1, 0, 0, 1, 1, 0, 1, 0, 1, 1, 1, 1, 1, 1], "train_logprobs_average": [[-2.0499733289082847, -3.514239992414202], [-1.483424793590199, -0.6799030303955078], [-1.6709560818142362, -1.3077047596807065], [-1.4151141166687011, -0.2112110621893584], [-1.8692485110860475, -1.0054291233871921], [-1.9671291351318358, -0.3642831731725622], [-0.9795817057291667, -0.20695388149207747], [-1.9609586654170867, -3.199458875154194], [-2.3170618517645476, -2.687791748046875], [-0.950324535369873, -1.900649070739746], [-2.829792022705078, -5.09362564086914], [-2.0630107206456803, -3.5071182250976562], [-1.7156397104263306, -0.6535770325433641], [-1.3531877077542818, -0.7036576080322265], [-1.8700372522527522, -0.3918173290434338], [-1.6121258924236406, -15.852571275499132], [-2.7458914479901715, -5.674842325846354], [-1.2874901294708252, -0.6866614023844401], [-2.517499542236328, -1.0069998168945313], [-1.807817112315785, -0.22857457741923715], [-1.1995260065252131, -0.20944104875837052], [-1.7709615798223586, -1.093829211066751], [-1.3735674540201823, -1.471679415021624], [-1.375346393119998, -1.1997702578280836], [-1.8000821666557247, -3.1501437916475186], [-1.5924749374389648, -1.2133142380487352], [-0.8130011531893767, -1.399300061739408], [-2.044683578166556, -3.2033376057942706], [-2.0612300327845983, -3.005960464477539], [-1.1958312225341796, -0.46712157130241394], [-1.3743567693801153, -1.519025902999075], [-1.6523420969645182, -0.4676439897069391], [-2.0574535023082388, -11.315994262695312], [-2.4810135581276636, -2.4810135581276636], [-1.6391801379975819, -1.0927867586650546], [-2.049473093516791, -2.921589303523936], [-2.079357936464507, -0.524359827456267], [-1.4312469482421875, -1.7038654145740328], [-1.5709197480799788, -1.68516845703125], [-1.7192310333251952, -0.8186814444405692], [-1.470169226328532, -0.5188832563512465], [-1.516290283203125, -2.7568914240056817], [-1.0142640714292173, -0.43126188863919473], [-1.6450056127599768, -12.173041534423827], [-2.0343917846679687, -0.06919699947850234], [-1.6890338897705077, -0.5824254792312096], [-1.4473816798283503, -0.34210839705033735], [-1.2183701651436942, -0.7058144404970367], [-1.959175745646159, -0.5877527236938477], [-1.4754099412397905, -0.5409836451212565]], "train_probs_average": [0.8121843826022463, 0.30927268403478664, 0.41017274101477474, 0.23078161263131508, 0.29654198426306416, 0.16758422819448257, 0.31591092944666876, 0.7753028461770508, 0.5916353353266424, 0.7211804400236026, 0.9058371333278102, 0.8090899162704616, 0.25691547163862644, 0.3430954360914151, 0.18569643994524196, 0.9999993461880317, 0.9492591666511591, 0.3541541169717381, 0.18086474569121866, 0.17090278430393652, 0.2708952972276111, 0.3369016283989787, 0.5245083337233662, 0.45621837969210394, 0.7941397029484175, 0.4063293421058021, 0.6425154935936909, 0.7610880586273928, 0.720054191481715, 0.32547794941718017, 0.5361043359121913, 0.23420851577411883, 0.99990471479921, 0.5, 0.3667015766445765, 0.7051858464076949, 0.17436555784859845, 0.5677356213524997, 0.5285311497817144, 0.28893756978545276, 0.2786262765789404, 0.7756686341929634, 0.35824208440092814, 0.999973225555705, 0.122905951431747, 0.24850372621841293, 0.24875314453873837, 0.3745945953810778, 0.20239003311724876, 0.2820275784532642], "test_labels": [], "test_logprobs": [], "test_probs": []}}