{"0": {"train_labels": [1, 0, 1, 1, 1, 1, 1, 1, 1, 0, 0, 0, 1, 1, 0, 1, 0, 0, 1, 1, 0, 0, 1, 1, 0, 1, 1, 1, 1, 1, 1, 1, 0, 1, 0, 1, 1, 0, 1, 0, 0, 1, 1, 0, 0, 1, 1, 0, 0, 1], "train_logprobs": [[-9.437580108642578, -7.974783511599526e-05], [-0.16491290926933289, -1.8836629390716553], [-2.521270275115967, -0.08377030491828918], [-0.8981236219406128, -0.5231235027313232], [-1.9906370639801025, -0.14688706398010254], [-8.90638542175293, -0.00013565097469836473], [-3.438877582550049, -0.03262746334075928], [-6.657535552978516, -0.0012853225925937295], [-3.2279469966888428, -0.04044709354639053], [-0.4740779399871826, -0.9740779399871826], [-0.6180713772773743, -0.7743213772773743], [-0.06993645429611206, -2.694936513900757], [-3.529750347137451, -0.029750416055321693], [-9.218849182128906, -9.917721035890281e-05], [-0.4179163873195648, -1.0741664171218872], [-0.9547405242919922, -0.47407734394073486], [-0.4179159998893738, -1.0537006855010986], [-0.0008299481705762446, -7.094580173492432], [-2.578890323638916, -0.07889030128717422], [-4.264163494110107, -0.014163566753268242], [-0.16491271555423737, -1.8836627006530762], [-0.5490548014640808, -0.8615548014640808], [-2.521270275115967, -0.08377030491828918], [-4.171794891357422, -0.01373071689158678], [-0.16972723603248596, -1.8572272062301636], [-5.037759780883789, -0.0071473391726613045], [-1.2456014156341553, -0.3393513858318329], [-2.2378225326538086, -0.11282245069742203], [-3.7122273445129395, -0.024727245792746544], [-4.541959762573242, -0.010709667578339577], [-10.453153610229492, -2.8967437174287625e-05], [-8.843894958496094, -0.00014482879487331957], [-0.3049529492855072, -1.3362029790878296], [-11.51563549041748, -1.0132738680113107e-05], [-0.0944129079580307, -2.4069128036499023], [-6.1895527839660645, -0.0020528212189674377], [-7.53178596496582, -0.0005360596696846187], [-0.012904115952551365, -4.32581090927124], [-0.7912853360176086, -0.5759394764900208], [-0.0023258081637322903, -6.064826011657715], [-0.6180708408355713, -0.7743208408355713], [-0.8981235027313232, -0.5231235027313232], [-5.193070411682129, -0.0065094102174043655], [-0.5105124711990356, -0.9356353282928467], [-0.3393515646457672, -1.2456015348434448], [-9.70318603515625, -5.4834770708112046e-05], [-6.470300197601318, -0.0015500684967264533], [-0.2383444905281067, -1.550844430923462], [-0.11620377749204636, -2.209953784942627], [-1.9637142419815063, -0.15121419727802277]], "train_probs": [7.967298111671049e-05, 0.8479677622198946, 0.08035747102460308, 0.40733337126727004, 0.13660839002621936, 0.00013552081668417556, 0.032100703013145805, 0.0012843078246275027, 0.03963884278810472, 0.6224593312018545, 0.5389832206876841, 0.9324533126145178, 0.0293122327122782, 9.91527306715628e-05, 0.6584175072643413, 0.3820955370814488, 0.6537999624410596, 0.9991704109984103, 0.07585817845430338, 0.01406362805050406, 0.8479677564567912, 0.5774953651858118, 0.08035747102460308, 0.01539702508255955, 0.8438950986284991, 0.006492380700406344, 0.2877678096528436, 0.10669058613457583, 0.024423087701940502, 0.010652509838571621, 2.8857128696397853e-05, 0.0001442598457768085, 0.7371581684030623, 9.97293802675371e-06, 0.9099069974872589, 0.00205074361615686, 0.0005357805890606984, 0.9867824850273581, 0.4463706251124816, 0.99767683794902, 0.5389832206876841, 0.4073334000459302, 0.005560114204013181, 0.6047084523772395, 0.7122321781307374, 6.108817226822994e-05, 0.001548760894645502, 0.7879311856832191, 0.8902942268497306, 0.1403362440969662], "train_labels_average": [], "train_logprobs_average": [], "train_probs_average": [], "train_response": [], "test_labels": [], "test_logprobs": [], "test_probs": []}}