{"0": {"train_labels": [0, 0, 1, 0, 1, 0, 1, 1, 0, 1, 1, 1, 0, 0, 1, 1, 0, 0, 1, 0, 1, 0, 1, 0, 0, 1, 1, 1, 1, 0, 0, 0, 1, 1, 0, 1, 0, 1, 0, 0, 0, 1, 1, 0, 0, 1, 1, 1, 0, 0], "train_logprobs": [[-219.964599609375, -429.6801452636719], [-66.57321166992188, -248.4219207763672], [-599.1948852539062, -0.37029895186424255], [-117.56733703613281, -150.2353515625], [-461.8205261230469, -208.2289276123047], [-0.05946609377861023, -51.427978515625], [-186.16897583007812, -171.2281494140625], [-124.80388641357422, -56.00074768066406], [-66.87962341308594, -117.20311737060547], [-215.20767211914062, -112.31181335449219], [-263.69671630859375, -1.0836564302444458], [-136.46067810058594, -115.39773559570312], [-30.676959991455078, -108.33966064453125], [-52.923301696777344, -159.01608276367188], [-153.04779052734375, -126.19180297851562], [-100.21405029296875, -86.45652770996094], [-105.33149719238281, -482.1417541503906], [-86.81068420410156, -124.812255859375], [-349.78082275390625, -323.51739501953125], [-25.62367820739746, -80.20894622802734], [-245.629638671875, -164.93011474609375], [-73.03047180175781, -440.82269287109375], [-88.47028350830078, -87.42455291748047], [-62.69041442871094, -338.4102783203125], [-39.381011962890625, -131.67245483398438], [-62.86011505126953, -29.09739875793457], [-81.12025451660156, -56.66034698486328], [-188.93646240234375, -138.8024139404297], [-10.583030700683594, -1.094211220741272], [-187.3560791015625, -352.5906677246094], [-385.364501953125, -447.872802734375], [-396.88494873046875, -1062.165283203125], [-412.8644104003906, -3.820474863052368], [-140.9702911376953, -36.37411880493164], [-3.5587356090545654, -160.68984985351562], [-537.42333984375, -308.51861572265625], [-207.53562927246094, -248.91275024414062], [-473.2154846191406, -136.42434692382812], [-45.88463592529297, -409.25335693359375], [-30.153478622436523, -130.01620483398438], [-50.562049865722656, -192.39439392089844], [-233.88743591308594, -91.82752990722656], [-103.80564880371094, -32.344966888427734], [-244.07862854003906, -342.1703796386719], [-234.25991821289062, -586.3255615234375], [-122.85908508300781, -105.62521362304688], [-878.6724243164062, -129.54339599609375], [-162.79922485351562, -112.53903198242188], [-23.77089500427246, -63.47983932495117], [-70.97351837158203, -100.41062927246094]], "train_probs": [1.0, 1.0, 8.585914137008217e-261, 0.9999999999999936, 7.35475329936981e-111, 1.0, 3.245498341229989e-07, 1.3157594887751532e-30, 1.0, 2.0553998846402316e-45, 8.883768218875205e-115, 7.120004976324667e-10, 1.0, 1.0, 2.170664988885513e-12, 1.0597011297002694e-06, 1.0, 1.0, 3.925891195147688e-12, 1.0, 8.966894638678216e-36, 1.0, 0.2600457869580644, 1.0, 1.0, 2.172894395421203e-15, 2.3834010761001438e-11, 1.6867837073865784e-22, 7.568767908933252e-05, 1.0, 1.0, 1.0, 2.2619132266121897e-178, 3.753699717530552e-46, 1.0, 3.872054242827141e-100, 1.0, 5.413365427711114e-147, 1.0, 1.0, 1.0, 2.014497449890771e-62, 9.226142777058716e-32, 1.0, 1.0, 3.276609671951962e-08, 0.0, 1.4868788252884858e-22, 1.0, 0.9999999999998357], "train_labels_average": [1, 1, 0, 1, 0, 1, 0, 0, 1, 0, 1, 0, 1, 1, 0, 0, 1, 1, 1, 0, 0, 1, 1, 1, 1, 0, 0, 1, 0, 1, 1, 1, 1, 0, 1, 0, 1, 0, 1, 1, 1, 0, 0, 1, 1, 0, 0, 0, 1, 1], "train_logprobs_average": [[-3.9279392787388394, -2.5878188189338234], [-5.547767639160156, -1.210422030362216], [-5.5481007893880205, -5.9326226262762995], [-4.702693481445312, -4.354345816153067], [-4.861268696032073, -15.394017537434896], [-0.019822031259536743, -0.004574314906046941], [-5.031593941353463, -5.817780494689941], [-5.672903927889737, -17.829126630510604], [-4.179976463317871, -2.572293208195613], [-5.816423570787585, -10.760383605957031], [-5.273934326171875, -4.4694358696371825], [-3.790574391682943, -6.202758095481179], [-2.191211427961077, -1.2782066663106282], [-3.5282201131184894, -1.1760733710394966], [-5.101593017578125, -5.668436686197917], [-5.8949441348805145, -5.8949441348805145], [-4.579630312712296, -0.9080301482101967], [-4.340534210205078, -2.9934718691069504], [-4.926490461322623, -4.1640574137369795], [-0.6743073212473016, -0.6743073212473016], [-5.582491787997159, -8.772487095424108], [-4.057248433430989, -1.0739775264964384], [-6.805406423715445, -2.8538801131709928], [-3.6876714369829964, -0.8037232619065505], [-6.5635019938151045, -1.8752862839471727], [-3.9287571907043457, -8.980016435895648], [-3.8628692626953125, -8.112025451660156], [-4.844524676983173, -4.294010509144176], [-0.8140792846679688, -3.5276769002278647], [-3.4695570203993054, -2.178559059320494], [-4.817056274414062, -4.143704322076613], [-5.222170378032484, -1.5812149351811504], [-4.857228357651654, -2.6465667333358374], [-4.4053215980529785, -14.097029113769532], [-0.5931226015090942, -0.14828065037727356], [-5.841558041779892, -7.361963559503424], [-4.3236589431762695, -3.29421633765811], [-6.665006825621699, -15.773849487304688], [-4.171330538662997, -0.6117951456705729], [-3.7691848278045654, -0.6153771147436026], [-6.320256233215332, -1.1758616247842477], [-5.704571607636242, -12.309865048057155], [-3.8446536593967013, -12.975706100463867], [-5.0849714279174805, -4.282081202456825], [-5.324089050292969, -2.1296356201171873], [-4.236520175276132, -4.550336484555845], [-4.437739516749526, -48.81513468424479], [-5.4266408284505205, -7.752344040643601], [-1.980907917022705, -1.4856809377670288], [-3.085805146590523, -2.8389407348632814]], "train_probs_average": [0.20749024968672572, 0.012902526986525845, 0.5949632504064493, 0.4137831652088226, 0.9999733514412721, 0.49618814476376655, 0.6870119237010266, 0.9999947444608333, 0.16691051162997553, 0.9929241031827744, 0.3090640786606204, 0.9177516660177348, 0.2863853638091183, 0.0868952891438566, 0.6380345496346853, 0.5, 0.024804807468651935, 0.20635105807228907, 0.31811825848646674, 0.5, 0.9604560422244135, 0.04818738549029114, 0.01886269391801747, 0.05295279035878316, 0.009119167955945964, 0.9936394479920708, 0.985924668007953, 0.36574512634998946, 0.9378242560169802, 0.21568394345556552, 0.3377466893894792, 0.025556983342391013, 0.09879714897638744, 0.9999382100178398, 0.39058783593168417, 0.8205981873767438, 0.26319218098253866, 0.999889329510905, 0.0276649173091358, 0.04094150559369126, 0.005798188881119189, 0.9986486426020507, 0.9998917601204389, 0.3094076113252892, 0.039374984377353046, 0.5778165045636197, 1.0, 0.9109835140184201, 0.3786630002645406, 0.4385954241195291], "test_labels": [], "test_logprobs": [], "test_probs": []}}