{"0": {"train_labels": [0, 1, 1, 0, 0, 0, 1, 0, 0, 0, 1, 1, 1, 1, 1, 0, 1, 1, 1, 0, 1, 1, 1, 1, 0, 0, 0, 0, 0, 1, 0, 0, 1, 0, 0, 1, 1, 0, 0, 0, 1, 0, 0, 0, 1, 1, 1, 1, 1, 0], "train_logprobs": [[-0.0232518520206213, -3.7427310943603516], [-0.7089126706123352, -0.6776626706123352], [-5.908969879150391, -0.0027197536546736956], [-0.015664860606193542, -4.202700138092041], [-0.10392841696739197, -2.322678327560425], [-0.17468887567520142, -1.8309388160705566], [-2.464017391204834, -0.08639392256736755], [-0.001757030957378447, -6.3455071449279785], [-0.3217637240886688, -1.2905137538909912], [-0.25192978978157043, -1.501929759979248], [-1.11575448513031, -0.40735214948654175], [-3.956815719604492, -0.016548750922083855], [-1.6904287338256836, -1.2998037338256836], [-3.4691410064697266, -0.03164080157876015], [-0.9356368184089661, -0.49813681840896606], [-0.003717299783602357, -5.690885543823242], [-5.00673770904541, -0.00673760985955596], [-3.2880475521087646, -0.039231449365615845], [-1.4537049531936646, -0.26620492339134216], [-0.6631900072097778, -0.7256900072097778], [-3.262348175048828, -0.04359821230173111], [-0.8086507320404053, -0.5899007320404053], [-3.7427515983581543, -0.024001633748412132], [-2.3502073287963867, -0.10020744800567627], [-0.0038321407046169043, -5.5663323402404785], [-0.06993678212165833, -2.694936752319336], [-0.0002383901592111215, -8.390863418579102], [-0.47407782077789307, -0.9740778207778931], [-0.07655756175518036, -2.6078076362609863], [-9.187602996826172, -0.00010263393050990999], [-0.00032074074260890484, -8.047195434570312], [-0.05178651958703995, -3.489286422729492], [-1.6254347562789917, -0.2191847413778305], [-0.00420780573040247, -5.472957611083984], [-0.0742838978767395, -2.724106550216675], [-1.0948536396026611, -0.4073536694049835], [-5.0691237449646, -0.006623575929552317], [-0.27358248829841614, -1.4298324584960938], [-0.2318669855594635, -1.5756169557571411], [-0.05325208604335785, -2.9595019817352295], [-1.3132658004760742, -0.3132658302783966], [-5.745722592109814e-05, -9.765682220458984], [-0.47408008575439453, -0.9936464428901672], [-0.2589743137359619, -1.477724313735962], [-3.318561553955078, -0.037311505526304245], [-2.2099571228027344, -0.12693172693252563], [-4.541961669921875, -0.0107117909938097], [-1.033464789390564, -0.43971478939056396], [-3.8955423831939697, -0.006510002538561821], [-0.5623863339424133, -0.8436363339424133]], "train_probs": [0.9763273889647389, 0.49218813572079556, 0.0027149851292111965, 0.9850360649335071, 0.90192066862062, 0.8397339596505965, 0.08489501129462328, 0.998245385789524, 0.724870282120402, 0.7772998560157665, 0.3299519616708576, 0.0190722021028359, 0.40356685373537454, 0.031143824352421093, 0.39233683016710835, 0.9966222710055359, 0.006692850264891709, 0.037369452334054185, 0.23370635157681108, 0.5156199157230156, 0.03846619339618045, 0.44552953503957277, 0.023689472117890242, 0.09534947518185827, 0.9961755171155657, 0.9324533069832974, 0.9997730661489519, 0.6224593312018546, 0.9263037353800999, 0.00010229981760544588, 0.9996800016579828, 0.9688561665426522, 0.19682620128743877, 0.9958012039146792, 0.9340000589401167, 0.33458944788835565, 0.006289901080366176, 0.7606506472514406, 0.7931059462938815, 0.9481545282226916, 0.2689414272294874, 0.999942612391199, 0.6270463605185336, 0.7718434978390747, 0.03622005417441523, 0.11075764321740114, 0.01065251211570758, 0.35577489351363034, 0.020054716368146683, 0.5698526514141571], "train_labels_average": [], "train_logprobs_average": [], "train_probs_average": [], "train_response": [], "test_labels": [], "test_logprobs": [], "test_probs": []}}