{"0": {"train_labels": [1, 1, 0, 1, 1, 1, 0, 0, 0, 0, 0, 0, 1, 0, 1, 1, 1, 1, 0, 1, 1, 1, 1, 0, 0, 1, 0, 0, 1, 1, 0, 1, 1, 0, 0, 1, 1, 1, 1, 0, 1, 0, 1, 1, 0, 1, 0, 0, 0, 0], "train_logprobs": [[-0.9381754994392395, -0.5788004994392395], [-1.1918861865997314, -0.44258764386177063], [-0.7047102451324463, -0.8609602451324463], [-0.9578763246536255, -0.6393860578536987], [-1.5291600227355957, -0.3729099929332733], [-1.5966945886611938, -0.28419461846351624], [-0.4415159225463867, -1.2126719951629639], [-0.6312747597694397, -1.0702545642852783], [-0.2476976215839386, -1.8258225917816162], [-0.36068195104599, -1.5747395753860474], [-0.8439629673957825, -1.040020227432251], [-0.2793201506137848, -1.9210981130599976], [-1.1098475456237793, -0.6194183826446533], [-0.4625290036201477, -1.1500303745269775], [-1.4405828714370728, -0.45620790123939514], [-0.9272829294204712, -0.6304079294204712], [-2.2628848552703857, -0.18236391246318817], [-0.9120801091194153, -0.7934967279434204], [-0.8383270502090454, -0.8695770502090454], [-1.3389867544174194, -0.3702367842197418], [-1.0246962308883667, -0.8459631204605103], [-1.6459747552871704, -0.2553497850894928], [-1.1737501621246338, -0.7206251621246338], [-0.4556938409805298, -1.2213188409805298], [-0.25859323143959045, -2.103536605834961], [-1.0013214349746704, -0.6813340783119202], [-0.6887214779853821, -0.9554718136787415], [-0.48696425557136536, -1.1683653593063354], [-0.8041233420372009, -0.6865518093109131], [-0.9056814908981323, -0.6244314908981323], [-0.194490447640419, -2.178842306137085], [-1.1196706295013428, -0.4790555238723755], [-1.1188617944717407, -0.4938617944717407], [-0.4479931592941284, -1.1823681592941284], [-0.37883925437927246, -1.3995436429977417], [-1.662762999534607, -0.33442679047584534], [-0.9629431366920471, -0.6660681366920471], [-0.9599444270133972, -0.6330837607383728], [-0.9559018611907959, -0.5496518611907959], [-0.642194926738739, -0.907819926738739], [-1.292660117149353, -0.4332851469516754], [-0.5652891993522644, -1.291229009628296], [-1.389115571975708, -0.7410891056060791], [-0.8562818765640259, -0.6375318765640259], [-0.7225894927978516, -0.7538394927978516], [-1.3340201377868652, -0.47464513778686523], [-0.4364488124847412, -1.3326056003570557], [-0.6398903131484985, -0.9211403131484985], [-0.6870328783988953, -1.14015793800354], [-0.6506944894790649, -1.431944489479065]], "train_probs": [0.411110869232168, 0.32097416405687407, 0.538983220687684, 0.421043725399755, 0.23934934189686402, 0.2120688093369431, 0.6837709223842304, 0.6080159117543632, 0.8289388040954683, 0.771016111374977, 0.548857913310644, 0.8377767199012699, 0.3797924730388238, 0.6654108639645462, 0.2720245569956929, 0.4263215925474903, 0.1110045483342541, 0.47038884595881303, 0.5078118642792044, 0.27512972976675254, 0.45543529617985984, 0.19930800266002902, 0.38861802670584894, 0.6825737344123242, 0.8635323033219243, 0.4206788291325147, 0.5662949438390754, 0.6640513374656897, 0.4706409283932196, 0.4301473485858429, 0.8791443087557885, 0.34510750716457694, 0.3486451353339458, 0.6757646010190476, 0.7351097831192293, 0.2094347089177082, 0.4263215925474903, 0.4190046668922682, 0.3998116407397951, 0.5660185351961015, 0.29746994883293104, 0.673913660304656, 0.3434344063249452, 0.4455295350395727, 0.5078118642792044, 0.2974699426047947, 0.7101590815113585, 0.5698526514141571, 0.6113819874558603, 0.6859494550081925], "train_labels_average": [], "train_logprobs_average": [], "train_probs_average": [], "train_response": [], "test_labels": [], "test_logprobs": [], "test_probs": []}}