{"0": {"train_labels": [0, 1, 0, 0, 0, 0, 0, 1, 1, 0, 0, 1, 0, 1, 0, 0, 0, 0, 1, 1, 0, 0, 0, 0, 0, 1, 0, 1, 0, 0, 1, 0, 1, 1, 1, 0, 0, 1, 0, 0, 0, 1, 1, 0, 0, 1, 1, 0, 1, 1], "train_logprobs": [[-52.30427932739258, -115.40245819091797], [-147.63101196289062, -58.169071197509766], [-31.64036750793457, -100.87046813964844], [-27.55183219909668, -108.48170471191406], [-18.62994956970215, -27.077348709106445], [-38.644081115722656, -132.98013305664062], [-55.974422454833984, -100.97709655761719], [-39.630348205566406, -23.34218978881836], [-287.849853515625, -16.537614822387695], [-126.43236541748047, -214.56155395507812], [-19.926645278930664, -38.93003845214844], [-76.62541198730469, -20.411907196044922], [-17.46059226989746, -58.26543045043945], [-58.40564727783203, -29.60040283203125], [-20.888900756835938, -172.6640625], [-51.539390563964844, -117.40528869628906], [-26.22723960876465, -27.103418350219727], [-81.54719543457031, -169.72177124023438], [-140.64910888671875, -26.9464054107666], [-70.71588897705078, -55.43806457519531], [-39.22325897216797, -56.54243850708008], [-44.43726348876953, -76.60063171386719], [-19.2346248626709, -210.65390014648438], [-108.74604034423828, -147.33547973632812], [-42.25436019897461, -55.590065002441406], [-53.867431640625, -16.863496780395508], [-84.7718505859375, -127.98503112792969], [-124.25740051269531, -39.2923698425293], [-11.470251083374023, -24.040494918823242], [-91.62470245361328, -450.1609191894531], [-120.25082397460938, -95.40327453613281], [-21.9156494140625, -243.4715576171875], [-55.31304931640625, -51.758331298828125], [-100.24739074707031, -61.45894241333008], [-77.7822036743164, -40.80532455444336], [-3.8425021171569824, -11.082071304321289], [-9.874402046203613, -74.6686782836914], [-54.65896987915039, -7.727146625518799], [-26.547199249267578, -46.416481018066406], [-82.05276489257812, -90.32479858398438], [-63.87950134277344, -103.42676544189453], [-240.24972534179688, -68.66838073730469], [-29.08721160888672, -8.686305046081543], [-24.24696922302246, -35.91112518310547], [-64.14791870117188, -186.3167724609375], [-34.37516784667969, -7.407328128814697], [-45.73738098144531, -35.78731155395508], [-31.336406707763672, -91.2784194946289], [-43.354225158691406, -29.08742904663086], [-77.385986328125, -49.62611389160156]], "train_probs": [1.0, 1.4033719288436393e-39, 1.0, 1.0, 0.9997855885175239, 1.0, 1.0, 8.436117938016057e-08, 1.481125512329104e-118, 1.0, 0.9999999944161826, 3.8617580516766383e-25, 1.0, 3.090589233308039e-13, 1.0, 1.0, 0.7060297370865127, 1.0, 4.1643124074799547e-50, 2.3169948376210865e-07, 0.9999999699132079, 0.9999999999999892, 1.0, 1.0, 0.9999983842420932, 8.499537248567476e-17, 1.0, 1.2593777762458347e-37, 0.9999965261508349, 1.0, 1.6175078239454313e-11, 1.0, 0.0277947979158235, 1.4268914217942866e-17, 8.73263765433692e-17, 0.999282893756596, 1.0, 4.147325626843038e-21, 0.9999999976510132, 0.999744500274779, 1.0, 3.0420674608218376e-75, 1.3803806200366685e-09, 0.9999914035785911, 1.0, 1.9409574806765964e-12, 4.772204293991861e-05, 1.0, 6.368085672763092e-07, 8.791046605867053e-13], "test_labels": [], "test_logprobs": [], "test_probs": []}}