{"0": {"train_labels": [0, 0, 1, 0, 1, 1, 0, 1, 0, 1, 0, 0, 1, 0, 0, 1, 0, 1, 0, 0, 1, 0, 1, 0, 1, 0, 1, 0, 0, 1, 0, 0, 0, 1, 0, 0, 0, 0, 1, 1, 1, 0, 1, 1, 1, 1, 1, 1, 0, 1], "train_logprobs": [[-38.64301681518555, -146.89389038085938], [-83.74629974365234, -126.32907104492188], [-334.0604248046875, -20.86223602294922], [-239.6079864501953, -353.42535400390625], [-300.69281005859375, -227.47817993164062], [-197.97142028808594, -151.9843292236328], [-85.98898315429688, -96.00211334228516], [-264.9087219238281, -39.36073303222656], [-92.32559204101562, -315.35052490234375], [-309.36956787109375, -179.46469116210938], [-186.2550811767578, -348.85955810546875], [-349.91717529296875, -627.45703125], [-793.4418334960938, -169.14956665039062], [-87.29228210449219, -253.93743896484375], [-191.3130340576172, -448.8238830566406], [-15.45294189453125, -3.386455774307251], [-27.723133087158203, -105.54313659667969], [-594.76123046875, -0.5061737895011902], [-80.79891204833984, -669.1511840820312], [-47.49042510986328, -175.18983459472656], [-603.8201904296875, -284.1250305175781], [-80.09210205078125, -514.9163818359375], [-178.6427001953125, -156.00418090820312], [-150.79298400878906, -395.91131591796875], [-443.69366455078125, -359.3929443359375], [-85.90900421142578, -298.93463134765625], [-277.82977294921875, -157.95120239257812], [-66.96083068847656, -400.815185546875], [-79.39728546142578, -468.1322937011719], [-385.6574401855469, -61.55211639404297], [-49.01772689819336, -144.68296813964844], [-176.14097595214844, -314.36328125], [-19.400373458862305, -98.54031372070312], [-404.8880615234375, -9.128192901611328], [-465.596435546875, -874.05029296875], [-199.3468017578125, -217.6687774658203], [-54.813331604003906, -68.4000473022461], [-21.82611083984375, -187.6382598876953], [-391.9079895019531, -0.0879969596862793], [-93.16728973388672, -22.508190155029297], [-109.36195373535156, -58.11126708984375], [-243.07009887695312, -576.4449462890625], [-243.45774841308594, -137.34793090820312], [-777.3489990234375, -437.0477600097656], [-183.6436767578125, -3.3934435844421387], [-562.0777587890625, -403.9151611328125], [-156.7250213623047, -0.057068150490522385], [-38.647491455078125, -28.0511531829834], [-75.01972198486328, -89.61744689941406], [-57.772972106933594, -48.181732177734375]], "train_probs": [1.0, 1.0, 9.544537090830947e-137, 1.0, 1.5969456703828302e-32, 1.0667437620288713e-20, 0.9999551942910482, 1.1110996735667441e-98, 1.0, 3.8285019529382103e-57, 1.0, 1.0, 0.0, 1.0, 1.0, 5.748958389602647e-06, 1.0, 8.285296238209177e-259, 1.0, 1.0, 1.4393160191764427e-139, 1.0, 1.4730449348498075e-10, 1.0, 2.4471601405301767e-37, 1.0, 8.6576157926669e-53, 1.0, 1.0, 1.7492276027685433e-141, 1.0, 1.0, 1.0, 1.329452725746618e-172, 1.0, 0.9999999889625932, 0.9999987429174463, 1.0, 6.835012915011632e-171, 2.0565674445779663e-31, 5.522167760064905e-23, 1.0, 8.262125392191667e-47, 0.0, 5.2277928571367354e-79, 2.0457690049294296e-69, 9.119529426422115e-69, 2.5006787268708687e-05, 0.9999995426081492, 6.831998339601674e-05], "test_labels": [], "test_logprobs": [], "test_probs": []}}