{"0": {"train_labels": [0, 1, 1, 1, 0, 1, 1, 0, 0, 1, 1, 1, 1, 1, 1, 0, 1, 1, 1, 1, 1, 1, 1, 1, 0, 1, 0, 0, 1, 1, 0, 0, 1, 0, 1, 1, 1, 1, 1, 0, 0, 1, 1, 1, 1, 1, 1, 1, 1, 1], "train_logprobs": [[-0.11968116462230682, -2.126929521560669], [-3.0188469886779785, -0.05009704828262329], [-9.39071273803711, -8.77341881277971e-05], [-2.463939905166626, -0.08894000202417374], [-0.33936548233032227, -1.2456154823303223], [-3.167999267578125, -0.04299934208393097], [-0.9167628288269043, -0.5105128288269043], [-0.0720781534910202, -2.665828227996826], [-0.009168663993477821, -4.69666862487793], [-3.834352493286133, -0.022538455203175545], [-4.541960716247559, -0.010065275244414806], [-4.913622856140137, -0.007373026572167873], [-3.620875120162964, -0.024727245792746544], [-3.712226390838623, -0.025501374155282974], [-2.782623529434204, -0.06387349963188171], [-0.002637481316924095, -5.9401373863220215], [-4.079562187194824, -0.017062420025467873], [-6.127185344696045, -0.002185577293857932], [-2.293840169906616, -0.1032315194606781], [-1.3826504945755005, -0.2811507284641266], [-5.17756462097168, -0.005688786972314119], [-5.690882682800293, -0.003382558235898614], [-3.1082100868225098, -0.047127414494752884], [-2.2657864093780518, -0.10953650623559952], [-0.21918456256389618, -1.6254345178604126], [-5.22415018081665, -0.005399998743087053], [-0.014164389111101627, -4.264164447784424], [-0.004342530854046345, -5.441842555999756], [-1.963714361190796, -0.15121430158615112], [-8.75015926361084, -0.00015960850578267127], [-0.027973422780632973, -3.5904734134674072], [-0.195785254240036, -1.7270352840423584], [-3.4691402912139893, -0.03068172000348568], [-0.24505464732646942, -1.5263046026229858], [-3.469139337539673, -0.03163930028676987], [-7.7191948890686035, -0.0004447901446837932], [-9.062616348266602, -0.0001161031104857102], [-7.891002178192139, -0.0003771070914808661], [-1.0134387016296387, -0.4623947739601135], [-0.11968042701482773, -2.2938380241394043], [-0.33046358823776245, -1.2679636478424072], [-1.2456015348434448, -0.3393515646457672], [-1.2456021308898926, -0.3672424256801605], [-1.1368716955184937, -0.38687166571617126], [-4.882606506347656, -0.007606471423059702], [-5.862224102020264, -0.0028493304271250963], [-7.125804901123047, -0.000805053801741451], [-1.382650375366211, -0.28890031576156616], [-6.626328945159912, -0.001328896265476942], [-3.2579758167266846, -0.03922571986913681]], "train_probs": [0.8815560108673511, 0.0488577813920443, 8.349627786126265e-05, 0.08509905254807776, 0.712232184238947, 0.042087730919421175, 0.399811640739795, 0.9304582603151214, 0.9908743622571226, 0.021629844322281922, 0.01064571066253637, 0.007345827817244598, 0.02669690562040747, 0.024441562080915514, 0.06187598399369696, 0.9973683257757777, 0.016914917138420915, 0.0021827169519321567, 0.10059701115536704, 0.24945898889461995, 0.005641903821224314, 0.0033766119625540728, 0.04474140723822424, 0.10374863587266454, 0.8031737892899221, 0.005384936986602894, 0.9859363737703095, 0.9956684980878829, 0.14033624229926062, 0.00015843627373772853, 0.9724147175233889, 0.822189134878876, 0.031114919705924827, 0.782662471348789, 0.031143829410713395, 0.0004442183149971359, 0.00011591931477129278, 0.00037409557814174993, 0.3656222437227714, 0.8979047320838573, 0.7185944046238981, 0.28776782186926264, 0.293517803564079, 0.32082129433083023, 0.007577241005233902, 0.0028449103129278485, 0.0008040860582973208, 0.2509127756822483, 0.001325022352512783, 0.03846618843589849], "train_labels_average": [], "train_logprobs_average": [], "train_probs_average": [], "train_response": [], "test_labels": [], "test_logprobs": [], "test_probs": []}}