{"0": {"train_labels": [1, 1, 1, 1, 0, 0, 1, 0, 0, 0, 0, 0, 0, 1, 0, 0, 0, 0, 1, 1, 1, 1, 0, 1, 1, 1, 1, 1, 1, 1, 0, 0, 0, 0, 1, 0, 0, 1, 0, 0, 1, 1, 0, 0, 0, 1, 0, 1, 1, 1], "train_logprobs": [[-1.1206274032592773, -0.46437740325927734], [-1.4841221570968628, -0.3122471570968628], [-0.9311034679412842, -0.6029784679412842], [-1.6694362163543701, -0.2474709153175354], [-0.356611967086792, -1.450361967086792], [-0.5247595310211182, -1.3372595310211182], [-1.3387172222137451, -0.4006419777870178], [-0.3571402430534363, -1.404015302658081], [-0.7676845192909241, -0.7989345192909241], [-0.40709957480430603, -1.4539746046066284], [-0.6015589237213135, -0.9140589237213135], [-0.5142743587493896, -1.195936679840088], [-0.4344104528427124, -1.2312854528427124], [-1.6942470073699951, -0.2723695933818817], [-0.3551581799983978, -1.3707828521728516], [-0.6879256963729858, -0.8129256963729858], [-0.6881387829780579, -0.8443887829780579], [-0.445311963558197, -1.1067899465560913], [-1.217058777809143, -0.4201837480068207], [-1.1928905248641968, -0.4428905248641968], [-1.15337336063385, -0.44015613198280334], [-0.7957209944725037, -0.7019709944725037], [-0.3620988428592682, -1.4558494091033936], [-1.3024828433990479, -0.38509616255760193], [-1.2025706768035889, -0.48382067680358887], [-1.5876319408416748, -0.28696131706237793], [-1.03472101688385, -0.5034710168838501], [-0.9091212153434753, -0.6122462153434753], [-0.8456329107284546, -0.6581329107284546], [-1.2372902631759644, -0.48729026317596436], [-0.3409646451473236, -1.434714674949646], [-0.12557989358901978, -2.515929698944092], [-0.2446526288986206, -1.9009026288986206], [-0.2545892298221588, -2.0202202796936035], [-1.0360984802246094, -0.6454734802246094], [-0.5158074498176575, -1.0314323902130127], [-0.7341636419296265, -0.7654136419296265], [-1.4635813236236572, -0.30733129382133484], [-0.3837955594062805, -1.5088434219360352], [-0.44963353872299194, -1.3927900791168213], [-0.8392137885093689, -0.6985887885093689], [-1.32033371925354, -0.3944033682346344], [-0.32802754640579224, -1.4842774868011475], [-0.3403542935848236, -1.402854323387146], [-0.7153348922729492, -0.8872098922729492], [-0.8593853712081909, -0.6406353712081909], [-0.20601902902126312, -1.9247690439224243], [-1.1696393489837646, -0.4722365438938141], [-1.8170560598373413, -0.2389310896396637], [-1.0474438667297363, -0.5161938071250916]], "train_probs": [0.341582499438317, 0.23651623644570757, 0.41869690935568665, 0.19435367126309436, 0.7490872131147275, 0.6926419831347362, 0.2812892981479369, 0.7401743735019595, 0.5078118642792044, 0.7401743677704878, 0.5774953651858117, 0.6641096092059224, 0.689305616785446, 0.19436743301512321, 0.73411946291255, 0.5312093733737562, 0.5389832206876841, 0.6595923186387458, 0.3106943768319878, 0.320821300824607, 0.3288883403885745, 0.47657965106367595, 0.7490873195434443, 0.28549067519620025, 0.32766830082071396, 0.21405217370844903, 0.3702253925955866, 0.42632159254749036, 0.45326184801538616, 0.3208213008246071, 0.7490872187162397, 0.9160884616913134, 0.8397339676722393, 0.8539135076459197, 0.40356685373537454, 0.6261241632752915, 0.5078118642792044, 0.23934934189686402, 0.7549238422058404, 0.7197368226762614, 0.46490157137338844, 0.28375108695063095, 0.7606506418255928, 0.7431680143008301, 0.5428632831725052, 0.4455295350395727, 0.8479677602988601, 0.33238831069647434, 0.1710611959045317, 0.37022537869825406], "train_labels_average": [], "train_logprobs_average": [], "train_probs_average": [], "train_response": [], "test_labels": [], "test_logprobs": [], "test_probs": []}}