{"0": {"train_labels": [1, 1, 1, 0, 1, 1, 1, 1, 1, 1, 1, 0, 1, 1, 1, 1, 1, 0, 1, 1, 0, 1, 1, 1, 1, 1, 1, 1, 1, 0, 1, 1, 0, 1, 0, 1, 0, 1, 0, 1, 0, 1, 0, 1, 0, 1, 1, 0, 1, 0], "train_logprobs": [[-1.4179775714874268, -0.277352511882782], [-2.2100605964660645, -0.11631053686141968], [-3.681767463684082, -0.025913825258612633], [-0.6549398899078369, -0.7412145733833313], [-2.738722324371338, -0.06684741377830505], [-3.7122366428375244, -0.024736667051911354], [-5.286349296569824, -0.0050993855111300945], [-3.2880873680114746, -0.039271797984838486], [-0.8259556889533997, -0.5759556889533997], [-2.521348714828491, -0.08384879678487778], [-1.0235050916671753, -0.4453800916671753], [-0.647380530834198, -0.741130530834198], [-2.70951509475708, -0.06785754859447479], [-8.219019889831543, -0.00026973424246534705], [-1.1797465085983276, -0.36724647879600525], [-2.126944065093994, -0.12694410979747772], [-1.6886658668518066, -0.20429086685180664], [-0.43971097469329834, -1.0334609746932983], [-2.196866273880005, -0.11874133348464966], [-3.0634896755218506, -0.046425845474004745], [-0.549074113368988, -0.861574113368988], [-1.4898160696029663, -0.2554410398006439], [-2.0525732040405273, -0.18274708092212677], [-3.8038034439086914, -0.022553490474820137], [-2.3360865116119385, -0.10171147435903549], [-3.184924602508545, -0.04429948329925537], [-3.4691436290740967, -0.030684957280755043], [-3.4389119148254395, -0.03266126662492752], [-2.885626792907715, -0.06589417904615402], [-0.2662111222743988, -1.4298529624938965], [-3.7274844646453857, -0.02435944601893425], [-1.4179986715316772, -0.27361205220222473], [-0.6400392055511475, -0.7494142055511475], [-1.6008137464523315, -0.22581370174884796], [-0.6326041221618652, -0.7576038241386414], [-3.7732577323913574, -0.023257676512002945], [-0.020871181041002274, -3.880246162414551], [-1.5142687559127808, -0.24523945152759552], [-0.3049863278865814, -1.3362362384796143], [-0.8259439468383789, -0.5759439468383789], [-0.03164934739470482, -3.469149351119995], [-1.752810001373291, -0.19031000137329102], [-0.5490578413009644, -0.8615578413009644], [-1.3944422006607056, -0.2929072082042694], [-0.5105259418487549, -0.9167759418487549], [-4.5728912353515625, -0.010391298681497574], [-2.113187789916992, -0.1288127899169922], [-0.01007117610424757, -4.712157726287842], [-1.2567752599716187, -0.33489990234375], [-0.26266440749168396, -1.4657894372940063]], "train_probs": [0.24220561778540017, 0.10970576805636037, 0.02518857217413893, 0.5215553022743753, 0.06465349376296874, 0.024423090631053794, 0.005060332479761251, 0.03736947149745743, 0.43782349911420193, 0.08035747487879623, 0.3593641451601019, 0.523420348936324, 0.0665050576005994, 0.0002694791136421442, 0.3073580105206753, 0.11920292671569666, 0.184767510648, 0.6442251064863697, 0.11124121240045177, 0.04666091241777782, 0.5774953651858118, 0.22541661063147306, 0.13356184281894645, 0.022286186553878713, 0.09670579004193962, 0.041462267973656895, 0.031114916673676128, 0.032100686577261464, 0.05626713039754517, 0.7619938262610411, 0.024053552457170616, 0.24151588303311336, 0.5273165233795671, 0.20181321505933414, 0.5312092991582317, 0.022977368655567088, 0.9793540688841607, 0.2194234644523036, 0.7371581453055461, 0.43782349911420193, 0.968856169577628, 0.1732882059293266, 0.5774953651858117, 0.24945239355236204, 0.600188359260205, 0.010328153166630988, 0.12085323249047068, 0.9910053194562884, 0.28457593140617976, 0.7690802423634963], "train_labels_average": [], "train_logprobs_average": [], "train_probs_average": [], "train_response": [], "test_labels": [], "test_logprobs": [], "test_probs": []}}