{"0": {"train_labels": [0, 1, 0, 0, 1, 1, 0, 1, 1, 0, 0, 0, 0, 1, 0, 1, 1, 1, 0, 1, 1, 1, 0, 1, 1, 0, 0, 0, 0, 0, 0, 1, 1, 0, 1, 0, 1, 1, 1, 1, 1, 1, 1, 1, 1, 0, 0, 1, 1, 1], "train_logprobs": [[-125.38677978515625, -419.4017333984375], [-38.060455322265625, -23.14910888671875], [-419.61297607421875, -441.29742431640625], [-64.67752075195312, -199.54283142089844], [-156.3377685546875, -113.14823150634766], [-101.98135375976562, -13.133976936340332], [-107.93272399902344, -269.99053955078125], [-378.5645751953125, -316.078125], [-396.52569580078125, -243.21560668945312], [-252.67059326171875, -393.81304931640625], [-414.29876708984375, -575.9462890625], [-262.9331970214844, -271.1060485839844], [-53.84457015991211, -111.9471435546875], [-49.023712158203125, -9.981690406799316], [-141.11746215820312, -227.76466369628906], [-315.30157470703125, -167.53041076660156], [-123.50133514404297, -59.975914001464844], [-207.5933837890625, -0.1433507204055786], [-71.59188079833984, -540.8261108398438], [-425.647705078125, -0.1726926565170288], [-227.6538543701172, -132.41119384765625], [-69.12568664550781, -51.53338623046875], [-49.427547454833984, -562.2418823242188], [-336.484375, -324.3688049316406], [-102.60171508789062, -64.32369995117188], [-274.706787109375, -345.9818420410156], [-94.49089813232422, -191.5286102294922], [-137.18382263183594, -392.28460693359375], [-256.7976989746094, -740.5014038085938], [-84.60771179199219, -147.8615264892578], [-100.08126831054688, -197.59725952148438], [-261.6981201171875, -243.13217163085938], [-371.71923828125, -151.4285430908203], [-136.9630584716797, -376.56634521484375], [-139.53428649902344, -0.07946091890335083], [-68.37086486816406, -69.96440887451172], [-79.04563903808594, -1.5131901502609253], [-424.9526062011719, -127.44784545898438], [-56.449195861816406, -50.86647415161133], [-180.95138549804688, -104.89776611328125], [-55.70003890991211, -15.125885009765625], [-72.75466918945312, -72.38068389892578], [-40.01565170288086, -0.007172562647610903], [-336.2916259765625, -173.47425842285156], [-494.7830810546875, -155.38340759277344], [-70.59445190429688, -85.7140121459961], [-146.78863525390625, -516.1583251953125], [-125.43148803710938, -0.0315900519490242], [-377.09307861328125, -163.257080078125], [-79.843017578125, -31.650686264038086]], "train_probs": [1.0, 3.342599778983028e-07, 0.9999999996175596, 1.0, 1.7499368797086648e-19, 2.5946244962212784e-39, 1.0, 7.285837596392091e-28, 2.6198370449976487e-67, 1.0, 1.0, 0.9997178674987556, 1.0, 1.1073002322817144e-17, 1.0, 6.664981008460203e-65, 2.5778648048160415e-28, 8.046284191940541e-91, 1.0, 1.654054890040351e-185, 4.331497751696193e-42, 2.2896072722326138e-08, 1.0, 5.473591684278004e-06, 2.377219302157075e-17, 1.0, 1.0, 1.0, 1.0, 1.0, 1.0, 8.647907135104874e-09, 2.1328811898967708e-96, 1.0, 2.7260811249017732e-61, 0.8311141358550291, 2.128556975783205e-34, 6.242004389312595e-130, 0.0037482097160033852, 9.339696686474705e-34, 2.3925931404057054e-18, 0.40757838701867827, 4.2124841525251666e-18, 1.9467747888874287e-71, 3.9865265033139454e-148, 0.9999997285697165, 1.0, 3.463508627698828e-55, 1.3558317630718715e-93, 1.175808079892586e-21], "test_labels": [], "test_logprobs": [], "test_probs": []}}