{"0": {"train_labels": [1, 1, 1, 1, 1, 0, 0, 0, 1, 0, 1, 0, 0, 0, 1, 1, 1, 1, 0, 1, 1, 1, 1, 0, 1, 1, 0, 0, 0, 1, 1, 0, 1, 1, 0, 1, 0, 1, 0, 1, 0, 0, 0, 0, 0, 1, 1, 1, 0, 1], "train_logprobs": [[-1.0335161685943604, -0.4510129392147064], [-5.877806186676025, -0.002806060714647174], [-1.7014235258102417, -0.20142365992069244], [-3.6513020992279053, -0.026302188634872437], [-1.5760408639907837, -0.23229090869426727], [-0.00025102324434556067, -7.687962055206299], [-0.48699742555618286, -0.9557474255561829], [-0.03804187476634979, -3.288041830062866], [-2.724109649658203, -0.06785966455936432], [-0.005073767155408859, -5.286323547363281], [-1.0948516130447388, -0.40735161304473877], [-0.06993700563907623, -2.694936990737915], [-0.11968941241502762, -2.182189464569092], [-0.4626089334487915, -1.4329109191894531], [-1.5019876956939697, -0.2519876956939697], [-0.8983306884765625, -0.5233306884765625], [-3.4691576957702637, -0.031657662242650986], [-6.407901763916016, -0.0016514724120497704], [-0.004620352294296026, -5.379620552062988], [-0.7248895764350891, -0.6623895764350891], [-1.2015091180801392, -0.3577590882778168], [-3.138087511062622, -0.044337574392557144], [-3.3181569576263428, -0.03690706193447113], [-0.11620473116636276, -2.2099547386169434], [-3.7732577323913574, -0.023257791996002197], [-4.325820446014404, -0.013320383615791798], [-0.0016499252524226904, -6.407899856567383], [-0.06012578308582306, -2.7826318740844727], [-0.23836854100227356, -1.5508685111999512], [-3.439133644104004, -0.03288346156477928], [-1.3593355417251587, -0.2968355119228363], [-0.009459554217755795, -4.665709495544434], [-2.265786647796631, -0.10953672230243683], [-4.110291004180908, -0.016036340966820717], [-0.3970043361186981, -1.1582021713256836], [-3.408649444580078, -0.033649343997240067], [-0.03804175928235054, -3.288041830062866], [-5.908970832824707, -0.0027209424879401922], [-0.20724879205226898, -1.6759988069534302], [-2.811983823776245, -0.0619838610291481], [-0.0018134353449568152, -6.3143134117126465], [-0.31326374411582947, -1.3132637739181519], [-0.46721839904785156, -2.4359683990478516], [-0.28115469217300415, -1.4061546325683594], [-0.24505771696567535, -1.5263077020645142], [-4.110293388366699, -0.01654323935508728], [-1.6759759187698364, -0.20722593367099762], [-4.541962623596191, -0.010384691879153252], [-0.33969035744667053, -1.2459403276443481], [-1.4777255058288574, -0.2589755058288574]], "train_probs": [0.3583568042435651, 0.0028009266153005653, 0.1824255438084551, 0.02595735945832451, 0.2068940561512337, 0.9995417837635175, 0.6150878555160665, 0.9626731110495138, 0.06560483837252304, 0.9949396668614408, 0.334589441253186, 0.9324533079218341, 0.8872045989362997, 0.7251796858613566, 0.22270013882530887, 0.40733340004593027, 0.031143829523119903, 0.0016484824621042036, 0.9953904287372292, 0.48438008427698437, 0.3007455726738824, 0.043365801391162265, 0.03622005950618011, 0.8902942268497306, 0.022977371248114786, 0.013222820938129404, 0.9983515169451093, 0.9383416869327392, 0.787931190663057, 0.03210070104546908, 0.2568319856991699, 0.9905874098653206, 0.10374863379429104, 0.0163948922802991, 0.6816137402641353, 0.0330859751709289, 0.9626731151992686, 0.0027149857659309333, 0.8128673201042493, 0.06008665227791172, 0.9981897889310952, 0.731058584489497, 0.8774767874818408, 0.7549149758396752, 0.7826624764182214, 0.0164030301120139, 0.1871326844291024, 0.010649055310479645, 0.7122321781307374, 0.22815650216092537], "train_labels_average": [], "train_logprobs_average": [], "train_probs_average": [], "train_response": [], "test_labels": [], "test_logprobs": [], "test_probs": []}}