{"0": {"train_labels": [0, 1, 0, 1, 0, 1, 0, 1, 0, 0, 0, 1, 1, 0, 1, 0, 1, 0, 1, 0, 0, 1, 1, 0, 0, 0, 0, 0, 0, 1, 0, 0, 0, 0, 0, 1, 1, 1, 1, 0, 1, 0, 0, 1, 1, 0, 0, 0, 1, 0], "train_logprobs": [[-0.3149765729904175, -1.4556015729904175], [-0.86080002784729, -0.6811193227767944], [-0.7227317690849304, -0.8633573651313782], [-1.1861045360565186, -0.4617037773132324], [-0.49614620208740234, -1.1055212020874023], [-1.0358455181121826, -0.6139704585075378], [-0.5399004220962524, -1.0242754220962524], [-0.8522672057151794, -0.7596471905708313], [-0.7612131237983704, -0.7612131237983704], [-0.7669795155525208, -0.7985979318618774], [-0.6654731035232544, -0.9623481035232544], [-1.1687899827957153, -0.6127992272377014], [-0.8987946510314941, -0.7338284850120544], [-0.672502875328064, -1.0107026100158691], [-0.8785364031791687, -0.6754114031791687], [-0.494525671005249, -1.416400671005249], [-1.2614147663116455, -0.41838857531547546], [-0.521786630153656, -1.3030366897583008], [-1.5459884405136108, -0.32723841071128845], [-0.31380653381347656, -1.6419366598129272], [-0.6524590253829956, -0.9805840253829956], [-0.9357527494430542, -0.7795430421829224], [-1.1162105798721313, -0.5537105798721313], [-0.08139487355947495, -3.0961644649505615], [-0.602931559085846, -1.1029314994812012], [-0.5765886902809143, -0.9829932451248169], [-0.17057684063911438, -2.2020583152770996], [-0.34915509819984436, -1.411655068397522], [-0.6289132833480835, -0.9726614952087402], [-0.7997499704360962, -0.7684999704360962], [-0.5537647008895874, -1.0068840980529785], [-0.8908442854881287, -0.9064692854881287], [-0.2970421612262726, -2.031437635421753], [-0.8976553082466125, -0.9538763165473938], [-0.6367250680923462, -1.1836000680923462], [-1.3074917793273926, -0.49499180912971497], [-0.9227619171142578, -0.6877769827842712], [-1.079651951789856, -0.5232007503509521], [-1.1596100330352783, -0.4408600330352783], [-0.16068275272846222, -2.2856972217559814], [-1.412095546722412, -0.4120956063270569], [-0.5840935707092285, -1.321429967880249], [-0.6439754366874695, -0.9408504366874695], [-1.3892873525619507, -0.37364915013313293], [-1.3998795747756958, -0.5092545747756958], [-0.6289592981338501, -1.1313823461532593], [-0.5836284756660461, -1.152966856956482], [-0.5471993684768677, -1.0159493684768677], [-0.891728937625885, -0.775027334690094], [-0.772871732711792, -0.819746732711792]], "train_probs": [0.7577943712746406, 0.4552002893960659, 0.5350985769039509, 0.3264246429697059, 0.6477982179521103, 0.3960681520167196, 0.6187804337438501, 0.4768615348964548, 0.5, 0.5079039456078027, 0.5736784074525096, 0.36447562805217426, 0.4588517330462001, 0.5837531507950723, 0.44939263446475963, 0.7154239957834733, 0.30089781624173284, 0.6859494678483918, 0.22815649691270326, 0.7905311674935983, 0.5813030906443133, 0.4610267912804737, 0.3629692055196168, 0.9532369252120751, 0.6224593171945417, 0.6002254460205435, 0.884063008988391, 0.7431680029241321, 0.5851007201184036, 0.49218813572079556, 0.6113806420926452, 0.5039061705290805, 0.8499737865118824, 0.5140515510895243, 0.6334102636778401, 0.30735802320985245, 0.44152260245741315, 0.36436898018174796, 0.3276683008207139, 0.8933107850563959, 0.2689414330889797, 0.6764131252550876, 0.5736784074525096, 0.26587789615148394, 0.29098086621490676, 0.6230285872903205, 0.6386104960728118, 0.6150878555160665, 0.4708576665223317, 0.5117166047041654], "train_labels_average": [], "train_logprobs_average": [], "train_probs_average": [], "train_response": [], "test_labels": [], "test_logprobs": [], "test_probs": []}}