{"0": {"train_labels": [0, 1, 0, 0, 1, 1, 1, 0, 0, 0, 0, 0, 1, 1, 0, 0, 0, 1, 1, 0, 1, 0, 1, 1, 1, 0, 1, 1, 0, 0, 0, 1, 0, 0, 0, 1, 0, 0, 0, 1, 0, 0, 0, 0, 0, 1, 1, 0, 0, 0], "train_logprobs": [[-0.3815421760082245, -1.4127922058105469], [-0.8397082090377808, -0.7147082090377808], [-0.7128185629844666, -0.7753185629844666], [-0.17103257775306702, -2.092907667160034], [-0.8719750046730042, -0.6219750046730042], [-1.628234624862671, -0.2688596248626709], [-2.095508098602295, -0.2205081284046173], [-0.6569916605949402, -0.8913666605949402], [-0.4794975519180298, -1.0732475519180298], [-0.7646430730819702, -0.9674928188323975], [-0.4612457752227783, -1.1331238746643066], [-0.4045318067073822, -1.2592350244522095], [-1.758048176765442, -0.2580481767654419], [-2.0911331176757812, -0.18507739901542664], [-0.5965946912765503, -0.9096775650978088], [-0.7298869490623474, -0.7455119490623474], [-0.4287782311439514, -1.1944031715393066], [-1.0159035921096802, -0.5162675380706787], [-0.9125407934188843, -0.6312907934188843], [-0.48138850927352905, -1.0751385688781738], [-1.1655921936035156, -0.43121716380119324], [-0.24151499569416046, -1.678971767425537], [-1.3042943477630615, -0.4761693477630615], [-0.7492392659187317, -0.70236736536026], [-1.1078791618347168, -0.4672541618347168], [-0.29840224981307983, -1.5484023094177246], [-0.9640011787414551, -0.5575876235961914], [-1.661283254623413, -0.2550332844257355], [-0.5531700253486633, -1.0062949657440186], [-0.08188047260046005, -3.3164072036743164], [-0.7482177019119263, -0.9982174634933472], [-0.7391074895858765, -0.7078574895858765], [-0.2828832268714905, -1.501634955406189], [-0.38241884112358093, -1.3042938709259033], [-0.2389908879995346, -2.033693313598633], [-1.8174316883087158, -0.2571469843387604], [-0.14641782641410828, -2.4120428562164307], [-0.26187554001808167, -1.7585347890853882], [-0.4088827073574066, -1.1849384307861328], [-2.169947385787964, -0.18557241559028625], [-0.20183242857456207, -1.8893324136734009], [-0.6445398330688477, -0.8789148330688477], [-0.6233562231063843, -0.8733562231063843], [-0.4132252335548401, -1.7101001739501953], [-0.1635456085205078, -2.038545608520508], [-1.2053554058074951, -0.4866054654121399], [-1.1119105815887451, -0.4971006512641907], [-0.05968722701072693, -3.5440621376037598], [-0.12221077084541321, -2.46439266204834], [-0.09719247370958328, -2.8940675258636475]], "train_probs": [0.7371581684030623, 0.4687906266262437, 0.5156199157230157, 0.8723473846343394, 0.4378234991142019, 0.20434189993684584, 0.1329642436335826, 0.5583269943353745, 0.6442251064863697, 0.5505392559796761, 0.6619235694457158, 0.7015528181142076, 0.18242552380635632, 0.12942462044958009, 0.5776375767462341, 0.5039061705290805, 0.6825737214979745, 0.3776262012611371, 0.4301473485858429, 0.6442251201477016, 0.32423539245106076, 0.808060508992796, 0.30404167496654744, 0.48828416973075717, 0.3451052709578724, 0.7772998714925403, 0.39977239431535183, 0.19682620835441803, 0.6113819591324418, 0.9621131045802013, 0.5621764422028589, 0.49218813572079556, 0.7718438022358153, 0.7154240018510026, 0.8575028405250184, 0.17360579764878273, 0.9059898229217591, 0.8170756863239405, 0.6848294101015494, 0.12085323565689979, 0.843895100591521, 0.5583269943353745, 0.5621765008857981, 0.7853085708384736, 0.8670357598021707, 0.3276683139517237, 0.3509627701018811, 0.9702399034724604, 0.912310793153057, 0.9425067240257282], "train_labels_average": [], "train_logprobs_average": [], "train_probs_average": [], "train_response": [], "test_labels": [], "test_logprobs": [], "test_probs": []}}