{"0": {"train_labels": [1, 1, 0, 0, 0, 1, 1, 0, 1, 0, 0, 1, 1, 1, 1, 0, 1, 0, 1, 0, 0, 1, 1, 1, 0, 0, 0, 1, 1, 0, 0, 0, 0, 1, 0, 0, 0, 0, 1, 1, 1, 0, 1, 0, 0, 1, 0, 1, 1, 1], "train_logprobs": [[-1.1582025289535522, -0.3769524395465851], [-6.501502513885498, -0.0015024575404822826], [-0.00760623486712575, -4.882606029510498], [-0.1556595116853714, -1.936909556388855], [-0.05323931574821472, -2.989142656326294], [-1.963714838027954, -0.15565961599349976], [-3.98747181892395, -0.017597494646906853], [-0.462405800819397, -0.9936559200286865], [-1.9102251529693604, -0.16022521257400513], [-0.0032789534889161587, -5.722028732299805], [-0.5231242179870605, -0.8981242179870605], [-3.408647298812866, -0.033647384494543076], [-3.438877582550049, -0.03262757882475853], [-1.0334573984146118, -0.4397074282169342], [-1.6004133224487305, -0.23179911077022552], [-0.00016878610767889768, -8.718913078308105], [-1.053702712059021, -0.43970903754234314], [-0.08377040922641754, -2.521270513534546], [-1.290513277053833, -0.32176321744918823], [-0.01759655773639679, -4.04884672164917], [-0.000940476544201374, -6.969690322875977], [-3.5297536849975586, -0.029753772541880608], [-1.136871576309204, -0.3868715763092041], [-0.8797214031219482, -0.5359714031219482], [-0.06838082522153854, -2.78311824798584], [-0.008350693620741367, -4.789600849151611], [-0.22541281580924988, -1.6004128456115723], [-1.752801537513733, -0.1903015375137329], [-2.209954261779785, -0.11620430648326874], [-0.16022451221942902, -1.9102245569229126], [-0.13458679616451263, -2.072086811065674], [-0.033555977046489716, -3.4398059844970703], [-0.3217642605304718, -1.2905142307281494], [-1.7787046432495117, -0.18495464324951172], [-0.06785654276609421, -2.694936990737915], [-0.3049529492855072, -1.3362029790878296], [-0.10633812844753265, -2.2938380241394043], [-0.23179957270622253, -1.575549602508545], [-4.294981002807617, -0.013730835169553757], [-4.294981479644775, -0.013731305487453938], [-1.223447322845459, -0.3484472632408142], [-0.00014435203047469258, -8.843894004821777], [-3.1380858421325684, -0.04433586448431015], [-0.20718765258789062, -1.6759376525878906], [-0.28890177607536316, -1.3826518058776855], [-7.406857490539551, -0.0006076634745113552], [-0.047132644802331924, -3.078382730484009], [-2.463940143585205, -0.0889401063323021], [-2.3785195350646973, -0.09726949036121368], [-4.5728840827941895, -0.01038410235196352]], "train_probs": [0.31405052573150855, 0.0015011821722798323, 0.9924227571878927, 0.8558511524823263, 0.9495929963218075, 0.1408733340465579, 0.018526109973282596, 0.6297746351990782, 0.1480472055495773, 0.9967269343077315, 0.5926665999540698, 0.03308598112977216, 0.03210070660126248, 0.35577490034429643, 0.2028438336532524, 0.9998365343646719, 0.35114872591323565, 0.9196425388861785, 0.27512971193602087, 0.9825575180729716, 0.9990600559750334, 0.029312233242257107, 0.32082130082460697, 0.4148988457967688, 0.9378906849272863, 0.9916842228051308, 0.7981867825403176, 0.1732882059293266, 0.10970577824417872, 0.8519528076067262, 0.8740772368049823, 0.9678992935144832, 0.7248702702332476, 0.16885695214168314, 0.9325842262445055, 0.7371581684030623, 0.899121367808974, 0.7931059560743422, 0.013636833026551927, 0.013636832938862234, 0.2942149597859341, 0.9998557400854342, 0.04336579969117339, 0.8128673178375735, 0.7490872187162397, 0.0006070756853623767, 0.9539661013634517, 0.08509904210661365, 0.09268777487995822, 0.010328152719214626], "train_labels_average": [], "train_logprobs_average": [], "train_probs_average": [], "train_response": [], "test_labels": [], "test_logprobs": [], "test_probs": []}}