{"0": {"train_labels": [0, 0, 1, 0, 1, 1, 0, 1, 1, 0, 0, 1, 0, 1, 0, 1, 1, 0, 0, 0, 1, 1, 0, 0, 1, 0, 0, 0, 0, 0, 0, 0, 1, 0, 0, 0, 0, 1, 0, 1, 1, 0, 0, 1, 1, 0, 0, 0, 1, 1], "train_logprobs": [[-153.39088439941406, -441.9732666015625], [-55.98558807373047, -56.049644470214844], [-457.6372985839844, -441.1639404296875], [-44.4842529296875, -195.74276733398438], [-131.99710083007812, -113.68172454833984], [-113.80799865722656, -45.652278900146484], [-105.36125183105469, -272.1199035644531], [-342.489990234375, -323.4759216308594], [-384.810791015625, -190.38124084472656], [-232.33050537109375, -355.3485412597656], [-314.8680419921875, -573.5487060546875], [-288.5728759765625, -282.79473876953125], [-67.97216033935547, -127.699951171875], [-26.679548263549805, -14.705924034118652], [-148.2077178955078, -251.23866271972656], [-294.88397216796875, -178.79930114746094], [-79.28817749023438, -46.539794921875], [-0.2763357162475586, -61.852455139160156], [-70.71504211425781, -579.7550659179688], [-0.34894129633903503, -339.0497741699219], [-287.3502502441406, -126.28634643554688], [-75.37788391113281, -56.89322280883789], [-67.93704223632812, -548.6356811523438], [-330.6617431640625, -343.34454345703125], [-96.71923828125, -48.51853561401367], [-258.3337097167969, -391.03564453125], [-95.64618682861328, -211.87496948242188], [-94.42953491210938, -346.6116027832031], [-202.6700439453125, -772.8805541992188], [-75.01950073242188, -118.40451049804688], [-89.7881088256836, -199.7332000732422], [-261.3001403808594, -286.05572509765625], [-319.00762939453125, -156.22976684570312], [-135.90179443359375, -345.47076416015625], [-0.21156913042068481, -53.89238357543945], [-63.024742126464844, -107.59967803955078], [-0.9170698523521423, -457.70806884765625], [-465.09271240234375, -123.89301300048828], [-50.76331329345703, -76.6312026977539], [-155.99114990234375, -88.82609558105469], [-78.25277709960938, -18.600257873535156], [-66.4853286743164, -70.33335876464844], [-0.01116325706243515, -59.40021514892578], [-358.6951904296875, -181.28915405273438], [-477.6470947265625, -201.9508819580078], [-74.85114288330078, -78.64380645751953], [-132.01708984375, -485.7818298339844], [-1.5346930027008057, -90.92453002929688], [-342.66143798828125, -178.7676544189453], [-89.26332092285156, -40.727561950683594]], "train_probs": [1.0, 0.5160086255834374, 7.009893578563296e-08, 1.0, 1.1110488189081749e-08, 2.5138942195746164e-30, 1.0, 5.5245247627161364e-09, 3.6334504485575404e-85, 1.0, 1.0, 0.003084928176536087, 1.0, 6.308387014140071e-06, 1.0, 3.846519533621558e-51, 5.9918117363332305e-15, 1.0, 1.0, 1.0, 1.124178673457828e-70, 9.380234148856712e-09, 1.0, 0.9999968959517056, 1.1660060605459958e-21, 1.0, 1.0, 1.0, 1.0, 1.0, 1.0, 0.9999999999822669, 2.025221452319036e-71, 1.0, 1.0, 1.0, 1.0, 6.589513054837305e-149, 0.9999999999941694, 6.76998227351021e-30, 1.2394815554821428e-26, 0.9791234270485218, 1.0, 8.9853985506161e-78, 1.8478048938609635e-120, 0.9779611593532909, 1.0, 1.0, 6.63489688262489e-72, 8.340415820501141e-22], "test_labels": [], "test_logprobs": [], "test_probs": []}}