{"0": {"train_labels": [0, 0, 1, 1, 1, 1, 0, 1, 1, 0, 1, 1, 0, 1, 1, 0, 1, 0, 1, 0, 0, 1, 0, 0, 1, 0, 0, 1, 1, 0, 1, 0, 0, 1, 0, 0, 0, 0, 0, 1, 0, 0, 1, 0, 0, 0, 0, 0, 1, 0], "train_logprobs": [[-88.31249237060547, -184.59909057617188], [-105.36270904541016, -286.06976318359375], [-85.45891571044922, -58.0098876953125], [-292.96258544921875, -82.03797912597656], [-255.57489013671875, -224.33990478515625], [-25.19999885559082, -7.4499359130859375], [-59.38555145263672, -97.58665466308594], [-163.76165771484375, -99.19188690185547], [-104.57814025878906, -87.31934356689453], [-0.2846086621284485, -318.1720886230469], [-384.0093994140625, -347.75164794921875], [-432.11517333984375, -374.7080078125], [-62.274051666259766, -112.18748474121094], [-230.5497283935547, -83.83440399169922], [-179.2149200439453, -39.94694519042969], [-258.63525390625, -291.3577575683594], [-117.01871490478516, -108.30731964111328], [-58.04201126098633, -847.2843017578125], [-186.46559143066406, -79.81608581542969], [-159.9336395263672, -1074.237548828125], [-207.0556640625, -272.7400817871094], [-108.57894897460938, -79.49402618408203], [-198.80291748046875, -268.139404296875], [-11.578472137451172, -142.2471923828125], [-158.14505004882812, -43.81403350830078], [-37.803131103515625, -409.3497314453125], [-33.97867965698242, -156.0059814453125], [-328.3040466308594, -166.98434448242188], [-147.94256591796875, -125.68228149414062], [-0.9232703447341919, -41.599124908447266], [-169.12081909179688, -39.87797927856445], [-1.034401297569275, -261.45111083984375], [-97.36012268066406, -116.16236114501953], [-266.4892578125, -244.17263793945312], [-73.84521484375, -347.1352233886719], [-119.82209014892578, -168.18576049804688], [-221.47665405273438, -297.39056396484375], [-68.8922348022461, -164.64993286132812], [-107.05313873291016, -157.63429260253906], [-49.81964874267578, -39.480995178222656], [-0.15366166830062866, -295.9945983886719], [-46.418460845947266, -263.026611328125], [-171.3304443359375, -87.09590148925781], [-68.81058502197266, -148.04981994628906], [-97.3647232055664, -104.34381866455078], [-121.60272216796875, -448.0352478027344], [-202.0404052734375, -385.0845947265625], [-120.95304107666016, -278.15423583984375], [-241.37954711914062, -136.5872039794922], [-209.8798828125, -1129.4530029296875]], "train_probs": [1.0, 1.0, 1.1996059175189315e-12, 2.4923405084232656e-92, 2.7215619188081876e-14, 1.9554449860658255e-08, 1.0, 9.072037529613915e-29, 3.195948839462523e-08, 1.0, 1.792497722754493e-16, 1.1705360397331195e-25, 1.0, 1.915773676699555e-64, 3.2861472144745395e-61, 0.9999999999999938, 0.00016467117547254082, 1.0, 4.816241034691618e-47, 1.0, 1.0, 2.3365685427858403e-13, 1.0, 1.0, 2.221623220649979e-50, 1.0, 1.0, 8.704494088106751e-71, 2.1502121375441105e-10, 1.0, 7.422459620020509e-57, 1.0, 0.9999999931720304, 2.0324278358452914e-10, 1.0, 1.0, 1.0, 1.0, 1.0, 3.2356814120134906e-05, 1.0, 1.0, 2.6145855464118727e-37, 1.0, 0.9990697211432732, 1.0, 1.0, 1.0, 3.085060098607545e-46, 1.0], "train_labels_average": [1, 1, 0, 0, 0, 1, 1, 0, 0, 1, 0, 0, 1, 0, 0, 1, 1, 1, 0, 1, 1, 0, 1, 1, 0, 1, 1, 0, 0, 0, 0, 0, 0, 0, 1, 1, 1, 1, 1, 0, 1, 1, 0, 1, 0, 1, 1, 1, 0, 1], "train_logprobs_average": [[-3.679687182108561, -2.3240129571211967], [-4.2145083618164065, -1.7858086278883076], [-5.341182231903076, -9.495435078938803], [-3.5296697042074547, -14.648129272460938], [-4.122175647366431, -4.189752297323258], [-5.039999771118164, -4.199999809265137], [-5.398686495694247, -2.581980497940727], [-4.962474476207387, -6.55046630859375], [-3.3734883954448085, -4.357422510782878], [-0.010946487004940327, -0.0036488290016467753], [-4.363743175159801, -4.740856782889661], [-5.024595038835392, -5.083707921645221], [-3.4596695370144315, -2.2240732737949918], [-5.0119506172511885, -10.023901234502377], [-4.716182106419613, -9.432364212839227], [-5.388234456380208, -4.702459161931818], [-5.850935745239258, -5.572319757370722], [-4.464770096998948, -0.3454881622677758], [-3.967353009163065, -10.359199523925781], [-4.703930574304917, -0.6748254832336168], [-5.050138147865853, -3.450927734375], [-3.290271181048769, -10.857894897460938], [-5.847144631778493, -3.0121654163707388], [-2.894618034362793, -0.4453258514404297], [-5.101453227381552, -14.376822731711648], [-3.436648282137784, -0.504041748046875], [-3.0889708779074927, -1.1326226552327474], [-4.690057809012277, -6.700082584303253], [-4.623205184936523, -6.432285474694294], [-0.04859317603864168, -0.13189576353345597], [-5.831752382475754, -9.395601060655382], [-0.009235725871154241, -0.017532225382530083], [-2.950306747898911, -4.425460121848366], [-4.934986255787037, -5.793244735054348], [-5.680401141826923, -0.9005514005335366], [-4.279360362461635, -3.524179122027229], [-4.429533081054688, -2.668393422322101], [-5.299402677095854, -2.2964078267415364], [-4.117428412804236, -3.2440345070578833], [-3.1137280464172363, -3.558546338762556], [-0.005298678217263058, -0.0020765090310895765], [-2.2104028974260603, -1.009096974911897], [-4.895155552455357, -8.158592587425595], [-4.587372334798177, -2.0851692430900806], [-3.1407975227602067, -3.8945889282226562], [-5.066780090332031, -1.1471954921506486], [-8.0816162109375, -2.9281218155570654], [-6.047652053833008, -1.7529426242994226], [-6.352093345240543, -9.283828735351562], [-1.979998894457547, -0.9761855014534884]], "train_probs_average": [0.20494425359466184, 0.0810102161309207, 0.9845450885136331, 0.9999851643042198, 0.5168877363451253, 0.3015347920316547, 0.05642806317586626, 0.8303333803413835, 0.7278881329784046, 0.4981755935958565, 0.5931767520195144, 0.5147739188704032, 0.22520344994372565, 0.993386130892981, 0.9911300984305312, 0.3349735380527141, 0.43079311768204753, 0.015996146956305423, 0.9983276413326895, 0.017479282783188506, 0.16809199940302344, 0.999483347730294, 0.05546297449641112, 0.07949032588876734, 0.9999063047631406, 0.050565043177678896, 0.12386279734989691, 0.8818456036502087, 0.8592506822237443, 0.5208136122373197, 0.9724508721270407, 0.5020741129807621, 0.8138394101103226, 0.7022966723821407, 0.008327333841567064, 0.31969338411742854, 0.14664766304406765, 0.04729075907569634, 0.29454859187882637, 0.6094065325769588, 0.4991944584004093, 0.2312429816172036, 0.9631529631437206, 0.07570387934917322, 0.6800042656164771, 0.019463010598058605, 0.0057459677290185454, 0.01345697433322741, 0.9493931183727926, 0.26819232374980984], "test_labels": [], "test_logprobs": [], "test_probs": []}}