{"0": {"train_labels": [0, 1, 1, 1, 0, 1, 1, 0, 0, 1, 0, 1, 1, 1, 1, 0, 1, 1, 1, 1, 1, 1, 1, 1, 0, 1, 0, 1, 1, 1, 0, 0, 1, 1, 1, 1, 1, 1, 0, 0, 0, 0, 1, 1, 1, 1, 1, 1, 1, 1], "train_logprobs": [[-0.3132625222206116, -1.3132624626159668], [-1.336203694343567, -0.3049536645412445], [-10.937519073486328, -1.9550132492440753e-05], [-2.9003260135650635, -0.05657611042261124], [-0.2889189124107361, -1.3826689720153809], [-4.480146408081055, -0.011396546848118305], [-6.7511701583862305, -0.0011703077470883727], [-0.10020668804645538, -2.3502066135406494], [-0.013730835169553757, -4.294981002807617], [-2.521270275115967, -0.08377030491828918], [-0.45093750953674316, -1.0134373903274536], [-4.634756088256836, -0.01038186065852642], [-3.048590898513794, -0.04859096184372902], [-2.3502066135406494, -0.10020658373832703], [-1.7527992725372314, -0.19029927253723145], [-0.005486786365509033, -5.19307279586792], [-5.488522052764893, -0.00421231659129262], [-6.407899856567383, -0.0016500442288815975], [-4.72763729095459, -0.008614876307547092], [-1.526303768157959, -0.24505379796028137], [-7.250712871551514, -0.0007129749283194542], [-3.4994304180145264, -0.030680447816848755], [-4.202569961547852, -0.015070156194269657], [-0.7411208748817444, -0.6325995326042175], [-0.01460985653102398, -4.202569961547852], [-4.758614540100098, -0.00861463975161314], [-0.01815183460712433, -4.002810001373291], [-0.7088951468467712, -0.6776451468467712], [-1.1797420978546143, -0.36724209785461426], [-8.98449993133545, -0.00012540031457319856], [-0.0021852203644812107, -6.127185344696045], [-0.011756068095564842, -4.480146408081055], [-0.9936434030532837, -0.48599034547805786], [-1.8047446012496948, -0.1797446459531784], [-0.9740772247314453, -0.4740772247314453], [-6.189553260803223, -0.002053059171885252], [-4.079559803009033, -0.017059607431292534], [-8.48458194732666, -0.00020716428116429597], [-0.4397079646587372, -1.0334579944610596], [-0.3970038592815399, -1.0948514938354492], [-0.2131117731332779, -1.6506117582321167], [-0.013730952516198158, -4.294981002807617], [-3.0485875606536865, -0.048587556928396225], [-4.789600372314453, -0.007846604101359844], [-5.9401350021362305, -0.0026352223940193653], [-7.125804424285889, -0.0008044582791626453], [-8.031575202941895, -0.0003251500893384218], [-1.5755490064620972, -0.23179900646209717], [-8.062816619873047, -0.00029273517429828644], [-2.521270275115967, -0.08377030491828918]], "train_probs": [0.7310585669110203, 0.26284183159693775, 1.7778560337124612e-05, 0.055005293328081274, 0.7490872243177517, 0.011331755086016833, 0.0011695104395302953, 0.9046505286741726, 0.9863631669734481, 0.08035747102460308, 0.6370307669165055, 0.009714494642485076, 0.04742587603860179, 0.09534946232842245, 0.17328820592932656, 0.9944455503984022, 0.004134236782384885, 0.0016484832506981275, 0.008844966576853339, 0.21733752611649487, 0.0007096704724119872, 0.030214587940651676, 0.014957089460948376, 0.4728962590070465, 0.9850496907926595, 0.00857748626113976, 0.9817407983323639, 0.49218813572079556, 0.3073580168652638, 0.000125337573029785, 0.997817283825443, 0.9886642163651866, 0.3757438645719822, 0.16451646904109268, 0.3775406687981454, 0.0020507431272712272, 0.016914910014503886, 0.00020662986970384706, 0.6442251133170357, 0.667710392412821, 0.8080672112416737, 0.9863631653950335, 0.04742587300927061, 0.008311625118129702, 0.002631674553005893, 0.0008040859629407709, 0.00032503582806315623, 0.20689404881588808, 0.0003150311719373544, 0.08035747102460308], "train_labels_average": [], "train_logprobs_average": [], "train_probs_average": [], "train_response": [], "test_labels": [], "test_logprobs": [], "test_probs": []}}