{"0": {"train_labels": [0, 1, 1, 0, 1, 1, 0, 1, 1, 0, 0, 0, 0, 1, 0, 1, 1, 1, 0, 1, 1, 0, 0, 1, 1, 0, 0, 0, 0, 0, 0, 1, 1, 0, 1, 0, 0, 1, 0, 1, 1, 1, 0, 1, 1, 0, 0, 0, 1, 1], "train_logprobs": [[-116.23468017578125, -364.89031982421875], [-32.180870056152344, -16.205303192138672], [-383.0323486328125, -378.77777099609375], [-57.63694381713867, -176.43325805664062], [-99.96253967285156, -69.1983413696289], [-86.61045837402344, -13.7051420211792], [-89.16089630126953, -203.7364959716797], [-269.4385070800781, -201.6280517578125], [-346.60821533203125, -202.77310180664062], [-198.7931365966797, -313.81097412109375], [-291.294189453125, -484.01031494140625], [-190.64410400390625, -201.84353637695312], [-56.75722122192383, -97.65779113769531], [-26.06587791442871, -9.715812683105469], [-116.19087219238281, -202.70213317871094], [-272.35174560546875, -111.9668197631836], [-84.93091583251953, -58.71453094482422], [-1.9793412685394287, -1.3871204853057861], [-78.14506530761719, -461.3301696777344], [-15.925277709960938, -5.1158037185668945], [-167.84439086914062, -96.6454086303711], [-50.67876434326172, -67.52098083496094], [-56.92591094970703, -485.06219482421875], [-300.3441467285156, -286.3568115234375], [-57.47359848022461, -43.690093994140625], [-204.51522827148438, -335.7226257324219], [-71.73436737060547, -174.66273498535156], [-112.95580291748047, -297.2453308105469], [-162.24624633789062, -535.5946044921875], [-65.4676284790039, -96.85089111328125], [-75.83113861083984, -226.7263641357422], [-208.8026885986328, -194.85202026367188], [-341.0123291015625, -141.97561645507812], [-116.58706665039062, -300.4749755859375], [-3.2170681953430176, -0.41628652811050415], [-49.67779541015625, -51.9350700378418], [-6.579957962036133, -10.280454635620117], [-367.33038330078125, -113.29657745361328], [-37.92594528198242, -53.6152458190918], [-125.44951629638672, -60.0968132019043], [-69.85298919677734, -26.301115036010742], [-53.85818099975586, -44.33638000488281], [-1.2048412561416626, -1.8221663236618042], [-263.8089599609375, -161.32894897460938], [-367.2211608886719, -134.00088500976562], [-38.863792419433594, -61.32569122314453], [-95.9683837890625, -372.3255615234375], [-0.6224709749221802, -2.599039077758789], [-285.140380859375, -152.69735717773438], [-94.79679107666016, -49.92118453979492]], "train_probs": [1.0, 1.1531861442052447e-07, 0.014000295246729114, 1.0, 4.3579118044358946e-14, 2.1758222149451984e-32, 1.0, 3.550532057310036e-30, 3.4135313202284083e-63, 1.0, 1.0, 0.9999863182270823, 1.0, 7.929701819250966e-08, 1.0, 2.2167245252998505e-70, 4.1149892767358325e-12, 0.3561254658996485, 1.0, 2.020674298055171e-05, 1.198601719996953e-31, 0.9999999515249469, 1.0, 8.421261204152043e-07, 1.0325227085425967e-06, 1.0, 1.0, 1.0, 1.0, 0.9999999999999765, 1.0, 8.735773071519599e-07, 3.626218769216362e-87, 1.0, 0.05728195068839319, 0.905276185057998, 0.9758846699527615, 4.7262849694078094e-111, 0.9999998464593817, 4.1464999893674684e-29, 1.2180395087028246e-19, 7.323228152022627e-05, 0.6496099327493935, 3.115277391152588e-45, 5.172745574657556e-102, 0.9999999998242395, 1.0, 0.8783148441835136, 3.0250018771075227e-58, 3.241691699494483e-20], "test_labels": [], "test_logprobs": [], "test_probs": []}}