{"0": {"train_labels": [0, 0, 1, 0, 1, 0, 1, 1, 0, 1, 0, 1, 0, 0, 1, 1, 0, 1, 1, 0, 1, 0, 0, 0, 0, 1, 1, 1, 1, 0, 0, 0, 0, 1, 0, 1, 0, 1, 0, 0, 0, 1, 1, 0, 0, 0, 1, 1, 0, 1], "train_logprobs": [[-169.44528198242188, -337.54638671875], [-14.459226608276367, -209.1690673828125], [-23.66213607788086, -23.629051208496094], [-80.84228515625, -118.27499389648438], [-460.6096496582031, -135.0376434326172], [-6.4929046630859375, -56.3121452331543], [-166.3711395263672, -147.7694091796875], [-132.75759887695312, -51.548072814941406], [-44.749603271484375, -104.24044799804688], [-158.16946411132812, -102.70661163330078], [-4.74511194229126, -7.343817234039307], [-148.30291748046875, -96.70187377929688], [-57.94284439086914, -92.05236053466797], [-55.14826202392578, -141.44520568847656], [-151.82656860351562, -115.77435302734375], [-100.31440734863281, -82.63908386230469], [-96.91233825683594, -379.64263916015625], [-88.97628021240234, -76.42729187011719], [-307.4102478027344, -291.0072021484375], [-13.607699394226074, -95.90054321289062], [-211.42623901367188, -150.96316528320312], [-62.47504806518555, -320.46966552734375], [-90.02580261230469, -90.64996337890625], [-63.32003402709961, -352.8620300292969], [-11.368510246276855, -97.78271484375], [-37.98070526123047, -29.63555908203125], [-78.88447570800781, -36.702388763427734], [-156.63890075683594, -92.56523132324219], [-13.180683135986328, -6.674330711364746], [-151.84490966796875, -321.5957946777344], [-277.7978820800781, -337.6759033203125], [-264.80279541015625, -768.1766967773438], [-1.821828842163086, -19.32168197631836], [-158.75970458984375, -38.696659088134766], [-11.808981895446777, -134.00442504882812], [-404.762939453125, -281.43328857421875], [-182.73828125, -206.48446655273438], [-396.5409851074219, -144.47117614746094], [-34.50829315185547, -349.0244140625], [-38.03563690185547, -123.59317779541016], [-18.34064292907715, -177.7698974609375], [-199.1861572265625, -88.18038940429688], [-98.03285217285156, -27.99605369567871], [-215.62315368652344, -291.5041198730469], [-179.74005126953125, -481.6849365234375], [-82.76042175292969, -91.95804595947266], [-740.5576171875, -128.59878540039062], [-169.3973388671875, -100.34523010253906], [-17.62491226196289, -51.64073181152344], [-77.4510269165039, -76.97232055664062]], "train_probs": [1.0, 1.0, 0.49172953705002287, 1.0, 4.0352851951895546e-142, 1.0, 8.343939624906095e-09, 5.384569083508856e-36, 1.0, 8.180676482961689e-25, 0.9307782079391923, 3.8900166494722234e-23, 0.9999999999999984, 1.0, 2.201515334643891e-16, 2.1071940672824607e-08, 1.0, 3.548477602692097e-06, 7.520517969031707e-08, 1.0, 5.51087702599384e-27, 1.0, 0.6511642575226345, 1.0, 1.0, 0.00023749031892927514, 4.792392775573547e-19, 1.4899062078725452e-28, 0.0014916905142957932, 1.0, 1.0, 1.0, 0.9999999748863211, 7.199160535805989e-53, 1.0, 2.745447657638718e-54, 0.999999999951341, 3.36878204945937e-110, 1.0, 1.0, 1.0, 6.17742633722336e-49, 3.831818158800721e-31, 1.0, 1.0, 0.9998987305205802, 1.712866895126171e-266, 1.0257704873378129e-30, 0.9999999999999983, 0.38255764600638176], "train_labels_average": [1, 1, 0, 1, 0, 1, 0, 0, 1, 0, 1, 0, 1, 1, 0, 0, 1, 1, 1, 0, 0, 1, 1, 1, 1, 0, 0, 1, 0, 1, 1, 1, 1, 0, 1, 0, 1, 0, 1, 1, 1, 0, 0, 1, 1, 0, 0, 0, 1, 1], "train_logprobs_average": [[-3.0258086068289622, -1.9934739056755515], [-1.2049355506896973, -0.26289502924138847], [-0.21909385257297093, -0.23427857502852337], [-3.23369140625, -2.994158709490741], [-4.848522627981086, -15.35365498860677], [-2.164301554361979, -0.4994542048527644], [-4.49651728449641, -5.199098110198975], [-6.034436312588778, -18.96537126813616], [-2.7968502044677734, -1.7211385873647838], [-4.274850381387247, -7.908473205566406], [-0.0949022388458252, -0.08042562614052982], [-4.119525485568577, -6.741041703657671], [-4.138774599347796, -2.414285182952881], [-3.676550801595052, -1.2255169338650174], [-5.060885620117188, -5.623206244574653], [-5.900847491096048, -5.900847491096048], [-4.213579924210258, -0.8354511918692753], [-4.448814010620117, -3.068147593531115], [-4.329721800038512, -3.6596458071754094], [-0.35809735247963353, -0.35809735247963353], [-4.80514179576527, -7.550937107631138], [-3.4708360036214194, -0.9187507068409639], [-6.9250617394080525, -2.904058148784022], [-3.724707883947036, -0.8117953080397385], [-1.8947517077128093, -0.5413576307750884], [-2.3737940788269043, -5.425815037318638], [-3.756403605143229, -7.888447570800781], [-4.016382070688101, -3.559975017200817], [-1.0138987027681792, -4.393561045328776], [-2.811942771629051, -1.7656384845112645], [-3.4724735260009765, -2.987074000861055], [-3.4842473080283716, -1.054991216773531], [-0.021433280496036305, -0.011678390013865935], [-4.961240768432617, -15.875970458984375], [-1.9681636492411296, -0.4920409123102824], [-4.39959716796875, -5.544697800727739], [-3.8070475260416665, -2.900607638888889], [-5.585084297287632, -13.218032836914062], [-3.137117559259588, -0.4601105753580729], [-4.754454612731934, -0.7762374877929688], [-2.2925803661346436, -0.4265265797459802], [-4.858198956745427, -10.483481959292764], [-3.63084637677228, -12.254106521606445], [-4.492149035135905, -3.782862345377604], [-4.085001165216619, -1.6340004660866476], [-2.853807646652748, -3.0652008056640625], [-3.7401899857954546, -41.14208984375], [-5.646577962239584, -8.066539946056547], [-1.4687426884969075, -1.1015570163726807], [-3.367435952891474, -3.0980410766601563]], "train_probs_average": [0.262631724079587, 0.2804883510947401, 0.5037961076732894, 0.44040151348197293, 0.9999726052660797, 0.1591123706191916, 0.6687597258685596, 0.999997578049565, 0.254318410817845, 0.9742597697346977, 0.4963809100285441, 0.9322335550149439, 0.15129380180777713, 0.07936297730204762, 0.6369893177886075, 0.5, 0.03298603227267066, 0.2009019915715796, 0.33847982493251655, 0.5, 0.9396754451288271, 0.07228651811675836, 0.017618961245847952, 0.05151892718996415, 0.2053160356840838, 0.9548696969140719, 0.9842034949868919, 0.38783851596463537, 0.9670628517343309, 0.25993541038064516, 0.3809779192107157, 0.0809688063389163, 0.49756129671791466, 0.9999818119883002, 0.1860137713983985, 0.758614890062154, 0.2877288985334304, 0.9995160033890307, 0.06434383227554495, 0.018375021494361026, 0.1339989929992279, 0.9964074106202297, 0.999820159462329, 0.32975647483293474, 0.07936540078287763, 0.552652362323438, 1.0, 0.9183368935888598, 0.40922123703734864, 0.43305565806460233], "test_labels": [], "test_logprobs": [], "test_probs": []}}