{"0": {"train_labels": [1, 1, 0, 0, 0, 0, 0, 0, 1, 1, 1, 1, 1, 0, 0, 0, 1, 1, 0, 1, 0, 1, 1, 1, 0, 0, 1, 0, 1, 0, 0, 0, 1, 1, 0, 0, 0, 0, 0, 1, 1, 0, 0, 1, 1, 0, 0, 1, 0, 1], "train_logprobs": [[-0.8398452401161194, -0.6367202401161194], [-1.200656771659851, -0.40378180146217346], [-0.40426427125930786, -1.341764211654663], [-0.1927604228258133, -2.146371841430664], [-0.5357024669647217, -1.2388274669647217], [-0.15007244050502777, -2.398336410522461], [-0.6273987293243408, -0.9086487293243408], [-0.6745768189430237, -0.8308194875717163], [-1.6104990243911743, -0.28237399458885193], [-0.8451668620109558, -0.7045418620109558], [-1.2602742910385132, -0.3852742612361908], [-1.1413623094558716, -0.4432845711708069], [-1.0894203186035156, -0.4801476001739502], [-0.45236024260520935, -1.202292799949646], [-0.30622783303260803, -1.4624778032302856], [-0.6782487630844116, -0.7876237630844116], [-0.8736507296562195, -0.7955257296562195], [-1.7666983604431152, -0.24177226424217224], [-0.6953955888748169, -0.7735205888748169], [-0.8257042765617371, -0.6382042765617371], [-0.7267519235610962, -0.7423769235610962], [-1.6730389595031738, -0.25132933259010315], [-0.8870053887367249, -0.6370053887367249], [-0.9275223016738892, -0.5681473016738892], [-0.7872140407562256, -0.8924469947814941], [-0.15547330677509308, -2.155473232269287], [-0.7800253033638, -0.7019003033638], [-0.4998696744441986, -1.062369704246521], [-1.4217684268951416, -0.3124883472919464], [-0.4645654559135437, -1.1989405155181885], [-0.4388151168823242, -1.1575651168823242], [-0.5618146657943726, -0.9680646657943726], [-0.8322775363922119, -0.6135275363922119], [-1.4553136825561523, -0.33031368255615234], [-0.4781237542629242, -1.112500548362732], [-0.570440411567688, -1.086065411567688], [-0.668770432472229, -0.8250192403793335], [-0.7319939732551575, -0.9038689732551575], [-0.4175315797328949, -1.2300992012023926], [-2.0361745357513428, -0.19242453575134277], [-0.7407113909721375, -0.7020881772041321], [-0.1076253205537796, -2.6701252460479736], [-0.6774424910545349, -0.9742822051048279], [-0.9523264765739441, -0.5773264765739441], [-0.8911805748939514, -0.5786805748939514], [-0.5751115083694458, -0.9032365083694458], [-0.3633168041706085, -1.5508167743682861], [-0.8203548192977905, -0.6651404500007629], [-0.4448588490486145, -1.2105618715286255], [-1.3381247520446777, -0.3963817059993744]], "train_probs": [0.4493926344647597, 0.31069438959712015, 0.7185943805178138, 0.8758398966045227, 0.6688802603710086, 0.9045006834921624, 0.5698526514141572, 0.5389813989857593, 0.20946967639529515, 0.4649015713733885, 0.2942149659744614, 0.33223855570078714, 0.352225118522594, 0.6791640035807995, 0.7606506472514406, 0.5273165233795671, 0.48047867804790706, 0.17873727175912155, 0.519521321952093, 0.4532618480153861, 0.5039061705290805, 0.19439370792813268, 0.43782349911420193, 0.41111086923216794, 0.5262839872979124, 0.8807970701552504, 0.48047867804790706, 0.6370308013713526, 0.24800512833642402, 0.6757646140788308, 0.672331699179286, 0.6001883592602049, 0.4455295350395727, 0.24508501313237172, 0.6534812234670421, 0.6261241772283034, 0.5389829244760599, 0.5428632831725052, 0.6926563788187073, 0.13660839002621936, 0.49034539671815586, 0.928408795603352, 0.5736697774926981, 0.40733340004593027, 0.42250463481418826, 0.5813030906443133, 0.7662936377487304, 0.46127412351544356, 0.6825906390550414, 0.28054838990496556], "train_labels_average": [], "train_logprobs_average": [], "train_probs_average": [], "train_response": [], "test_labels": [], "test_logprobs": [], "test_probs": []}}