{"0": {"train_labels": [1, 1, 1, 1, 1, 1, 1, 1, 1, 1, 1, 1, 0, 1, 0, 1, 1, 1, 1, 1, 1, 1, 0, 1, 1, 0, 1, 1, 1, 1, 1, 1, 1, 1, 1, 1, 1, 1, 1, 1, 1, 1, 1, 1, 0, 0, 1, 1, 1, 1], "train_logprobs": [[-2.2240145206451416, -0.11463945358991623], [-2.6222951412200928, -0.07542021572589874], [-3.89554762840271, -0.020547740161418915], [-1.526310920715332, -0.24506071209907532], [-1.688992977142334, -0.20461802184581757], [-2.449758291244507, -0.09038319438695908], [-3.063839912414551, -0.055316317826509476], [-0.8084966540336609, -0.5897466540336609], [-4.217971324920654, -0.015553600154817104], [-1.9912185668945312, -0.14746852219104767], [-2.7099833488464355, -0.06935837864875793], [-2.04941725730896, -0.1431671679019928], [-0.039934415370225906, -3.2280502319335938], [-9.093863487243652, -0.00011336160969221964], [-0.09176155179738998, -2.435511589050293], [-4.265810012817383, -0.015591157600283623], [-3.7885241508483887, -0.019024640321731567], [-1.0435845851898193, -0.43420952558517456], [-7.906646251678467, -0.0003960540343541652], [-3.4994394779205322, -0.03068946674466133], [-1.541947603225708, -0.24507255852222443], [-2.336087465286255, -0.10171244293451309], [-0.20719772577285767, -1.7014237642288208], [-1.4918720722198486, -0.25749701261520386], [-3.0047831535339355, -0.05165814980864525], [-0.4519408047199249, -1.0144407749176025], [-1.0918227434158325, -0.5108311176300049], [-0.9167766571044922, -0.5105266571044922], [-4.3258209228515625, -0.013320736587047577], [-0.7999457120895386, -0.5968207120895386], [-2.1545045375823975, -0.11968053132295609], [-1.023496150970459, -0.44537025690078735], [-1.0741775035858154, -0.41792747378349304], [-3.6513051986694336, -0.026305092498660088], [-1.6633045673370361, -0.20723620057106018], [-3.22795033454895, -0.04045029729604721], [-1.2679709196090698, -0.3304709494113922], [-1.7014200687408447, -0.2014196664094925], [-4.418403148651123, -0.012153265066444874], [-3.6817524433135986, -0.025502534583210945], [-5.940138339996338, -0.002765404526144266], [-1.3643490076065063, -0.9551703333854675], [-1.8178555965423584, -0.17723064124584198], [-0.8525851964950562, -0.5624011158943176], [-0.11282458156347275, -2.2378246784210205], [-0.1250990778207779, -2.168349504470825], [-2.4925730228424072, -0.08632306754589081], [-2.2798233032226562, -0.10636031627655029], [-3.00398850440979, -0.05009455233812332], [-1.2570044994354248, -0.33512595295906067]], "train_probs": [0.10818894809230714, 0.07263671137954406, 0.02033235556877487, 0.21733748556103813, 0.18476751738161779, 0.08632346894694784, 0.04704228767100412, 0.44552953503957266, 0.01473888112636553, 0.13660838475359832, 0.06656919082235042, 0.12940272151925927, 0.9603845969137788, 0.00011235326652490675, 0.9124361634533147, 0.01406059275421525, 0.022543665331460527, 0.3522017684487511, 0.000368297853250959, 0.030214586739922344, 0.21469141157527882, 0.09670579134361239, 0.8167117307275766, 0.22541660542786957, 0.04958902280845899, 0.6370307875894139, 0.3587044525173491, 0.399811640739795, 0.013222819321929938, 0.44939263446475963, 0.11559483576828741, 0.3593639393260165, 0.34158249273565866, 0.025957354513420502, 0.18906939492421498, 0.03963883768284138, 0.28140561345566495, 0.18242546380007027, 0.012053780902566747, 0.025178843940802508, 0.0026320075083671405, 0.3991090760072875, 0.16238004274695514, 0.4279588016870099, 0.8933094152856196, 0.885263833237701, 0.08269734606617778, 0.1021589616999804, 0.04955279485916547, 0.2845752821810819], "train_labels_average": [], "train_logprobs_average": [], "train_probs_average": [], "train_response": [], "test_labels": [], "test_logprobs": [], "test_probs": []}}