{"0": {"train_labels": [1, 0, 1, 0, 1, 1, 1, 1, 0, 1, 0, 1, 1, 1, 0, 0, 0, 1, 0, 0, 1, 0, 0, 1, 1, 0, 0, 1, 1, 1, 1, 1, 1, 0, 1, 1, 0, 0, 0, 0, 1, 0, 0, 1, 1, 0, 1, 1, 0, 0], "train_logprobs": [[-3.4866132736206055, -3.3147382736206055], [-2.6550846099853516, -2.8582923412323], [-2.807443141937256, -2.354825973510742], [-2.5135180950164795, -3.7552309036254883], [-3.219776153564453, -3.047901153564453], [-3.503567695617676, -3.284817695617676], [-3.2937939167022705, -3.2156689167022705], [-3.591735601425171, -3.509627342224121], [-2.719541072845459, -3.844541072845459], [-3.1214094161987305, -2.9651594161987305], [-2.3323426246643066, -2.8167176246643066], [-2.6768786907196045, -2.222243547439575], [-3.9225521087646484, -3.6473867893218994], [-4.386052131652832, -3.948552131652832], [-2.8162386417388916, -3.8465116024017334], [-2.5867862701416016, -2.6864681243896484], [-3.4128828048706055, -3.5378828048706055], [-3.6441235542297363, -2.033172845840454], [-2.2972500324249268, -2.9376871585845947], [-2.561676263809204, -3.421393394470215], [-4.102206707000732, -2.9354732036590576], [-2.1979074478149414, -3.090305805206299], [-2.751253604888916, -3.110628604888916], [-2.907223701477051, -2.610348701477051], [-2.949420928955078, -2.058795928955078], [-2.2779390811920166, -3.0199317932128906], [-2.776280164718628, -3.323155164718628], [-2.262481689453125, -2.090606689453125], [-3.284804105758667, -2.475983142852783], [-2.699207067489624, -2.2788572311401367], [-2.7761850357055664, -2.6199350357055664], [-2.9780070781707764, -2.5248820781707764], [-4.259838581085205, -1.727982759475708], [-2.5712084770202637, -3.7118334770202637], [-4.012151718139648, -2.7777767181396484], [-4.814165115356445, -1.8740953207015991], [-2.759474754333496, -2.7736899852752686], [-2.4798641204833984, -3.912461757659912], [-2.9093570709228516, -3.5656070709228516], [-1.855414867401123, -3.6982040405273438], [-3.6369566917419434, -2.2619566917419434], [-3.1122212409973145, -3.607832193374634], [-2.9904589653015137, -4.022178649902344], [-2.525296211242676, -2.290921211242676], [-3.2663328647613525, -2.4538328647613525], [-3.0344090461730957, -3.159026622772217], [-3.112670421600342, -2.628295421600342], [-3.519899606704712, -2.535524606704712], [-3.4722917079925537, -4.269166946411133], [-2.9423062801361084, -3.5186991691589355]], "train_probs": [0.4571367168274948, 0.550627836377811, 0.388738691291763, 0.775862012674083, 0.45713671682749485, 0.4455295350395727, 0.48047867804790706, 0.4794844598195249, 0.7549149868676283, 0.4610167793123159, 0.6187804337438501, 0.3882592860481054, 0.43163945876760246, 0.39233683016710835, 0.736968811529089, 0.5248998489212777, 0.5312093733737562, 0.16645666205542853, 0.654852266886514, 0.7026015514452457, 0.23744592632502348, 0.7093848612664465, 0.588889130767832, 0.4263215925474903, 0.29098086621490676, 0.6774314537117548, 0.63341026367784, 0.45713671682749485, 0.30814179824804505, 0.3964330404007855, 0.4610167793123158, 0.3886180267058489, 0.0736549238947992, 0.7577943712746406, 0.22541661583507672, 0.05020794478060088, 0.5035537478926652, 0.8073057350878274, 0.658417500561683, 0.8632782441969248, 0.20181322226037884, 0.6214273356973938, 0.7372491567035115, 0.4416730056646256, 0.30735801686526387, 0.5311141388780027, 0.3812195662561499, 0.2720245510940225, 0.6893056678459732, 0.6402369884921055], "test_labels": [], "test_logprobs": [], "test_probs": []}}