{"0": {"train_labels": [0, 1, 1, 0, 1, 1, 0, 1, 1, 1, 1, 1, 1, 1, 1, 0, 1, 1, 1, 0, 1, 1, 0, 0, 1, 0, 1, 0, 1, 1, 0, 1, 1, 1, 0, 1, 1, 1, 1, 0, 1, 1, 1, 1, 0, 0, 0, 1, 0, 1], "train_logprobs": [[-0.2850148379802704, -1.3943898677825928], [-1.2125080823898315, -0.35313308238983154], [-1.2014951705932617, -0.35774511098861694], [-0.28115183115005493, -1.4536916017532349], [-0.8981256484985352, -0.5231257081031799], [-1.3366477489471436, -0.3053976893424988], [-0.29684320092201233, -1.35934317111969], [-1.5879662036895752, -0.22541823983192444], [-3.1380982398986816, -0.044348180294036865], [-2.5788910388946533, -0.07889106869697571], [-1.4658169746398926, -0.2626919150352478], [-1.5879628658294678, -0.22858791053295135], [-1.2234735488891602, -0.34390178322792053], [-1.6888391971588135, -0.20446422696113586], [-0.7088947296142578, -0.6776447296142578], [-0.09441584348678589, -2.4069159030914307], [-3.4691476821899414, -0.03470449894666672], [-1.1658226251602173, -0.38479894399642944], [-2.5789196491241455, -0.07891960442066193], [-0.11968792974948883, -2.182188034057617], [-1.5385687351226807, -0.24169372022151947], [-3.757996082305908, -0.02362099289894104], [-0.031156985089182854, -3.4237585067749023], [-0.13071805238723755, -2.0994679927825928], [-1.6506251096725464, -0.2042948454618454], [-0.24168530106544495, -1.5508511066436768], [-0.8259422779083252, -0.5897445678710938], [-0.009298116900026798, -4.696798324584961], [-1.3018848896026611, -0.31750982999801636], [-2.959488868713379, -0.05323886126279831], [-0.5623812675476074, -0.843631386756897], [-0.7501717209815979, -0.6482220888137817], [-2.085761785507202, -0.15566430985927582], [-0.7576185464859009, -0.6326185464859009], [-0.11978797614574432, -2.1822800636291504], [-1.663875699043274, -0.20780017971992493], [-1.4898784160614014, -0.25550419092178345], [-4.372095108032227, -0.012720045633614063], [-2.680394172668457, -0.07101909071207047], [-0.06994079053401947, -2.6949408054351807], [-7.438098430633545, -0.0005803807871416211], [-1.2014940977096558, -0.35774409770965576], [-1.1797429323196411, -0.3672429323196411], [-5.457406997680664, -0.00428187707439065], [-0.6717684268951416, -0.7266553640365601], [-0.003912058658897877, -5.550786972045898], [-0.25278496742248535, -1.4906717538833618], [-0.9451853632926941, -0.4920603632926941], [-0.523125946521759, -0.9547423124313354], [-2.0994696617126465, -0.1307196170091629]], "train_probs": [0.7520125793176222, 0.2974699426047947, 0.30074556640652345, 0.7636037843475669, 0.40733341443526055, 0.26284182582255894, 0.7431680029241321, 0.20382650345396416, 0.04336579629119586, 0.07585818211049714, 0.23091975234373588, 0.2043419072050194, 0.29326652744161136, 0.1847675151370785, 0.49218813572079556, 0.909907010924213, 0.031236198905650096, 0.3140993012808832, 0.07585817688736327, 0.8872046041554923, 0.2146914165999209, 0.023330766771213724, 0.9674725127877345, 0.8774767810736693, 0.19056698450885282, 0.7873735314855307, 0.44122357698924297, 0.9908743644887813, 0.27202453929068204, 0.05184546628352782, 0.5698526806348103, 0.47453464480169205, 0.12673979143519765, 0.4687906266262437, 0.8872038018885521, 0.18906829828111624, 0.22541675112880064, 0.012624948503730787, 0.06853748779988608, 0.9324533097989077, 0.0005883982042131295, 0.30074557894124154, 0.30735801686526387, 0.004264634180039085, 0.5137182905090159, 0.996115523116095, 0.7751959646781167, 0.3886180267058489, 0.6062595755614487, 0.12252320771203075], "train_labels_average": [], "train_logprobs_average": [], "train_probs_average": [], "train_response": [], "test_labels": [], "test_logprobs": [], "test_probs": []}}