{"0": {"train_labels": [0, 0, 1, 1, 0, 1, 0, 1, 0, 1, 1, 0, 0, 1, 1, 1, 0, 0, 1, 0, 0, 1, 0, 0, 1, 0, 0, 1, 0, 1, 1, 1, 1, 1, 0, 1, 0, 0, 0, 1, 1, 0, 1, 0, 0, 0, 0, 0, 1, 0], "train_logprobs": [[-97.03404235839844, -177.98397827148438], [-79.29976654052734, -251.43136596679688], [-67.02226257324219, -48.14726257324219], [-311.9297180175781, -115.42929077148438], [-248.39527893066406, -259.01654052734375], [-36.393829345703125, -13.526824951171875], [-51.24002456665039, -104.90303039550781], [-164.81039428710938, -107.92207336425781], [-118.04886627197266, -124.22697448730469], [-187.65940856933594, -0.15002188086509705], [-416.99188232421875, -349.37384033203125], [-397.4126281738281, -421.47039794921875], [-65.10136413574219, -150.70474243164062], [-227.75473022460938, -72.37022399902344], [-129.19944763183594, -78.16331481933594], [-270.6662902832031, -244.4499969482422], [-99.95738220214844, -124.57842254638672], [-50.79705810546875, -841.190673828125], [-191.70819091796875, -58.3659782409668], [-176.4721221923828, -1030.59521484375], [-215.65042114257812, -252.5772705078125], [-116.76586151123047, -66.7209243774414], [-181.36306762695312, -273.1826477050781], [-22.584583282470703, -130.09738159179688], [-182.30128479003906, -60.207313537597656], [-44.17137908935547, -406.91607666015625], [-44.13325881958008, -168.8675079345703], [-367.248291015625, -212.93539428710938], [-135.2637481689453, -173.6895294189453], [-112.34349822998047, -0.0045974478125572205], [-166.9412841796875, -83.0851058959961], [-518.788330078125, -0.1955224573612213], [-139.8743896484375, -121.0099105834961], [-268.95953369140625, -244.97206115722656], [-88.76173400878906, -338.95025634765625], [-160.94088745117188, -130.49217224121094], [-218.2761993408203, -328.63946533203125], [-62.880741119384766, -182.0569305419922], [-130.71026611328125, -185.72116088867188], [-44.10023498535156, -34.15570831298828], [-101.13365936279297, -3.8788084983825684], [-41.22665023803711, -275.24896240234375], [-199.64859008789062, -96.81668090820312], [-57.67034912109375, -154.82888793945312], [-109.7718734741211, -110.09545135498047], [-91.38358306884766, -452.3580322265625], [-179.12155151367188, -438.2576599121094], [-120.23480224609375, -254.83657836914062], [-228.50479125976562, -174.79086303710938], [-242.19967651367188, -1171.4176025390625]], "train_probs": [1.0, 1.0, 6.348800075736417e-09, 4.580878314174946e-86, 0.9999756087473582, 1.172158047984446e-10, 1.0, 1.9666004693009465e-25, 0.9979299456483371, 3.6788159108241744e-82, 4.3038535579203396e-30, 0.9999999999643677, 1.0, 3.2912916878315273e-68, 6.843671292853673e-23, 4.115366032502287e-12, 0.999999999979713, 1.0, 1.2308718219671583e-58, 1.0, 0.9999999999999999, 1.8439959191320922e-22, 1.0, 1.0, 9.446306034227962e-54, 1.0, 1.0, 9.610820460876597e-68, 1.0, 1.6286782145615829e-49, 3.817020548207564e-37, 5.997983898772855e-226, 6.415947998690132e-09, 3.82272488389046e-11, 1.0, 5.974354699823684e-14, 1.0, 1.0, 1.0, 4.7987276227439474e-05, 5.791018219035335e-43, 1.0, 2.1911357244524604e-45, 1.0, 0.5801959607996373, 1.0, 1.0, 1.0, 4.702592767169177e-24, 1.0], "train_labels_average": [1, 1, 0, 0, 0, 1, 1, 0, 0, 1, 0, 0, 1, 0, 0, 1, 1, 1, 0, 1, 1, 0, 1, 1, 0, 1, 1, 0, 0, 0, 0, 0, 0, 0, 1, 1, 1, 1, 1, 0, 1, 1, 0, 1, 0, 1, 1, 1, 0, 1], "train_logprobs_average": [[-4.043085098266602, -2.5535274304841695], [-3.1719906616210936, -1.344063839669955], [-4.188891410827637, -7.446918063693577], [-3.7581893737057603, -15.596485900878907], [-4.006375466623614, -4.072053752961706], [-7.278765869140625, -6.0656382242838545], [-4.658184051513672, -2.2278271550717563], [-4.9942543723366475, -6.592415771484375], [-3.8080279442571823, -4.918702761332194], [-7.217669560359075, -2.405889853453025], [-4.738544117320668, -5.148047929928627], [-4.621077071788699, -4.675442684397978], [-3.6167424519856772, -2.3250487191336497], [-4.951189787491508, -9.902379574983016], [-3.3999854639956824, -6.799970927991365], [-5.6388810475667315, -4.92120527787642], [-4.9978691101074215, -4.759875342959449], [-3.907466008112981, -0.30236344110398067], [-4.078897679105718, -10.650455050998264], [-5.190356535070083, -0.7446081105163832], [-5.259766369331174, -3.5941736857096354], [-3.538359439734257, -11.676586151123047], [-5.334207871380975, -2.7479252670750474], [-5.646145820617676, -0.8686378185565655], [-5.8806866061302925, -16.572844071821734], [-4.015579917214134, -0.5889517211914063], [-4.0121144381436435, -1.471108627319336], [-5.246404157366071, -7.4948630819515305], [-4.226992130279541, -5.881032529084579], [-5.912815696314762, -16.049071175711497], [-5.756596006196121, -9.274515787760416], [-4.632038661411831, -8.793022543697035], [-4.23861786813447, -6.357926802201704], [-4.980732105396412, -5.846946384595788], [-6.827825692983774, -1.082460170838891], [-5.747888837541852, -4.733555513269761], [-4.365523986816406, -2.629833726997835], [-4.836980086106521, -2.0960247039794924], [-5.027317927433894, -3.9609171549479165], [-2.7562646865844727, -3.1500167846679688], [-3.48736756423424, -1.3666710724701752], [-1.96317382085891, -0.8962315269138502], [-5.704245431082589, -9.507075718470983], [-3.84468994140625, -1.7475863370028408], [-3.5410281765845513, -4.390874938964844], [-3.807649294535319, -0.8621092742344119], [-7.164862060546875, -2.595964514690897], [-6.011740112304688, -1.7425333658854167], [-6.013283980520148, -8.788645817683292], [-2.284902608619546, -1.1265101233194041]], "train_probs_average": [0.18398812834639622, 0.13848543294668686, 0.9629604704076359, 0.9999927774591576, 0.5164136717897694, 0.22914811813192457, 0.08088693005351363, 0.8317612584165723, 0.7522548967957108, 0.008067753750667922, 0.6009688964543206, 0.5135880565563815, 0.21556626693834252, 0.9929747175867104, 0.9677040810124561, 0.327904999471755, 0.44078081435202865, 0.026465208812476083, 0.998602340195682, 0.011592365943921212, 0.15901267351161982, 0.9997079305155426, 0.07002648339199032, 0.008346694181264928, 0.9999772780738023, 0.031473552626533466, 0.07303305156008336, 0.9045175221832705, 0.8394363744315821, 0.9999603846978131, 0.9711933631979974, 0.984647174991518, 0.89276578824697, 0.7039573581370591, 0.003187373720562456, 0.2661326689932807, 0.14986117937025584, 0.06059949325436661, 0.2560881600964563, 0.5971856132765715, 0.10710144624408859, 0.2559850100870119, 0.9781792223350054, 0.10937865440803272, 0.70053499639822, 0.04994772645129106, 0.010262964557412362, 0.013799780006016893, 0.9413298117412204, 0.23895950165277338], "test_labels": [], "test_logprobs": [], "test_probs": []}}