{"0": {"train_labels": [0, 1, 1, 1, 0, 1, 1, 1, 0, 1, 1, 1, 1, 1, 1, 0, 1, 1, 1, 1, 1, 1, 1, 1, 0, 1, 0, 0, 0, 1, 0, 0, 1, 1, 1, 1, 1, 1, 1, 0, 1, 0, 1, 1, 1, 1, 1, 0, 1, 1], "train_logprobs": [[-0.2852427065372467, -1.4063808917999268], [-2.3220009803771973, -0.10325054824352264], [-6.002485752105713, -0.002299404935911298], [-1.0745551586151123, -0.41830509901046753], [-0.3723517060279846, -1.1692266464233398], [-1.910274863243103, -0.16027487814426422], [-1.6254730224609375, -0.23838497698307037], [-2.5500614643096924, -0.08131157606840134], [-0.10634895414113998, -2.293848991394043], [-1.4179832935333252, -0.2773582935333252], [-4.202571868896484, -0.01603587344288826], [-5.037777900695801, -0.006528122816234827], [-2.216676950454712, -0.1784006804227829], [-1.5263149738311768, -0.24169006943702698], [-1.27945876121521, -0.32633376121520996], [-0.18525223433971405, -1.7790021896362305], [-3.499462127685547, -0.030712123960256577], [-1.7528035640716553, -0.19030369818210602], [-1.3593670129776, -0.29686596989631653], [-1.4006484746932983, -0.30689847469329834], [-2.1573667526245117, -0.49153321981430054], [-2.4212379455566406, -0.09311303496360779], [-2.870826005935669, -0.058325983583927155], [-0.8438031673431396, -0.5899409055709839], [-0.6109482645988464, -0.7828232645988464], [-1.7917264699935913, -0.1823514997959137], [-0.21342478692531586, -1.6509202718734741], [-0.09499012678861618, -2.4074900150299072], [-0.5897588729858398, -0.8085088729858398], [-7.438100337982178, -0.0006003961316309869], [-0.017503904178738594, -4.06437873840332], [-0.6010989546775818, -0.8035804629325867], [-3.9568097591400146, -0.01930987276136875], [-0.7089129686355591, -0.6776644587516785], [-1.936971664428711, -0.15572164952754974], [-4.836099147796631, -0.007973980158567429], [-4.433818817138672, -0.011759838089346886], [-4.991202354431152, -0.0069345044903457165], [-1.1798615455627441, -0.3485448658466339], [-0.625312089920044, -0.765937089920044], [-0.9074749946594238, -0.5168499946594238], [-0.5691426992416382, -0.9740918874740601], [-2.2798142433166504, -0.10793934762477875], [-2.7972922325134277, -0.061971426010131836], [-2.0179827213287354, -0.1429826319217682], [-2.8120415210723877, -0.06298828125], [-3.77325701713562, -0.023257093504071236], [-0.5901150107383728, -0.8088650107383728], [-1.7270420789718628, -0.18496088683605194], [-1.5385642051696777, -0.24168923497200012]], "train_probs": [0.7541997770906871, 0.09807928524402132, 0.0024721635722197363, 0.34158248603300034, 0.6893056040203135, 0.14804719991116141, 0.19987304073906226, 0.07807817318956282, 0.8991213806488609, 0.24220562872535942, 0.014971296274003034, 0.006488271028483373, 0.11524236972275514, 0.2167639909881484, 0.2782567937024021, 0.8311430415844384, 0.030214586958236766, 0.1732882251419106, 0.25683179229535447, 0.25091278688527247, 0.15898046796234355, 0.08882029963593542, 0.05665242411343132, 0.4368730942691038, 0.5428632831725052, 0.16667540882736176, 0.8080665132916662, 0.9099069968764882, 0.5544704649604274, 0.0005884088527524581, 0.9828232881891155, 0.5504481354693046, 0.019124038882233373, 0.4921885081588951, 0.1441488511943849, 0.007937992781260637, 0.01186696348873932, 0.006798254993489974, 0.30336673717337614, 0.5350984286266115, 0.40356685373537454, 0.5998761728440793, 0.10230471747215074, 0.060921049106406645, 0.13296422989056964, 0.06014014190832585, 0.022977371624452375, 0.5544704649604273, 0.17623293433122683, 0.21469142413688413], "train_labels_average": [], "train_logprobs_average": [], "train_probs_average": [], "train_response": [], "test_labels": [], "test_logprobs": [], "test_probs": []}}