{"0": {"train_labels": [1, 1, 1, 1, 0, 0, 1, 0, 1, 0, 1, 0, 0, 1, 1, 1, 1, 0, 1, 1, 1, 1, 0, 1, 1, 1, 1, 1, 1, 1, 0, 0, 0, 0, 1, 0, 0, 1, 0, 0, 0, 1, 0, 0, 1, 0, 0, 1, 1, 0], "train_logprobs": [[-4.9446492195129395, -0.007149114273488522], [-7.157029628753662, -0.0007798014557920396], [-0.8436281681060791, -0.5623781681060791], [-5.78433084487915, -0.0030806248541921377], [-0.026449760422110558, -3.651449680328369], [-0.006633759941905737, -9.412886619567871], [-5.597466468811035, -0.003716705832630396], [-0.014645804651081562, -4.202606678009033], [-5.068814277648926, -0.0063140904530882835], [-0.37709537148475647, -1.1370136737823486], [-3.0485880374908447, -0.04858812317252159], [-0.015072034671902657, -4.202572345733643], [-0.045710235834121704, -3.108210325241089], [-5.193093776702881, -0.005593718960881233], [-3.227957010269165, -0.040456708520650864], [-0.9167881011962891, -0.5105381011962891], [-3.1383185386657715, -0.04456847533583641], [-6.210611172718927e-05, -9.640689849853516], [-1.4536908864974976, -0.26619085669517517], [-5.1930742263793945, -0.007376931607723236], [-3.2880423069000244, -0.03804221749305725], [-1.7270512580871582, -0.19580131769180298], [-0.24505482614040375, -1.526304841041565], [-6.064827919006348, -0.0023278300650417805], [-5.7843451499938965, -0.003193043638020754], [-2.1545121669769287, -0.12326221913099289], [-2.3219802379608154, -0.10323023051023483], [-0.8084933161735535, -0.5897433757781982], [-1.4298362731933594, -0.2735862135887146], [-3.687614917755127, -0.031364843249320984], [-0.6623857617378235, -0.7248857617378235], [-0.004620233550667763, -5.37962007522583], [-0.0027188025414943695, -5.908968925476074], [-0.14301900565624237, -2.018018960952759], [-3.019278049468994, -0.050508320331573486], [-0.003382558235898614, -5.690882682800293], [-0.34266534447669983, -1.2489153146743774], [-4.665733814239502, -0.009483762085437775], [-0.5109055638313293, -0.9796555638313293], [-0.17671678960323334, -1.8643300533294678], [-0.048588238656520844, -3.048588275909424], [-7.812951564788818, -0.00045170116936787963], [-4.005352093372494e-05, -10.093791007995605], [-0.023246144875884056, -3.7732460498809814], [-1.7014199495315552, -0.20141996443271637], [-0.053971245884895325, -3.20070743560791], [-0.005234227981418371, -5.286323547363281], [-5.971306800842285, -0.0025566292461007833], [-4.202571392059326, -0.014610913582146168], [-0.3868749141693115, -1.1368749141693115]], "train_probs": [0.007121428001617081, 0.0007793662275141379, 0.4301473485858429, 0.0030753691754711585, 0.9740426407771471, 0.9999177983402635, 0.003707253749827755, 0.9850497021078594, 0.006289900966855096, 0.6813359960708035, 0.047425877048378896, 0.9850429179898377, 0.9553191335436404, 0.005554924384720408, 0.039638827614129415, 0.39981164073979497, 0.043365796136651424, 0.9999349720105509, 0.23370635157681108, 0.005564891850487109, 0.03732688413141622, 0.177810878191901, 0.7826624814876537, 0.0023231623164862067, 0.003075669997942299, 0.11596072360047974, 0.09807932281138339, 0.4455295497638851, 0.23934933647101644, 0.025178839871866775, 0.5156199157230157, 0.99539042709418, 0.9972850148638542, 0.8670357546485408, 0.04885686180358601, 0.9966233880374459, 0.7122321781307374, 0.00941258910132572, 0.6150878555160665, 0.8439100229015511, 0.9525741285053949, 0.000404481552983181, 0.9999586646416831, 0.9770226279573948, 0.18242552602881168, 0.9587799257895542, 0.9949388589209576, 0.0025509119846765203, 0.014950303707466611, 0.679178699175393], "train_labels_average": [], "train_logprobs_average": [], "train_probs_average": [], "train_response": [], "test_labels": [], "test_logprobs": [], "test_probs": []}}