{"0": {"train_labels": [1, 1, 1, 0, 0, 1, 1, 0, 0, 0, 1, 0, 1, 0, 1, 0, 0, 0, 0, 0, 1, 0, 0, 0, 0, 0, 0, 0, 0, 0, 0, 0, 1, 0, 1, 0, 0, 1, 0, 1, 1, 1, 1, 1, 0, 0, 0, 1, 0, 1], "train_logprobs": [[-289.82183837890625, -25.0037899017334], [-16.971521377563477, -14.402295112609863], [-347.5654602050781, -130.13743591308594], [-35.69867706298828, -77.70729064941406], [-21.807313919067383, -131.1552734375], [-51.2752685546875, -41.229774475097656], [-112.06246948242188, -39.10334014892578], [-22.460477828979492, -71.0748291015625], [-53.81968307495117, -105.16392517089844], [-173.88267517089844, -194.01780700683594], [-33.982383728027344, -23.47833824157715], [-13.526926040649414, -81.66890716552734], [-55.8223762512207, -54.18275833129883], [-33.46351623535156, -70.0080795288086], [-81.65350341796875, -29.719724655151367], [-15.181506156921387, -22.369539260864258], [-11.24162483215332, -18.57874298095703], [-9.775955200195312, -13.412735939025879], [-41.16587829589844, -103.77983093261719], [-42.756553649902344, -58.255409240722656], [-53.381500244140625, -21.153404235839844], [-57.65035629272461, -164.70266723632812], [-44.02007293701172, -127.19979858398438], [-45.517250061035156, -62.44867706298828], [-24.35002326965332, -28.00208282470703], [-40.382164001464844, -199.46453857421875], [-40.69145584106445, -56.94416809082031], [-30.526798248291016, -33.388526916503906], [-43.86055374145508, -132.46444702148438], [-53.211570739746094, -55.70521545410156], [-75.4693832397461, -114.11060333251953], [-27.04241180419922, -304.1323547363281], [-287.4082336425781, -194.4141845703125], [-18.75634002685547, -108.64009094238281], [-51.599910736083984, -50.39802551269531], [-33.00761413574219, -49.193328857421875], [-44.107582092285156, -139.13919067382812], [-168.2857666015625, -162.05465698242188], [-26.421707153320312, -51.092018127441406], [-139.19259643554688, -82.75137329101562], [-106.20719909667969, -45.84792709350586], [-75.38130187988281, -54.71215057373047], [-41.4439697265625, -17.008575439453125], [-17.392555236816406, -8.998533248901367], [-73.98023986816406, -158.72401428222656], [-40.123565673828125, -162.48045349121094], [-77.84307861328125, -89.275634765625], [-95.58880615234375, -56.649505615234375], [-39.85447311401367, -106.5062484741211], [-129.84310913085938, -41.15241622924805]], "train_probs": [9.794512796474908e-116, 0.07114541843270589, 3.734296854802094e-95, 1.0, 1.0, 4.3378897864281686e-05, 2.0618293904122492e-32, 1.0, 1.0, 0.9999999981993747, 2.742452391855053e-05, 1.0, 0.16251705898546331, 0.9999999999999999, 2.7889868008107143e-23, 0.9992449966657015, 0.9993494997402675, 0.9743388443851816, 1.0, 0.999999814248444, 1.0081281491036435e-14, 1.0, 1.0, 0.9999999556621465, 0.9747180994763144, 1.0, 0.9999999125949117, 0.9459217955794336, 1.0, 0.9236950881543973, 1.0, 1.0, 4.10390820530639e-41, 1.0, 0.2311400155285584, 0.9999999065383659, 1.0, 0.001963405223309105, 0.9999999999806882, 3.075305298268451e-25, 6.1136593630685255e-27, 1.0556054934532075e-09, 2.442547948860601e-11, 0.0002261644478503641, 1.0, 1.0, 0.9999891632453051, 1.2270906517289356e-17, 1.0, 3.034739913602328e-39], "test_labels": [], "test_logprobs": [], "test_probs": []}}