{"0": {"train_labels": [1, 0, 0, 0, 0, 0, 0, 0, 1, 1, 1, 1, 0, 0, 0, 1, 1, 0, 0, 0, 0, 0, 0, 0, 1, 0, 1, 1, 1, 0, 1, 0, 0, 0, 0, 1, 0, 0, 0, 1, 0, 1, 0, 1, 0, 0, 0, 0, 0, 0], "train_logprobs": [[-64.06270599365234, -38.37491226196289], [-90.76463317871094, -227.5808868408203], [-78.60846710205078, -112.7169189453125], [-37.46278762817383, -367.2459716796875], [-356.98956298828125, -428.5961608886719], [-36.109336853027344, -143.55184936523438], [-35.892417907714844, -329.34356689453125], [-0.0427016019821167, -79.5211181640625], [-210.06895446777344, -132.2840118408203], [-68.55561828613281, -45.27099609375], [-113.54872131347656, -34.74199295043945], [-89.23368072509766, -16.89151382446289], [-25.162940979003906, -115.01376342773438], [-31.727848052978516, -162.3628692626953], [-1.597452163696289, -478.67047119140625], [-746.3031616210938, -54.03765869140625], [-401.9722595214844, -129.46142578125], [-56.721073150634766, -176.67587280273438], [-74.95576477050781, -103.2636489868164], [-44.07188034057617, -464.1501770019531], [-60.3544921875, -609.502685546875], [-191.01589965820312, -352.44195556640625], [-0.07782326638698578, -115.4559326171875], [-149.4158477783203, -257.1044616699219], [-589.3948974609375, -276.7657470703125], [-174.02328491210938, -206.77178955078125], [-450.23931884765625, -308.4271240234375], [-263.06378173828125, -162.25392150878906], [-770.1668090820312, -438.69171142578125], [-83.18116760253906, -223.611083984375], [-87.50675964355469, -83.8835678100586], [-0.29743537306785583, -272.7777099609375], [-0.03851085901260376, -16.213544845581055], [-114.46916198730469, -119.87957000732422], [-197.520263671875, -272.4697570800781], [-301.3058776855469, -207.7809295654297], [-162.9714813232422, -511.65557861328125], [-0.5210362076759338, -112.52352142333984], [-0.5194478631019592, -199.25730895996094], [-75.4316177368164, -69.70819091796875], [-205.61012268066406, -709.01513671875], [-74.08084869384766, -13.378145217895508], [-137.4380340576172, -468.41461181640625], [-185.36781311035156, -44.38615417480469], [-0.009162025526165962, -573.3163452148438], [-70.27022552490234, -320.19573974609375], [-52.65351486206055, -295.2860412597656], [-284.94879150390625, -635.5625610351562], [-23.062061309814453, -78.03531646728516], [-37.634437561035156, -157.3701629638672]], "train_probs": [6.9812458140209965e-12, 1.0, 0.9999999999999986, 1.0, 1.0, 1.0, 1.0, 1.0, 1.6535930639215607e-34, 7.719995880900955e-11, 5.952134482338713e-35, 3.82116777122177e-32, 1.0, 1.0, 1.0, 0.0, 4.4673363048891625e-119, 1.0, 0.9999999999994919, 1.0, 1.0, 1.0, 1.0, 1.0, 1.6861068907058747e-136, 0.999999999999994, 2.5807522892514836e-62, 1.6551371280854848e-44, 0.0, 1.0, 0.02600311331454085, 1.0, 0.999999905534777, 0.9955500742846581, 1.0, 2.413410017999115e-41, 1.0, 1.0, 1.0, 0.003257842931367589, 1.0, 4.336614761547446e-27, 1.0, 5.921660089351251e-62, 1.0, 1.0, 1.0, 1.0, 1.0, 1.0], "train_labels_average": [0, 1, 1, 1, 1, 1, 1, 0, 0, 0, 0, 0, 1, 1, 1, 0, 0, 1, 1, 1, 1, 1, 0, 1, 0, 1, 0, 0, 0, 1, 0, 1, 0, 0, 1, 0, 1, 0, 0, 1, 1, 0, 1, 0, 1, 1, 1, 1, 1, 1], "train_logprobs_average": [[-5.338558832804362, -9.151815141950335], [-4.12566514448686, -1.8909298578898113], [-4.367137061225043, -3.417759439219599], [-3.746278762817383, -0.5591460840025945], [-5.028022013919454, -2.704466386274858], [-7.221867370605469, -1.33738284640842], [-2.392827860514323, -0.5055270127847161], [-0.0013774710316811838, -0.002247452735900879], [-7.243757050612877, -8.402758178710938], [-3.4277809143066404, -6.855561828613281], [-6.308262295193142, -11.354872131347657], [-5.249040042652803, -8.923368072509765], [-3.1453676223754883, -1.1982352847144717], [-2.4406036963829627, -1.2691139221191405], [-0.07261146198619496, -0.015213830130440848], [-4.216402043057027, -41.46128675672743], [-6.4834235406691025, -13.399075317382813], [-3.545067071914673, -1.8907024383544921], [-7.495576477050781, -2.9982305908203126], [-4.006534576416016, -0.506573337248002], [-2.743386008522727, -0.47900390625], [-4.547997610909598, -2.809057347914752], [-0.002594108879566193, -0.0027794023709637778], [-3.6442889702029344, -3.1790605910280916], [-4.952898297991071, -8.667572021484375], [-3.625485102335612, -2.7622743636842757], [-2.5153034572494763, -4.329224219689002], [-5.597101739112367, -8.768792724609375], [-5.501191493443081, -8.022570927937826], [-3.3272467041015625, -1.2997057437896729], [-4.166988554454985, -4.605618928608141], [-0.019829024871190388, -0.005611988171091619], [-0.0017504935914819891, -0.00962771475315094], [-5.203143726695668, -5.203143726695668], [-4.702863420758929, -3.1352422805059526], [-4.497102652023088, -6.410763355011635], [-5.619706252525592, -1.4171433158542799], [-0.020841448307037352, -0.02481124798456828], [-0.008804201069524733, -0.009444506601853805], [-7.543161773681641, -3.5919817969912575], [-4.283544222513835, -1.511839137357824], [-3.704042434692383, -6.734622608531605], [-2.5451487788447626, -1.082189244548167], [-5.009940894874367, -37.07356262207031], [-0.0018324051052331924, -6.23267042596324e-05], [-3.5135112762451173, -1.2115556124983162], [-4.050270374004658, -0.9573366338556463], [-3.392247517903646, -1.9651640793372844], [-3.8436768849690757, -1.1531030654907226], [-3.4213125055486504, -1.2544812520345052]], "train_probs_average": [0.9784006559608912, 0.09667432547162551, 0.27901000444266355, 0.03965282450226408, 0.08919079287162024, 0.0027745604495897666, 0.1315525314849173, 0.500217495412337, 0.7611511672363429, 0.9685615666770694, 0.993609995739727, 0.9752610928440796, 0.12486638437669315, 0.23658580614676986, 0.4856545302348309, 0.9999999999999999, 0.9990088487577344, 0.16051992906186102, 0.011015820303794756, 0.029313333634355565, 0.0941160934629909, 0.14944759085319373, 0.5000463233727168, 0.3857462422613403, 0.976216068163936, 0.2966689671186432, 0.8598350665423109, 0.95975495034653, 0.9256270730768119, 0.1163414880567353, 0.6079326279778836, 0.4964458006905613, 0.5019692951074304, 0.5, 0.17255578147796397, 0.8714298504980762, 0.014736772558990611, 0.5009924486160243, 0.5001600763776132, 0.01886910454965776, 0.05887246957162938, 0.9539366733846103, 0.1880150894477029, 0.9999999999999881, 0.49955748051529764, 0.090961123251431, 0.04339967409673326, 0.19355352508936036, 0.06353187006559248, 0.10276884779781159], "test_labels": [], "test_logprobs": [], "test_probs": []}}