{"0": {"train_labels": [1, 1, 1, 1, 1, 1, 1, 1, 1, 1, 1, 1, 1, 1, 1, 1, 1, 0, 1, 1, 1, 0, 1, 1, 0, 1, 0, 1, 0, 1, 1, 0, 1, 0, 0, 1, 0, 1, 0, 1, 1, 1, 1, 1, 1, 1, 0, 1, 1, 1], "train_logprobs": [[-2.6949362754821777, -0.07428323477506638], [-9.421956062316895, -7.986703712958843e-05], [-3.590472936630249, -0.027972960844635963], [-4.603814125061035, -0.010064095258712769], [-3.7122268676757812, -0.025501837953925133], [-2.265784740447998, -0.116203673183918], [-10.468778610229492, -2.884823152271565e-05], [-7.438088893890381, -0.0005706112715415657], [-2.0448262691497803, -0.13857628405094147], [-5.597464084625244, -0.0037142117507755756], [-8.781403541564941, -0.0001538873475510627], [-5.37962007522583, -0.004620233550667763], [-0.7088954448699951, -0.6776454448699951], [-3.6817514896392822, -0.027124058455228806], [-3.469139575958252, -0.030680911615490913], [-3.1082098484039307, -0.04433426633477211], [-6.064826011657715, -0.0023259271401911974], [-0.011756774969398975, -4.449256896972656], [-8.797026634216309, -0.00015376816736534238], [-7.188255786895752, -0.0007557396893389523], [-2.753335475921631, -0.0658353641629219], [-0.012509924359619617, -4.387509822845459], [-4.171794891357422, -0.015070038847625256], [-4.665709018707275, -0.012905880808830261], [-0.008886787109076977, -4.758614540100098], [-4.789600372314453, -0.008350575342774391], [-0.005746866576373577, -5.161996841430664], [-2.1821796894073486, -0.11967968195676804], [-0.3217625319957733, -1.2905125617980957], [-7.875380039215088, -0.0003800861886702478], [-7.172642707824707, -0.0007676515378989279], [-0.6776442527770996, -0.7088942527770996], [-6.220739841461182, -0.001989767886698246], [-0.5359712839126587, -0.8797212839126587], [-0.43970727920532227, -1.0334572792053223], [-6.22074031829834, -0.0019290901254862547], [-0.2317984402179718, -1.4536898136138916], [-3.0188417434692383, -0.05009171739220619], [-0.012127120047807693, -4.418376922607422], [-6.096004486083984, -0.0022545652464032173], [-1.2905126810073853, -0.32176271080970764], [-1.406150221824646, -0.28889986872673035], [-3.197953462600708, -0.041703563183546066], [-5.690882205963135, -0.003382320748642087], [-1.267958164215088, -0.3304581940174103], [-5.193070888519287, -0.005571076646447182], [-0.05323784425854683, -2.9594879150390625], [-5.971304416656494, -0.0025542511139065027], [-2.929882526397705, -0.053238071501255035], [-6.251928806304932, -0.0019286142196506262]], "train_probs": [0.06782099583506526, 8.092747894215332e-05, 0.02758528287632481, 0.010013570327733808, 0.02444156177002289, 0.10437037728875681, 2.8409749707494997e-05, 0.0005883980673308508, 0.1294027332703691, 0.0037072533439255644, 0.00015356245074066294, 0.004609572905819922, 0.4921881357207955, 0.025218698135260675, 0.03111491689828714, 0.04462219101519508, 0.002323162326739495, 0.9883127434135244, 0.0001511823158392781, 0.0007554055970964759, 0.06371498758495588, 0.9875683479005141, 0.015417342329078527, 0.009444782510783468, 0.9914201991118694, 0.00831578015177299, 0.9942697533417424, 0.11279540553729424, 0.7248702821204019, 0.00037998453259431635, 0.0007672923697034165, 0.5078118642792044, 0.001987774066425167, 0.5851011542032312, 0.6442251064863697, 0.001987652750232143, 0.7723962247271904, 0.04885777741035709, 0.9879462181325472, 0.0022518474573632865, 0.2751297297667525, 0.24652167094019825, 0.04084571985051788, 0.00337661276801696, 0.28140561345566495, 0.005554925742918332, 0.9481545368296143, 0.0025509120000793213, 0.05332026130417048, 0.001926734293943221], "train_labels_average": [], "train_logprobs_average": [], "train_probs_average": [], "train_response": [], "test_labels": [], "test_logprobs": [], "test_probs": []}}