{"0": {"train_labels": [1, 0, 1, 0, 0, 0, 0, 0, 0, 0, 0, 1, 1, 0, 1, 0, 1, 1, 1, 1, 0, 0, 1, 0, 0, 0, 1, 1, 0, 0, 1, 0, 0, 1, 0, 0, 1, 0, 1, 0, 1, 0, 0, 0, 0, 1, 0, 0, 0, 0], "train_logprobs": [[-152.07606506347656, -150.50479125976562], [-43.530094146728516, -87.81971740722656], [-249.55123901367188, -112.4070053100586], [-0.06042908504605293, -72.12622833251953], [-195.628173828125, -489.2626647949219], [-34.33213424682617, -180.63259887695312], [-74.8317642211914, -262.515869140625], [-15.216730117797852, -214.0676727294922], [-141.07701110839844, -164.06741333007812], [-197.9554901123047, -318.2925109863281], [-73.02526092529297, -174.5908660888672], [-156.01303100585938, -120.20497131347656], [-673.1014404296875, -554.6278076171875], [-0.0006050526280887425, -204.13612365722656], [-85.40882110595703, -45.50636291503906], [-127.2398681640625, -168.82489013671875], [-169.27243041992188, -77.01947784423828], [-97.19776916503906, -26.901517868041992], [-62.533050537109375, -22.17310333251953], [-276.1058349609375, -142.23765563964844], [-139.90817260742188, -154.16665649414062], [-596.012939453125, -697.4569091796875], [-47.197654724121094, -44.08625030517578], [-116.64850616455078, -709.832275390625], [-146.59976196289062, -198.1496124267578], [-173.64659118652344, -346.9482727050781], [-458.4345703125, -304.14471435546875], [-97.72239685058594, -32.22146987915039], [-73.26538848876953, -394.692138671875], [-31.577465057373047, -38.97763442993164], [-662.08203125, -91.06074523925781], [-0.0017343241488561034, -37.45161056518555], [-141.00997924804688, -193.21148681640625], [-612.9913330078125, -471.0325622558594], [-269.13739013671875, -989.282470703125], [-100.1328125, -487.66998291015625], [-255.48399353027344, -202.0440216064453], [-59.58894348144531, -462.3426208496094], [-330.24456787109375, -97.67206573486328], [-354.1356201171875, -503.21160888671875], [-187.29037475585938, -111.39386749267578], [-0.02087835781276226, -111.22361755371094], [-61.41524887084961, -110.13174438476562], [-100.12492370605469, -117.76667022705078], [-151.48011779785156, -239.68911743164062], [-162.223876953125, -7.664645195007324], [-47.856651306152344, -74.83769226074219], [-103.04177856445312, -232.60092163085938], [-328.1062927246094, -623.9764404296875], [-0.08500885218381882, -321.4761047363281]], "train_probs": [0.17203487675684845, 1.0, 2.747995882590478e-60, 1.0, 1.0, 1.0, 1.0, 1.0, 0.9999999998963915, 1.0, 1.0, 2.810329666551873e-16, 3.528214808980952e-52, 1.0, 4.683630153031529e-18, 1.0, 8.610963673352526e-41, 2.9561465701905916e-31, 2.9641326771495417e-18, 7.274253276322996e-59, 0.9999993578760792, 1.0, 0.042639277355861635, 1.0, 1.0, 1.0, 9.834831967734517e-68, 3.5752700987565107e-29, 1.0, 0.9993892240348147, 1.0200147130807758e-248, 1.0, 1.0, 2.228892919793818e-62, 1.0, 1.0, 6.184649333952351e-24, 1.0, 9.886570777543163e-102, 1.0, 1.0928629424870156e-33, 1.0, 1.0, 0.999999978208515, 1.0, 7.512396821149537e-68, 0.9999999999980845, 1.0, 1.0, 1.0], "train_labels_average": [1, 1, 0, 0, 1, 1, 1, 1, 1, 1, 1, 1, 0, 1, 0, 1, 0, 0, 0, 0, 1, 1, 0, 1, 0, 1, 0, 0, 1, 1, 0, 1, 1, 0, 1, 1, 0, 1, 0, 1, 0, 1, 1, 1, 1, 0, 0, 1, 1, 0], "train_logprobs_average": [[-5.84907942551833, -4.472825443043428], [-7.255015691121419, -1.5546462195260184], [-4.708513943654187, -10.850053870159647], [-0.001342868556578954, -0.006042908504605293], [-5.0161070212339745, -1.8810401329627404], [-4.2915167808532715, -0.7802757783369585], [-3.401443828235973, -1.5271788616569675], [-1.086909294128418, -0.2766678203235973], [-4.030771745954241, -3.0668915458347485], [-6.3856609713646675, -2.356612977527437], [-4.868350728352865, -1.6227835761176215], [-5.571893964494977, -3.714595976329985], [-4.4873429361979165, -5.956649915306969], [-0.00020168420936291417, -1.779566553202184e-05], [-4.744934505886501, -10.676102638244629], [-3.438915355785473, -3.0295206705729165], [-3.5265089670817056, -6.269349274811922], [-3.738375737116887, -13.88539559500558], [-4.810234656700721, -7.816631317138672], [-5.752204895019531, -13.805291748046875], [-4.372130393981934, -3.9973763602120536], [-6.020332721748737, -4.925726772339876], [-2.7763326308306526, -3.1465103149414064], [-5.071674181067425, -0.8100590705871582], [-4.729024579448085, -4.729024579448085], [-4.5696471364874585, -2.2551505348899146], [-2.5610869849860336, -4.408024714543269], [-2.9612847530480586, -13.960342407226562], [-3.856073078356291, -0.7631811300913492], [-3.947183132171631, -1.7543036142985027], [-4.473527238175675, -22.069401041666666], [-0.00021679051860701293, -0.00015766583171419123], [-4.7003326416015625, -3.2793018429778344], [-4.347456262466755, -5.1082611083984375], [-3.844819859095982, -1.4952077229817708], [-3.708622685185185, -0.9020974099099099], [-3.870969598943537, -4.913153721736028], [-7.448617935180664, -0.7010463938993566], [-4.856537762810202, -13.20978271484375], [-4.117856047874273, -2.724120154747596], [-3.7458074951171874, -5.675465901692708], [-0.001159908767375681, -0.000994207514893441], [-3.411958270602756, -2.193401745387486], [-5.889701394473805, -3.2298362485824095], [-5.410004207066128, -2.705002103533064], [-4.384429106841216, -81.1119384765625], [-3.190443420410156, -5.982081413269043], [-3.3239283407888105, -1.8077505011307566], [-5.2920369794291835, -2.063561589462952], [-0.0012501301791738061, -0.0012880129118760426]], "train_probs_average": [0.20161130046710143, 0.0033335795250250383, 0.9978530117285457, 0.5011750078239771, 0.04168373343986455, 0.0289940769410571, 0.13304900120607424, 0.3078390414813135, 0.2761019871486006, 0.01748026338425374, 0.03748650258491765, 0.13501830439901685, 0.8129520274171144, 0.4999540278641718, 0.9973516540175374, 0.39905727315982537, 0.9395077214414373, 0.9999608088283611, 0.9528622714239823, 0.9996819827466565, 0.4073927808203117, 0.2507519407377659, 0.5915019124804125, 0.013903479469194582, 0.5, 0.08992945395632751, 0.863767156289823, 0.9999832828324822, 0.043401409167651527, 0.10039173558112023, 0.9999999771855979, 0.4999852188282811, 0.19450003774719768, 0.6815284490406486, 0.08709660686491347, 0.05697257918807786, 0.7392712141481395, 0.001172350490142844, 0.9997644248424171, 0.19881201249522706, 0.8732116058329804, 0.49995857468697424, 0.22819057507774643, 0.06538357368325351, 0.06267883781634055, 1.0, 0.9422222807799627, 0.1800250416566002, 0.03810809363511536, 0.5000094706831745], "test_labels": [], "test_logprobs": [], "test_probs": []}}