{"0": {"train_labels": [0, 0, 0, 0, 1, 1, 0, 1, 0, 0, 1, 0, 1, 0, 0, 1, 0, 1, 1, 0, 0, 1, 0, 1, 1, 1, 1, 0, 0, 1, 0, 1, 0, 1, 0, 0, 0, 0, 0, 0, 0, 0, 0, 1, 1, 0, 1, 0, 1, 0], "train_logprobs": [[-7.369484901428223, -42.83749771118164], [-26.922870635986328, -36.3006591796875], [-66.66018676757812, -194.79684448242188], [-22.00234031677246, -48.25628662109375], [-72.57661437988281, -47.69330978393555], [-40.91149139404297, -18.232248306274414], [-61.36968994140625, -126.55268859863281], [-265.4040832519531, -188.0074005126953], [-58.427677154541016, -104.32572937011719], [-71.80303955078125, -82.00554656982422], [-26.007326126098633, -12.301295280456543], [-144.13125610351562, -281.866943359375], [-376.7523498535156, -22.809654235839844], [-90.88725280761719, -128.28260803222656], [-14.720357894897461, -125.39894104003906], [-175.6415557861328, -54.89863967895508], [-72.72806549072266, -113.28523254394531], [-54.2943229675293, -52.48488998413086], [-18.566274642944336, -16.699209213256836], [-41.75690460205078, -57.448570251464844], [-34.95711898803711, -80.32986450195312], [-124.3125, -89.67552185058594], [-18.970325469970703, -51.7773551940918], [-155.0224609375, -97.69298553466797], [-39.77490997314453, -26.422649383544922], [-35.48002243041992, -25.50713539123535], [-57.583003997802734, -17.413421630859375], [-58.86137771606445, -62.24211120605469], [-55.95972442626953, -78.68896484375], [-95.82975769042969, -48.182273864746094], [-68.4131851196289, -121.03922271728516], [-80.4119873046875, -31.431377410888672], [-26.590818405151367, -60.30064010620117], [-177.66598510742188, -172.70150756835938], [-31.86557388305664, -38.45721435546875], [-70.98753356933594, -126.26911926269531], [-43.80946350097656, -65.66748046875], [-10.056050300598145, -36.01004409790039], [-20.31654167175293, -24.668485641479492], [-25.79532241821289, -54.99671936035156], [-127.86375427246094, -427.50872802734375], [-31.78358268737793, -85.01377868652344], [-10.373558044433594, -397.75225830078125], [-66.59584045410156, -33.062538146972656], [-239.53530883789062, -105.04410552978516], [-64.32551574707031, -188.16217041015625], [-99.17578125, -45.31027603149414], [-79.71150970458984, -93.95559692382812], [-93.05664825439453, -10.062260627746582], [-36.94051742553711, -107.01338958740234]], "train_probs": [0.9999999999999997, 0.9999154251081604, 1.0, 0.9999999999960368, 1.560695299811165e-11, 1.4142620024927664e-10, 1.0, 2.43807897170885e-34, 1.0, 0.9999629241259712, 1.1156961910160445e-06, 1.0, 1.9259294904910063e-154, 1.0, 1.0, 3.6476890186825847e-53, 1.0, 0.14070666878292748, 0.13388164207061842, 0.9999998468220933, 1.0, 9.064660017058822e-16, 0.9999999999999944, 1.2651009508250048e-25, 1.5892280244812943e-06, 4.664551924381656e-05, 3.585684201220872e-18, 0.9670969531716256, 0.999999999865471, 2.027499229923074e-21, 1.0, 5.345537774637137e-22, 0.9999999999999977, 0.006933192609031866, 0.9986300914868682, 1.0, 0.9999999996784978, 0.9999999999946504, 0.9872820824900599, 0.999999999999792, 1.0, 1.0, 1.0, 2.7332027437441226e-15, 3.901328665365485e-59, 1.0, 4.041181150997273e-24, 0.9999993485647757, 9.036399540325672e-37, 1.0], "train_labels_average": [1, 1, 1, 1, 0, 0, 1, 0, 1, 0, 0, 1, 0, 1, 1, 0, 1, 0, 0, 0, 1, 0, 1, 0, 1, 1, 0, 1, 1, 0, 1, 0, 1, 1, 1, 1, 1, 1, 1, 1, 1, 1, 1, 0, 0, 1, 0, 1, 0, 1], "train_logprobs_average": [[-0.9211856126785278, -0.3070618708928426], [-2.070990048922025, -1.7948580423990885], [-2.777507781982422, -0.8229652687355324], [-1.5715957369123186, -0.9566234920335852], [-2.419220479329427, -2.9030645751953124], [-1.3197255288400958, -3.7192264903675425], [-1.8596875739820076, -0.9589014053344727], [-1.6692080707670007, -2.4574452152958624], [-1.8847637791787424, -0.9578307730252625], [-1.709596179780506, -1.7512936475800305], [-1.238444101242792, -2.600732612609863], [-1.4858892381805735, -1.0836936549136513], [-1.8200596611280948, -41.86137220594618], [-2.931846864761845, -1.3770795879941997], [-1.13233522268442, -0.2164758513955509], [-1.9091473455014436, -7.318398157755534], [-2.5078643272662986, -1.0854935147869054], [-1.5512663705008372, -1.5512663705008372], [-1.0921338025261373, -1.2377516428629558], [-1.304903268814087, -1.439893262139682], [-1.7478559494018555, -0.7944799770008434], [-2.2602272727272728, -2.58984375], [-2.371290683746338, -0.8622875213623047], [-2.246702332427536, -3.0396560968137254], [-3.3145758310953775, -2.651660664876302], [-2.3653348286946616, -1.8673696016010486], [-2.3033201599121096, -4.429461845984826], [-2.102192061288016, -1.8394180536270142], [-2.072582386158131, -1.3648713274699886], [-1.879014856675092, -3.091282506142893], [-2.3590753489527208, -1.140219751993815], [-1.7480866805366848, -2.3650584501378678], [-1.477267689175076, -0.6647704601287842], [-1.8506873448689778, -1.505643941588321], [-1.8744455225327437, -1.2746229553222657], [-2.289920437720514, -0.8450896853492373], [-1.2516989571707589, -0.932116244701629], [-0.9141863909634677, -0.3724463074295609], [-1.6930451393127441, -1.4511815479823522], [-2.3450293107466265, -0.9553823117856626], [-1.8266250610351562, -0.7103541904025608], [-1.4447083039717241, -0.7063018374972874], [-1.0373558044433593, -0.05547357243012617], [-1.9587011898265165, -1.9587011898265165], [-2.047310331947783, -4.277416229248047], [-1.312765627491231, -0.6126239594959078], [-2.0239955357142856, -6.61171875], [-2.2142086029052734, -1.594230194091797], [-2.7369602427763096, -11.632081031799316], [-1.4776206970214845, -0.626110464839612]], "train_probs_average": [0.3511190915314603, 0.43140232017378527, 0.1240588875202944, 0.35092579770425625, 0.6186551902309821, 0.9167892414112109, 0.2888889662732469, 0.6874526860506875, 0.2835473551138463, 0.5104228568269394, 0.7961313890335397, 0.40078494190136393, 1.0, 0.17439879146603465, 0.28580232662343746, 0.9955449447699362, 0.1942901840206281, 0.5, 0.5363402678316247, 0.5336963451271545, 0.27820639373263445, 0.5816660569293428, 0.18108657142225165, 0.6884652089311494, 0.34008506424527685, 0.3780189670004861, 0.8934181686906056, 0.4346819183534246, 0.3301048096747432, 0.770699937537372, 0.22813790695277464, 0.6495295119336445, 0.30735860677132654, 0.4145848966703644, 0.3543842886492232, 0.19079839335286866, 0.4207774473850894, 0.36778288741001425, 0.4398271491786107, 0.1994641174334309, 0.24670365373844758, 0.3233527039057805, 0.27251846737734403, 0.5, 0.9029206418328096, 0.33178081896196326, 0.9899265072766961, 0.34978636202038565, 0.9998629627588211, 0.2991161478528186], "test_labels": [], "test_logprobs": [], "test_probs": []}}