{"0": {"train_labels": [1, 1, 1, 1, 1, 1, 1, 0, 1, 0, 1, 0, 0, 0, 1, 1, 1, 1, 1, 1, 1, 1, 1, 0, 1, 1, 1, 0, 0, 1, 1, 0, 0, 1, 1, 1, 1, 1, 0, 1, 1, 1, 1, 0, 1, 1, 1, 1, 1, 1], "train_logprobs": [[-1.9906378984451294, -0.1468878835439682], [-1.650612711906433, -0.20719008147716522], [-3.4994328022003174, -0.0306827612221241], [-2.1269314289093018, -0.12693151831626892], [-1.418343186378479, -0.277718186378479], [-1.245618462562561, -0.33936846256256104], [-1.5879693031311035, -0.22859427332878113], [-0.4341873824596405, -1.043562412261963], [-2.364363193511963, -0.09873819351196289], [-0.10078898072242737, -2.3507890701293945], [-1.1582036018371582, -0.376953661441803], [-0.17227119207382202, -1.8441462516784668], [-0.28893300890922546, -1.3826830387115479], [-0.46301379799842834, -0.8720958828926086], [-3.1380865573883057, -0.04433666169643402], [-1.0741713047027588, -0.4179212749004364], [-1.6004935503005981, -0.2043326497077942], [-2.8561055660247803, -0.0592304989695549], [-1.501932144165039, -0.25543299317359924], [-1.8047459125518799, -0.17974594235420227], [-2.209954023361206, -0.11282309144735336], [-2.0041589736938477, -0.14478416740894318], [-4.8205952644348145, -0.008095074445009232], [-0.05841987952589989, -2.870919942855835], [-2.3785219192504883, -0.1002100333571434], [-2.9594898223876953, -0.053239766508340836], [-1.625435709953308, -0.2191857099533081], [-0.3132745325565338, -1.324721097946167], [-0.4921315312385559, -0.9548375010490417], [-2.0448577404022217, -0.13860782980918884], [-2.182196855545044, -0.11969681829214096], [-0.23835265636444092, -1.550852656364441], [-0.42892804741859436, -1.053928017616272], [-3.1082279682159424, -0.04503456875681877], [-0.8797316551208496, -0.5359815359115601], [-1.5019348859786987, -0.25193488597869873], [-3.3482825756073, -0.0825299471616745], [-3.9874720573425293, -0.01732688955962658], [-0.45095309615135193, -1.0134531259536743], [-2.622321367263794, -0.07544630765914917], [-1.5756152868270874, -0.2318652868270874], [-1.9906474351882935, -0.14904706180095673], [-0.984714150428772, -0.46910297870635986], [-0.08377468585968018, -2.5212745666503906], [-0.8525750637054443, -0.5557000637054443], [-1.804809808731079, -0.17981047928333282], [-2.1131837368011475, -0.1269327700138092], [-4.619295597076416, -0.009920814074575901], [-0.9945935606956482, -0.4633435606956482], [-2.797304630279541, -0.06292974203824997]], "train_probs": [0.13660838826867902, 0.19101589411047712, 0.030214585866664673, 0.11920293140927593, 0.24220562872535945, 0.2877678157610531, 0.2043418950913969, 0.6477982247516796, 0.09401017961657228, 0.9046505428129514, 0.3140505578320071, 0.8418256551882382, 0.7490872187162397, 0.6008677596159651, 0.04336580309115119, 0.34158249273565866, 0.1984260253578797, 0.05749327516681068, 0.2233067408077603, 0.16451646699291617, 0.1093759923279937, 0.13477594001234097, 0.008061990008924104, 0.9433475780765632, 0.09293516037072298, 0.05184546390288974, 0.19682620364309847, 0.7333031489720663, 0.6136559107511631, 0.12940274166401955, 0.11279540255489831, 0.7879311956428947, 0.651354857898194, 0.044651282212968546, 0.414898816857785, 0.22270013882530887, 0.03676494606587863, 0.01852118589688527, 0.6370308013713524, 0.07263670234578154, 0.2068940488158881, 0.13686212915495147, 0.3738790598760675, 0.9196425223682085, 0.4263215925474903, 0.16451655506452517, 0.1206540570055345, 0.009859857422013615, 0.37022539259558657, 0.06097518726395679], "train_labels_average": [], "train_logprobs_average": [], "train_probs_average": [], "train_response": [], "test_labels": [], "test_logprobs": [], "test_probs": []}}