{"0": {"train_labels": [0, 0, 1, 0, 1, 1, 0, 0, 0, 1, 1, 1, 1, 1, 1, 0, 0, 0, 1, 0, 0, 0, 0, 0, 1, 1, 0, 0, 0, 0, 1, 1, 1, 1, 0, 1, 0, 1, 0, 0, 0, 1, 1, 1, 0, 1, 0, 0, 0, 1], "train_logprobs": [[-88.29544067382812, -224.76466369628906], [-47.34975814819336, -220.5414581298828], [-165.1387176513672, -158.09275817871094], [-32.573097229003906, -89.53137969970703], [-349.2587890625, -188.18368530273438], [-212.0852508544922, -42.41141128540039], [-49.71258544921875, -254.13543701171875], [-88.09382629394531, -125.91224670410156], [-4.775501728057861, -48.45018768310547], [-106.93592071533203, -97.6752700805664], [-51.09248733520508, -33.97142028808594], [-364.5008239746094, -80.38636016845703], [-8.69812297821045, -3.63938570022583], [-115.23497772216797, -113.89152526855469], [-96.20687866210938, -27.193105697631836], [-23.35320472717285, -304.8326110839844], [-0.9850797057151794, -16.41117286682129], [-1.4256221055984497, -6.020634174346924], [-216.97378540039062, -196.79208374023438], [-126.1614761352539, -218.07650756835938], [-0.6467593312263489, -23.162372589111328], [-174.60397338867188, -384.6545104980469], [-61.975677490234375, -354.7419128417969], [-7.371747970581055, -119.99088287353516], [-217.22865295410156, -166.0891571044922], [-103.89327239990234, -74.30906677246094], [-324.62176513671875, -383.0576171875], [-109.07850646972656, -141.90414428710938], [-184.53004455566406, -349.27001953125], [-71.95275115966797, -1003.9799194335938], [-157.56832885742188, -153.16607666015625], [-441.7235107421875, -99.71192932128906], [-218.33889770507812, -13.281610488891602], [-36.724674224853516, -23.001697540283203], [-41.18602752685547, -499.2697448730469], [-313.77386474609375, -168.76510620117188], [-142.41966247558594, -311.1436462402344], [-404.4797668457031, -222.93472290039062], [-154.94305419921875, -265.93634033203125], [-19.930522918701172, -103.58546447753906], [-88.61903381347656, -92.25382232666016], [-249.90219116210938, -89.29084777832031], [-260.90899658203125, -145.7936553955078], [-130.21128845214844, -72.16707611083984], [-40.15013885498047, -62.83714294433594], [-278.59417724609375, -194.51492309570312], [-0.03063744120299816, -33.986045837402344], [-2.747692108154297, -64.0675048828125], [-0.49352458119392395, -7.418036937713623], [-265.09136962890625, -92.14835357666016]], "train_probs": [1.0, 1.0, 0.0008701629939793372, 1.0, 1.1116581725854009e-70, 2.049216064530041e-74, 1.0, 1.0, 1.0, 9.508439201719427e-05, 3.667879345912882e-08, 4.079962205883513e-124, 0.00631346416930318, 0.20694287713367965, 1.065857698072684e-30, 1.0, 0.9999998002288472, 0.9899989329079223, 1.7186930976647545e-09, 1.0, 0.9999999998334312, 1.0, 1.0, 1.0, 6.171619537261022e-23, 1.418217188111355e-13, 1.0, 0.9999999999999944, 1.0, 1.0, 0.012101480280749774, 2.9258862762457806e-149, 8.80545268839209e-90, 1.0969490950619623e-06, 1.0, 1.0555925982178337e-63, 1.0, 1.4321522764916744e-79, 1.0, 1.0, 0.9742889863444177, 1.7675830868351166e-70, 1.0140107058785095e-50, 6.190402300182724e-26, 0.9999999998596673, 3.0538231284138088e-37, 0.9999999999999982, 1.0, 0.999017583549855, 7.794754561074934e-76], "test_labels": [], "test_logprobs": [], "test_probs": []}}