{"0": {"train_labels": [0, 0, 1, 0, 1, 1, 0, 0, 0, 1, 1, 1, 0, 1, 1, 0, 0, 0, 1, 0, 0, 0, 0, 0, 1, 1, 0, 0, 0, 0, 1, 1, 1, 1, 0, 1, 0, 1, 0, 0, 1, 1, 1, 1, 0, 1, 0, 0, 0, 1], "train_logprobs": [[-89.45209503173828, -225.37693786621094], [-47.33935546875, -228.34463500976562], [-169.8487548828125, -159.51100158691406], [-28.140926361083984, -86.23291015625], [-323.3409423828125, -159.5524444580078], [-209.2620391845703, -41.935447692871094], [-52.77082824707031, -243.74188232421875], [-91.45919799804688, -124.56449890136719], [-3.238813638687134, -48.75745391845703], [-102.34493255615234, -84.4092025756836], [-54.41120910644531, -24.569438934326172], [-354.9974365234375, -83.24758911132812], [-4.849379062652588, -6.755964279174805], [-123.61744689941406, -113.17720031738281], [-94.54341125488281, -33.424583435058594], [-27.732669830322266, -313.5374755859375], [-2.0107336044311523, -18.782651901245117], [-1.8319629430770874, -3.778622627258301], [-226.0901641845703, -211.33694458007812], [-122.16975402832031, -202.18994140625], [-0.8843616247177124, -12.767318725585938], [-172.68838500976562, -376.81903076171875], [-58.06642150878906, -336.2281494140625], [-1.5026934146881104, -112.68817901611328], [-224.54721069335938, -149.24781799316406], [-90.90454864501953, -62.24644088745117], [-323.7818908691406, -408.00909423828125], [-121.11689758300781, -137.4275360107422], [-180.33071899414062, -347.27117919921875], [-58.240379333496094, -985.602783203125], [-159.39752197265625, -159.0461883544922], [-431.86041259765625, -101.3124008178711], [-199.62741088867188, -11.355072975158691], [-38.23682403564453, -18.662063598632812], [-44.35097885131836, -491.0977783203125], [-311.41033935546875, -162.0318145751953], [-148.99542236328125, -310.1143798828125], [-391.2367858886719, -216.65740966796875], [-127.96383666992188, -250.06387329101562], [-14.007694244384766, -107.25595092773438], [-91.75579833984375, -88.55485534667969], [-228.43212890625, -71.03160858154297], [-252.83546447753906, -143.21365356445312], [-117.9473876953125, -74.24272155761719], [-45.55577087402344, -61.34079360961914], [-279.0322570800781, -210.85743713378906], [-0.07129109650850296, -29.619735717773438], [-3.4329330921173096, -69.51176452636719], [-0.3871335983276367, -6.452357292175293], [-260.08148193359375, -116.89322662353516]], "train_probs": [1.0, 1.0, 3.238595611486246e-05, 1.0, 7.371555710018532e-72, 2.1428148107450392e-73, 1.0, 0.9999999999999957, 1.0, 1.6240950157166064e-08, 1.096185073336379e-13, 9.56182543751248e-119, 0.8706350284276123, 2.923114482231963e-05, 2.8604235006363927e-27, 1.0, 0.9999999479946037, 0.875081957364337, 3.9152361814550226e-07, 1.0, 0.9999930929229182, 1.0, 1.0, 1.0, 1.98558854935578e-33, 3.5804856633093353e-13, 1.0, 0.9999999175141036, 1.0, 1.0, 0.4130590595528908, 2.784982560323821e-144, 1.7153887168638865e-82, 3.1534761900915845e-09, 1.0, 1.335767808983939e-65, 1.0, 1.5175403704268535e-76, 1.0, 1.0, 0.03913025171295806, 4.383515779907833e-69, 2.4652015050600443e-48, 1.0454533605586988e-19, 0.9999998604751166, 2.466334014675285e-30, 0.999999999999853, 1.0, 0.99768314181129, 6.518247481105832e-63], "test_labels": [], "test_logprobs": [], "test_probs": []}}