{"train/loss": 0.7515335083007812, "_timestamp": 1708411594.242522, "_runtime": 89.15034699440002, "_step": 59, "train/raw-loss": 0.7515335083007812, "train/kld": 0.0, "_wandb": {"runtime": 90}}