{"train-loss/loss": 0.5785142183303833, "_timestamp": 1709867464.0589771, "_runtime": 1839.4189701080322, "_step": 8999, "train-loss/raw-loss": 0.5550249814987183, "train-loss/kld": 0.2348923683166504, "train-probs/accuracy-col": 1.0, "train-probs/accuracy-row": 1.0, "train-probs/p_c0_r0": -0.6796987652778625, "train-probs/p_c0_r1": -1.1550862789154053, "train-probs/p_c1_r0": -0.8262777328491211, "train-probs/p_c1_r1": -0.35023123025894165}