{"train/loss": 0.5973, "train/learning_rate": 4.189795918367347e-07, "train/rewards/chosen": -0.6097193956375122, "train/rewards/rejected": -0.8858169913291931, "train/rewards/accuracies": 0.625, "train/rewards/margins": 0.2760975658893585, "train/logps/rejected": -107.58368682861328, "train/logps/chosen": -101.80819702148438, "train/logits/rejected": -2.388110637664795, "train/logits/chosen": -2.3544199466705322, "train/epoch": 0.15, "train/global_step": 894, "_timestamp": 1706569434.612881, "_runtime": 13565.35107588768, "_step": 894, "eval/loss": 0.633404016494751, "eval/runtime": 1256.0038, "eval/samples_per_second": 3.981, "eval/steps_per_second": 0.995, "eval/rewards/chosen": -0.5229083299636841, "eval/rewards/rejected": -0.7123298048973083, "eval/rewards/accuracies": 0.6521999835968018, "eval/rewards/margins": 0.18942143023014069, "eval/logps/rejected": -97.26496124267578, "eval/logps/chosen": -88.9009780883789, "eval/logits/rejected": -2.490173101425171, "eval/logits/chosen": -2.4800891876220703}