{"train/loss": 1.6441, "train/learning_rate": 0.0, "train/epoch": 1.0, "train/global_step": 625, "_timestamp": 1710725294.386561, "_runtime": 1476.7370908260345, "_step": 125, "train/train_runtime": 1477.884, "train/train_samples_per_second": 54.131, "train/train_steps_per_second": 0.423, "train/total_flos": 9.640798247274414e+17, "train/train_loss": 1.6467060569763183}