{"train/loss": 0.02184942364692688, "_timestamp": 1708379984.144156, "_runtime": 2218.4263570308685, "_step": 122, "train/raw-loss": 0.021845556795597076, "train/kld": 4.8343557864427567e-05}