{"train-loss/loss": 0.6791543960571289, "_timestamp": 1715126722.342195, "_runtime": 79.46415901184082, "_step": 8, "train-loss/raw-loss": 0.6791543960571289, "train-loss/kld": 0.0, "train-probs/accuracy-col": 1.0, "train-probs/accuracy-row": 0.5, "train-probs/p_c0_r0": -0.3900747001171112, "train-probs/p_c0_r1": -0.6589915752410889, "train-probs/p_c1_r0": -0.3998938202857971, "train-probs/p_c1_r1": -0.5709908604621887}