{"train/loss": 0.6931, "train/learning_rate": 4e-05, "train/rewards/chosen": 0.0, "train/rewards/rejected": 0.0, "train/rewards/accuracies": 0.0, "train/rewards/margins": 0.0, "train/logps/rejected": -73.02313232421875, "train/logps/chosen": -71.97799682617188, "train/logits/rejected": 8.956600189208984, "train/logits/chosen": 9.272675514221191, "train/epoch": 0.01, "train/global_step": 2, "_timestamp": 1705870026.986081, "_runtime": 165.99644684791565, "_step": 0}