{"train/loss": 0.1285, "train/learning_rate": 8.52754590984975e-05, "train/rewards/chosen": -1.1240841150283813, "train/rewards/rejected": -5.044990539550781, "train/rewards/accuracies": 0.96875, "train/rewards/margins": 3.920905828475952, "train/logps/rejected": -134.8572998046875, "train/logps/chosen": -95.03652954101562, "train/logits/rejected": 7.833958148956299, "train/logits/chosen": 8.030330657958984, "train/epoch": 3.11, "train/global_step": 446, "_timestamp": 1705899188.077504, "_runtime": 29327.087869882584, "_step": 266, "eval/loss": 0.32478195428848267, "eval/runtime": 182.9643, "eval/samples_per_second": 2.64, "eval/steps_per_second": 0.333, "eval/rewards/chosen": -1.3294883966445923, "eval/rewards/rejected": -4.194267749786377, "eval/rewards/accuracies": 0.8647540807723999, "eval/rewards/margins": 2.864778995513916, "eval/logps/rejected": -123.82829284667969, "eval/logps/chosen": -94.3478012084961, "eval/logits/rejected": 7.938634872436523, "eval/logits/chosen": 7.819593906402588}