{"train-loss/loss": 0.36086827516555786, "_timestamp": 1710256998.672607, "_runtime": 1902.692361831665, "_step": 8999, "train-loss/raw-loss": 0.2598861753940582, "train-loss/kld": 0.050491053611040115, "train-probs/accuracy-col": 1.0, "train-probs/accuracy-row": 0.5, "train-probs/p_c0_r0": -0.671005129814148, "train-probs/p_c0_r1": -4.675901412963867, "train-probs/p_c1_r0": -0.9182833433151245, "train-probs/p_c1_r1": -1.0236984491348267, "_wandb": {"runtime": 1941}}