{"train-loss/loss": 0.2178570032119751, "_timestamp": 1709067049.9050593, "_runtime": 172.25161337852478, "_step": 467, "train-loss/raw-loss": 0.16451109945774078, "train-loss/kld": 0.10669182986021042, "train-probs/accuracy-col": 0.5, "train-probs/accuracy-row": 1.0, "train-probs/p_c0_r0": -5.366393089294434, "train-probs/p_c0_r1": -9.670086860656738, "train-probs/p_c1_r0": -1.8895108699798584, "train-probs/p_c1_r1": -1.1549159288406372}