{"loss/train": -0.013757318258285522, "margins/train": 0.5, "_timestamp": 1707616289.1406708, "_runtime": 98.57733583450317, "_step": 38}