{"train/loss": 0.4525, "train/learning_rate": 2.0000000000000002e-07, "train/epoch": 5.0, "train/global_step": 5, "_timestamp": 1706593210.6266608, "_runtime": 33.756391763687134, "_step": 4, "_wandb": {"runtime": 35}}