{"train-loss/loss": 0.6730144619941711, "_timestamp": 1715200936.1742594, "_runtime": 9218.003863334656, "_step": 1619, "train-loss/raw-loss": 0.6730144619941711, "train-loss/kld": 0.0, "train-probs/accuracy-col": 1.0, "train-probs/accuracy-row": 1.0, "train-probs/p_c0_r0": -0.35814157128334045, "train-probs/p_c0_r1": -0.4539264738559723, "train-probs/p_c1_r0": -0.40092310309410095, "train-probs/p_c1_r1": -0.39573144912719727}