{"train/loss": 0.6168, "train/learning_rate": 9.905905905905906e-05, "train/rewards/chosen": -0.8307914733886719, "train/rewards/rejected": -1.1861053705215454, "train/rewards/accuracies": 0.6875, "train/rewards/margins": 0.35531383752822876, "train/logps/rejected": -96.23490142822266, "train/logps/chosen": -114.31794738769531, "train/logits/rejected": 8.91613483428955, "train/logits/chosen": 8.592528343200684, "train/epoch": 0.26, "train/global_step": 52, "_timestamp": 1706147489.9639516, "_runtime": 2556.9050295352936, "_step": 25}