{"train-loss/loss": 0.3569742441177368, "_timestamp": 1709083517.9397795, "_runtime": 1025.7553424835205, "_step": 4502, "train-loss/raw-loss": 0.15603455901145935, "train-loss/kld": 0.04018794372677803, "train-probs/accuracy-col": 1.0, "train-probs/accuracy-row": 1.0, "train-probs/p_c0_r0": -1.9087071418762207, "train-probs/p_c0_r1": -7.714794158935547, "train-probs/p_c1_r0": -3.357386589050293, "train-probs/p_c1_r1": -1.9946463108062744, "eval-loss/loss": 0.45966652035713196, "eval-loss/raw-loss": 0.2729971706867218, "eval-loss/kld": 0.03733386844396591}