{"train-loss/loss": 0.06885762512683868, "_timestamp": 1709080203.6595907, "_runtime": 169.34481072425842, "_step": 458, "train-loss/raw-loss": 0.05933046340942383, "train-loss/kld": 0.9527164697647095, "train-probs/accuracy-col": 1.0, "train-probs/accuracy-row": 1.0, "train-probs/p_c0_r0": -3.811253309249878, "train-probs/p_c0_r1": -9.714873313903809, "train-probs/p_c1_r0": -8.211129188537598, "train-probs/p_c1_r1": -3.8256025314331055}