{"train-loss/loss": 0.660966157913208, "_timestamp": 1711843749.9001093, "_runtime": 1280.0627133846283, "_step": 1331, "train-loss/raw-loss": 0.660966157913208, "train-loss/kld": 0.0, "train-probs/accuracy-col": 0.5, "train-probs/accuracy-row": 0.5, "train-probs/p_c0_r0": -0.5663753747940063, "train-probs/p_c0_r1": -0.5174437761306763, "train-probs/p_c1_r0": -0.7600275278091431, "train-probs/p_c1_r1": -0.5610727667808533}