{"train-loss/loss": 0.6297308802604675, "_timestamp": 1722553842.5714123, "_runtime": 373.1048583984375, "_step": 647, "train-loss/raw-loss": 0.6297308802604675, "train-loss/kld": 0.02280719205737114, "train-probs/accuracy-col": 1.0, "train-probs/accuracy-row": 0.5, "train-probs/p_c0_r0": -0.6265764832496643, "train-probs/p_c0_r1": -1.0382380485534668, "train-probs/p_c1_r0": -0.6927903294563293, "train-probs/p_c1_r1": -0.7300981283187866}