{"train/loss": 0.6922, "train/learning_rate": 9.79381443298969e-07, "train/rewards/chosen": -0.009291721507906914, "train/rewards/rejected": -0.012372588738799095, "train/rewards/accuracies": 0.5, "train/rewards/margins": 0.003080868162214756, "train/logps/rejected": -109.14744567871094, "train/logps/chosen": -101.0260009765625, "train/logits/rejected": 5.92085075378418, "train/logits/chosen": 5.856954097747803, "train/epoch": 0.21, "train/global_step": 250, "_timestamp": 1706498704.5799515, "_runtime": 2546.7733945846558, "_step": 249, "_wandb": {"runtime": 2546}}