{"train/loss": 0.6905, "train/learning_rate": 9.923711340206186e-07, "train/rewards/chosen": -0.0008249999955296516, "train/rewards/rejected": -5.941558629274368e-05, "train/rewards/accuracies": 0.5, "train/rewards/margins": -0.0007655862718820572, "train/logps/rejected": -95.28729248046875, "train/logps/chosen": -68.26716613769531, "train/logits/rejected": 6.711042881011963, "train/logits/chosen": 6.3059210777282715, "train/epoch": 0.15, "train/global_step": 187, "_timestamp": 1706498086.9869068, "_runtime": 1929.1803498268127, "_step": 186}