{"train/loss": 1.6008, "train/learning_rate": 9.564000000000001e-05, "train/epoch": 1.57, "train/global_step": 872, "_timestamp": 1705427640.0049763, "_runtime": 1188.9718523025513, "_step": 443, "eval/loss": 1.6104308366775513, "eval/runtime": 28.6538, "eval/samples_per_second": 34.585, "eval/steps_per_second": 8.655}