{"train/loss": 1.6136, "train/learning_rate": 1.2345679012345678e-08, "train/epoch": 1.0, "train/global_step": 312, "_timestamp": 1710658686.5894668, "_runtime": 1313.5830338001251, "_step": 62, "train/train_runtime": 1314.7417, "train/train_samples_per_second": 30.424, "train/train_steps_per_second": 0.237, "train/total_flos": 4.838624731458437e+17, "train/train_loss": 1.6723107963036268}