{"train/loss": 1.6374, "train/learning_rate": 9.666666666666666e-07, "train/epoch": 0.46, "train/global_step": 145, "_timestamp": 1710657947.4826684, "_runtime": 574.4762353897095, "_step": 28}