{"train-loss/loss": 0.28240472078323364, "_timestamp": 1710204365.8538587, "_runtime": 1846.9013977050781, "_step": 8999, "train-loss/raw-loss": 0.18313995003700256, "train-loss/kld": 0.09926475584506989, "train-probs/accuracy-col": 1.0, "train-probs/accuracy-row": 1.0, "train-probs/p_c0_r0": -0.4118964374065399, "train-probs/p_c0_r1": -8.349608421325684, "train-probs/p_c1_r0": -1.041244387626648, "train-probs/p_c1_r1": -0.7508411407470703, "_wandb": {"runtime": 1886}}