{"train-loss/loss": 0.6953092813491821, "_timestamp": 1708479356.3509676, "_runtime": 4577.95018863678, "_step": 19014, "train-loss/raw-loss": 0.6951855421066284, "train-loss/kld": 0.0004125889390707016, "train-probs/accuracy": 0.5, "train-probs/p_c0_r0": -1.0960018634796143, "train-probs/p_c0_r1": -1.2688052654266357, "train-probs/p_c1_r0": -1.1861259937286377, "train-probs/p_c1_r1": -1.3029890060424805, "eval-loss/loss": 0.6987419724464417, "eval-loss/raw-loss": 0.6976172924041748, "eval-loss/kld": 0.0037487121298909187, "_wandb": {"runtime": 4689}}