{"train-loss/loss": 0.6300419569015503, "_timestamp": 1710510836.2101946, "_runtime": 1471.9580926895142, "_step": 6749, "train-loss/raw-loss": 0.6300419569015503, "train-loss/kld": 0.006695703603327274, "train-probs/accuracy-col": 1.0, "train-probs/accuracy-row": 0.5, "train-probs/p_c0_r0": -0.4927300810813904, "train-probs/p_c0_r1": -1.1060715913772583, "train-probs/p_c1_r0": -0.5353899598121643, "train-probs/p_c1_r1": -0.8223488330841064, "_wandb": {"runtime": 1597}}