{"train-loss/loss": 0.5334053039550781, "_timestamp": 1710467133.9335375, "_runtime": 2768.043939590454, "_step": 10691, "train-loss/raw-loss": 0.5334053039550781, "train-loss/kld": 0.06627685576677322, "train-probs/accuracy-col": 0.5, "train-probs/accuracy-row": 0.5, "train-probs/p_c0_r0": -0.4328472912311554, "train-probs/p_c0_r1": -1.7291066646575928, "train-probs/p_c1_r0": -0.39022356271743774, "train-probs/p_c1_r1": -0.5354183912277222, "_wandb": {"runtime": 2828}}