{"loss/train": -0.4197235107421875, "margins/train": 1.0, "_timestamp": 1707513123.3512661, "_runtime": 59.57528519630432, "_step": 24, "_wandb": {"runtime": 59}}