{"train-loss/loss": 0.6966016292572021, "_timestamp": 1712534862.9340532, "_runtime": 1223.8546841144562, "_step": 3707, "train-loss/raw-loss": 0.6966016292572021, "train-loss/kld": 0.0, "train-probs/accuracy-col": 0.5, "train-probs/accuracy-row": 0.5, "train-probs/p_c0_r0": -0.31706327199935913, "train-probs/p_c0_r1": -0.4150846600532532, "train-probs/p_c1_r0": -0.37844979763031006, "train-probs/p_c1_r1": -0.4805363714694977}