{"train-loss/loss": 0.6772132515907288, "_timestamp": 1711847731.1893103, "_runtime": 2101.969307422638, "_step": 2249, "train-loss/raw-loss": 0.6772132515907288, "train-loss/kld": 0.0, "train-probs/accuracy-col": 0.5, "train-probs/accuracy-row": 0.5, "train-probs/p_c0_r0": -0.550598680973053, "train-probs/p_c0_r1": -0.5333771109580994, "train-probs/p_c1_r0": -0.7067340016365051, "train-probs/p_c1_r1": -0.6111377477645874}