{"0": {"train_labels": [0, 0, 1, 0, 0, 0, 0, 0, 0, 0, 0, 1, 1, 0, 0, 0, 0, 0, 0, 0, 1, 0, 0, 1, 0, 0, 0, 0, 0, 0, 0, 1, 1, 0, 0, 0, 0, 1, 0, 0, 0, 0, 0, 0, 1, 0, 0, 0, 0, 0, 1, 0, 0, 1, 0, 0, 0, 0, 0, 0, 0, 0, 0, 1, 0, 0, 0, 0, 0, 0, 0, 0, 0, 0, 0, 0, 1, 0, 0, 0, 0, 1, 0, 0, 0, 1, 0, 1, 0, 0, 0, 0, 0, 0, 0, 0, 0, 0, 0, 0], "train_logprobs": [[-2082.370849609375, -12742.8671875], [-449.8212890625, -1106.0421142578125], [-2758.864990234375, -530.5533447265625], [-780.14453125, -837.02978515625], [-764.8358154296875, -7659.60546875], [-3601.3583984375, -4736.796875], [-1009.875, -1667.027587890625], [-132.52066040039062, -5192.0927734375], [-3877.7353515625, -2208.47900390625], [-432.11175537109375, -6061.1279296875], [-5412.0126953125, -24819.546875], [-2402.228271484375, -410.7762145996094], [-6637.703125, -87.6572265625], [-5916.46044921875, -5709.69873046875], [-1569.4610595703125, -2485.595703125], [-3997.921142578125, -3364.3583984375], [-2006.460205078125, -4578.0283203125], [-11241.6767578125, -7411.53466796875], [-892.0400390625, -5411.068359375], [-2429.73681640625, -3512.770751953125], [-1574.660888671875, -449.6630859375], [-2614.82568359375, -21077.15625], [-926.8886108398438, -3451.139404296875], [-1849.1337890625, -559.6787109375], [-3992.1142578125, -1189.153564453125], [-1404.9200439453125, -1244.46044921875], [-7607.1357421875, -1746.739501953125], [-8671.55078125, -4066.531982421875], [-7048.01708984375, -1561.486083984375], [-1307.5162353515625, -4139.39453125], [-342.16058349609375, -1907.841064453125], [-9899.3076171875, -116.6328125], [-406.9407958984375, -159.0911102294922], [-7335.294921875, -3891.1416015625], [-3515.61962890625, -2317.60986328125], [-3909.59130859375, -8211.7275390625], [-399.68896484375, -507.2933044433594], [-1800.401123046875, -628.7919921875], [-1913.7430419921875, -3245.328857421875], [-3321.240478515625, -3079.794921875], [-13168.2490234375, -9787.0771484375], [-117.93241119384766, -4527.7900390625], [-3236.869140625, -4708.09619140625], [-6043.31787109375, -9061.5224609375], [-1048.4249267578125, -634.334228515625], [-506.7063903808594, -902.0093383789062], [-2573.814453125, -6773.77734375], [-8774.611328125, -1423.863037109375], [-667.6285400390625, -2878.2294921875], [-907.8153076171875, -1212.55224609375], [-1227.398681640625, -195.83883666992188], [-5398.587890625, -4166.9658203125], [-668.4661865234375, -1772.6800537109375], [-616.1962280273438, -436.406005859375], [-5323.7861328125, -4992.6884765625], [-903.05712890625, -3351.289306640625], [-760.102783203125, -1218.241455078125], [-1647.540771484375, -2201.95849609375], [-114.4158706665039, -2039.3775634765625], [-2710.36376953125, -1654.263427734375], [-3155.05517578125, -5083.81640625], [-51.96299743652344, -9594.3173828125], [-5419.06298828125, -2459.474609375], [-10510.24609375, -74.96977233886719], [-2222.487060546875, -2543.46142578125], [-3678.003173828125, -6172.8515625], [-6638.791015625, -6744.86083984375], [-15.79490852355957, -421.115966796875], [-426.066162109375, -431.796630859375], [-10286.1796875, -5991.53515625], [-1807.20556640625, -8277.5654296875], [-10589.978515625, -1270.72021484375], [-921.4137573242188, -1274.5445556640625], [-2885.7587890625, -8720.259765625], [-61.099632263183594, -3876.589111328125], [-832.1561279296875, -7449.98046875], [-355.0941467285156, -268.72265625], [-138.87783813476562, -281.5869445800781], [-1445.0164794921875, -2734.397705078125], [-1099.82958984375, -2156.82958984375], [-2766.2109375, -2585.9599609375], [-3629.9345703125, -723.4498291015625], [-315.0703430175781, -6931.21142578125], [-6149.4091796875, -6490.46923828125], [-2286.214111328125, -2467.3583984375], [-2543.710205078125, -140.5361328125], [-2453.455322265625, -5730.5908203125], [-3864.169189453125, -557.21142578125], [-1633.043701171875, -1366.1015625], [-1478.000732421875, -5310.35693359375], [-479.40936279296875, -7676.56201171875], [-7518.7744140625, -14913.7255859375], [-8037.919921875, -5714.39599609375], [-1040.7960205078125, -1673.681640625], [-2713.0908203125, -6474.1923828125], [-6973.4169921875, -1374.27392578125], [-1923.686767578125, -2206.94091796875], [-1663.5411376953125, -1655.119140625], [-1141.88818359375, -2507.151611328125], [-4766.1357421875, -4689.04638671875]], "train_probs": [NaN, 1.0, 0.0, NaN, NaN, NaN, NaN, 1.0, NaN, 1.0, NaN, 0.0, 0.0, NaN, NaN, NaN, NaN, NaN, NaN, NaN, 0.0, NaN, NaN, 0.0, NaN, NaN, NaN, NaN, NaN, NaN, 1.0, 0.0, 2.2921823944384953e-108, NaN, NaN, NaN, 1.0, 0.0, NaN, NaN, NaN, 1.0, NaN, NaN, 0.0, 1.0, NaN, NaN, 1.0, NaN, 0.0, NaN, 1.0, 8.281301802480969e-79, NaN, NaN, NaN, NaN, 1.0, NaN, NaN, 1.0, NaN, 0.0, NaN, NaN, NaN, 1.0, 0.996764944030931, NaN, NaN, NaN, NaN, NaN, 1.0, NaN, 3.085590519034093e-38, 1.0, NaN, NaN, NaN, 0.0, 1.0, NaN, NaN, 0.0, NaN, 0.0, NaN, NaN, 1.0, NaN, NaN, NaN, NaN, NaN, NaN, NaN, NaN, NaN], "test_labels": [], "test_logprobs": [], "test_probs": []}}