{"0": {"train_labels": [0, 0, 1, 0, 0, 0, 0, 0, 1, 0, 0, 1, 1, 0, 0, 1, 0, 1, 0, 0, 1, 0, 0, 1, 1, 1, 1, 1, 1, 0, 1, 1, 1, 1, 1, 0, 1, 1, 0, 1, 1, 0, 0, 0, 0, 1, 0, 1, 0, 0, 1, 1, 1, 0, 0, 0, 0, 0, 0, 1, 0, 0, 1, 1, 0, 0, 0, 0, 1, 1, 0, 1, 0, 0, 0, 0, 1, 1, 0, 0, 1, 1, 0, 0, 1, 1, 0, 1, 0, 0, 0, 0, 0, 0, 0, 1, 0, 0, 0, 0], "train_logprobs": [[-50.082454681396484, -271.763671875], [-15.570878982543945, -20.512676239013672], [-84.63179016113281, -22.409711837768555], [-15.416345596313477, -31.47832489013672], [-55.90157699584961, -148.30239868164062], [-63.344722747802734, -89.00428771972656], [-25.745922088623047, -34.46607208251953], [-15.094347953796387, -128.38966369628906], [-66.46760559082031, -51.200592041015625], [-13.560972213745117, -147.4534454345703], [-109.04112243652344, -472.0047607421875], [-57.69279861450195, -18.70178985595703], [-128.3406219482422, -1.0566391944885254], [-88.86793518066406, -114.34410858154297], [-30.87677764892578, -65.87960052490234], [-87.23332977294922, -86.71636199951172], [-52.7674674987793, -121.51510620117188], [-195.45260620117188, -124.04146575927734], [-21.437374114990234, -99.53055572509766], [-75.3104476928711, -80.87445068359375], [-40.31069564819336, -7.190758228302002], [-39.88141632080078, -433.29119873046875], [-20.60612678527832, -52.9803466796875], [-35.95359420776367, -12.369004249572754], [-75.64775848388672, -22.71796417236328], [-41.712303161621094, -22.720809936523438], [-153.48410034179688, -35.152076721191406], [-205.9476318359375, -143.77545166015625], [-144.6707000732422, -30.7663631439209], [-34.88786315917969, -77.14754486083984], [-25.022212982177734, -21.344655990600586], [-202.69577026367188, -8.57801342010498], [-13.756077766418457, -11.443163871765137], [-127.30020141601562, -93.27565002441406], [-60.424076080322266, -47.3333740234375], [-148.2840576171875, -262.31634521484375], [-15.321733474731445, -7.503876686096191], [-38.03790283203125, -16.249588012695312], [-5.254878044128418, -96.11014556884766], [-87.6094970703125, -63.77196502685547], [-219.55404663085938, -214.10133361816406], [-18.054645538330078, -88.26839447021484], [-43.9674186706543, -75.22859191894531], [-135.6176300048828, -202.8109588623047], [-21.705955505371094, -42.078277587890625], [-16.355419158935547, -10.02111530303955], [-40.18389129638672, -94.09699249267578], [-222.35752868652344, -44.69575500488281], [-17.416824340820312, -59.37792205810547], [-17.593175888061523, -44.75273895263672], [-29.358631134033203, -8.17150592803955], [-109.99758911132812, -82.68548583984375], [-43.77898406982422, -38.299686431884766], [-4.758177757263184, -6.886117935180664], [-93.02045440673828, -109.74871826171875], [-20.883155822753906, -97.96980285644531], [-25.445026397705078, -51.839813232421875], [-41.7086067199707, -55.754791259765625], [-12.352214813232422, -41.63420104980469], [-60.51020812988281, -29.568199157714844], [-62.5031623840332, -94.76980590820312], [-17.72126007080078, -263.6081237792969], [-111.87154388427734, -63.28630065917969], [-257.3044128417969, -17.787811279296875], [-47.93770980834961, -53.55231475830078], [-77.87281036376953, -131.58908081054688], [-122.34501647949219, -135.20999145507812], [-8.539898872375488, -19.118505477905273], [-1.9480243921279907, -0.9480243921279907], [-268.749267578125, -141.94459533691406], [-33.58454895019531, -34.92351531982422], [-225.65223693847656, -32.765804290771484], [-23.1647891998291, -33.3245735168457], [-40.19975280761719, -169.22958374023438], [-30.56075096130371, -91.28645324707031], [-22.280899047851562, -148.2481231689453], [-8.929935455322266, -6.0497894287109375], [-27.373144149780273, -12.829169273376465], [-47.354217529296875, -64.59957885742188], [-21.09172821044922, -43.78234100341797], [-67.66083526611328, -61.314979553222656], [-65.20789337158203, -9.300161361694336], [-4.221044540405273, -141.2408905029297], [-97.12397003173828, -119.19795989990234], [-45.967288970947266, -36.21298599243164], [-57.07864761352539, -8.142143249511719], [-55.80585861206055, -134.8254852294922], [-75.3144302368164, -8.153955459594727], [-27.139360427856445, -31.86778450012207], [-45.93224334716797, -82.3194580078125], [-8.683181762695312, -187.0617218017578], [-171.87567138671875, -342.60601806640625], [-179.41651916503906, -221.8143310546875], [-14.367905616760254, -42.50502014160156], [-66.010009765625, -151.67022705078125], [-134.28668212890625, -32.05484390258789], [-35.337921142578125, -66.0789794921875], [-30.798912048339844, -36.33969497680664], [-24.989721298217773, -43.41269302368164], [-102.59886169433594, -124.08833312988281]], "train_probs": [1.0, 0.992908891659685, 9.490623208331934e-28, 0.9999998942279362, 1.0, 0.999999999992819, 0.9998367639496819, 1.0, 2.3421794081936484e-07, 1.0, 1.0, 1.1652525240311142e-17, 5.263427623181052e-56, 0.9999999999913735, 0.9999999999999993, 0.3735615425955921, 1.0, 9.69473092114509e-32, 1.0, 0.9961812382668659, 4.1323199273691316e-15, 1.0, 0.9999999999999913, 5.7192979662505385e-11, 1.0301071514241329e-23, 5.650661433587849e-09, 4.064949074345062e-52, 9.976201713510038e-28, 3.4038860008251744e-50, 1.0, 0.024661121776983222, 4.9628295949540255e-85, 0.09005907018780197, 1.672341939977364e-15, 2.064331482572795e-06, 1.0, 0.00040232143832634324, 3.447109694678734e-10, 1.0, 4.441108375592011e-11, 0.004266384532038269, 1.0, 0.9999999999999735, 1.0, 0.9999999985795927, 0.0017712377833476562, 1.0, 6.957801666186128e-78, 1.0, 0.9999999999983977, 6.288519839072087e-10, 1.3756383039320838e-12, 0.004154923687346467, 0.8935893038066257, 0.9999999456740546, 1.0, 0.9999999999965573, 0.9999992060023487, 0.999999999999808, 3.6480118835126875e-14, 0.9999999999999903, 1.0, 7.937741752567232e-22, 9.533702973735617e-105, 0.9963689832548377, 1.0, 0.9999974129118022, 0.9999745458575489, 0.26894142136999516, 8.500227828207697e-56, 0.7923199099140896, 1.700147758066337e-84, 0.9999613058840405, 1.0, 1.0, 1.0, 0.05314378792874138, 4.826493844278477e-07, 0.9999999676082267, 0.9999999998601726, 0.0017509300455724542, 5.243007661984505e-25, 1.0, 0.9999999997409473, 5.804099300064731e-05, 5.586582171595281e-22, 1.0, 6.801056804951722e-30, 0.9912370757975432, 0.9999999999999999, 1.0, 1.0, 1.0, 0.9999999999993971, 1.0, 3.9927928897895353e-45, 0.9999999999999555, 0.996091879478723, 0.9999999900228836, 0.9999999995352268], "test_labels": [], "test_logprobs": [], "test_probs": []}}