{"0": {"train_labels": [0, 0, 1, 0, 0, 0, 0, 0, 1, 0, 0, 1, 1, 0, 0, 1, 0, 1, 0, 0, 1, 0, 0, 1, 1, 1, 1, 1, 1, 0, 1, 1, 1, 1, 1, 0, 1, 1, 0, 1, 1, 0, 0, 0, 0, 1, 0, 1, 0, 0, 1, 1, 1, 0, 0, 0, 0, 0, 0, 1, 0, 0, 1, 1, 0, 0, 0, 0, 1, 1, 0, 1, 0, 0, 0, 0, 1, 1, 0, 0, 1, 1, 0, 0, 1, 1, 0, 1, 0, 0, 0, 0, 0, 0, 0, 1, 0, 0, 0, 0], "train_logprobs": [[-49.92435836791992, -270.42205810546875], [-15.65119457244873, -20.252094268798828], [-83.97526550292969, -21.762556076049805], [-15.220181465148926, -30.765338897705078], [-56.00470733642578, -147.98562622070312], [-61.641517639160156, -87.83697509765625], [-25.68935775756836, -34.256404876708984], [-15.151013374328613, -127.35140991210938], [-66.6312255859375, -51.10401916503906], [-13.583928108215332, -144.98239135742188], [-108.7768325805664, -471.575927734375], [-57.3507194519043, -19.953920364379883], [-128.1435089111328, -1.0594167709350586], [-88.86910247802734, -114.22834777832031], [-30.621593475341797, -65.37564849853516], [-87.0743408203125, -86.34355163574219], [-52.781429290771484, -122.10723876953125], [-195.2755584716797, -124.39612579345703], [-21.760696411132812, -99.53897857666016], [-75.13683319091797, -81.04583740234375], [-40.610084533691406, -7.059098243713379], [-39.88105010986328, -433.6148681640625], [-20.454944610595703, -52.852291107177734], [-35.864585876464844, -12.305682182312012], [-75.0598373413086, -21.935205459594727], [-41.26762390136719, -22.59490966796875], [-152.72219848632812, -35.416015625], [-206.39183044433594, -143.98878479003906], [-145.11764526367188, -30.74720001220703], [-34.92552185058594, -77.31619262695312], [-24.679824829101562, -21.15121841430664], [-203.03399658203125, -8.507035255432129], [-13.737771987915039, -11.370434761047363], [-126.87248229980469, -92.41397094726562], [-60.73979187011719, -47.38850784301758], [-149.47088623046875, -261.302978515625], [-15.085526466369629, -7.447442054748535], [-38.215423583984375, -16.432802200317383], [-5.341037273406982, -94.81993865966797], [-87.43821716308594, -63.51194381713867], [-221.04129028320312, -214.09222412109375], [-17.792041778564453, -87.90288543701172], [-43.708221435546875, -75.10986328125], [-135.70266723632812, -200.67330932617188], [-21.509132385253906, -42.268287658691406], [-16.07293701171875, -10.071725845336914], [-40.502079010009766, -93.14934539794922], [-222.57064819335938, -44.282737731933594], [-17.558181762695312, -58.70658874511719], [-17.281587600708008, -44.52049255371094], [-29.25088119506836, -8.199358940124512], [-109.96107482910156, -83.17390441894531], [-43.364627838134766, -37.457984924316406], [-4.685667037963867, -6.986089706420898], [-93.05284118652344, -111.40860748291016], [-20.79924774169922, -97.0089111328125], [-25.084678649902344, -50.80709457397461], [-41.87510681152344, -55.69082260131836], [-12.212031364440918, -40.870792388916016], [-60.728939056396484, -29.63916015625], [-62.45063018798828, -94.95038604736328], [-17.14261245727539, -263.4189453125], [-112.24942016601562, -61.80585861206055], [-256.4703063964844, -17.21360969543457], [-47.92457962036133, -52.86152648925781], [-78.1614761352539, -132.04061889648438], [-120.96089172363281, -134.45726013183594], [-8.290218353271484, -19.021631240844727], [-1.9789760112762451, -0.9789758920669556], [-269.05340576171875, -141.9418487548828], [-33.729408264160156, -35.00319290161133], [-224.5469207763672, -32.30193328857422], [-23.24864959716797, -32.88629150390625], [-38.873809814453125, -167.166015625], [-29.80928611755371, -90.00332641601562], [-22.68317985534668, -147.69432067871094], [-8.61991024017334, -6.115232467651367], [-26.02289581298828, -12.845288276672363], [-47.189029693603516, -64.85182189941406], [-20.62383460998535, -43.78572082519531], [-66.23902893066406, -61.4166374206543], [-65.0277099609375, -9.40742015838623], [-4.25313663482666, -141.38946533203125], [-96.77592468261719, -117.16862487792969], [-45.350215911865234, -36.76702117919922], [-56.589927673339844, -7.99181604385376], [-55.423892974853516, -134.4410400390625], [-75.58914184570312, -8.103425025939941], [-27.35053062438965, -31.83055877685547], [-46.40971755981445, -81.96285247802734], [-8.486284255981445, -186.6053924560547], [-172.56590270996094, -342.3340148925781], [-178.76168823242188, -220.74232482910156], [-13.922491073608398, -43.064453125], [-64.83191680908203, -151.67837524414062], [-134.2012939453125, -31.888572692871094], [-35.18220138549805, -66.23329162597656], [-31.06551170349121, -36.16092300415039], [-24.043245315551758, -42.874671936035156], [-102.18348693847656, -123.73397827148438]], "train_probs": [1.0, 0.9900570587212779, 9.579957704111978e-28, 0.9999998226530068, 1.0, 0.999999999995798, 0.9998097625206054, 1.0, 1.8055929635532806e-07, 1.0, 1.0, 5.738211023507814e-17, 6.428061835044677e-56, 0.9999999999903034, 0.9999999999999992, 0.3250215701925971, 1.0, 1.649884366574481e-31, 1.0, 0.9972924616687829, 2.6852936932307018e-15, 1.0, 0.9999999999999915, 5.868108373819892e-11, 8.477455536693644e-24, 7.772187029683684e-09, 1.1338930416994822e-51, 7.919570301840771e-28, 2.1357318999966468e-50, 1.0, 0.02850915961544431, 3.296204245761547e-85, 0.08569754693227914, 1.0835742227009657e-15, 1.590780760553601e-06, 1.0, 0.00048151843251238475, 3.4667915675348817e-10, 1.0, 4.0639795446000515e-11, 0.0009586109649159377, 1.0, 0.999999999999977, 1.0, 0.999999999035253, 0.0024696376029256888, 1.0, 3.720011620646135e-78, 1.0, 0.99999999999852, 7.201783288236829e-10, 2.3253038199979193e-12, 0.0027139218177635815, 0.9089120381546784, 0.9999999893293229, 1.0, 0.9999999999932564, 0.9999990002062104, 0.9999999999996422, 3.146882882445032e-14, 0.9999999999999922, 1.0, 1.2377689088235778e-22, 1.2363369934932022e-104, 0.9928746591559866, 1.0, 0.9999986240549917, 0.9999781527332345, 0.26894139793202687, 6.253918334518953e-56, 0.7813899270267283, 3.228960709543374e-84, 0.9999347775700983, 1.0, 1.0, 1.0, 0.07553090071397563, 1.8925045851782364e-06, 0.9999999786623395, 0.9999999999127188, 0.007983272851739274, 6.989000264218316e-25, 1.0, 0.999999998608245, 0.00018719083732619818, 7.836250100122826e-22, 1.0, 4.9127603343364105e-30, 0.988793905626349, 0.9999999999999996, 1.0, 1.0, 1.0, 0.9999999999997793, 1.0, 3.682559152236903e-45, 0.9999999999999674, 0.9939124976672821, 0.9999999933684456, 0.9999999995627392], "test_labels": [], "test_logprobs": [], "test_probs": []}}