{"0": {"train_labels": [0, 0, 1, 1, 1, 1, 0, 1, 1, 0, 0, 0, 1, 0, 1, 0, 0, 1, 0, 1, 0, 0, 1, 1, 0, 0, 0, 0, 1, 0, 0, 0, 1, 0, 1, 0, 0, 0, 0, 1, 1, 1, 1, 0, 1, 1, 1, 1, 0, 1, 1, 1, 0, 1, 1, 0, 1, 1, 0, 0, 0, 0, 0, 0, 0, 0, 0, 0, 0, 1, 1, 0, 1, 1, 0, 0, 1, 1, 1, 0, 1, 0, 0, 0, 0, 1, 0, 0, 1, 0, 1, 1, 0, 0, 0, 0, 1, 0, 1, 0], "train_logprobs": [[-18.883291244506836, -67.30316162109375], [-68.95159912109375, -101.83053588867188], [-129.23187255859375, -30.443241119384766], [-139.28594970703125, -45.315757751464844], [-120.19210815429688, -110.28170776367188], [-108.45922088623047, -95.72996520996094], [-71.23410034179688, -120.82091522216797], [-151.64511108398438, -42.793819427490234], [-92.43993377685547, -79.15766906738281], [-130.4209442138672, -168.06185913085938], [-144.0350341796875, -158.69447326660156], [-25.52880096435547, -86.31619262695312], [-115.69151306152344, -9.29404067993164], [-34.1572380065918, -156.96148681640625], [-181.03106689453125, -98.92185974121094], [-16.09214210510254, -48.151634216308594], [-235.19393920898438, -273.4755859375], [-133.32119750976562, -60.70399475097656], [-55.47886657714844, -118.96500396728516], [-211.3533477783203, -26.473770141601562], [-152.9112548828125, -231.303466796875], [-24.86204719543457, -55.07748031616211], [-51.559749603271484, -45.781944274902344], [-180.337646484375, -116.93856048583984], [-27.899885177612305, -46.12825012207031], [-62.8530158996582, -97.85050964355469], [-14.453357696533203, -17.978940963745117], [-54.25133514404297, -209.49050903320312], [-45.47996520996094, -35.35628128051758], [-93.11360931396484, -143.66946411132812], [-20.160306930541992, -199.8212890625], [-62.004764556884766, -137.84388732910156], [-156.19371032714844, -70.28668212890625], [-111.78411102294922, -150.625732421875], [-103.74551391601562, -67.26665496826172], [-6.745927333831787, -64.22068786621094], [-109.79737091064453, -188.5051727294922], [-32.276268005371094, -244.88348388671875], [-20.610363006591797, -56.647911071777344], [-86.54277801513672, -38.62312698364258], [-53.21652603149414, -40.963897705078125], [-196.5087432861328, -39.978275299072266], [-67.2388687133789, -45.742130279541016], [-74.42788696289062, -85.97135925292969], [-104.39938354492188, -32.604183197021484], [-117.24693298339844, -110.32772064208984], [-90.4635238647461, -33.95425796508789], [-153.23208618164062, -48.76344680786133], [-95.2144775390625, -282.5993957519531], [-76.48770904541016, -24.205381393432617], [-170.31866455078125, -74.43070983886719], [-119.731689453125, -48.58131408691406], [-28.774145126342773, -137.5185089111328], [-81.17210388183594, -14.992676734924316], [-81.32772827148438, -47.801902770996094], [-100.24625396728516, -391.1667175292969], [-224.74853515625, -128.05313110351562], [-86.91105651855469, -61.324371337890625], [-95.5041732788086, -170.0193328857422], [-46.78377914428711, -99.31338500976562], [-43.698699951171875, -154.23426818847656], [-96.88488006591797, -221.07717895507812], [-60.33869934082031, -84.95793914794922], [-40.854061126708984, -91.36040496826172], [-48.201698303222656, -66.09891510009766], [-90.5835952758789, -105.3597640991211], [-14.537074089050293, -20.279346466064453], [-113.70967102050781, -349.82843017578125], [-78.50711059570312, -142.44969177246094], [-124.92047119140625, -68.59526824951172], [-187.5279541015625, -176.5453643798828], [-58.27528381347656, -90.0661392211914], [-96.40033721923828, -32.75640106201172], [-111.76911163330078, -49.28948211669922], [-180.56166076660156, -305.7591857910156], [-63.961971282958984, -88.0433349609375], [-70.52996063232422, -25.84862518310547], [-68.30000305175781, -18.82961654663086], [-146.83494567871094, -93.13001251220703], [-71.65328979492188, -75.03678894042969], [-66.86137390136719, -61.61023712158203], [-32.889434814453125, -247.75730895996094], [-123.09552001953125, -180.95596313476562], [-19.4484806060791, -94.94344329833984], [-67.21478271484375, -75.31947326660156], [-175.93374633789062, -139.4495391845703], [-74.376708984375, -194.3520965576172], [-66.29256439208984, -105.00538635253906], [-315.113037109375, -153.2195587158203], [-49.42478561401367, -112.53243255615234], [-201.987548828125, -95.04605865478516], [-158.5128173828125, -87.60069274902344], [-13.072010040283203, -30.949060440063477], [-95.80599975585938, -186.41705322265625], [-7.472411632537842, -50.25777053833008], [-126.09197998046875, -133.7427215576172], [-55.148460388183594, -22.32522964477539], [-63.71229553222656, -341.1615905761719], [-64.70206451416016, -40.40272521972656], [-29.15005111694336, -99.93408203125]], "train_probs": [1.0, 0.9999999999999948, 1.2492302473809456e-43, 1.5461946645140278e-41, 4.965308447946394e-05, 2.9631471164593395e-06, 1.0, 5.3270243939080605e-48, 1.7044528395944783e-06, 1.0, 0.9999995699823216, 1.0, 6.196762567413136e-47, 1.0, 2.189900687146765e-36, 0.999999999999988, 1.0, 2.902348442461515e-32, 1.0, 5.102930057317771e-81, 1.0, 0.9999999999999246, 0.0030859490082968096, 2.925006214503438e-28, 0.9999999878794679, 0.9999999999999993, 0.9714069906634379, 1.0, 4.01164514695608e-05, 1.0, 1.0, 1.0, 4.909663154745317e-38, 1.0, 1.4369208709772237e-16, 1.0, 1.0, 1.0, 0.9999999999999998, 1.5444006733166541e-21, 4.772534278054682e-06, 1.0463609017995814e-68, 4.614079988487932e-10, 0.9999903009439259, 6.602990337814963e-32, 0.0009876319387263043, 2.8730133456784913e-25, 4.264286623275908e-46, 1.0, 1.9682198147618606e-23, 2.2719061523819297e-42, 1.2583011488141974e-31, 1.0, 1.8140112436109298e-29, 2.75371495954723e-15, 1.0, 1.0132569574941323e-42, 7.724027580062613e-12, 1.0, 1.0, 1.0, 1.0, 0.9999999999796764, 1.0, 0.9999999831213582, 0.9999996173592226, 0.9968027835767146, 1.0, 1.0, 3.453624927129975e-25, 1.6994739269006817e-05, 0.9999999999999843, 2.289758713215435e-28, 7.335701814368453e-28, 1.0, 0.9999999999651986, 3.936792914130658e-20, 3.2755491707084843e-22, 4.7450836707049064e-24, 0.9671848439410646, 0.005214225856148907, 1.0, 1.0, 1.0, 0.9996979725421941, 1.4292564365310652e-16, 1.0, 1.0, 4.9040588992996204e-71, 1.0, 3.596672805384775e-47, 1.5968185588380714e-31, 0.9999999827775214, 1.0, 1.0, 0.9995245349381239, 5.5597083480639445e-15, 1.0, 2.798536854035191e-11, 1.0], "test_labels": [], "test_logprobs": [], "test_probs": []}}