{"0": {"train_labels": [0, 0, 1, 1, 1, 1, 0, 1, 0, 0, 0, 0, 1, 0, 1, 0, 0, 1, 0, 1, 0, 0, 0, 1, 0, 1, 1, 0, 1, 0, 0, 0, 1, 0, 1, 0, 1, 0, 0, 0, 0, 1, 0, 1, 1, 0, 1, 1, 0, 1, 1, 1, 0, 1, 1, 0, 1, 1, 0, 0, 0, 0, 0, 1, 0, 0, 1, 0, 0, 1, 0, 0, 1, 1, 0, 0, 1, 1, 0, 0, 1, 0, 0, 0, 0, 1, 0, 0, 1, 0, 1, 1, 1, 0, 1, 0, 1, 0, 1, 0], "train_logprobs": [[-8.842288970947266, -62.33905792236328], [-52.181495666503906, -110.64881134033203], [-133.1831817626953, -1.3792651891708374], [-136.886474609375, -23.005062103271484], [-138.6558380126953, -43.57074737548828], [-108.33512115478516, -47.558528900146484], [-25.300092697143555, -59.233306884765625], [-130.4672088623047, -40.01997375488281], [-42.3482780456543, -58.745540618896484], [-138.7559051513672, -185.54833984375], [-87.06369018554688, -152.2513427734375], [-6.855459213256836, -77.3564682006836], [-89.07923889160156, -12.064565658569336], [-39.50191879272461, -146.80352783203125], [-211.05282592773438, -92.5140151977539], [-16.5782527923584, -54.07264709472656], [-147.92550659179688, -294.75384521484375], [-99.83519744873047, -44.12117385864258], [-17.976032257080078, -113.96421813964844], [-133.2803497314453, -14.228422164916992], [-137.50267028808594, -156.3574676513672], [-5.128933429718018, -35.88175964355469], [-7.759181499481201, -40.16722869873047], [-155.75189208984375, -53.89895248413086], [-10.598199844360352, -36.03770446777344], [-27.031198501586914, -17.88933563232422], [-10.605712890625, -2.397869348526001], [-1.2635520696640015, -238.26654052734375], [-49.890140533447266, -0.37523841857910156], [-105.00407409667969, -139.52154541015625], [-0.8385550379753113, -237.4119415283203], [-20.085569381713867, -123.19833374023438], [-104.95797729492188, -67.71662902832031], [-34.397090911865234, -138.91622924804688], [-74.93273162841797, -47.991722106933594], [-7.159722328186035, -71.88894653320312], [-101.18930053710938, -92.77777099609375], [-24.822662353515625, -272.2949523925781], [-3.3112893104553223, -44.229888916015625], [-9.527456283569336, -33.21334457397461], [-13.222891807556152, -39.43138885498047], [-185.93527221679688, -7.215646266937256], [-4.2979841232299805, -37.24956512451172], [-63.465965270996094, -28.692291259765625], [-39.734840393066406, -16.583980560302734], [-111.32498168945312, -132.5777587890625], [-61.13897705078125, -13.779621124267578], [-109.3193130493164, -21.014863967895508], [-113.70643615722656, -204.06446838378906], [-58.668006896972656, -35.17409133911133], [-123.44471740722656, -61.4111213684082], [-115.15144348144531, -34.00979232788086], [-19.941547393798828, -41.30483627319336], [-74.99300384521484, -10.099656105041504], [-83.91677856445312, -49.414093017578125], [-64.13711547851562, -373.6033630371094], [-237.55320739746094, -100.27693939208984], [-76.17745208740234, -4.263762950897217], [-77.78974914550781, -140.82958984375], [-37.55064392089844, -60.41319274902344], [-36.96744155883789, -38.2669677734375], [-97.28855895996094, -276.46002197265625], [-45.04582214355469, -64.74916076660156], [-19.126575469970703, -12.758917808532715], [-6.364912986755371, -61.05040740966797], [-80.9196548461914, -102.1390380859375], [-13.993583679199219, -11.320869445800781], [-114.50423431396484, -315.60009765625], [-15.714645385742188, -139.90411376953125], [-80.25187683105469, -15.071036338806152], [-133.28269958496094, -152.57290649414062], [-39.60645294189453, -79.5683364868164], [-81.85995483398438, -33.480194091796875], [-85.64056396484375, -44.96063232421875], [-110.95425415039062, -336.60064697265625], [-42.00477600097656, -82.85628509521484], [-73.09088134765625, -6.843433856964111], [-62.623722076416016, -0.10388943552970886], [-73.12902069091797, -85.60362243652344], [-22.958911895751953, -56.10133361816406], [-69.13911437988281, -27.740726470947266], [-6.022764682769775, -267.8112487792969], [-111.1103286743164, -177.9338836669922], [-10.318208694458008, -33.275634765625], [-20.375905990600586, -48.9371223449707], [-207.3397979736328, -64.00166320800781], [-7.484621047973633, -165.2331085205078], [-44.27387619018555, -45.41147994995117], [-342.4397888183594, -149.93511962890625], [-42.963897705078125, -105.70063781738281], [-188.4263458251953, -15.783914566040039], [-123.43489837646484, -40.58683395385742], [-13.088766098022461, -1.1752759218215942], [-28.561677932739258, -145.4677276611328], [-10.522383689880371, -3.0825753211975098], [-44.25082015991211, -149.818603515625], [-30.07392692565918, -8.141096115112305], [-7.113913059234619, -339.405517578125], [-49.66834259033203, -44.195613861083984], [-15.393364906311035, -34.41471862792969]], "train_probs": [1.0, 1.0, 5.7317381118443345e-58, 3.4828194188459194e-50, 5.070722277708112e-42, 4.027739321690088e-27, 0.9999999999999981, 5.23919893863378e-40, 0.9999999243586427, 1.0, 1.0, 1.0, 3.572336733133788e-34, 1.0, 3.3055871272475495e-52, 1.0, 1.0, 6.3636603260322445e-25, 1.0, 1.9788131962469176e-52, 0.999999993521633, 0.9999999999999559, 0.9999999999999916, 5.832172538264497e-45, 0.9999999999910513, 0.00010707618674881799, 0.00027243349935294976, 1.0, 3.132933954019612e-22, 0.9999999999999989, 1.0, 1.0, 6.703289085987749e-17, 1.0, 1.993738649396564e-12, 1.0, 0.00022224019402662283, 1.0, 1.0, 0.9999999999483168, 0.9999999999958524, 2.4157536375875447e-78, 0.9999999999999951, 7.906517953254803e-16, 8.824890458277784e-11, 0.9999999994111074, 2.7045377930334497e-21, 4.465448000471045e-39, 1.0, 6.262130514629992e-11, 1.1459127396949774e-27, 5.762735033532666e-36, 0.9999999994727197, 6.564129859693717e-29, 1.0367500289163374e-15, 1.0, 2.4080988427833524e-60, 5.865183912855007e-32, 1.0, 0.9999999998822607, 0.7857552349371603, 1.0, 0.9999999972270072, 0.001713234174135546, 1.0, 0.9999999993911097, 0.064602755585374, 1.0, 1.0, 4.924029525655935e-29, 0.999999995808499, 1.0, 9.74847930065299e-22, 2.1524355894419456e-18, 1.0, 1.0, 1.6947245260758414e-29, 7.046633344277794e-28, 0.9999961774987347, 0.999999999999996, 1.0493215001417475e-18, 1.0, 1.0, 0.9999999998929181, 0.9999999999996055, 5.610983931415391e-63, 1.0, 0.7572394148012452, 2.4904878675974325e-84, 1.0, 1.0527972983178313e-75, 1.0460267356157976e-36, 6.699371274519097e-06, 1.0, 0.0005870529170030194, 1.0, 2.9832703125041693e-10, 1.0, 0.004182192320304208, 0.9999999945155759], "test_labels": [], "test_logprobs": [], "test_probs": []}}