{"0": {"train_labels": [0, 0, 1, 1, 1, 1, 0, 1, 1, 0, 0, 0, 1, 0, 1, 0, 0, 1, 0, 1, 0, 0, 1, 1, 0, 0, 0, 0, 1, 0, 0, 0, 1, 0, 1, 0, 0, 0, 0, 1, 1, 1, 1, 0, 1, 0, 1, 1, 0, 1, 1, 1, 0, 1, 1, 0, 1, 1, 0, 0, 0, 0, 0, 0, 0, 0, 0, 0, 0, 1, 1, 0, 1, 1, 0, 0, 1, 1, 1, 1, 0, 0, 0, 0, 0, 1, 0, 0, 1, 0, 1, 1, 1, 0, 0, 0, 1, 0, 1, 0], "train_logprobs": [[-39.461997985839844, -95.56486511230469], [-116.58450317382812, -138.75677490234375], [-180.8566131591797, -66.29107666015625], [-171.44679260253906, -85.89860534667969], [-178.97354125976562, -143.70106506347656], [-162.67703247070312, -124.54345703125], [-95.03520965576172, -158.46498107910156], [-189.88177490234375, -63.99433898925781], [-119.00755310058594, -116.0691146850586], [-171.78900146484375, -235.34266662597656], [-173.2391357421875, -184.36846923828125], [-59.630706787109375, -102.33683013916016], [-123.62545013427734, -25.43670082092285], [-44.31590270996094, -203.2767791748047], [-238.87164306640625, -181.12229919433594], [-35.3192024230957, -94.10478210449219], [-310.068603515625, -333.2178649902344], [-158.66769409179688, -104.23094177246094], [-66.20425415039062, -145.76947021484375], [-194.35658264160156, -58.711204528808594], [-185.65419006347656, -269.28741455078125], [-51.60850143432617, -78.22704315185547], [-84.63723754882812, -81.05561065673828], [-234.982666015625, -140.4197998046875], [-37.26673126220703, -122.07420349121094], [-81.6976318359375, -97.72023010253906], [-16.857921600341797, -59.076927185058594], [-74.4032211303711, -261.0926513671875], [-84.5363540649414, -62.79029083251953], [-151.69473266601562, -196.04058837890625], [-30.078433990478516, -271.99493408203125], [-66.60289764404297, -150.27743530273438], [-186.12559509277344, -108.57649993896484], [-165.56578063964844, -215.80776977539062], [-141.28396606445312, -125.22200775146484], [-27.41032600402832, -110.27487182617188], [-184.8688507080078, -268.0052185058594], [-59.10054397583008, -299.06231689453125], [-52.213134765625, -78.07829284667969], [-111.59764099121094, -68.62677764892578], [-74.97174835205078, -72.69216918945312], [-243.45736694335938, -66.83570861816406], [-81.66178894042969, -80.3518295288086], [-84.91644287109375, -115.52908325195312], [-146.8995361328125, -82.59121704101562], [-156.55824279785156, -169.51409912109375], [-116.99322509765625, -49.033878326416016], [-165.6616973876953, -54.13364791870117], [-119.8038330078125, -342.7773132324219], [-154.44920349121094, -84.89803314208984], [-163.77500915527344, -143.6083984375], [-181.6566162109375, -84.93934631347656], [-49.9959716796875, -213.86517333984375], [-104.12124633789062, -38.234527587890625], [-110.8963623046875, -88.93150329589844], [-90.88790893554688, -447.6739807128906], [-284.9273376464844, -170.24635314941406], [-121.69165802001953, -62.76158142089844], [-164.75582885742188, -222.66973876953125], [-66.11392211914062, -129.58761596679688], [-92.62285614013672, -217.90399169921875], [-167.71990966796875, -251.7865447998047], [-113.59344482421875, -117.524169921875], [-60.8095588684082, -97.93283081054688], [-71.72824096679688, -105.99923706054688], [-127.20027923583984, -138.92990112304688], [-24.50773811340332, -50.963722229003906], [-151.53555297851562, -393.2230224609375], [-61.52919006347656, -166.32757568359375], [-164.91822814941406, -106.26573181152344], [-265.7372131347656, -227.0953369140625], [-92.32810974121094, -163.58639526367188], [-166.4091339111328, -54.46544647216797], [-168.53102111816406, -117.89060974121094], [-249.21853637695312, -409.609619140625], [-102.34709167480469, -124.77513885498047], [-89.88346099853516, -58.52013397216797], [-105.24720764160156, -42.0799674987793], [-178.21299743652344, -99.88798522949219], [-115.26888275146484, -104.09037017822266], [-84.47511291503906, -115.40921783447266], [-60.42789840698242, -307.0433349609375], [-171.48231506347656, -200.17343139648438], [-40.83535385131836, -136.27734375], [-83.54553985595703, -119.86529541015625], [-232.93605041503906, -172.60594177246094], [-69.4095230102539, -205.42401123046875], [-111.1156005859375, -171.93072509765625], [-382.6531982421875, -199.41952514648438], [-97.96342468261719, -168.69107055664062], [-221.27169799804688, -121.64356994628906], [-179.57090759277344, -117.39458465576172], [-59.827720642089844, -57.75096130371094], [-131.60629272460938, -238.25775146484375], [-34.87678909301758, -63.97739028930664], [-160.11911010742188, -174.3317108154297], [-111.64065551757812, -21.158851623535156], [-44.74186706542969, -369.9557800292969], [-105.9234848022461, -92.09152221679688], [-42.404266357421875, -105.69873809814453]], "train_probs": [1.0, 0.9999999997651964, 1.757193880665961e-50, 7.029012861117811e-38, 4.801293167933646e-16, 2.7466202104679496e-17, 1.0, 2.1270673533051247e-55, 0.05028579764142446, 1.0, 0.9999853247502177, 1.0, 2.275977625039365e-43, 1.0, 8.313398960634337e-26, 1.0, 0.9999999999116099, 2.2825424070394384e-24, 1.0, 1.230157701608632e-59, 1.0, 0.9999999999972475, 0.027076825900254505, 8.548088535133458e-42, 1.0, 0.9999998899794178, 1.0, 1.0, 3.5958762297864977e-10, 1.0, 1.0, 1.0, 2.093417730231709e-34, 1.0, 1.0577428301481229e-07, 1.0, 1.0, 1.0, 0.9999999999941535, 2.1776654850894615e-19, 0.09282838630010976, 1.9687401794159668e-77, 0.21249363610628813, 0.9999999999999493, 1.1782891482595725e-28, 0.9999976376618446, 3.0593608407692205e-30, 3.664236851920791e-49, 1.0, 6.227453702073223e-31, 1.7448264889221652e-09, 9.91341709063878e-43, 1.0, 2.4308693408917034e-29, 2.8892354612989624e-10, 1.0, 1.565601589918086e-50, 2.5526596579141284e-26, 1.0, 1.0, 1.0, 1.0, 0.9807484626495336, 1.0, 0.9999999999999988, 0.9999919483211777, 0.9999999999967617, 1.0, 1.0, 3.369337306105573e-26, 1.6521382535648223e-17, 1.0, 2.4181000239705788e-49, 1.01659689214186e-22, 1.0, 0.9999999998181878, 2.3937574244727594e-14, 3.6882144830444687e-28, 9.63561421126539e-35, 1.3971003645767792e-05, 0.9999999999999633, 1.0, 0.9999999999996536, 1.0, 0.9999999999999999, 6.29457951285867e-27, 1.0, 1.0, 2.6462256555476728e-80, 1.0, 5.395773921156977e-44, 9.934958181862656e-28, 0.11137629652947809, 1.0, 0.99999999999977, 0.9999993277270346, 5.061180850408479e-40, 1.0, 9.836816003551452e-07, 1.0], "test_labels": [], "test_logprobs": [], "test_probs": []}}