{"0": {"train_labels": [0, 0, 1, 1, 0, 1, 0, 1, 0, 0, 0, 0, 1, 0, 1, 0, 0, 1, 0, 1, 0, 0, 1, 1, 0, 0, 0, 0, 1, 0, 0, 0, 1, 0, 1, 0, 0, 0, 0, 1, 1, 1, 1, 1, 1, 0, 1, 1, 0, 1, 1, 1, 0, 1, 1, 0, 1, 1, 0, 0, 0, 0, 0, 0, 0, 0, 0, 0, 0, 1, 1, 0, 1, 1, 0, 0, 1, 1, 1, 1, 0, 0, 0, 0, 0, 1, 0, 0, 1, 0, 1, 1, 1, 0, 0, 1, 1, 0, 1, 0], "train_logprobs": [[-21.327722549438477, -82.42546844482422], [-91.91445922851562, -118.02253723144531], [-147.08993530273438, -43.671051025390625], [-151.9339141845703, -59.84626770019531], [-123.69510650634766, -131.4954833984375], [-134.18600463867188, -108.9218978881836], [-66.34280395507812, -114.00225067138672], [-156.21348571777344, -40.190555572509766], [-81.63861083984375, -84.0110855102539], [-141.1593017578125, -186.7388458251953], [-154.18475341796875, -163.40040588378906], [-21.560976028442383, -76.63833618164062], [-107.68106842041016, -12.666265487670898], [-42.640052795410156, -164.60992431640625], [-199.21307373046875, -104.8929443359375], [-24.59153938293457, -57.260169982910156], [-265.72967529296875, -301.11358642578125], [-141.33551025390625, -74.75408935546875], [-22.660505294799805, -107.752197265625], [-187.54312133789062, -35.5429801940918], [-150.52456665039062, -224.39071655273438], [-17.741487503051758, -73.0833511352539], [-50.85394287109375, -46.691619873046875], [-200.41830444335938, -117.0362777709961], [-29.346759796142578, -51.48712158203125], [-62.614051818847656, -109.10987854003906], [-8.115348815917969, -25.823728561401367], [-60.40327453613281, -211.94503784179688], [-50.386898040771484, -45.933719635009766], [-118.19113159179688, -144.00599670410156], [-21.27643394470215, -228.94972229003906], [-51.0803108215332, -135.61886596679688], [-163.32684326171875, -79.8590087890625], [-117.85826110839844, -160.73301696777344], [-111.58477783203125, -86.90449523925781], [-12.715743064880371, -72.17534637451172], [-131.8935089111328, -208.40232849121094], [-48.740699768066406, -270.7882080078125], [-41.14259338378906, -86.36260986328125], [-69.00909423828125, -37.671226501464844], [-59.27139663696289, -55.80318832397461], [-205.315673828125, -53.55682373046875], [-90.79661560058594, -58.05242919921875], [-88.38873291015625, -86.6645736694336], [-105.14350128173828, -37.82479476928711], [-134.62342834472656, -143.96568298339844], [-90.1565170288086, -36.47403335571289], [-133.5437774658203, -35.04997253417969], [-108.14743041992188, -309.7988586425781], [-100.61624145507812, -48.32829666137695], [-165.4573974609375, -71.05237579345703], [-135.23167419433594, -54.994102478027344], [-36.011077880859375, -164.4388427734375], [-77.58966064453125, -19.71409797668457], [-81.3626708984375, -55.23816680908203], [-65.86063385009766, -398.3851318359375], [-245.77899169921875, -138.9605712890625], [-105.04745483398438, -75.91304779052734], [-76.72174072265625, -164.72610473632812], [-40.36871337890625, -80.43128204345703], [-54.0489616394043, -169.48739624023438], [-119.11995697021484, -274.4104919433594], [-67.44976043701172, -98.83967590332031], [-29.243053436279297, -65.33290100097656], [-47.36152648925781, -74.64952087402344], [-99.16346740722656, -115.71275329589844], [-25.930509567260742, -26.345457077026367], [-122.89926147460938, -363.31500244140625], [-59.922550201416016, -149.95982360839844], [-131.20181274414062, -81.8415756225586], [-197.85643005371094, -181.0485382080078], [-60.985477447509766, -105.759521484375], [-103.02842712402344, -43.007530212402344], [-114.74995422363281, -63.717533111572266], [-176.5915985107422, -322.2305908203125], [-74.93728637695312, -103.07856750488281], [-75.72632598876953, -34.937904357910156], [-61.90462875366211, -33.28218460083008], [-148.0395050048828, -87.8779525756836], [-83.57966613769531, -77.35796356201172], [-68.86982727050781, -93.11503601074219], [-35.83788299560547, -250.30618286132812], [-143.9756622314453, -181.03094482421875], [-28.605928421020508, -121.5207290649414], [-69.8953628540039, -71.24229431152344], [-190.96713256835938, -143.98236083984375], [-45.80451202392578, -162.81295776367188], [-70.56704711914062, -117.29871368408203], [-329.9765930175781, -180.4681854248047], [-64.28961944580078, -128.9541015625], [-215.13604736328125, -70.46883392333984], [-144.8766326904297, -97.55665588378906], [-27.87902069091797, -24.677696228027344], [-109.83589172363281, -194.7222900390625], [-32.16042709350586, -43.89263153076172], [-155.941162109375, -153.38226318359375], [-63.41766357421875, -19.338571548461914], [-33.03147888183594, -351.90472412109375], [-70.8317642211914, -63.999393463134766], [-39.48225402832031, -108.45573425292969]], "train_probs": [1.0, 0.9999999999954143, 1.2182859445662606e-45, 1.0158820352590237e-40, 0.9995905871053671, 1.0664434914015664e-11, 1.0, 4.091491597897995e-51, 0.9147041337911247, 1.0, 0.9999005396942988, 1.0, 5.439956002234808e-42, 1.0, 1.0896531321652234e-41, 0.9999999999999934, 0.9999999999999996, 1.2135461772297059e-29, 1.0, 9.709065986609945e-67, 1.0, 1.0, 0.015332594573028603, 6.132618182176898e-37, 0.999999999757583, 1.0, 0.9999999796132318, 1.0, 0.01150754155161105, 0.9999999999938519, 1.0, 1.0, 5.628336726960559e-37, 1.0, 1.912006912872847e-11, 1.0, 1.0, 1.0, 1.0, 2.455483201007245e-14, 0.030230463438954996, 1.2358587096875125e-66, 6.017007204190165e-15, 0.1513362025620147, 5.8057353207567925e-30, 0.9999123660673883, 4.8528131065046506e-24, 1.677583000122787e-43, 1.0, 1.9571950379739813e-23, 1.0009676131112057e-41, 1.423198122961995e-35, 1.0, 7.327612524852728e-26, 4.5109917364975275e-12, 1.0, 4.067705009008162e-47, 2.2237593519278676e-13, 1.0, 1.0, 1.0, 1.0, 0.9999999999999768, 0.9999999999999998, 0.9999999999985908, 0.9999999350264748, 0.6022736034396142, 1.0, 1.0, 3.6569699583062465e-22, 5.01678278154286e-08, 1.0, 8.57542538342535e-27, 6.869120150650354e-23, 1.0, 0.9999999999993996, 1.9311391134534095e-18, 3.7104829972743283e-13, 7.450231320492817e-27, 0.00198192542934322, 0.9999999999704581, 1.0, 1.0, 1.0, 0.7936275062610985, 3.9334433956594285e-21, 1.0, 1.0, 1.1730690708167909e-65, 1.0, 1.485345520137236e-63, 2.8131648936846837e-21, 0.03911591132538208, 1.0, 0.9999919690880469, 0.07183091764391185, 7.18941520637535e-20, 1.0, 0.0010771372239242864, 1.0], "test_labels": [], "test_logprobs": [], "test_probs": []}}