{"0": {"train_labels": [0, 0, 1, 1, 0, 1, 0, 1, 1, 0, 1, 0, 1, 0, 1, 0, 0, 1, 0, 1, 0, 0, 1, 1, 1, 0, 0, 0, 1, 0, 0, 0, 1, 0, 1, 0, 0, 0, 0, 1, 1, 1, 1, 1, 1, 0, 1, 1, 0, 1, 1, 1, 0, 1, 1, 0, 1, 1, 0, 0, 0, 0, 0, 0, 0, 0, 1, 0, 0, 1, 1, 0, 1, 1, 0, 0, 1, 1, 1, 0, 1, 0, 0, 0, 0, 1, 0, 0, 1, 0, 1, 1, 0, 0, 0, 0, 1, 0, 1, 0], "train_logprobs": [[-9.81910228729248, -109.64449310302734], [-112.79642486572266, -171.85324096679688], [-198.81687927246094, -39.848045349121094], [-265.0908203125, -41.152286529541016], [-206.50894165039062, -224.62254333496094], [-183.269775390625, -177.60067749023438], [-41.57123565673828, -136.60153198242188], [-249.4470672607422, -59.295623779296875], [-154.59344482421875, -116.74392700195312], [-298.4930419921875, -328.6243896484375], [-300.3396301269531, -289.9624328613281], [-31.393917083740234, -131.34893798828125], [-176.65008544921875, -3.4422152042388916], [-55.2267951965332, -209.57452392578125], [-366.81396484375, -165.71437072753906], [-31.177860260009766, -98.79606628417969], [-421.2283020019531, -523.2472534179688], [-226.56085205078125, -100.56709289550781], [-20.916152954101562, -228.033447265625], [-218.78277587890625, -31.186168670654297], [-220.6894073486328, -361.98583984375], [-8.65694522857666, -66.84355926513672], [-95.13259887695312, -68.39505004882812], [-329.251708984375, -197.22093200683594], [-53.153446197509766, -40.06727600097656], [-49.3151969909668, -173.4851531982422], [-19.128376007080078, -64.29251861572266], [-86.92749786376953, -334.2510681152344], [-124.17543029785156, -15.051852226257324], [-159.12098693847656, -242.75242614746094], [-21.1115779876709, -312.97613525390625], [-32.24031448364258, -192.2352294921875], [-278.36688232421875, -146.82620239257812], [-185.8940887451172, -312.47991943359375], [-140.29127502441406, -98.30686950683594], [-17.448532104492188, -93.12055206298828], [-167.13613891601562, -306.5050048828125], [-33.623226165771484, -477.3829345703125], [-29.897197723388672, -84.68254089355469], [-71.16455078125, -60.229801177978516], [-152.8168182373047, -82.80609130859375], [-351.07037353515625, -71.3968276977539], [-100.41727447509766, -59.17792510986328], [-103.55070495605469, -100.8428726196289], [-128.5074920654297, -58.18935012817383], [-154.0998992919922, -223.38304138183594], [-126.85124206542969, -40.07273864746094], [-195.73159790039062, -35.54054641723633], [-194.1437530517578, -500.82928466796875], [-209.24867248535156, -61.58693313598633], [-205.55125427246094, -135.45716857910156], [-224.77273559570312, -52.21894836425781], [-61.56170654296875, -254.35531616210938], [-130.54676818847656, -26.718477249145508], [-168.16751098632812, -109.83443450927734], [-117.35198974609375, -645.8628540039062], [-437.60040283203125, -205.79983520507812], [-125.42404174804688, -74.86356353759766], [-146.43502807617188, -291.3896789550781], [-52.90769577026367, -106.9067611694336], [-52.92288589477539, -278.01953125], [-184.46168518066406, -397.0845947265625], [-82.76515197753906, -130.06558227539062], [-35.613319396972656, -80.26130676269531], [-64.6825180053711, -129.6526336669922], [-180.5651397705078, -185.9772186279297], [-36.748905181884766, -19.532258987426758], [-203.75994873046875, -652.5028686523438], [-95.27644348144531, -236.88330078125], [-191.31935119628906, -73.21747589111328], [-318.03070068359375, -303.4891662597656], [-110.7019271850586, -163.5703582763672], [-137.6622314453125, -38.399478912353516], [-198.4219970703125, -95.02510833740234], [-230.79603576660156, -626.697265625], [-64.2584457397461, -131.642822265625], [-117.84324645996094, -61.04505920410156], [-113.51366424560547, -18.417001724243164], [-232.03125, -159.95870971679688], [-106.53932189941406, -110.99923706054688], [-124.61949157714844, -79.27281188964844], [-59.07542037963867, -503.59722900390625], [-236.18275451660156, -291.2850036621094], [-18.30759048461914, -161.68939208984375], [-67.79518127441406, -103.08290100097656], [-323.0573425292969, -269.74212646484375], [-56.19396209716797, -301.0366516113281], [-115.72250366210938, -191.12332153320312], [-581.854248046875, -267.5802917480469], [-78.08277893066406, -207.83938598632812], [-379.5536193847656, -101.0605239868164], [-224.8522186279297, -154.48214721679688], [-17.000755310058594, -39.24456024169922], [-135.77664184570312, -220.09857177734375], [-15.963361740112305, -39.43742370605469], [-226.1622314453125, -268.6199645996094], [-76.42449951171875, -40.602195739746094], [-18.036680221557617, -567.599365234375], [-125.20626831054688, -69.51204681396484], [-27.542497634887695, -139.2650604248047]], "train_probs": [1.0, 1.0, 9.135085836639543e-70, 5.555593902163263e-98, 0.9999999864055158, 0.003439108712294594, 1.0, 2.6198556925074973e-83, 3.6489109697877116e-17, 0.999999999999918, 3.113342990466301e-05, 1.0, 5.981054095430194e-76, 1.0, 4.6084614860669533e-88, 1.0, 1.0, 1.912518499090965e-55, 1.0, 3.3715427106594106e-82, 1.0, 1.0, 2.4435998191922507e-12, 4.568378902817854e-58, 2.0737079555565048e-06, 1.0, 1.0, 1.0, 4.057254008184005e-48, 1.0, 1.0, 1.0, 7.457762692135214e-58, 1.0, 5.839885843532409e-19, 1.0, 1.0, 1.0, 1.0, 1.7827516367385144e-05, 3.9330332758961203e-31, 3.4619620951752966e-122, 1.2302068286946953e-18, 0.06251276672520457, 2.8921377818147313e-31, 1.0, 2.0538788264037605e-38, 2.690978888337814e-70, 1.0, 7.435692344753767e-65, 3.618473274335323e-31, 1.1503827845348523e-75, 1.0, 8.08995637337402e-46, 4.637316882007632e-26, 1.0, 2.1394028872411895e-101, 1.1011926672805921e-22, 1.0, 1.0, 1.0, 1.0, 1.0, 1.0, 1.0, 0.9955574701759308, 3.333539045790816e-08, 1.0, 1.0, 5.116903804843324e-52, 4.838287052442779e-07, 1.0, 7.775607256762519e-44, 1.2453796856563045e-45, 1.0, 1.0, 2.1520913041785305e-25, 5.012382667544848e-42, 5.003725287949282e-32, 0.9885688381924671, 2.0238915589194365e-20, 1.0, 1.0, 1.0, 0.9999999999999996, 7.00641506615119e-24, 1.0, 1.0, 3.255029834475908e-137, 1.0, 1.1271596162223986e-121, 2.7457835258019755e-31, 0.999999999781406, 1.0, 0.999999999936123, 1.0, 2.7705828574931464e-16, 1.0, 6.490930067756323e-25, 1.0], "test_labels": [], "test_logprobs": [], "test_probs": []}}