{"0": {"train_labels": [0, 0, 1, 1, 0, 1, 0, 1, 0, 0, 0, 0, 1, 0, 1, 0, 0, 1, 0, 1, 0, 0, 1, 1, 0, 0, 0, 0, 1, 0, 0, 0, 1, 0, 1, 0, 0, 0, 0, 1, 1, 1, 1, 0, 1, 0, 1, 1, 0, 1, 1, 1, 0, 1, 1, 0, 1, 1, 0, 0, 0, 0, 0, 0, 0, 0, 0, 0, 0, 1, 1, 0, 1, 1, 0, 0, 1, 1, 1, 1, 0, 0, 0, 0, 0, 1, 0, 0, 1, 0, 1, 1, 0, 0, 0, 0, 1, 0, 1, 0], "train_logprobs": [[-27.63444709777832, -89.77742767333984], [-101.22069549560547, -116.5452880859375], [-165.69229125976562, -58.846702575683594], [-154.00961303710938, -63.14195251464844], [-135.90684509277344, -137.88803100585938], [-147.88931274414062, -127.03134155273438], [-82.47813415527344, -137.19403076171875], [-192.22830200195312, -63.132408142089844], [-95.20909118652344, -105.28533172607422], [-153.27394104003906, -211.4885711669922], [-176.10598754882812, -181.25540161132812], [-47.58000946044922, -94.90867614746094], [-93.2730941772461, -22.998056411743164], [-33.02582931518555, -192.44784545898438], [-247.2944793701172, -138.230224609375], [-32.992897033691406, -82.54486083984375], [-313.6164245605469, -334.1212463378906], [-150.56541442871094, -82.59249114990234], [-41.263301849365234, -139.73574829101562], [-206.58578491210938, -42.77022171020508], [-172.77487182617188, -247.1610107421875], [-52.677284240722656, -60.44526290893555], [-56.686004638671875, -41.343788146972656], [-216.2890625, -125.27564239501953], [-46.3931884765625, -94.18783569335938], [-82.32637023925781, -112.9135971069336], [-25.826793670654297, -41.11757278442383], [-68.96206665039062, -233.50193786621094], [-80.08409118652344, -57.67124938964844], [-131.3915252685547, -161.14163208007812], [-40.328460693359375, -238.18423461914062], [-72.53694915771484, -161.96176147460938], [-178.07925415039062, -80.87020111083984], [-120.90776062011719, -192.90321350097656], [-118.34033203125, -111.1606216430664], [-13.971577644348145, -77.14692687988281], [-156.35382080078125, -232.38380432128906], [-50.94533157348633, -274.2074890136719], [-40.32322692871094, -78.26513671875], [-97.2813491821289, -52.097511291503906], [-71.68879699707031, -70.91948699951172], [-238.51080322265625, -49.779109954833984], [-91.61790466308594, -57.86330032348633], [-91.54127502441406, -106.86438751220703], [-145.6940460205078, -85.2373046875], [-135.14926147460938, -150.50509643554688], [-94.3797607421875, -34.91375732421875], [-151.65618896484375, -56.906883239746094], [-106.01548767089844, -302.0442199707031], [-119.5385971069336, -59.31056594848633], [-179.58859252929688, -142.187744140625], [-148.00704956054688, -72.59042358398438], [-38.08871078491211, -201.4587860107422], [-93.04360961914062, -35.96269989013672], [-98.81068420410156, -57.10386657714844], [-97.38188171386719, -427.2379150390625], [-271.7732238769531, -153.46600341796875], [-107.64570617675781, -80.03966522216797], [-157.49514770507812, -208.97901916503906], [-84.83980560302734, -127.66375732421875], [-66.60919189453125, -194.61451721191406], [-136.17108154296875, -249.99266052246094], [-84.15167999267578, -104.00102996826172], [-46.143306732177734, -111.55928039550781], [-68.45769500732422, -86.37389373779297], [-113.14192962646484, -121.93376159667969], [-28.667587280273438, -43.53771209716797], [-132.42214965820312, -359.154296875], [-92.87076568603516, -145.23577880859375], [-167.1552276611328, -100.74982452392578], [-257.4468688964844, -191.19088745117188], [-61.58424377441406, -121.1324462890625], [-157.75875854492188, -62.52018737792969], [-135.803466796875, -67.88160705566406], [-207.071044921875, -339.5797119140625], [-87.2614517211914, -121.26472473144531], [-75.78763580322266, -35.40336990356445], [-80.83287811279297, -40.671695709228516], [-151.7921600341797, -96.89361572265625], [-106.92361450195312, -104.7891616821289], [-73.58586120605469, -95.7993392944336], [-44.64891052246094, -286.70245361328125], [-150.98452758789062, -197.94700622558594], [-28.07105255126953, -112.2491226196289], [-97.4454345703125, -101.88189697265625], [-195.41636657714844, -150.4550018310547], [-74.12481689453125, -208.713623046875], [-87.04763793945312, -127.26460266113281], [-353.0493469238281, -180.57740783691406], [-67.31127166748047, -149.1696014404297], [-215.82740783691406, -101.6336898803711], [-164.31488037109375, -132.39541625976562], [-51.79370880126953, -58.310455322265625], [-115.6199951171875, -246.47787475585938], [-38.176143646240234, -62.505157470703125], [-152.79501342773438, -154.97720336914062], [-83.02787017822266, -15.938546180725098], [-51.1669921875, -384.51739501953125], [-86.89189147949219, -70.13298797607422], [-46.0979118347168, -116.62580108642578]], "train_probs": [1.0, 0.9999997788871896, 3.958680199014584e-47, 3.4409348641572623e-40, 0.8788075243661022, 8.739733853509348e-10, 1.0, 8.59737084479457e-57, 0.9999579344989598, 1.0, 0.9942306744529952, 1.0, 3.019526760578246e-31, 1.0, 4.305226298670053e-48, 1.0, 0.9999999987558607, 3.0181060865778634e-30, 1.0, 7.174718257784642e-72, 1.0, 0.9995771113474482, 2.1725007904677195e-07, 2.9742253388313443e-40, 1.0, 0.999999999999948, 0.9999997712827569, 1.0, 1.8459778422261488e-10, 0.9999999999998799, 1.0, 1.0, 6.062401199815667e-43, 1.0, 0.000761308429994726, 1.0, 1.0, 1.0, 1.0, 2.38181777997508e-20, 0.3166283865455067, 1.0835951524836329e-82, 2.1905925002824867e-15, 0.9999997785596777, 5.545884814313602e-27, 0.999999785688479, 1.4936294042415883e-26, 7.094133540847007e-42, 1.0, 6.971053439108028e-27, 5.715022259854781e-17, 1.7659381735268935e-33, 1.0, 1.6220934950243195e-25, 7.708311327640674e-19, 1.0, 4.16703343724926e-52, 1.025294779845747e-12, 1.0, 1.0, 1.0, 1.0, 0.9999999976037239, 1.0, 0.9999999834387258, 0.9998480537818938, 0.9999996516733559, 1.0, 1.0, 1.4471043497843493e-29, 1.6803233607231213e-29, 1.0, 4.349247052580419e-42, 3.17622393249044e-30, 1.0, 0.9999999999999983, 2.8929182688146475e-18, 3.615930673983724e-18, 1.438351865610195e-24, 0.10579301111625186, 0.9999999997746751, 1.0, 1.0, 1.0, 0.9883007509859003, 2.9752769103854605e-20, 1.0, 1.0, 1.2485000710417407e-75, 1.0, 2.548580896691835e-50, 1.3726280549900202e-14, 0.9985237111890874, 1.0, 0.9999999999728328, 0.8986387218798052, 7.30258790104323e-30, 1.0, 5.2686659381843096e-08, 1.0], "test_labels": [], "test_logprobs": [], "test_probs": []}}