{"0": {"0": {"chosen": -19.64508628845215, "rejected": -5.671276092529297}, "1": {"chosen": -14.742279052734375, "rejected": -22.681396484375}, "2": {"chosen": -37.427127838134766, "rejected": -254.21209716796875}, "3": {"chosen": -17.21983528137207, "rejected": -22.82555389404297}, "4": {"chosen": -36.99689865112305, "rejected": -177.82118225097656}, "5": {"chosen": -120.56886291503906, "rejected": -178.42857360839844}, "6": {"chosen": -104.32173156738281, "rejected": -28.219642639160156}, "7": {"chosen": -11.305805206298828, "rejected": -25.942005157470703}, "8": {"chosen": -16.28382682800293, "rejected": -56.06440734863281}, "9": {"chosen": -8.68800163269043, "rejected": -335.4568786621094}, "10": {"chosen": -20.193042755126953, "rejected": -24.905981063842773}, "11": {"chosen": -27.909482955932617, "rejected": -312.30157470703125}, "12": {"chosen": -29.897464752197266, "rejected": -10.392216682434082}, "13": {"chosen": -101.51052856445312, "rejected": -46.384117126464844}, "14": {"chosen": -41.48876953125, "rejected": -27.039737701416016}, "15": {"chosen": -18.5087890625, "rejected": -30.800874710083008}, "16": {"chosen": -70.089599609375, "rejected": -282.3160400390625}, "17": {"chosen": -57.080806732177734, "rejected": -35.35737609863281}, "18": {"chosen": -218.71832275390625, "rejected": -84.24823760986328}, "19": {"chosen": -80.94731140136719, "rejected": -43.05066680908203}, "20": {"chosen": -54.3879280090332, "rejected": -31.517990112304688}, "21": {"chosen": -24.991199493408203, "rejected": -13.517526626586914}, "22": {"chosen": -51.90562057495117, "rejected": -19.80270004272461}, "23": {"chosen": -14.217299461364746, "rejected": -59.38505935668945}, "24": {"chosen": -48.731956481933594, "rejected": -15.048383712768555}, "25": {"chosen": -114.71250915527344, "rejected": -13.86668872833252}, "26": {"chosen": -31.071331024169922, "rejected": -67.20155334472656}, "27": {"chosen": -197.04541015625, "rejected": -146.19241333007812}, "28": {"chosen": -79.83523559570312, "rejected": -31.10770606994629}, "29": {"chosen": -11.854596138000488, "rejected": -113.56708526611328}, "30": {"chosen": -44.82450485229492, "rejected": -17.822092056274414}, "31": {"chosen": -112.658203125, "rejected": -178.93309020996094}, "32": {"chosen": -48.573909759521484, "rejected": -45.091209411621094}, "33": {"chosen": -77.64823913574219, "rejected": -25.377307891845703}, "34": {"chosen": -203.46905517578125, "rejected": -48.0113410949707}, "35": {"chosen": -64.47188568115234, "rejected": -90.11974334716797}, "36": {"chosen": -25.903810501098633, "rejected": -165.52752685546875}, "37": {"chosen": -28.95012664794922, "rejected": -99.3335952758789}, "38": {"chosen": -20.783369064331055, "rejected": -386.48760986328125}, "39": {"chosen": -15.802629470825195, "rejected": -131.0006866455078}, "40": {"chosen": -54.462493896484375, "rejected": -87.1209487915039}, "41": {"chosen": -134.1754608154297, "rejected": -63.23272705078125}, "42": {"chosen": -95.95233917236328, "rejected": -61.60950469970703}, "43": {"chosen": -105.40250396728516, "rejected": -47.336368560791016}, "44": {"chosen": -252.49020385742188, "rejected": -362.1221923828125}, "45": {"chosen": -123.80493927001953, "rejected": -351.924560546875}, "46": {"chosen": -159.31398010253906, "rejected": -111.80030822753906}, "47": {"chosen": -77.58831787109375, "rejected": -135.8380584716797}, "48": {"chosen": -36.245704650878906, "rejected": -25.300800323486328}, "49": {"chosen": -126.57027435302734, "rejected": -30.33234405517578}, "50": {"chosen": -97.90814208984375, "rejected": -44.42322540283203}, "51": {"chosen": -21.515810012817383, "rejected": -26.998607635498047}, "52": {"chosen": -16.19001007080078, "rejected": -32.93578338623047}, "53": {"chosen": -358.1385803222656, "rejected": -106.78353881835938}, "54": {"chosen": -22.229366302490234, "rejected": -252.69235229492188}, "55": {"chosen": -29.154735565185547, "rejected": -141.9608612060547}, "56": {"chosen": -41.74638366699219, "rejected": -263.1733703613281}, "57": {"chosen": -17.564746856689453, "rejected": -14.388455390930176}, "58": {"chosen": -98.06787872314453, "rejected": -162.11392211914062}, "59": {"chosen": -63.14434051513672, "rejected": -25.91837501525879}, "60": {"chosen": -21.216419219970703, "rejected": -36.242462158203125}, "61": {"chosen": -88.40836334228516, "rejected": -53.5098991394043}, "62": {"chosen": -159.67657470703125, "rejected": -107.71669006347656}, "63": {"chosen": -68.33661651611328, "rejected": -27.56561279296875}, "64": {"chosen": -184.61187744140625, "rejected": -180.67779541015625}, "65": {"chosen": -52.07898712158203, "rejected": -139.8094940185547}, "66": {"chosen": -18.725120544433594, "rejected": -65.72925567626953}, "67": {"chosen": -17.300079345703125, "rejected": -80.77595520019531}, "68": {"chosen": -144.12445068359375, "rejected": -206.20021057128906}, "69": {"chosen": -19.16697120666504, "rejected": -16.900184631347656}, "70": {"chosen": -23.011280059814453, "rejected": -27.026756286621094}, "71": {"chosen": -45.172218322753906, "rejected": -210.042724609375}, "72": {"chosen": -21.471101760864258, "rejected": -188.6627655029297}, "73": {"chosen": -2.5729143619537354, "rejected": -7.315215110778809}, "74": {"chosen": -54.09001922607422, "rejected": -28.59836196899414}, "75": {"chosen": -36.67030334472656, "rejected": -469.40167236328125}, "76": {"chosen": -15.3369779586792, "rejected": -10.279536247253418}, "77": {"chosen": -103.91708374023438, "rejected": -101.21829223632812}, "78": {"chosen": -68.45511627197266, "rejected": -44.8330078125}, "79": {"chosen": -129.7174835205078, "rejected": -18.86471939086914}, "80": {"chosen": -6.791294574737549, "rejected": -11.30679702758789}, "81": {"chosen": -41.46833038330078, "rejected": -23.912572860717773}, "82": {"chosen": -25.31223487854004, "rejected": -29.34978485107422}, "83": {"chosen": -90.82379913330078, "rejected": -173.29461669921875}, "84": {"chosen": -43.62726593017578, "rejected": -32.424827575683594}, "85": {"chosen": -46.37351608276367, "rejected": -271.0113220214844}, "86": {"chosen": -136.99459838867188, "rejected": -42.56078338623047}, "87": {"chosen": -3.3726632595062256, "rejected": -72.44893646240234}, "88": {"chosen": -44.074241638183594, "rejected": -124.260498046875}, "89": {"chosen": -54.34932327270508, "rejected": -71.22945404052734}, "90": {"chosen": -37.073570251464844, "rejected": -53.42150115966797}, "91": {"chosen": -60.90439224243164, "rejected": -44.43787384033203}, "92": {"chosen": -22.769786834716797, "rejected": -38.931114196777344}, "93": {"chosen": -101.83527374267578, "rejected": -105.32673645019531}, "94": {"chosen": -3.3880271911621094, "rejected": -14.658559799194336}, "95": {"chosen": -10.797569274902344, "rejected": -93.601318359375}, "96": {"chosen": -20.471221923828125, "rejected": -12.979650497436523}, "97": {"chosen": -99.5962905883789, "rejected": -83.41345977783203}, "98": {"chosen": -16.018325805664062, "rejected": -63.89142608642578}, "99": {"chosen": -77.30601501464844, "rejected": -43.435813903808594}}}