{"0": {"train_labels": [0, 0, 1, 1, 0, 1, 0, 1, 1, 0, 0, 0, 1, 0, 1, 0, 0, 1, 0, 1, 0, 0, 1, 1, 0, 0, 0, 0, 1, 0, 0, 0, 1, 0, 1, 0, 0, 0, 0, 1, 1, 1, 1, 0, 1, 0, 1, 1, 0, 1, 1, 1, 0, 1, 1, 0, 1, 1, 0, 0, 0, 0, 0, 0, 0, 0, 1, 0, 0, 1, 1, 0, 1, 1, 0, 0, 1, 1, 1, 0, 1, 0, 0, 0, 0, 1, 0, 0, 1, 0, 1, 1, 0, 0, 0, 0, 1, 0, 1, 0], "train_logprobs": [[-9.72568416595459, -49.1337890625], [-54.8772087097168, -96.23835754394531], [-114.38670349121094, -22.728086471557617], [-120.00325012207031, -22.47915267944336], [-96.01122283935547, -99.72211456298828], [-92.16919708251953, -91.90242004394531], [-26.803298950195312, -84.31465911865234], [-126.22386169433594, -37.05171203613281], [-66.84652709960938, -51.87166213989258], [-115.55043029785156, -153.6739501953125], [-137.1831512451172, -145.33705139160156], [-13.206682205200195, -60.70292282104492], [-73.95851135253906, -6.744821548461914], [-35.170433044433594, -118.14509582519531], [-177.8606414794922, -83.79977416992188], [-13.560970306396484, -45.71162414550781], [-216.7090301513672, -255.2165985107422], [-101.314453125, -43.20735168457031], [-16.082992553710938, -97.15420532226562], [-134.65530395507812, -16.757909774780273], [-141.97750854492188, -189.13113403320312], [-8.819879531860352, -37.429832458496094], [-34.97830581665039, -25.46061897277832], [-137.5830078125, -89.05323791503906], [-21.185333251953125, -29.692554473876953], [-36.77399826049805, -79.79563903808594], [-11.32685375213623, -26.6138916015625], [-46.15675354003906, -181.0135498046875], [-43.76060104370117, -7.288041591644287], [-82.87214660644531, -124.92731475830078], [-8.309433937072754, -177.03416442871094], [-32.13169860839844, -118.27215576171875], [-135.03866577148438, -52.584503173828125], [-82.88418579101562, -118.41201782226562], [-74.9786148071289, -50.969879150390625], [-8.17839241027832, -51.897254943847656], [-91.27840423583984, -162.89878845214844], [-22.100055694580078, -239.0751190185547], [-11.999993324279785, -29.824039459228516], [-35.67375183105469, -28.699832916259766], [-51.07440185546875, -33.589229583740234], [-186.58383178710938, -33.73091125488281], [-58.74504470825195, -34.684295654296875], [-56.08025360107422, -60.995548248291016], [-64.26456451416016, -20.017650604248047], [-93.2724838256836, -102.77201843261719], [-64.6257095336914, -14.165363311767578], [-103.3026123046875, -20.438692092895508], [-92.27779388427734, -274.4715576171875], [-79.73638916015625, -28.174068450927734], [-120.2974853515625, -60.4019660949707], [-103.77416229248047, -30.73004913330078], [-16.447072982788086, -127.36797332763672], [-70.0776138305664, -14.515613555908203], [-78.91018676757812, -40.922752380371094], [-53.39607238769531, -343.3473815917969], [-201.4535675048828, -91.03876495361328], [-69.53395080566406, -48.55787658691406], [-73.687255859375, -133.9535675048828], [-32.987144470214844, -57.37549591064453], [-35.047325134277344, -140.73348999023438], [-86.55506896972656, -214.37115478515625], [-43.59722900390625, -63.22310256958008], [-21.83329963684082, -38.47588348388672], [-26.84928321838379, -60.960777282714844], [-72.059326171875, -87.59996795654297], [-15.938232421875, -10.676362991333008], [-98.88504028320312, -323.7696838378906], [-36.225486755371094, -126.72150421142578], [-85.93618774414062, -43.10014343261719], [-151.38070678710938, -144.25230407714844], [-34.25295639038086, -67.35164642333984], [-71.4708023071289, -25.16330337524414], [-95.33236694335938, -36.48401641845703], [-157.79933166503906, -292.828857421875], [-37.030635833740234, -62.905426025390625], [-56.0588264465332, -26.84222412109375], [-50.0876350402832, -7.041854381561279], [-127.26741027832031, -76.8739013671875], [-49.98710250854492, -59.37522888183594], [-66.80172729492188, -40.89486312866211], [-25.22343635559082, -234.19973754882812], [-120.80615234375, -162.4468994140625], [-7.485419273376465, -78.0168228149414], [-34.67719268798828, -47.17366409301758], [-169.7061004638672, -119.25611114501953], [-18.972349166870117, -153.8668212890625], [-45.670589447021484, -72.36563110351562], [-295.3329162597656, -126.8777847290039], [-31.5846004486084, -88.03894805908203], [-165.81158447265625, -52.75025939941406], [-122.3631362915039, -68.93354034423828], [-7.6381025314331055, -10.980817794799805], [-75.89543151855469, -131.01625061035156], [-7.674638748168945, -31.81924819946289], [-109.37049865722656, -127.87930297851562], [-41.28954315185547, -12.091103553771973], [-10.446661949157715, -309.0475158691406], [-48.48866271972656, -35.65159606933594], [-11.33587646484375, -72.76872253417969]], "train_probs": [1.0, 1.0, 1.5601573789393854e-40, 4.424076500013642e-43, 0.9761280983883563, 0.4336984978120043, 1.0, 1.8751130830517164e-39, 3.1368853395519056e-07, 1.0, 0.9997124712539819, 1.0, 6.448599566394814e-30, 1.0, 1.4121614913639208e-41, 0.9999999999999891, 1.0, 5.813082479476652e-26, 1.0, 6.277869399953444e-52, 1.0, 0.9999999999996243, 7.353416860825013e-05, 8.390517074256857e-22, 0.9997980364264722, 1.0, 0.9999997704254627, 1.0, 1.4460013189135023e-16, 1.0, 1.0, 1.0, 1.5510013430657556e-36, 0.9999999999999997, 3.742299889560581e-11, 1.0, 1.0, 1.0, 0.9999999818400307, 0.0009351024572493317, 2.548508909420705e-08, 4.138281886234449e-67, 3.552625717933791e-11, 0.9927198327577529, 6.078682327068963e-20, 0.9999251189340763, 1.2171667525198362e-22, 1.029571952733235e-36, 1.0, 4.043604226925971e-23, 9.720900461440691e-27, 1.893846254854448e-32, 1.0, 7.408493039912266e-25, 3.1788267866139194e-17, 1.0, 1.1154767728035472e-48, 7.766166808515938e-10, 1.0, 0.9999999999743979, 1.0, 1.0, 0.9999999970036578, 0.9999999408141833, 0.9999999999999986, 0.9999998218503595, 0.005158849790567055, 1.0, 1.0, 2.491967241475369e-19, 0.0008013567030025096, 0.9999999999999959, 7.742990798112825e-21, 2.7700403667938897e-26, 1.0, 0.9999999999942094, 2.0482871011959438e-13, 2.0204820229409655e-19, 1.301299180097478e-22, 0.999916294852415, 5.607791385892661e-12, 1.0, 1.0, 1.0, 0.9999962601877369, 1.2298383365184856e-22, 1.0, 0.9999999999974502, 6.932117699041103e-74, 1.0, 7.908432351286315e-50, 6.2491551873715736e-24, 0.9658654761250254, 1.0, 0.9999999999673316, 0.9999999908435229, 2.0858294853565214e-13, 1.0, 2.6603062487188984e-06, 1.0], "test_labels": [], "test_logprobs": [], "test_probs": []}}