{"0": {"0": {"chosen": -20.971860885620117, "rejected": -7.137600421905518}, "1": {"chosen": -16.136531829833984, "rejected": -25.04187774658203}, "2": {"chosen": -37.6070556640625, "rejected": -256.9013977050781}, "3": {"chosen": -19.94225311279297, "rejected": -26.906450271606445}, "4": {"chosen": -37.92377471923828, "rejected": -183.14060974121094}, "5": {"chosen": -123.13584899902344, "rejected": -183.66128540039062}, "6": {"chosen": -105.4998779296875, "rejected": -30.420848846435547}, "7": {"chosen": -10.919960021972656, "rejected": -22.664140701293945}, "8": {"chosen": -16.154460906982422, "rejected": -58.077144622802734}, "9": {"chosen": -9.619751930236816, "rejected": -336.1904602050781}, "10": {"chosen": -21.27983856201172, "rejected": -23.996559143066406}, "11": {"chosen": -28.2242431640625, "rejected": -311.5756530761719}, "12": {"chosen": -30.72060775756836, "rejected": -11.051624298095703}, "13": {"chosen": -107.35121154785156, "rejected": -47.456703186035156}, "14": {"chosen": -44.92802810668945, "rejected": -29.822036743164062}, "15": {"chosen": -20.62812042236328, "rejected": -32.685298919677734}, "16": {"chosen": -67.63599395751953, "rejected": -283.7298889160156}, "17": {"chosen": -58.67741012573242, "rejected": -37.75767135620117}, "18": {"chosen": -221.11082458496094, "rejected": -90.24311065673828}, "19": {"chosen": -82.75033569335938, "rejected": -43.691349029541016}, "20": {"chosen": -56.290897369384766, "rejected": -32.55862808227539}, "21": {"chosen": -26.392995834350586, "rejected": -15.41146183013916}, "22": {"chosen": -52.731327056884766, "rejected": -20.460315704345703}, "23": {"chosen": -14.211722373962402, "rejected": -60.83054733276367}, "24": {"chosen": -50.23396682739258, "rejected": -17.59522247314453}, "25": {"chosen": -117.10348510742188, "rejected": -16.81403160095215}, "26": {"chosen": -31.247432708740234, "rejected": -68.61389923095703}, "27": {"chosen": -201.6988983154297, "rejected": -149.80592346191406}, "28": {"chosen": -81.73980712890625, "rejected": -32.048789978027344}, "29": {"chosen": -12.40932559967041, "rejected": -116.63156127929688}, "30": {"chosen": -44.82835388183594, "rejected": -18.40435028076172}, "31": {"chosen": -108.86785888671875, "rejected": -182.81300354003906}, "32": {"chosen": -49.84897994995117, "rejected": -46.1308479309082}, "33": {"chosen": -80.60045623779297, "rejected": -28.3380069732666}, "34": {"chosen": -204.70315551757812, "rejected": -49.1733512878418}, "35": {"chosen": -63.99722671508789, "rejected": -90.5636978149414}, "36": {"chosen": -26.243236541748047, "rejected": -166.55148315429688}, "37": {"chosen": -29.721162796020508, "rejected": -101.76527404785156}, "38": {"chosen": -20.93754768371582, "rejected": -387.7034606933594}, "39": {"chosen": -16.442092895507812, "rejected": -136.45420837402344}, "40": {"chosen": -53.79073715209961, "rejected": -87.55999755859375}, "41": {"chosen": -131.9940948486328, "rejected": -65.2635726928711}, "42": {"chosen": -99.18095397949219, "rejected": -63.920616149902344}, "43": {"chosen": -110.11949157714844, "rejected": -49.252132415771484}, "44": {"chosen": -253.10897827148438, "rejected": -363.73834228515625}, "45": {"chosen": -125.56299591064453, "rejected": -353.0770568847656}, "46": {"chosen": -159.83277893066406, "rejected": -112.72317504882812}, "47": {"chosen": -76.48579406738281, "rejected": -135.78445434570312}, "48": {"chosen": -37.391841888427734, "rejected": -25.9902286529541}, "49": {"chosen": -128.5836944580078, "rejected": -32.216087341308594}, "50": {"chosen": -98.43574523925781, "rejected": -45.68194580078125}, "51": {"chosen": -23.278568267822266, "rejected": -29.00519561767578}, "52": {"chosen": -15.150554656982422, "rejected": -33.52199935913086}, "53": {"chosen": -356.9888916015625, "rejected": -108.72249603271484}, "54": {"chosen": -25.752826690673828, "rejected": -258.59564208984375}, "55": {"chosen": -33.8665771484375, "rejected": -144.40257263183594}, "56": {"chosen": -41.7036247253418, "rejected": -264.7250671386719}, "57": {"chosen": -17.320781707763672, "rejected": -16.531448364257812}, "58": {"chosen": -100.183837890625, "rejected": -164.2344512939453}, "59": {"chosen": -64.94821166992188, "rejected": -28.99183464050293}, "60": {"chosen": -21.7231388092041, "rejected": -37.20391845703125}, "61": {"chosen": -89.39556121826172, "rejected": -55.18526840209961}, "62": {"chosen": -161.1108856201172, "rejected": -110.15245056152344}, "63": {"chosen": -70.14627075195312, "rejected": -29.104671478271484}, "64": {"chosen": -189.52838134765625, "rejected": -183.66009521484375}, "65": {"chosen": -53.60090255737305, "rejected": -140.0330810546875}, "66": {"chosen": -20.08839988708496, "rejected": -66.75639343261719}, "67": {"chosen": -18.082080841064453, "rejected": -85.16577911376953}, "68": {"chosen": -145.2769012451172, "rejected": -207.67529296875}, "69": {"chosen": -21.992883682250977, "rejected": -18.078018188476562}, "70": {"chosen": -23.6114559173584, "rejected": -27.006336212158203}, "71": {"chosen": -44.75225067138672, "rejected": -209.03988647460938}, "72": {"chosen": -22.971656799316406, "rejected": -195.3508758544922}, "73": {"chosen": -3.11958646774292, "rejected": -7.938073635101318}, "74": {"chosen": -55.078094482421875, "rejected": -30.331573486328125}, "75": {"chosen": -37.63573455810547, "rejected": -473.927490234375}, "76": {"chosen": -16.565420150756836, "rejected": -13.444170951843262}, "77": {"chosen": -106.48108673095703, "rejected": -104.60660552978516}, "78": {"chosen": -71.08526611328125, "rejected": -45.42402648925781}, "79": {"chosen": -130.9660186767578, "rejected": -21.183731079101562}, "80": {"chosen": -6.935890197753906, "rejected": -14.605293273925781}, "81": {"chosen": -42.94583511352539, "rejected": -26.049360275268555}, "82": {"chosen": -28.278457641601562, "rejected": -30.465103149414062}, "83": {"chosen": -92.79595184326172, "rejected": -175.3690643310547}, "84": {"chosen": -43.85811996459961, "rejected": -34.1637077331543}, "85": {"chosen": -45.83241271972656, "rejected": -269.8381042480469}, "86": {"chosen": -136.60792541503906, "rejected": -42.3825798034668}, "87": {"chosen": -4.5786004066467285, "rejected": -74.3501968383789}, "88": {"chosen": -43.939109802246094, "rejected": -128.6974639892578}, "89": {"chosen": -53.23855209350586, "rejected": -74.12928771972656}, "90": {"chosen": -38.976287841796875, "rejected": -54.476287841796875}, "91": {"chosen": -62.15142822265625, "rejected": -44.64958572387695}, "92": {"chosen": -24.845354080200195, "rejected": -39.9964599609375}, "93": {"chosen": -106.7395248413086, "rejected": -108.20960235595703}, "94": {"chosen": -5.733719825744629, "rejected": -16.4578857421875}, "95": {"chosen": -10.89306354522705, "rejected": -94.50077056884766}, "96": {"chosen": -19.412843704223633, "rejected": -15.004852294921875}, "97": {"chosen": -102.22064971923828, "rejected": -85.40505981445312}, "98": {"chosen": -16.158309936523438, "rejected": -63.22236251831055}, "99": {"chosen": -78.69396209716797, "rejected": -45.572364807128906}}}