{"0": {"0": {"chosen": -21.693450927734375, "rejected": -7.780488014221191}, "1": {"chosen": -15.382769584655762, "rejected": -21.95857048034668}, "2": {"chosen": -38.61394119262695, "rejected": -255.19602966308594}, "3": {"chosen": -19.09320831298828, "rejected": -25.22397804260254}, "4": {"chosen": -38.64400863647461, "rejected": -179.52999877929688}, "5": {"chosen": -121.85903930664062, "rejected": -181.878662109375}, "6": {"chosen": -105.85147094726562, "rejected": -29.624086380004883}, "7": {"chosen": -11.34239387512207, "rejected": -25.849639892578125}, "8": {"chosen": -15.896753311157227, "rejected": -57.270111083984375}, "9": {"chosen": -9.128762245178223, "rejected": -338.3212890625}, "10": {"chosen": -22.43667984008789, "rejected": -22.818115234375}, "11": {"chosen": -30.430763244628906, "rejected": -315.71002197265625}, "12": {"chosen": -31.91167640686035, "rejected": -12.06449031829834}, "13": {"chosen": -104.4657974243164, "rejected": -47.73809814453125}, "14": {"chosen": -43.32632827758789, "rejected": -27.755619049072266}, "15": {"chosen": -20.559600830078125, "rejected": -34.5207405090332}, "16": {"chosen": -69.38990783691406, "rejected": -281.3022766113281}, "17": {"chosen": -58.19182586669922, "rejected": -37.35799026489258}, "18": {"chosen": -220.21421813964844, "rejected": -87.15145874023438}, "19": {"chosen": -81.54920959472656, "rejected": -42.46482467651367}, "20": {"chosen": -56.03799819946289, "rejected": -32.882232666015625}, "21": {"chosen": -26.62787628173828, "rejected": -15.243143081665039}, "22": {"chosen": -51.74773406982422, "rejected": -19.357500076293945}, "23": {"chosen": -15.19117259979248, "rejected": -61.34755325317383}, "24": {"chosen": -49.52803039550781, "rejected": -17.443279266357422}, "25": {"chosen": -116.52213287353516, "rejected": -15.544251441955566}, "26": {"chosen": -30.47646141052246, "rejected": -67.63746643066406}, "27": {"chosen": -196.85476684570312, "rejected": -146.9410858154297}, "28": {"chosen": -83.21005249023438, "rejected": -32.803314208984375}, "29": {"chosen": -13.462918281555176, "rejected": -121.0831069946289}, "30": {"chosen": -45.32698059082031, "rejected": -18.646217346191406}, "31": {"chosen": -113.792724609375, "rejected": -182.15219116210938}, "32": {"chosen": -50.989784240722656, "rejected": -47.45635986328125}, "33": {"chosen": -81.66083526611328, "rejected": -26.376602172851562}, "34": {"chosen": -201.61508178710938, "rejected": -46.90522766113281}, "35": {"chosen": -63.89222717285156, "rejected": -89.40721893310547}, "36": {"chosen": -24.883563995361328, "rejected": -166.81333923339844}, "37": {"chosen": -29.709280014038086, "rejected": -100.74885559082031}, "38": {"chosen": -21.936141967773438, "rejected": -386.493408203125}, "39": {"chosen": -16.1662540435791, "rejected": -134.98483276367188}, "40": {"chosen": -55.055328369140625, "rejected": -86.24725341796875}, "41": {"chosen": -134.7039337158203, "rejected": -66.522216796875}, "42": {"chosen": -99.52701568603516, "rejected": -63.56256103515625}, "43": {"chosen": -108.61442565917969, "rejected": -47.73567581176758}, "44": {"chosen": -252.05490112304688, "rejected": -363.3579406738281}, "45": {"chosen": -124.52564239501953, "rejected": -351.23870849609375}, "46": {"chosen": -160.3531951904297, "rejected": -113.29059600830078}, "47": {"chosen": -76.18314361572266, "rejected": -135.3671875}, "48": {"chosen": -34.243125915527344, "rejected": -25.162734985351562}, "49": {"chosen": -128.01986694335938, "rejected": -31.670591354370117}, "50": {"chosen": -98.21532440185547, "rejected": -44.91154098510742}, "51": {"chosen": -23.237457275390625, "rejected": -27.53811264038086}, "52": {"chosen": -15.405119895935059, "rejected": -32.88288116455078}, "53": {"chosen": -356.8888854980469, "rejected": -108.79792785644531}, "54": {"chosen": -23.386472702026367, "rejected": -254.31964111328125}, "55": {"chosen": -33.018428802490234, "rejected": -142.91270446777344}, "56": {"chosen": -42.24137496948242, "rejected": -264.5035095214844}, "57": {"chosen": -18.635501861572266, "rejected": -16.498653411865234}, "58": {"chosen": -98.88729095458984, "rejected": -163.02227783203125}, "59": {"chosen": -63.449222564697266, "rejected": -26.263038635253906}, "60": {"chosen": -20.538442611694336, "rejected": -35.897647857666016}, "61": {"chosen": -88.09467315673828, "rejected": -52.549156188964844}, "62": {"chosen": -160.8424072265625, "rejected": -107.40369415283203}, "63": {"chosen": -68.73453521728516, "rejected": -26.896011352539062}, "64": {"chosen": -184.08953857421875, "rejected": -185.32386779785156}, "65": {"chosen": -52.32804870605469, "rejected": -143.1196746826172}, "66": {"chosen": -19.904218673706055, "rejected": -65.28360748291016}, "67": {"chosen": -17.907398223876953, "rejected": -81.48294067382812}, "68": {"chosen": -144.8791046142578, "rejected": -207.66644287109375}, "69": {"chosen": -21.694387435913086, "rejected": -17.44191551208496}, "70": {"chosen": -23.21700668334961, "rejected": -28.18415641784668}, "71": {"chosen": -43.214481353759766, "rejected": -208.82388305664062}, "72": {"chosen": -21.945049285888672, "rejected": -192.8152618408203}, "73": {"chosen": -2.997950553894043, "rejected": -7.3093390464782715}, "74": {"chosen": -53.505123138427734, "rejected": -30.332523345947266}, "75": {"chosen": -38.06614685058594, "rejected": -471.1037902832031}, "76": {"chosen": -16.93853759765625, "rejected": -13.572484970092773}, "77": {"chosen": -105.71531677246094, "rejected": -104.97029113769531}, "78": {"chosen": -71.23604583740234, "rejected": -46.20011901855469}, "79": {"chosen": -130.25234985351562, "rejected": -20.753292083740234}, "80": {"chosen": -7.1366868019104, "rejected": -13.337137222290039}, "81": {"chosen": -43.279335021972656, "rejected": -26.847923278808594}, "82": {"chosen": -27.641340255737305, "rejected": -29.627822875976562}, "83": {"chosen": -93.6241226196289, "rejected": -176.38011169433594}, "84": {"chosen": -42.257728576660156, "rejected": -33.47196960449219}, "85": {"chosen": -45.47059631347656, "rejected": -271.85595703125}, "86": {"chosen": -137.82440185546875, "rejected": -44.452659606933594}, "87": {"chosen": -4.11233377456665, "rejected": -73.52944946289062}, "88": {"chosen": -43.06572723388672, "rejected": -124.90088653564453}, "89": {"chosen": -54.962440490722656, "rejected": -73.1243896484375}, "90": {"chosen": -36.3865852355957, "rejected": -55.07583999633789}, "91": {"chosen": -60.2236213684082, "rejected": -47.03078079223633}, "92": {"chosen": -23.622343063354492, "rejected": -39.51512145996094}, "93": {"chosen": -104.07696533203125, "rejected": -107.07746887207031}, "94": {"chosen": -4.358785629272461, "rejected": -15.399662971496582}, "95": {"chosen": -10.96249771118164, "rejected": -95.21343231201172}, "96": {"chosen": -20.814992904663086, "rejected": -14.606690406799316}, "97": {"chosen": -99.92986297607422, "rejected": -84.05476379394531}, "98": {"chosen": -16.0072078704834, "rejected": -64.38782501220703}, "99": {"chosen": -78.44929504394531, "rejected": -44.588035583496094}}}