{"0": {"0": {"chosen": -22.606719970703125, "rejected": -7.491326332092285}, "1": {"chosen": -15.494891166687012, "rejected": -24.030685424804688}, "2": {"chosen": -36.745521545410156, "rejected": -256.670166015625}, "3": {"chosen": -18.842100143432617, "rejected": -26.984779357910156}, "4": {"chosen": -40.60292053222656, "rejected": -180.7412872314453}, "5": {"chosen": -120.88507843017578, "rejected": -182.40847778320312}, "6": {"chosen": -105.57635498046875, "rejected": -27.631366729736328}, "7": {"chosen": -11.547950744628906, "rejected": -26.37531280517578}, "8": {"chosen": -16.235881805419922, "rejected": -58.173133850097656}, "9": {"chosen": -9.41804027557373, "rejected": -337.02227783203125}, "10": {"chosen": -20.57699203491211, "rejected": -19.597169876098633}, "11": {"chosen": -27.54710578918457, "rejected": -314.26190185546875}, "12": {"chosen": -31.915098190307617, "rejected": -11.326516151428223}, "13": {"chosen": -103.4586410522461, "rejected": -44.49824905395508}, "14": {"chosen": -43.911136627197266, "rejected": -28.08066749572754}, "15": {"chosen": -21.537677764892578, "rejected": -31.39299964904785}, "16": {"chosen": -71.81937408447266, "rejected": -286.5545654296875}, "17": {"chosen": -58.17066955566406, "rejected": -37.72621536254883}, "18": {"chosen": -220.18893432617188, "rejected": -88.2012710571289}, "19": {"chosen": -81.64083099365234, "rejected": -43.10251998901367}, "20": {"chosen": -56.66295623779297, "rejected": -29.673662185668945}, "21": {"chosen": -24.359214782714844, "rejected": -15.798206329345703}, "22": {"chosen": -51.627113342285156, "rejected": -20.1673641204834}, "23": {"chosen": -12.772802352905273, "rejected": -58.640724182128906}, "24": {"chosen": -49.419124603271484, "rejected": -13.957839012145996}, "25": {"chosen": -114.41641998291016, "rejected": -17.55971336364746}, "26": {"chosen": -32.03562927246094, "rejected": -68.54642486572266}, "27": {"chosen": -197.78582763671875, "rejected": -146.38595581054688}, "28": {"chosen": -79.68601989746094, "rejected": -28.282794952392578}, "29": {"chosen": -12.936389923095703, "rejected": -115.24720764160156}, "30": {"chosen": -45.12806701660156, "rejected": -18.03069305419922}, "31": {"chosen": -112.33140563964844, "rejected": -183.41664123535156}, "32": {"chosen": -50.818565368652344, "rejected": -48.744327545166016}, "33": {"chosen": -78.91424560546875, "rejected": -23.155040740966797}, "34": {"chosen": -203.60806274414062, "rejected": -48.763511657714844}, "35": {"chosen": -63.12600326538086, "rejected": -89.34076690673828}, "36": {"chosen": -24.53553009033203, "rejected": -166.85296630859375}, "37": {"chosen": -29.475452423095703, "rejected": -100.86386108398438}, "38": {"chosen": -20.720626831054688, "rejected": -387.5306091308594}, "39": {"chosen": -16.261445999145508, "rejected": -134.9615936279297}, "40": {"chosen": -55.21208190917969, "rejected": -86.71565246582031}, "41": {"chosen": -131.69923400878906, "rejected": -66.53536224365234}, "42": {"chosen": -97.55477905273438, "rejected": -63.457542419433594}, "43": {"chosen": -108.58828735351562, "rejected": -49.37010192871094}, "44": {"chosen": -253.68191528320312, "rejected": -364.3948669433594}, "45": {"chosen": -124.8458251953125, "rejected": -353.16552734375}, "46": {"chosen": -160.92259216308594, "rejected": -113.62950897216797}, "47": {"chosen": -75.57037353515625, "rejected": -133.68101501464844}, "48": {"chosen": -37.27622604370117, "rejected": -26.090831756591797}, "49": {"chosen": -129.37705993652344, "rejected": -33.02057647705078}, "50": {"chosen": -101.3061752319336, "rejected": -44.931358337402344}, "51": {"chosen": -23.345352172851562, "rejected": -28.100688934326172}, "52": {"chosen": -16.11497688293457, "rejected": -34.15110778808594}, "53": {"chosen": -357.4915466308594, "rejected": -106.70531463623047}, "54": {"chosen": -20.755083084106445, "rejected": -254.56671142578125}, "55": {"chosen": -33.32011795043945, "rejected": -145.43968200683594}, "56": {"chosen": -42.11457061767578, "rejected": -264.93048095703125}, "57": {"chosen": -18.120676040649414, "rejected": -16.58234977722168}, "58": {"chosen": -100.1166000366211, "rejected": -164.18692016601562}, "59": {"chosen": -65.95280456542969, "rejected": -27.43596076965332}, "60": {"chosen": -21.726097106933594, "rejected": -36.93095397949219}, "61": {"chosen": -87.88362884521484, "rejected": -50.39451599121094}, "62": {"chosen": -159.88766479492188, "rejected": -105.3538589477539}, "63": {"chosen": -67.47747802734375, "rejected": -30.438522338867188}, "64": {"chosen": -184.4482421875, "rejected": -182.79193115234375}, "65": {"chosen": -54.27946472167969, "rejected": -141.34210205078125}, "66": {"chosen": -20.982831954956055, "rejected": -69.68541717529297}, "67": {"chosen": -18.524215698242188, "rejected": -84.4293212890625}, "68": {"chosen": -145.30885314941406, "rejected": -208.26344299316406}, "69": {"chosen": -20.469505310058594, "rejected": -17.411531448364258}, "70": {"chosen": -25.084392547607422, "rejected": -28.069589614868164}, "71": {"chosen": -43.73514938354492, "rejected": -209.77682495117188}, "72": {"chosen": -23.212921142578125, "rejected": -193.9116668701172}, "73": {"chosen": -2.4837896823883057, "rejected": -7.373724937438965}, "74": {"chosen": -54.11307907104492, "rejected": -29.998523712158203}, "75": {"chosen": -36.91374969482422, "rejected": -471.8437805175781}, "76": {"chosen": -16.468955993652344, "rejected": -12.686257362365723}, "77": {"chosen": -103.46186065673828, "rejected": -102.33748626708984}, "78": {"chosen": -70.00413513183594, "rejected": -46.85676956176758}, "79": {"chosen": -128.20791625976562, "rejected": -20.642066955566406}, "80": {"chosen": -6.725483417510986, "rejected": -14.462423324584961}, "81": {"chosen": -38.08256530761719, "rejected": -25.797109603881836}, "82": {"chosen": -27.964061737060547, "rejected": -27.19445037841797}, "83": {"chosen": -92.70068359375, "rejected": -175.33546447753906}, "84": {"chosen": -45.066627502441406, "rejected": -34.478641510009766}, "85": {"chosen": -43.836280822753906, "rejected": -270.20672607421875}, "86": {"chosen": -139.09046936035156, "rejected": -39.69888687133789}, "87": {"chosen": -4.606234550476074, "rejected": -74.3747787475586}, "88": {"chosen": -43.19281005859375, "rejected": -126.56053161621094}, "89": {"chosen": -57.0890998840332, "rejected": -75.09349060058594}, "90": {"chosen": -37.919132232666016, "rejected": -55.746028900146484}, "91": {"chosen": -62.23839569091797, "rejected": -46.813262939453125}, "92": {"chosen": -23.48505210876465, "rejected": -39.01884460449219}, "93": {"chosen": -105.87303161621094, "rejected": -107.47222137451172}, "94": {"chosen": -4.45743989944458, "rejected": -15.578817367553711}, "95": {"chosen": -11.125250816345215, "rejected": -94.42599487304688}, "96": {"chosen": -17.360868453979492, "rejected": -11.095754623413086}, "97": {"chosen": -100.91911315917969, "rejected": -85.85600280761719}, "98": {"chosen": -16.289804458618164, "rejected": -63.105010986328125}, "99": {"chosen": -77.92688751220703, "rejected": -44.746097564697266}}}