{"0": {"train_labels": [0, 0, 1, 1, 0, 1, 0, 1, 1, 0, 1, 0, 1, 0, 1, 0, 0, 1, 0, 1, 0, 0, 1, 1, 1, 0, 0, 0, 1, 0, 0, 0, 1, 0, 1, 0, 0, 0, 0, 1, 1, 1, 1, 1, 1, 0, 1, 1, 0, 1, 1, 1, 0, 1, 1, 0, 1, 1, 0, 0, 0, 0, 0, 0, 0, 0, 1, 0, 0, 1, 1, 0, 1, 1, 0, 0, 1, 1, 1, 0, 1, 0, 0, 0, 0, 1, 0, 0, 1, 0, 1, 1, 0, 0, 0, 0, 1, 0, 1, 0], "train_logprobs": [[-9.606107711791992, -110.66244506835938], [-113.21115112304688, -172.14598083496094], [-198.75054931640625, -39.64622116088867], [-264.11224365234375, -41.63355255126953], [-206.1083526611328, -224.26596069335938], [-183.49090576171875, -178.9276580810547], [-41.754276275634766, -135.82485961914062], [-249.1441650390625, -59.76618194580078], [-154.2757110595703, -117.52628326416016], [-299.672607421875, -330.1622619628906], [-301.4089050292969, -291.03143310546875], [-31.92064666748047, -132.0204315185547], [-179.01840209960938, -3.4804224967956543], [-55.728614807128906, -209.52481079101562], [-366.7663269042969, -166.34303283691406], [-31.324729919433594, -99.19074249267578], [-420.80853271484375, -524.5440673828125], [-226.8903045654297, -100.48107147216797], [-20.696733474731445, -229.3546905517578], [-220.03236389160156, -31.17383575439453], [-220.93399047851562, -361.6709899902344], [-8.770960807800293, -67.01747131347656], [-95.20569610595703, -69.19770812988281], [-329.7012939453125, -197.78042602539062], [-53.11813735961914, -40.374298095703125], [-49.53807067871094, -174.7078857421875], [-19.205629348754883, -65.38308715820312], [-87.15357971191406, -335.68597412109375], [-123.77970123291016, -15.229804039001465], [-158.6695556640625, -243.77407836914062], [-21.25381088256836, -314.98944091796875], [-32.01847457885742, -192.81558227539062], [-277.97467041015625, -146.05532836914062], [-186.88880920410156, -316.6134033203125], [-141.8064727783203, -99.45463562011719], [-17.472957611083984, -93.00132751464844], [-167.310302734375, -307.29803466796875], [-33.61473083496094, -477.3526916503906], [-30.066181182861328, -84.82088470458984], [-71.33512878417969, -60.07758331298828], [-152.57958984375, -82.13583374023438], [-353.8008728027344, -72.04009246826172], [-100.53973388671875, -59.495582580566406], [-103.30247497558594, -101.35200500488281], [-129.31765747070312, -57.259376525878906], [-153.79852294921875, -223.33267211914062], [-126.65550231933594, -40.999794006347656], [-195.35049438476562, -35.534751892089844], [-193.9749298095703, -501.4957275390625], [-209.6015625, -62.3189697265625], [-205.7474822998047, -137.07022094726562], [-224.64427185058594, -52.13447952270508], [-62.10395812988281, -253.81874084472656], [-130.88299560546875, -26.6425838470459], [-167.7834930419922, -109.75885009765625], [-117.50707244873047, -650.511962890625], [-438.3033447265625, -205.88941955566406], [-125.12188720703125, -75.40465545654297], [-147.04180908203125, -294.9460144042969], [-52.6547966003418, -107.01033020019531], [-52.475948333740234, -279.7734375], [-184.46360778808594, -396.7762451171875], [-82.90193939208984, -130.38897705078125], [-36.423831939697266, -80.18611145019531], [-64.79830932617188, -129.24905395507812], [-180.99359130859375, -186.52195739746094], [-37.17979431152344, -19.331621170043945], [-203.49603271484375, -655.0181274414062], [-97.94473266601562, -237.9356689453125], [-190.63739013671875, -73.86589813232422], [-317.2933349609375, -304.2398986816406], [-110.05873107910156, -163.69024658203125], [-138.48297119140625, -38.60748291015625], [-199.72230529785156, -94.973876953125], [-231.70419311523438, -625.4530029296875], [-64.57516479492188, -130.7070770263672], [-116.79501342773438, -60.78068542480469], [-115.05233764648438, -18.865388870239258], [-232.24314880371094, -157.09527587890625], [-106.56632232666016, -111.7959976196289], [-124.25692749023438, -79.67609405517578], [-58.96784210205078, -502.72967529296875], [-235.48660278320312, -293.3556823730469], [-18.34062957763672, -161.34713745117188], [-68.30289459228516, -104.4806137084961], [-321.59967041015625, -270.9947204589844], [-55.34270477294922, -303.86785888671875], [-115.59110260009766, -191.02264404296875], [-583.148681640625, -268.0677795410156], [-78.2149887084961, -208.38720703125], [-378.67657470703125, -100.47114562988281], [-225.6167755126953, -154.01983642578125], [-16.77159309387207, -39.4868278503418], [-135.34054565429688, -221.45297241210938], [-16.105451583862305, -39.246726989746094], [-225.96673583984375, -268.8545227050781], [-77.57316589355469, -40.56109619140625], [-17.503366470336914, -569.927978515625], [-125.3514404296875, -69.61941528320312], [-27.984342575073242, -138.7899932861328]], "train_probs": [1.0, 1.0, 7.9775261255205e-70, 2.391839940512896e-97, 0.9999999869907871, 0.010320512912371417, 1.0, 5.6778896615956165e-83, 1.0962921272745609e-16, 0.9999999999999427, 3.1124880293062974e-05, 1.0, 5.8186749134989856e-77, 1.0, 9.062944942628599e-88, 1.0, 1.0, 1.2623146019089981e-55, 1.0, 9.545163451134893e-83, 1.0, 1.0, 5.0684403137407636e-12, 5.099117439785507e-58, 2.920247502436299e-06, 1.0, 1.0, 1.0, 7.20076499587845e-48, 1.0, 1.0, 1.0, 5.106904014701781e-58, 1.0, 4.044183227783962e-19, 1.0, 1.0, 1.0, 1.0, 1.290935416083087e-05, 2.5507355774026796e-31, 4.29386003651009e-123, 1.4953800188331723e-18, 0.12450212170850564, 5.075586227097003e-32, 1.0, 6.312458502922749e-38, 3.916561172613402e-70, 1.0, 1.0863822922144737e-64, 1.4922595343375657e-30, 1.202123584645375e-75, 1.0, 5.357527167617369e-46, 6.312737852586296e-26, 1.0, 1.1585499980114138e-101, 2.5590607467826683e-22, 1.0, 1.0, 1.0, 1.0, 1.0, 1.0, 1.0, 0.9960432436538947, 1.772706694983277e-08, 1.0, 1.0, 1.9354652527956986e-51, 2.1427116133132268e-06, 1.0, 4.213340539982444e-44, 3.2235586915434356e-46, 1.0, 1.0, 4.712880639978548e-25, 1.684763384820135e-42, 2.3104334416241936e-33, 0.9946732621746244, 4.353013765305414e-20, 1.0, 1.0, 1.0, 0.9999999999999999, 1.0532936821536187e-22, 1.0, 1.0, 1.4524555989606164e-137, 1.0, 1.5028558156497795e-121, 8.050900019901701e-32, 0.9999999998635735, 1.0, 0.9999999999109012, 1.0, 8.430675326838081e-17, 1.0, 6.250129467706288e-25, 1.0], "test_labels": [], "test_logprobs": [], "test_probs": []}}