{"0": {"0": {"chosen": -20.11018180847168, "rejected": -5.5021843910217285}, "1": {"chosen": -16.02947425842285, "rejected": -24.967012405395508}, "2": {"chosen": -40.0047607421875, "rejected": -257.0740661621094}, "3": {"chosen": -16.697097778320312, "rejected": -23.126131057739258}, "4": {"chosen": -39.331356048583984, "rejected": -180.3004150390625}, "5": {"chosen": -120.90003967285156, "rejected": -181.09246826171875}, "6": {"chosen": -105.40785217285156, "rejected": -29.7847843170166}, "7": {"chosen": -12.329346656799316, "rejected": -27.615520477294922}, "8": {"chosen": -16.125333786010742, "rejected": -58.516448974609375}, "9": {"chosen": -9.769404411315918, "rejected": -339.6763000488281}, "10": {"chosen": -20.14163589477539, "rejected": -25.831161499023438}, "11": {"chosen": -29.048425674438477, "rejected": -313.7695617675781}, "12": {"chosen": -29.870954513549805, "rejected": -10.518136978149414}, "13": {"chosen": -103.40231323242188, "rejected": -47.204044342041016}, "14": {"chosen": -42.521907806396484, "rejected": -27.043237686157227}, "15": {"chosen": -20.145187377929688, "rejected": -33.80121612548828}, "16": {"chosen": -71.21839904785156, "rejected": -286.1243591308594}, "17": {"chosen": -56.07678985595703, "rejected": -35.53248977661133}, "18": {"chosen": -221.15830993652344, "rejected": -84.31050109863281}, "19": {"chosen": -81.36421966552734, "rejected": -42.81986618041992}, "20": {"chosen": -56.90494918823242, "rejected": -32.19876480102539}, "21": {"chosen": -26.345762252807617, "rejected": -14.3853178024292}, "22": {"chosen": -52.861854553222656, "rejected": -20.135244369506836}, "23": {"chosen": -15.256316184997559, "rejected": -60.09175109863281}, "24": {"chosen": -50.188926696777344, "rejected": -17.513763427734375}, "25": {"chosen": -116.56719207763672, "rejected": -14.932168960571289}, "26": {"chosen": -31.48077964782715, "rejected": -68.04851531982422}, "27": {"chosen": -199.39285278320312, "rejected": -145.2604522705078}, "28": {"chosen": -82.62718200683594, "rejected": -32.419525146484375}, "29": {"chosen": -12.977685928344727, "rejected": -118.8796157836914}, "30": {"chosen": -45.26004409790039, "rejected": -17.324440002441406}, "31": {"chosen": -114.2085952758789, "rejected": -180.22012329101562}, "32": {"chosen": -51.828617095947266, "rejected": -47.80615997314453}, "33": {"chosen": -79.49168395996094, "rejected": -26.479694366455078}, "34": {"chosen": -203.26910400390625, "rejected": -46.81829833984375}, "35": {"chosen": -64.72924041748047, "rejected": -89.93383026123047}, "36": {"chosen": -25.575584411621094, "rejected": -166.47723388671875}, "37": {"chosen": -28.996334075927734, "rejected": -100.37104034423828}, "38": {"chosen": -21.125564575195312, "rejected": -388.34295654296875}, "39": {"chosen": -17.155189514160156, "rejected": -131.57516479492188}, "40": {"chosen": -55.99034881591797, "rejected": -87.30973052978516}, "41": {"chosen": -135.91152954101562, "rejected": -66.45465850830078}, "42": {"chosen": -95.41938018798828, "rejected": -61.04631805419922}, "43": {"chosen": -107.84130096435547, "rejected": -47.958763122558594}, "44": {"chosen": -251.08746337890625, "rejected": -365.1296081542969}, "45": {"chosen": -124.52873229980469, "rejected": -352.8470764160156}, "46": {"chosen": -159.62857055664062, "rejected": -114.06889343261719}, "47": {"chosen": -80.61904907226562, "rejected": -136.29031372070312}, "48": {"chosen": -36.429073333740234, "rejected": -24.984281539916992}, "49": {"chosen": -128.32485961914062, "rejected": -31.682052612304688}, "50": {"chosen": -98.4294662475586, "rejected": -44.53546905517578}, "51": {"chosen": -23.03291893005371, "rejected": -28.550796508789062}, "52": {"chosen": -17.964271545410156, "rejected": -33.014183044433594}, "53": {"chosen": -356.29302978515625, "rejected": -107.4828109741211}, "54": {"chosen": -23.91881561279297, "rejected": -256.1353454589844}, "55": {"chosen": -30.389076232910156, "rejected": -142.1973419189453}, "56": {"chosen": -42.24435043334961, "rejected": -265.8459167480469}, "57": {"chosen": -17.469484329223633, "rejected": -15.742828369140625}, "58": {"chosen": -97.7276840209961, "rejected": -160.81292724609375}, "59": {"chosen": -65.56246185302734, "rejected": -25.847440719604492}, "60": {"chosen": -22.445762634277344, "rejected": -36.310855865478516}, "61": {"chosen": -87.37760925292969, "rejected": -52.409263610839844}, "62": {"chosen": -160.32363891601562, "rejected": -108.22367095947266}, "63": {"chosen": -69.30579376220703, "rejected": -30.113431930541992}, "64": {"chosen": -185.54673767089844, "rejected": -184.68197631835938}, "65": {"chosen": -52.80723190307617, "rejected": -138.70481872558594}, "66": {"chosen": -19.860300064086914, "rejected": -70.7729721069336}, "67": {"chosen": -17.990938186645508, "rejected": -81.38126373291016}, "68": {"chosen": -145.01080322265625, "rejected": -207.72958374023438}, "69": {"chosen": -18.46292495727539, "rejected": -16.46662139892578}, "70": {"chosen": -24.317224502563477, "rejected": -27.485557556152344}, "71": {"chosen": -47.069374084472656, "rejected": -210.36328125}, "72": {"chosen": -23.77442741394043, "rejected": -191.10032653808594}, "73": {"chosen": -2.4983720779418945, "rejected": -7.317686557769775}, "74": {"chosen": -53.91549301147461, "rejected": -29.392606735229492}, "75": {"chosen": -38.616455078125, "rejected": -470.6033020019531}, "76": {"chosen": -15.609630584716797, "rejected": -10.786375999450684}, "77": {"chosen": -104.93342590332031, "rejected": -102.46033477783203}, "78": {"chosen": -68.61730194091797, "rejected": -47.03403091430664}, "79": {"chosen": -130.1067352294922, "rejected": -19.17829132080078}, "80": {"chosen": -6.704227447509766, "rejected": -11.450353622436523}, "81": {"chosen": -42.622772216796875, "rejected": -25.112136840820312}, "82": {"chosen": -26.94692039489746, "rejected": -30.96708106994629}, "83": {"chosen": -90.4705581665039, "rejected": -173.1694793701172}, "84": {"chosen": -45.562984466552734, "rejected": -33.33696365356445}, "85": {"chosen": -46.330650329589844, "rejected": -272.6618347167969}, "86": {"chosen": -139.9451904296875, "rejected": -41.88428497314453}, "87": {"chosen": -3.9039034843444824, "rejected": -72.6627197265625}, "88": {"chosen": -44.77284622192383, "rejected": -126.11247253417969}, "89": {"chosen": -57.02073669433594, "rejected": -72.60404968261719}, "90": {"chosen": -37.83678436279297, "rejected": -54.64393615722656}, "91": {"chosen": -63.38835906982422, "rejected": -46.674232482910156}, "92": {"chosen": -22.483930587768555, "rejected": -39.773193359375}, "93": {"chosen": -101.75053405761719, "rejected": -106.11305236816406}, "94": {"chosen": -4.744196891784668, "rejected": -15.996500015258789}, "95": {"chosen": -11.402045249938965, "rejected": -95.33015441894531}, "96": {"chosen": -21.13680648803711, "rejected": -13.08018684387207}, "97": {"chosen": -100.75038146972656, "rejected": -84.88351440429688}, "98": {"chosen": -16.180273056030273, "rejected": -64.76192474365234}, "99": {"chosen": -76.89010620117188, "rejected": -43.49806594848633}}}