{"0": {"0": {"chosen": -20.80438804626465, "rejected": -6.143536567687988}, "1": {"chosen": -13.788803100585938, "rejected": -27.653831481933594}, "2": {"chosen": -38.497962951660156, "rejected": -256.5887451171875}, "3": {"chosen": -19.335979461669922, "rejected": -23.786197662353516}, "4": {"chosen": -37.092472076416016, "rejected": -178.98057556152344}, "5": {"chosen": -122.51982879638672, "rejected": -180.57907104492188}, "6": {"chosen": -107.65568542480469, "rejected": -29.170654296875}, "7": {"chosen": -12.953289031982422, "rejected": -27.679340362548828}, "8": {"chosen": -16.331083297729492, "rejected": -58.158878326416016}, "9": {"chosen": -10.182724952697754, "rejected": -338.0040283203125}, "10": {"chosen": -21.36319351196289, "rejected": -22.269309997558594}, "11": {"chosen": -30.199613571166992, "rejected": -312.6702575683594}, "12": {"chosen": -31.063425064086914, "rejected": -11.88414478302002}, "13": {"chosen": -103.19857788085938, "rejected": -48.50741958618164}, "14": {"chosen": -43.67898941040039, "rejected": -27.20870590209961}, "15": {"chosen": -18.80929946899414, "rejected": -31.913101196289062}, "16": {"chosen": -70.63553619384766, "rejected": -286.99468994140625}, "17": {"chosen": -58.358245849609375, "rejected": -34.476104736328125}, "18": {"chosen": -223.296630859375, "rejected": -85.91629028320312}, "19": {"chosen": -81.36351013183594, "rejected": -41.810550689697266}, "20": {"chosen": -56.20136260986328, "rejected": -33.118896484375}, "21": {"chosen": -24.674528121948242, "rejected": -13.37409782409668}, "22": {"chosen": -52.27063751220703, "rejected": -19.720125198364258}, "23": {"chosen": -16.847381591796875, "rejected": -61.564598083496094}, "24": {"chosen": -51.71778106689453, "rejected": -16.481002807617188}, "25": {"chosen": -113.73204803466797, "rejected": -14.41171646118164}, "26": {"chosen": -32.9411735534668, "rejected": -66.66507720947266}, "27": {"chosen": -199.08712768554688, "rejected": -146.7889862060547}, "28": {"chosen": -81.35212707519531, "rejected": -31.152931213378906}, "29": {"chosen": -12.976030349731445, "rejected": -117.1592788696289}, "30": {"chosen": -44.521270751953125, "rejected": -17.855661392211914}, "31": {"chosen": -115.10226440429688, "rejected": -179.59825134277344}, "32": {"chosen": -48.23830795288086, "rejected": -47.24333953857422}, "33": {"chosen": -79.95802307128906, "rejected": -26.115076065063477}, "34": {"chosen": -202.37884521484375, "rejected": -47.93105697631836}, "35": {"chosen": -64.05657958984375, "rejected": -88.77224731445312}, "36": {"chosen": -26.603012084960938, "rejected": -167.14846801757812}, "37": {"chosen": -30.21707534790039, "rejected": -99.95801544189453}, "38": {"chosen": -21.408056259155273, "rejected": -385.65948486328125}, "39": {"chosen": -17.51101303100586, "rejected": -133.50328063964844}, "40": {"chosen": -57.14923095703125, "rejected": -87.41307067871094}, "41": {"chosen": -134.9936065673828, "rejected": -65.01872253417969}, "42": {"chosen": -96.7183837890625, "rejected": -63.61561584472656}, "43": {"chosen": -107.6477279663086, "rejected": -47.82954788208008}, "44": {"chosen": -252.890625, "rejected": -363.68646240234375}, "45": {"chosen": -126.01365661621094, "rejected": -350.5955810546875}, "46": {"chosen": -159.3994140625, "rejected": -113.84689331054688}, "47": {"chosen": -78.38983917236328, "rejected": -137.9116973876953}, "48": {"chosen": -38.17868423461914, "rejected": -25.33694839477539}, "49": {"chosen": -132.6565399169922, "rejected": -34.179134368896484}, "50": {"chosen": -99.84457397460938, "rejected": -44.941429138183594}, "51": {"chosen": -24.40873146057129, "rejected": -28.551456451416016}, "52": {"chosen": -18.202600479125977, "rejected": -33.189292907714844}, "53": {"chosen": -357.0876770019531, "rejected": -106.4231185913086}, "54": {"chosen": -24.04952049255371, "rejected": -256.1944580078125}, "55": {"chosen": -30.764801025390625, "rejected": -143.40347290039062}, "56": {"chosen": -41.56399917602539, "rejected": -263.808837890625}, "57": {"chosen": -18.406587600708008, "rejected": -18.137577056884766}, "58": {"chosen": -98.66679382324219, "rejected": -161.7119140625}, "59": {"chosen": -67.10281372070312, "rejected": -30.0616455078125}, "60": {"chosen": -23.419639587402344, "rejected": -35.12114715576172}, "61": {"chosen": -88.02871704101562, "rejected": -53.054256439208984}, "62": {"chosen": -155.62892150878906, "rejected": -107.42766571044922}, "63": {"chosen": -74.03948211669922, "rejected": -30.75608253479004}, "64": {"chosen": -180.93966674804688, "rejected": -185.3352508544922}, "65": {"chosen": -56.10491943359375, "rejected": -141.001953125}, "66": {"chosen": -19.975513458251953, "rejected": -68.08634948730469}, "67": {"chosen": -17.60172462463379, "rejected": -82.92572021484375}, "68": {"chosen": -143.958251953125, "rejected": -206.59776306152344}, "69": {"chosen": -19.068763732910156, "rejected": -16.876649856567383}, "70": {"chosen": -23.774028778076172, "rejected": -27.734405517578125}, "71": {"chosen": -45.94392395019531, "rejected": -209.9775390625}, "72": {"chosen": -22.465709686279297, "rejected": -190.44134521484375}, "73": {"chosen": -2.9993317127227783, "rejected": -7.91470193862915}, "74": {"chosen": -54.63416290283203, "rejected": -29.971393585205078}, "75": {"chosen": -36.677799224853516, "rejected": -472.2374572753906}, "76": {"chosen": -16.82439613342285, "rejected": -12.371587753295898}, "77": {"chosen": -103.79981994628906, "rejected": -100.51940155029297}, "78": {"chosen": -70.5570297241211, "rejected": -46.7645149230957}, "79": {"chosen": -129.10348510742188, "rejected": -19.119041442871094}, "80": {"chosen": -7.808542251586914, "rejected": -12.938148498535156}, "81": {"chosen": -42.947715759277344, "rejected": -25.27921485900879}, "82": {"chosen": -27.94546127319336, "rejected": -29.61948013305664}, "83": {"chosen": -94.27115631103516, "rejected": -173.8533935546875}, "84": {"chosen": -44.49658203125, "rejected": -34.384403228759766}, "85": {"chosen": -46.99326705932617, "rejected": -272.8396301269531}, "86": {"chosen": -138.4047088623047, "rejected": -43.959720611572266}, "87": {"chosen": -4.906667709350586, "rejected": -72.30963897705078}, "88": {"chosen": -45.44040298461914, "rejected": -123.54839324951172}, "89": {"chosen": -55.68927764892578, "rejected": -72.441162109375}, "90": {"chosen": -36.81975173950195, "rejected": -54.29235076904297}, "91": {"chosen": -63.2124137878418, "rejected": -45.515384674072266}, "92": {"chosen": -23.815715789794922, "rejected": -39.70090103149414}, "93": {"chosen": -102.88546752929688, "rejected": -107.47525024414062}, "94": {"chosen": -4.3732733726501465, "rejected": -15.766300201416016}, "95": {"chosen": -11.71299934387207, "rejected": -96.29528045654297}, "96": {"chosen": -21.905153274536133, "rejected": -14.298351287841797}, "97": {"chosen": -100.6524658203125, "rejected": -86.27500915527344}, "98": {"chosen": -15.732423782348633, "rejected": -64.7266616821289}, "99": {"chosen": -78.66070556640625, "rejected": -45.063419342041016}}}