{"0": {"0": {"chosen": -19.58847427368164, "rejected": -6.163825035095215}, "1": {"chosen": -15.863513946533203, "rejected": -23.501483917236328}, "2": {"chosen": -37.36488723754883, "rejected": -254.49856567382812}, "3": {"chosen": -19.84661102294922, "rejected": -24.134674072265625}, "4": {"chosen": -36.369590759277344, "rejected": -177.18154907226562}, "5": {"chosen": -119.71530151367188, "rejected": -180.09010314941406}, "6": {"chosen": -102.60476684570312, "rejected": -26.581663131713867}, "7": {"chosen": -11.921289443969727, "rejected": -26.6838321685791}, "8": {"chosen": -15.531777381896973, "rejected": -57.72007751464844}, "9": {"chosen": -9.78144359588623, "rejected": -336.5477294921875}, "10": {"chosen": -20.549224853515625, "rejected": -23.53934669494629}, "11": {"chosen": -26.570098876953125, "rejected": -312.0764465332031}, "12": {"chosen": -30.42831039428711, "rejected": -10.66741943359375}, "13": {"chosen": -103.59664154052734, "rejected": -45.18058776855469}, "14": {"chosen": -42.71245574951172, "rejected": -27.356958389282227}, "15": {"chosen": -21.000396728515625, "rejected": -32.87785339355469}, "16": {"chosen": -68.19242858886719, "rejected": -284.00299072265625}, "17": {"chosen": -55.433807373046875, "rejected": -35.02545166015625}, "18": {"chosen": -220.1927947998047, "rejected": -84.85562133789062}, "19": {"chosen": -81.07940673828125, "rejected": -40.51945877075195}, "20": {"chosen": -53.47004318237305, "rejected": -32.681854248046875}, "21": {"chosen": -25.27850341796875, "rejected": -13.890140533447266}, "22": {"chosen": -51.58152389526367, "rejected": -20.18170928955078}, "23": {"chosen": -14.269115447998047, "rejected": -56.832088470458984}, "24": {"chosen": -50.50403594970703, "rejected": -14.066068649291992}, "25": {"chosen": -113.91896057128906, "rejected": -14.790069580078125}, "26": {"chosen": -30.334720611572266, "rejected": -67.38452911376953}, "27": {"chosen": -198.47967529296875, "rejected": -145.3468780517578}, "28": {"chosen": -80.41769409179688, "rejected": -30.750734329223633}, "29": {"chosen": -11.607086181640625, "rejected": -112.91676330566406}, "30": {"chosen": -44.67995834350586, "rejected": -17.637237548828125}, "31": {"chosen": -110.86868286132812, "rejected": -181.71005249023438}, "32": {"chosen": -50.40638732910156, "rejected": -46.01461410522461}, "33": {"chosen": -78.94747924804688, "rejected": -26.04543113708496}, "34": {"chosen": -203.35794067382812, "rejected": -47.06552505493164}, "35": {"chosen": -63.300872802734375, "rejected": -88.23417663574219}, "36": {"chosen": -26.339500427246094, "rejected": -166.88516235351562}, "37": {"chosen": -28.298364639282227, "rejected": -99.89400482177734}, "38": {"chosen": -20.673908233642578, "rejected": -386.9625244140625}, "39": {"chosen": -17.269428253173828, "rejected": -131.66322326660156}, "40": {"chosen": -52.721954345703125, "rejected": -84.16817474365234}, "41": {"chosen": -131.68536376953125, "rejected": -63.647056579589844}, "42": {"chosen": -96.2354736328125, "rejected": -62.25437545776367}, "43": {"chosen": -107.31117248535156, "rejected": -48.18632507324219}, "44": {"chosen": -250.66331481933594, "rejected": -363.20587158203125}, "45": {"chosen": -123.26634979248047, "rejected": -348.6802978515625}, "46": {"chosen": -159.35446166992188, "rejected": -113.85638427734375}, "47": {"chosen": -75.94206237792969, "rejected": -135.38531494140625}, "48": {"chosen": -34.85504913330078, "rejected": -24.87251091003418}, "49": {"chosen": -125.83662414550781, "rejected": -31.70236587524414}, "50": {"chosen": -100.51797485351562, "rejected": -45.83516311645508}, "51": {"chosen": -23.342548370361328, "rejected": -27.89617156982422}, "52": {"chosen": -14.920190811157227, "rejected": -32.89883804321289}, "53": {"chosen": -354.14874267578125, "rejected": -109.12545013427734}, "54": {"chosen": -24.883010864257812, "rejected": -254.47341918945312}, "55": {"chosen": -30.821136474609375, "rejected": -139.72091674804688}, "56": {"chosen": -41.79563522338867, "rejected": -265.1095886230469}, "57": {"chosen": -17.33931541442871, "rejected": -13.412117004394531}, "58": {"chosen": -99.31747436523438, "rejected": -162.09564208984375}, "59": {"chosen": -64.01683807373047, "rejected": -27.301563262939453}, "60": {"chosen": -20.792444229125977, "rejected": -35.060638427734375}, "61": {"chosen": -86.55778503417969, "rejected": -51.687461853027344}, "62": {"chosen": -158.43812561035156, "rejected": -109.2779312133789}, "63": {"chosen": -69.61653137207031, "rejected": -29.333602905273438}, "64": {"chosen": -180.6112518310547, "rejected": -182.33935546875}, "65": {"chosen": -53.76879119873047, "rejected": -138.10983276367188}, "66": {"chosen": -19.328828811645508, "rejected": -66.21499633789062}, "67": {"chosen": -17.84127426147461, "rejected": -80.29170227050781}, "68": {"chosen": -146.45982360839844, "rejected": -205.45272827148438}, "69": {"chosen": -21.550687789916992, "rejected": -17.5782413482666}, "70": {"chosen": -23.19391632080078, "rejected": -27.747486114501953}, "71": {"chosen": -43.32379150390625, "rejected": -206.3477783203125}, "72": {"chosen": -22.95722770690918, "rejected": -191.94412231445312}, "73": {"chosen": -2.4410715103149414, "rejected": -7.012073993682861}, "74": {"chosen": -54.83432388305664, "rejected": -29.357940673828125}, "75": {"chosen": -38.76763153076172, "rejected": -464.4750671386719}, "76": {"chosen": -16.238265991210938, "rejected": -12.130471229553223}, "77": {"chosen": -105.33589935302734, "rejected": -102.9433364868164}, "78": {"chosen": -68.91954040527344, "rejected": -45.672943115234375}, "79": {"chosen": -126.87242126464844, "rejected": -19.098072052001953}, "80": {"chosen": -7.035456657409668, "rejected": -12.565502166748047}, "81": {"chosen": -39.509605407714844, "rejected": -24.324817657470703}, "82": {"chosen": -26.367389678955078, "rejected": -29.612762451171875}, "83": {"chosen": -92.21410369873047, "rejected": -175.00985717773438}, "84": {"chosen": -44.32318878173828, "rejected": -33.303306579589844}, "85": {"chosen": -43.47007751464844, "rejected": -267.4537353515625}, "86": {"chosen": -132.6865997314453, "rejected": -40.739437103271484}, "87": {"chosen": -4.693483829498291, "rejected": -69.42863464355469}, "88": {"chosen": -43.168418884277344, "rejected": -125.4071273803711}, "89": {"chosen": -54.57452392578125, "rejected": -72.4249267578125}, "90": {"chosen": -39.717769622802734, "rejected": -54.88267135620117}, "91": {"chosen": -61.45166015625, "rejected": -46.01298904418945}, "92": {"chosen": -22.86704444885254, "rejected": -39.142642974853516}, "93": {"chosen": -104.373046875, "rejected": -104.90367889404297}, "94": {"chosen": -4.6778740882873535, "rejected": -15.951851844787598}, "95": {"chosen": -10.569503784179688, "rejected": -94.05007934570312}, "96": {"chosen": -19.399314880371094, "rejected": -13.95673942565918}, "97": {"chosen": -98.89330291748047, "rejected": -84.19501495361328}, "98": {"chosen": -15.974757194519043, "rejected": -62.8785285949707}, "99": {"chosen": -75.80241394042969, "rejected": -44.02920150756836}}}