{"0": {"0": {"chosen": -20.552505493164062, "rejected": -5.351616382598877}, "1": {"chosen": -14.555400848388672, "rejected": -22.92760467529297}, "2": {"chosen": -38.24802017211914, "rejected": -252.00424194335938}, "3": {"chosen": -16.50084114074707, "rejected": -22.5722599029541}, "4": {"chosen": -37.77046585083008, "rejected": -176.7280731201172}, "5": {"chosen": -121.30392456054688, "rejected": -181.05374145507812}, "6": {"chosen": -103.87294006347656, "rejected": -27.626096725463867}, "7": {"chosen": -11.758225440979004, "rejected": -26.100963592529297}, "8": {"chosen": -16.04273796081543, "rejected": -55.933319091796875}, "9": {"chosen": -9.036274909973145, "rejected": -335.7273864746094}, "10": {"chosen": -18.66349220275879, "rejected": -24.622844696044922}, "11": {"chosen": -27.467403411865234, "rejected": -311.7485046386719}, "12": {"chosen": -29.839632034301758, "rejected": -10.15645980834961}, "13": {"chosen": -102.68692016601562, "rejected": -45.08734893798828}, "14": {"chosen": -42.662837982177734, "rejected": -26.899250030517578}, "15": {"chosen": -18.46233558654785, "rejected": -29.902599334716797}, "16": {"chosen": -67.9585952758789, "rejected": -280.3392639160156}, "17": {"chosen": -55.926143646240234, "rejected": -34.870155334472656}, "18": {"chosen": -220.3238067626953, "rejected": -82.08332824707031}, "19": {"chosen": -80.74317932128906, "rejected": -42.010379791259766}, "20": {"chosen": -54.063018798828125, "rejected": -30.912517547607422}, "21": {"chosen": -23.90000343322754, "rejected": -12.636402130126953}, "22": {"chosen": -52.371910095214844, "rejected": -19.621339797973633}, "23": {"chosen": -14.966900825500488, "rejected": -59.42200469970703}, "24": {"chosen": -50.282684326171875, "rejected": -14.474143028259277}, "25": {"chosen": -111.99906921386719, "rejected": -13.387521743774414}, "26": {"chosen": -30.332733154296875, "rejected": -67.07884979248047}, "27": {"chosen": -194.52020263671875, "rejected": -146.17259216308594}, "28": {"chosen": -79.49854278564453, "rejected": -31.548574447631836}, "29": {"chosen": -11.843587875366211, "rejected": -116.45687866210938}, "30": {"chosen": -44.02869415283203, "rejected": -17.036823272705078}, "31": {"chosen": -112.30535888671875, "rejected": -178.35777282714844}, "32": {"chosen": -48.88567352294922, "rejected": -44.90450668334961}, "33": {"chosen": -80.558349609375, "rejected": -24.297639846801758}, "34": {"chosen": -202.11410522460938, "rejected": -46.171661376953125}, "35": {"chosen": -61.955833435058594, "rejected": -86.79679870605469}, "36": {"chosen": -25.301973342895508, "rejected": -166.12973022460938}, "37": {"chosen": -29.443939208984375, "rejected": -99.3515625}, "38": {"chosen": -20.57859992980957, "rejected": -386.58599853515625}, "39": {"chosen": -16.45736312866211, "rejected": -129.26927185058594}, "40": {"chosen": -54.99937057495117, "rejected": -87.97673797607422}, "41": {"chosen": -134.99093627929688, "rejected": -63.04468536376953}, "42": {"chosen": -94.94340515136719, "rejected": -61.14302444458008}, "43": {"chosen": -106.1017837524414, "rejected": -46.269325256347656}, "44": {"chosen": -251.3665771484375, "rejected": -361.2687683105469}, "45": {"chosen": -122.69312286376953, "rejected": -349.51043701171875}, "46": {"chosen": -158.7154083251953, "rejected": -113.39329528808594}, "47": {"chosen": -76.06664276123047, "rejected": -134.65184020996094}, "48": {"chosen": -34.97575378417969, "rejected": -25.181772232055664}, "49": {"chosen": -127.19918060302734, "rejected": -29.16110610961914}, "50": {"chosen": -98.24774932861328, "rejected": -45.05139923095703}, "51": {"chosen": -21.00006675720215, "rejected": -26.569683074951172}, "52": {"chosen": -17.064258575439453, "rejected": -32.40491485595703}, "53": {"chosen": -357.1617126464844, "rejected": -106.15310668945312}, "54": {"chosen": -23.409618377685547, "rejected": -252.44778442382812}, "55": {"chosen": -28.954669952392578, "rejected": -138.2357177734375}, "56": {"chosen": -40.230525970458984, "rejected": -260.72491455078125}, "57": {"chosen": -16.87039566040039, "rejected": -14.773611068725586}, "58": {"chosen": -99.72341918945312, "rejected": -159.98678588867188}, "59": {"chosen": -62.56563949584961, "rejected": -26.195714950561523}, "60": {"chosen": -21.39478874206543, "rejected": -34.925838470458984}, "61": {"chosen": -87.75759887695312, "rejected": -52.11164093017578}, "62": {"chosen": -159.4789276123047, "rejected": -106.95469665527344}, "63": {"chosen": -70.0028076171875, "rejected": -27.114919662475586}, "64": {"chosen": -182.1580810546875, "rejected": -181.7910919189453}, "65": {"chosen": -52.05976867675781, "rejected": -138.81813049316406}, "66": {"chosen": -18.092409133911133, "rejected": -66.86194610595703}, "67": {"chosen": -17.653331756591797, "rejected": -79.77610778808594}, "68": {"chosen": -145.48622131347656, "rejected": -204.1226806640625}, "69": {"chosen": -18.693204879760742, "rejected": -16.452468872070312}, "70": {"chosen": -22.528165817260742, "rejected": -26.741670608520508}, "71": {"chosen": -45.357322692871094, "rejected": -211.06210327148438}, "72": {"chosen": -20.93805694580078, "rejected": -187.36131286621094}, "73": {"chosen": -2.3536810874938965, "rejected": -7.121088027954102}, "74": {"chosen": -54.126731872558594, "rejected": -29.828598022460938}, "75": {"chosen": -35.530235290527344, "rejected": -464.92071533203125}, "76": {"chosen": -15.610870361328125, "rejected": -10.328476905822754}, "77": {"chosen": -103.39250183105469, "rejected": -99.23017120361328}, "78": {"chosen": -67.5794906616211, "rejected": -45.849910736083984}, "79": {"chosen": -129.9233856201172, "rejected": -18.008426666259766}, "80": {"chosen": -7.21079158782959, "rejected": -10.82767105102539}, "81": {"chosen": -40.70101547241211, "rejected": -25.27486801147461}, "82": {"chosen": -24.608348846435547, "rejected": -29.1720027923584}, "83": {"chosen": -89.31568145751953, "rejected": -172.26934814453125}, "84": {"chosen": -42.89962387084961, "rejected": -30.920032501220703}, "85": {"chosen": -46.91189193725586, "rejected": -270.5876159667969}, "86": {"chosen": -134.6585235595703, "rejected": -41.90947341918945}, "87": {"chosen": -4.013428211212158, "rejected": -71.02595520019531}, "88": {"chosen": -41.935020446777344, "rejected": -126.052490234375}, "89": {"chosen": -53.59660720825195, "rejected": -71.2403564453125}, "90": {"chosen": -37.87311553955078, "rejected": -54.50518798828125}, "91": {"chosen": -62.35356521606445, "rejected": -44.71214294433594}, "92": {"chosen": -22.63488006591797, "rejected": -39.45054626464844}, "93": {"chosen": -100.97613525390625, "rejected": -104.9747085571289}, "94": {"chosen": -3.748361349105835, "rejected": -15.452676773071289}, "95": {"chosen": -10.857131958007812, "rejected": -93.53308868408203}, "96": {"chosen": -20.93772315979004, "rejected": -13.234930992126465}, "97": {"chosen": -97.39498901367188, "rejected": -83.05789947509766}, "98": {"chosen": -14.882678985595703, "rejected": -63.1563835144043}, "99": {"chosen": -75.7620849609375, "rejected": -42.53287124633789}}}