{"0": {"chosen": -19.331546783447266, "rejected": -1.1437427997589111, "n_evaluated": 1}, "1": {"chosen": -8.152859687805176, "rejected": -16.18958282470703, "n_evaluated": 1}, "2": {"chosen": -40.03205108642578, "rejected": -258.3125305175781, "n_evaluated": 1}, "3": {"chosen": -9.828031539916992, "rejected": -20.254405975341797, "n_evaluated": 1}, "4": {"chosen": -35.46779251098633, "rejected": -183.660400390625, "n_evaluated": 1}, "5": {"chosen": -130.89266967773438, "rejected": -175.33734130859375, "n_evaluated": 1}, "6": {"chosen": -102.08854675292969, "rejected": -27.15880584716797, "n_evaluated": 1}, "7": {"chosen": -4.824953556060791, "rejected": -22.543527603149414, "n_evaluated": 1}, "8": {"chosen": -11.021586418151855, "rejected": -58.19053268432617, "n_evaluated": 1}, "9": {"chosen": -8.256099700927734, "rejected": -337.47283935546875, "n_evaluated": 1}, "10": {"chosen": -16.644651412963867, "rejected": -20.05072784423828, "n_evaluated": 1}, "11": {"chosen": -26.196683883666992, "rejected": -299.4050598144531, "n_evaluated": 1}, "12": {"chosen": -29.656448364257812, "rejected": -5.3166608810424805, "n_evaluated": 1}, "13": {"chosen": -95.05534362792969, "rejected": -37.915611267089844, "n_evaluated": 1}, "14": {"chosen": -36.49871063232422, "rejected": -24.59720802307129, "n_evaluated": 1}, "15": {"chosen": -16.15880012512207, "rejected": -27.492416381835938, "n_evaluated": 1}, "16": {"chosen": -70.78919219970703, "rejected": -276.6461181640625, "n_evaluated": 1}, "17": {"chosen": -48.42536926269531, "rejected": -29.85842514038086, "n_evaluated": 1}, "18": {"chosen": -215.7655029296875, "rejected": -82.2474365234375, "n_evaluated": 1}, "19": {"chosen": -72.66728210449219, "rejected": -33.04100799560547, "n_evaluated": 1}, "20": {"chosen": -52.27174377441406, "rejected": -31.538442611694336, "n_evaluated": 1}, "21": {"chosen": -17.582521438598633, "rejected": -10.953786849975586, "n_evaluated": 1}, "22": {"chosen": -47.72595977783203, "rejected": -19.64419937133789, "n_evaluated": 1}, "23": {"chosen": -12.351737022399902, "rejected": -60.398494720458984, "n_evaluated": 1}, "24": {"chosen": -38.87202835083008, "rejected": -11.685982704162598, "n_evaluated": 1}, "25": {"chosen": -103.90538024902344, "rejected": -6.335906982421875, "n_evaluated": 1}, "26": {"chosen": -27.237279891967773, "rejected": -61.21709442138672, "n_evaluated": 1}, "27": {"chosen": -201.3489990234375, "rejected": -141.05441284179688, "n_evaluated": 1}, "28": {"chosen": -72.24760437011719, "rejected": -21.47292137145996, "n_evaluated": 1}, "29": {"chosen": -4.714239120483398, "rejected": -120.9596939086914, "n_evaluated": 1}, "30": {"chosen": -43.80232620239258, "rejected": -18.627002716064453, "n_evaluated": 1}, "31": {"chosen": -101.3531723022461, "rejected": -173.27816772460938, "n_evaluated": 1}, "32": {"chosen": -46.053409576416016, "rejected": -40.75138854980469, "n_evaluated": 1}, "33": {"chosen": -65.91099548339844, "rejected": -23.941747665405273, "n_evaluated": 1}, "34": {"chosen": -197.93540954589844, "rejected": -46.236228942871094, "n_evaluated": 1}, "35": {"chosen": -57.155643463134766, "rejected": -82.6655044555664, "n_evaluated": 1}, "36": {"chosen": -23.094484329223633, "rejected": -165.4252471923828, "n_evaluated": 1}, "37": {"chosen": -28.275320053100586, "rejected": -90.79969787597656, "n_evaluated": 1}, "38": {"chosen": -19.71404457092285, "rejected": -382.87542724609375, "n_evaluated": 1}, "39": {"chosen": -10.227283477783203, "rejected": -130.05792236328125, "n_evaluated": 1}, "40": {"chosen": -55.44525146484375, "rejected": -83.6969985961914, "n_evaluated": 1}, "41": {"chosen": -126.75625610351562, "rejected": -63.999183654785156, "n_evaluated": 1}, "42": {"chosen": -93.32339477539062, "rejected": -57.52351760864258, "n_evaluated": 1}, "43": {"chosen": -103.44544219970703, "rejected": -46.95756912231445, "n_evaluated": 1}, "44": {"chosen": -252.63465881347656, "rejected": -350.1979675292969, "n_evaluated": 1}, "45": {"chosen": -120.9989013671875, "rejected": -345.1685485839844, "n_evaluated": 1}, "46": {"chosen": -164.05043029785156, "rejected": -103.43952178955078, "n_evaluated": 1}, "47": {"chosen": -76.40281677246094, "rejected": -133.09300231933594, "n_evaluated": 1}, "48": {"chosen": -32.93342208862305, "rejected": -23.60617446899414, "n_evaluated": 1}, "49": {"chosen": -118.03077697753906, "rejected": -27.842676162719727, "n_evaluated": 1}, "50": {"chosen": -92.07374572753906, "rejected": -43.271785736083984, "n_evaluated": 1}, "51": {"chosen": -16.714637756347656, "rejected": -20.839675903320312, "n_evaluated": 1}, "52": {"chosen": -13.977642059326172, "rejected": -24.923843383789062, "n_evaluated": 1}, "53": {"chosen": -355.8671875, "rejected": -103.40467834472656, "n_evaluated": 1}, "54": {"chosen": -21.346765518188477, "rejected": -260.7896728515625, "n_evaluated": 1}, "55": {"chosen": -26.912229537963867, "rejected": -139.83343505859375, "n_evaluated": 1}, "56": {"chosen": -36.124507904052734, "rejected": -266.56488037109375, "n_evaluated": 1}, "57": {"chosen": -9.608997344970703, "rejected": -10.052244186401367, "n_evaluated": 1}, "58": {"chosen": -99.15355682373047, "rejected": -166.59939575195312, "n_evaluated": 1}, "59": {"chosen": -59.560211181640625, "rejected": -24.422603607177734, "n_evaluated": 1}, "60": {"chosen": -12.232120513916016, "rejected": -27.85628318786621, "n_evaluated": 1}, "61": {"chosen": -76.51437377929688, "rejected": -53.18910217285156, "n_evaluated": 1}, "62": {"chosen": -153.48825073242188, "rejected": -106.58753967285156, "n_evaluated": 1}, "63": {"chosen": -71.1894302368164, "rejected": -21.85231590270996, "n_evaluated": 1}, "64": {"chosen": -175.54403686523438, "rejected": -168.98727416992188, "n_evaluated": 1}, "65": {"chosen": -47.31818771362305, "rejected": -134.6415252685547, "n_evaluated": 1}, "66": {"chosen": -13.380205154418945, "rejected": -66.04216766357422, "n_evaluated": 1}, "67": {"chosen": -14.182757377624512, "rejected": -77.14836120605469, "n_evaluated": 1}, "68": {"chosen": -139.34751892089844, "rejected": -200.15696716308594, "n_evaluated": 1}, "69": {"chosen": -17.409345626831055, "rejected": -13.256254196166992, "n_evaluated": 1}, "70": {"chosen": -17.900283813476562, "rejected": -25.246706008911133, "n_evaluated": 1}, "71": {"chosen": -41.01362991333008, "rejected": -205.10562133789062, "n_evaluated": 1}, "72": {"chosen": -19.194828033447266, "rejected": -182.5469970703125, "n_evaluated": 1}, "73": {"chosen": -3.290858030319214, "rejected": -8.23582649230957, "n_evaluated": 1}, "74": {"chosen": -57.10476303100586, "rejected": -29.68134307861328, "n_evaluated": 1}, "75": {"chosen": -40.78276062011719, "rejected": -468.8362121582031, "n_evaluated": 1}, "76": {"chosen": -8.89138126373291, "rejected": -5.537405490875244, "n_evaluated": 1}, "77": {"chosen": -101.76624298095703, "rejected": -103.14818572998047, "n_evaluated": 1}, "78": {"chosen": -61.96017837524414, "rejected": -38.98755645751953, "n_evaluated": 1}, "79": {"chosen": -120.94789123535156, "rejected": -16.643674850463867, "n_evaluated": 1}, "80": {"chosen": -7.95094108581543, "rejected": -5.720824718475342, "n_evaluated": 1}, "81": {"chosen": -33.84284591674805, "rejected": -18.660322189331055, "n_evaluated": 1}, "82": {"chosen": -24.229202270507812, "rejected": -26.944507598876953, "n_evaluated": 1}, "83": {"chosen": -82.62944030761719, "rejected": -171.80738830566406, "n_evaluated": 1}, "84": {"chosen": -41.901344299316406, "rejected": -33.30771255493164, "n_evaluated": 1}, "85": {"chosen": -39.990478515625, "rejected": -257.390869140625, "n_evaluated": 1}, "86": {"chosen": -137.25784301757812, "rejected": -36.764007568359375, "n_evaluated": 1}, "87": {"chosen": -3.2556633949279785, "rejected": -71.99005126953125, "n_evaluated": 1}, "88": {"chosen": -39.41191482543945, "rejected": -120.13780975341797, "n_evaluated": 1}, "89": {"chosen": -46.314056396484375, "rejected": -65.56134033203125, "n_evaluated": 1},