{"0": {"0": {"chosen": -19.60685920715332, "rejected": -6.83261775970459}, "1": {"chosen": -13.491161346435547, "rejected": -23.571460723876953}, "2": {"chosen": -36.98908233642578, "rejected": -260.1448669433594}, "3": {"chosen": -16.81730079650879, "rejected": -22.217390060424805}, "4": {"chosen": -37.55248260498047, "rejected": -185.79428100585938}, "5": {"chosen": -127.98063659667969, "rejected": -180.25274658203125}, "6": {"chosen": -99.9309310913086, "rejected": -24.38322639465332}, "7": {"chosen": -13.23042106628418, "rejected": -27.64864730834961}, "8": {"chosen": -14.532161712646484, "rejected": -59.724700927734375}, "9": {"chosen": -8.390239715576172, "rejected": -340.1722106933594}, "10": {"chosen": -20.180328369140625, "rejected": -21.461334228515625}, "11": {"chosen": -27.531583786010742, "rejected": -308.09320068359375}, "12": {"chosen": -30.797882080078125, "rejected": -9.364810943603516}, "13": {"chosen": -100.28133392333984, "rejected": -43.4536018371582}, "14": {"chosen": -41.13665008544922, "rejected": -27.879594802856445}, "15": {"chosen": -18.891021728515625, "rejected": -27.07179069519043}, "16": {"chosen": -67.88265228271484, "rejected": -278.9289855957031}, "17": {"chosen": -55.81489562988281, "rejected": -35.005252838134766}, "18": {"chosen": -218.98770141601562, "rejected": -80.15902709960938}, "19": {"chosen": -80.18673706054688, "rejected": -36.89815139770508}, "20": {"chosen": -54.09391403198242, "rejected": -33.93609619140625}, "21": {"chosen": -22.748273849487305, "rejected": -11.591419219970703}, "22": {"chosen": -52.58143615722656, "rejected": -21.86328887939453}, "23": {"chosen": -10.406865119934082, "rejected": -57.09252166748047}, "24": {"chosen": -48.72266387939453, "rejected": -14.648664474487305}, "25": {"chosen": -108.37269592285156, "rejected": -9.936776161193848}, "26": {"chosen": -28.63701057434082, "rejected": -69.57330322265625}, "27": {"chosen": -204.84811401367188, "rejected": -143.81057739257812}, "28": {"chosen": -83.09858703613281, "rejected": -26.10641860961914}, "29": {"chosen": -9.952458381652832, "rejected": -116.09453582763672}, "30": {"chosen": -46.08686447143555, "rejected": -19.704967498779297}, "31": {"chosen": -107.30900573730469, "rejected": -177.47103881835938}, "32": {"chosen": -47.382240295410156, "rejected": -38.6296501159668}, "33": {"chosen": -76.4301528930664, "rejected": -24.714061737060547}, "34": {"chosen": -201.92950439453125, "rejected": -47.87248611450195}, "35": {"chosen": -62.17730712890625, "rejected": -88.36837005615234}, "36": {"chosen": -26.496274948120117, "rejected": -171.19461059570312}, "37": {"chosen": -27.87978744506836, "rejected": -96.57876586914062}, "38": {"chosen": -21.33074951171875, "rejected": -381.7575378417969}, "39": {"chosen": -15.574423789978027, "rejected": -130.8145751953125}, "40": {"chosen": -57.43705749511719, "rejected": -87.21687316894531}, "41": {"chosen": -130.0650634765625, "rejected": -65.39311218261719}, "42": {"chosen": -98.14901733398438, "rejected": -63.48774337768555}, "43": {"chosen": -103.76788330078125, "rejected": -49.77775192260742}, "44": {"chosen": -255.3046112060547, "rejected": -350.85284423828125}, "45": {"chosen": -124.589111328125, "rejected": -350.6266784667969}, "46": {"chosen": -164.983154296875, "rejected": -110.96897888183594}, "47": {"chosen": -73.52611541748047, "rejected": -133.14036560058594}, "48": {"chosen": -32.00182342529297, "rejected": -24.144412994384766}, "49": {"chosen": -120.6191635131836, "rejected": -31.147401809692383}, "50": {"chosen": -95.76325225830078, "rejected": -44.15750503540039}, "51": {"chosen": -22.999704360961914, "rejected": -27.774402618408203}, "52": {"chosen": -16.708587646484375, "rejected": -31.59482192993164}, "53": {"chosen": -361.4344482421875, "rejected": -104.54843139648438}, "54": {"chosen": -20.654949188232422, "rejected": -265.9498596191406}, "55": {"chosen": -31.941490173339844, "rejected": -140.0507049560547}, "56": {"chosen": -42.33407974243164, "rejected": -270.76708984375}, "57": {"chosen": -15.763473510742188, "rejected": -13.737499237060547}, "58": {"chosen": -101.40686798095703, "rejected": -164.18983459472656}, "59": {"chosen": -59.329341888427734, "rejected": -28.53623390197754}, "60": {"chosen": -20.01263427734375, "rejected": -35.980525970458984}, "61": {"chosen": -86.30862426757812, "rejected": -51.74309158325195}, "62": {"chosen": -156.50772094726562, "rejected": -103.4371337890625}, "63": {"chosen": -68.65424346923828, "rejected": -24.757488250732422}, "64": {"chosen": -178.3883514404297, "rejected": -175.0473175048828}, "65": {"chosen": -50.04251480102539, "rejected": -133.92501831054688}, "66": {"chosen": -18.418710708618164, "rejected": -65.15817260742188}, "67": {"chosen": -17.901092529296875, "rejected": -81.54027557373047}, "68": {"chosen": -141.8683319091797, "rejected": -206.96653747558594}, "69": {"chosen": -21.87143898010254, "rejected": -16.788238525390625}, "70": {"chosen": -24.332134246826172, "rejected": -28.55824851989746}, "71": {"chosen": -41.480690002441406, "rejected": -205.96920776367188}, "72": {"chosen": -22.803075790405273, "rejected": -187.49765014648438}, "73": {"chosen": -3.9917099475860596, "rejected": -8.898388862609863}, "74": {"chosen": -57.60103225708008, "rejected": -30.492488861083984}, "75": {"chosen": -36.046791076660156, "rejected": -467.97601318359375}, "76": {"chosen": -17.325651168823242, "rejected": -10.622931480407715}, "77": {"chosen": -105.69253540039062, "rejected": -103.67218017578125}, "78": {"chosen": -69.83552551269531, "rejected": -46.24272918701172}, "79": {"chosen": -123.76383209228516, "rejected": -19.85806655883789}, "80": {"chosen": -8.639100074768066, "rejected": -9.705700874328613}, "81": {"chosen": -37.673744201660156, "rejected": -26.427959442138672}, "82": {"chosen": -23.26657485961914, "rejected": -26.420141220092773}, "83": {"chosen": -87.67755889892578, "rejected": -179.35589599609375}, "84": {"chosen": -43.70124816894531, "rejected": -34.91610336303711}, "85": {"chosen": -43.600059509277344, "rejected": -259.0833740234375}, "86": {"chosen": -139.02584838867188, "rejected": -38.86232376098633}, "87": {"chosen": -4.3810319900512695, "rejected": -73.23192596435547}, "88": {"chosen": -42.5206413269043, "rejected": -125.29066467285156}, "89": {"chosen": -53.94736099243164, "rejected": -71.71151733398438}, "90": {"chosen": -41.005584716796875, "rejected": -54.03069305419922}, "91": {"chosen": -53.25728225708008, "rejected": -44.94596862792969}, "92": {"chosen": -21.76462173461914, "rejected": -41.115760803222656}, "93": {"chosen": -106.7290267944336, "rejected": -107.32038879394531}, "94": {"chosen": -5.171917915344238, "rejected": -17.157974243164062}, "95": {"chosen": -8.543854713439941, "rejected": -91.80209350585938}, "96": {"chosen": -17.161510467529297, "rejected": -11.56005859375}, "97": {"chosen": -103.83423614501953, "rejected": -85.43755340576172}, "98": {"chosen": -14.178711891174316, "rejected": -63.539825439453125}, "99": {"chosen": -77.90601348876953, "rejected": -42.53585433959961}}}