{"0": {"0": {"chosen": -20.746688842773438, "rejected": -5.599684238433838}, "1": {"chosen": -14.554951667785645, "rejected": -22.921066284179688}, "2": {"chosen": -39.3714599609375, "rejected": -252.9048614501953}, "3": {"chosen": -17.36024284362793, "rejected": -22.69464111328125}, "4": {"chosen": -38.726688385009766, "rejected": -176.49703979492188}, "5": {"chosen": -122.048583984375, "rejected": -182.4280242919922}, "6": {"chosen": -104.30184173583984, "rejected": -28.019041061401367}, "7": {"chosen": -12.276443481445312, "rejected": -27.987844467163086}, "8": {"chosen": -16.21925163269043, "rejected": -57.780128479003906}, "9": {"chosen": -9.738300323486328, "rejected": -337.9167785644531}, "10": {"chosen": -20.945720672607422, "rejected": -24.353715896606445}, "11": {"chosen": -29.037137985229492, "rejected": -312.8509521484375}, "12": {"chosen": -29.982471466064453, "rejected": -11.315727233886719}, "13": {"chosen": -104.93843078613281, "rejected": -46.75503158569336}, "14": {"chosen": -43.05292510986328, "rejected": -27.702367782592773}, "15": {"chosen": -20.190322875976562, "rejected": -31.726154327392578}, "16": {"chosen": -71.15184783935547, "rejected": -285.1687927246094}, "17": {"chosen": -56.995849609375, "rejected": -33.83788299560547}, "18": {"chosen": -221.13037109375, "rejected": -80.93102264404297}, "19": {"chosen": -82.368896484375, "rejected": -42.881832122802734}, "20": {"chosen": -55.74635696411133, "rejected": -32.52121353149414}, "21": {"chosen": -25.11651039123535, "rejected": -14.252296447753906}, "22": {"chosen": -52.91764831542969, "rejected": -19.761398315429688}, "23": {"chosen": -15.535983085632324, "rejected": -61.53857421875}, "24": {"chosen": -51.7811164855957, "rejected": -14.108057022094727}, "25": {"chosen": -113.27056884765625, "rejected": -14.144570350646973}, "26": {"chosen": -31.65851593017578, "rejected": -67.96977996826172}, "27": {"chosen": -200.51710510253906, "rejected": -149.1767120361328}, "28": {"chosen": -80.48155212402344, "rejected": -30.966339111328125}, "29": {"chosen": -12.816985130310059, "rejected": -119.33734130859375}, "30": {"chosen": -44.65133285522461, "rejected": -17.169952392578125}, "31": {"chosen": -114.47712707519531, "rejected": -181.38671875}, "32": {"chosen": -48.968902587890625, "rejected": -47.969459533691406}, "33": {"chosen": -80.37413024902344, "rejected": -26.190065383911133}, "34": {"chosen": -201.31283569335938, "rejected": -47.94593048095703}, "35": {"chosen": -62.190086364746094, "rejected": -89.04409790039062}, "36": {"chosen": -25.445476531982422, "rejected": -164.72206115722656}, "37": {"chosen": -28.462398529052734, "rejected": -99.73744201660156}, "38": {"chosen": -21.263784408569336, "rejected": -386.3562316894531}, "39": {"chosen": -16.91715431213379, "rejected": -129.76882934570312}, "40": {"chosen": -56.97297668457031, "rejected": -85.68024444580078}, "41": {"chosen": -135.4250030517578, "rejected": -63.451473236083984}, "42": {"chosen": -94.96920776367188, "rejected": -59.99882125854492}, "43": {"chosen": -108.26319122314453, "rejected": -48.37208557128906}, "44": {"chosen": -251.2200164794922, "rejected": -364.4549560546875}, "45": {"chosen": -123.7131576538086, "rejected": -350.726806640625}, "46": {"chosen": -158.59701538085938, "rejected": -113.50856018066406}, "47": {"chosen": -77.47178649902344, "rejected": -133.51329040527344}, "48": {"chosen": -35.09993362426758, "rejected": -24.677589416503906}, "49": {"chosen": -128.69949340820312, "rejected": -31.41651153564453}, "50": {"chosen": -99.28132629394531, "rejected": -44.744781494140625}, "51": {"chosen": -22.903606414794922, "rejected": -29.814552307128906}, "52": {"chosen": -15.81005859375, "rejected": -31.832319259643555}, "53": {"chosen": -355.58697509765625, "rejected": -104.98049926757812}, "54": {"chosen": -21.217409133911133, "rejected": -258.0496826171875}, "55": {"chosen": -30.52330207824707, "rejected": -136.8734893798828}, "56": {"chosen": -42.45109558105469, "rejected": -263.4762878417969}, "57": {"chosen": -18.466684341430664, "rejected": -16.043519973754883}, "58": {"chosen": -97.79969024658203, "rejected": -158.9989013671875}, "59": {"chosen": -66.23707580566406, "rejected": -27.221826553344727}, "60": {"chosen": -21.296001434326172, "rejected": -35.83519744873047}, "61": {"chosen": -88.68990325927734, "rejected": -53.381526947021484}, "62": {"chosen": -159.9199676513672, "rejected": -108.10926055908203}, "63": {"chosen": -71.75652313232422, "rejected": -29.892026901245117}, "64": {"chosen": -181.0090789794922, "rejected": -182.01715087890625}, "65": {"chosen": -54.64527130126953, "rejected": -138.23651123046875}, "66": {"chosen": -20.028474807739258, "rejected": -68.50299072265625}, "67": {"chosen": -18.352346420288086, "rejected": -82.62397766113281}, "68": {"chosen": -145.31329345703125, "rejected": -205.082275390625}, "69": {"chosen": -20.469724655151367, "rejected": -18.108991622924805}, "70": {"chosen": -23.783836364746094, "rejected": -28.413177490234375}, "71": {"chosen": -45.23667526245117, "rejected": -209.3684844970703}, "72": {"chosen": -23.224769592285156, "rejected": -190.4955291748047}, "73": {"chosen": -2.5819928646087646, "rejected": -7.317086696624756}, "74": {"chosen": -54.381282806396484, "rejected": -30.01777458190918}, "75": {"chosen": -39.31946563720703, "rejected": -463.60888671875}, "76": {"chosen": -17.523962020874023, "rejected": -12.706578254699707}, "77": {"chosen": -106.42884826660156, "rejected": -101.75859832763672}, "78": {"chosen": -67.7508544921875, "rejected": -45.91823196411133}, "79": {"chosen": -130.43963623046875, "rejected": -18.20152473449707}, "80": {"chosen": -7.808160781860352, "rejected": -11.600322723388672}, "81": {"chosen": -41.624839782714844, "rejected": -26.781984329223633}, "82": {"chosen": -26.325223922729492, "rejected": -30.802095413208008}, "83": {"chosen": -89.71698760986328, "rejected": -172.06857299804688}, "84": {"chosen": -46.00379180908203, "rejected": -32.82386016845703}, "85": {"chosen": -48.45746994018555, "rejected": -271.5954284667969}, "86": {"chosen": -136.4200439453125, "rejected": -42.41935348510742}, "87": {"chosen": -3.732219696044922, "rejected": -72.1557846069336}, "88": {"chosen": -46.28871536254883, "rejected": -127.95848083496094}, "89": {"chosen": -56.43802261352539, "rejected": -72.21308898925781}, "90": {"chosen": -40.634822845458984, "rejected": -54.213626861572266}, "91": {"chosen": -61.18875503540039, "rejected": -44.09711456298828}, "92": {"chosen": -22.591793060302734, "rejected": -40.06163024902344}, "93": {"chosen": -102.73001098632812, "rejected": -103.97261810302734}, "94": {"chosen": -4.580928325653076, "rejected": -16.494552612304688}, "95": {"chosen": -11.572040557861328, "rejected": -94.29053497314453}, "96": {"chosen": -20.524917602539062, "rejected": -13.701403617858887}, "97": {"chosen": -99.04698944091797, "rejected": -84.46147155761719}, "98": {"chosen": -16.58282470703125, "rejected": -64.72016143798828}, "99": {"chosen": -77.22422790527344, "rejected": -43.67730712890625}}}