{"0": {"0": {"chosen": -19.741186141967773, "rejected": -6.2939863204956055}, "1": {"chosen": -14.171415328979492, "rejected": -23.805376052856445}, "2": {"chosen": -37.21430969238281, "rejected": -254.71104431152344}, "3": {"chosen": -18.434661865234375, "rejected": -23.32471466064453}, "4": {"chosen": -34.65565490722656, "rejected": -179.439697265625}, "5": {"chosen": -119.1624526977539, "rejected": -179.90354919433594}, "6": {"chosen": -101.98469543457031, "rejected": -27.273380279541016}, "7": {"chosen": -11.87682819366455, "rejected": -27.055511474609375}, "8": {"chosen": -15.686513900756836, "rejected": -58.145511627197266}, "9": {"chosen": -9.380987167358398, "rejected": -337.7517395019531}, "10": {"chosen": -20.93253517150879, "rejected": -22.144460678100586}, "11": {"chosen": -28.92403221130371, "rejected": -316.2798767089844}, "12": {"chosen": -30.617586135864258, "rejected": -9.880260467529297}, "13": {"chosen": -102.48763275146484, "rejected": -46.908721923828125}, "14": {"chosen": -42.72837829589844, "rejected": -29.11847496032715}, "15": {"chosen": -18.969650268554688, "rejected": -31.387815475463867}, "16": {"chosen": -69.29771423339844, "rejected": -279.666259765625}, "17": {"chosen": -57.503150939941406, "rejected": -35.23275375366211}, "18": {"chosen": -222.04464721679688, "rejected": -87.2947769165039}, "19": {"chosen": -81.28900909423828, "rejected": -40.373680114746094}, "20": {"chosen": -54.71076202392578, "rejected": -31.98592185974121}, "21": {"chosen": -25.47445297241211, "rejected": -13.983521461486816}, "22": {"chosen": -51.27579879760742, "rejected": -19.924392700195312}, "23": {"chosen": -12.718355178833008, "rejected": -61.91425323486328}, "24": {"chosen": -48.02956008911133, "rejected": -14.690839767456055}, "25": {"chosen": -114.45372009277344, "rejected": -14.587387084960938}, "26": {"chosen": -30.82008934020996, "rejected": -66.70048522949219}, "27": {"chosen": -198.19802856445312, "rejected": -146.9270477294922}, "28": {"chosen": -82.6878662109375, "rejected": -30.599348068237305}, "29": {"chosen": -11.328455924987793, "rejected": -119.12324523925781}, "30": {"chosen": -45.45113754272461, "rejected": -18.39187240600586}, "31": {"chosen": -112.61727142333984, "rejected": -181.68521118164062}, "32": {"chosen": -49.04881286621094, "rejected": -47.05728530883789}, "33": {"chosen": -79.46810913085938, "rejected": -24.084827423095703}, "34": {"chosen": -202.40390014648438, "rejected": -47.61370086669922}, "35": {"chosen": -63.08550262451172, "rejected": -89.31230163574219}, "36": {"chosen": -24.85416603088379, "rejected": -165.818359375}, "37": {"chosen": -28.684410095214844, "rejected": -100.66353607177734}, "38": {"chosen": -21.08045196533203, "rejected": -387.4056396484375}, "39": {"chosen": -15.164104461669922, "rejected": -131.8067169189453}, "40": {"chosen": -56.18597412109375, "rejected": -87.4176025390625}, "41": {"chosen": -134.59271240234375, "rejected": -64.11282348632812}, "42": {"chosen": -96.29308319091797, "rejected": -63.68693542480469}, "43": {"chosen": -106.48641204833984, "rejected": -47.601280212402344}, "44": {"chosen": -253.64556884765625, "rejected": -361.74090576171875}, "45": {"chosen": -125.45824432373047, "rejected": -356.86395263671875}, "46": {"chosen": -159.35562133789062, "rejected": -113.29664611816406}, "47": {"chosen": -77.27670288085938, "rejected": -137.3058624267578}, "48": {"chosen": -34.767662048339844, "rejected": -24.912315368652344}, "49": {"chosen": -127.33137512207031, "rejected": -31.131290435791016}, "50": {"chosen": -97.76896667480469, "rejected": -44.2569580078125}, "51": {"chosen": -22.73603057861328, "rejected": -26.560787200927734}, "52": {"chosen": -16.886707305908203, "rejected": -31.79547119140625}, "53": {"chosen": -359.7071533203125, "rejected": -107.65679168701172}, "54": {"chosen": -22.17473602294922, "rejected": -258.6996765136719}, "55": {"chosen": -30.846370697021484, "rejected": -141.52542114257812}, "56": {"chosen": -41.36757278442383, "rejected": -261.2428894042969}, "57": {"chosen": -17.900501251220703, "rejected": -15.022175788879395}, "58": {"chosen": -98.94243621826172, "rejected": -162.32064819335938}, "59": {"chosen": -61.62397003173828, "rejected": -25.884201049804688}, "60": {"chosen": -21.33316421508789, "rejected": -37.11815643310547}, "61": {"chosen": -86.59063720703125, "rejected": -51.278411865234375}, "62": {"chosen": -159.10299682617188, "rejected": -107.291015625}, "63": {"chosen": -68.88369750976562, "rejected": -28.387754440307617}, "64": {"chosen": -183.5970916748047, "rejected": -184.6185760498047}, "65": {"chosen": -58.01239013671875, "rejected": -139.36058044433594}, "66": {"chosen": -19.54669189453125, "rejected": -65.94593811035156}, "67": {"chosen": -17.578767776489258, "rejected": -81.25888061523438}, "68": {"chosen": -147.09878540039062, "rejected": -205.57504272460938}, "69": {"chosen": -19.897478103637695, "rejected": -17.857805252075195}, "70": {"chosen": -23.034164428710938, "rejected": -27.36606788635254}, "71": {"chosen": -44.132545471191406, "rejected": -206.220458984375}, "72": {"chosen": -21.164125442504883, "rejected": -191.79681396484375}, "73": {"chosen": -2.4813249111175537, "rejected": -6.845219135284424}, "74": {"chosen": -55.39915084838867, "rejected": -30.26038932800293}, "75": {"chosen": -37.03692626953125, "rejected": -469.37115478515625}, "76": {"chosen": -14.555204391479492, "rejected": -12.521614074707031}, "77": {"chosen": -105.36506652832031, "rejected": -101.78073120117188}, "78": {"chosen": -68.72381591796875, "rejected": -44.20701599121094}, "79": {"chosen": -128.29458618164062, "rejected": -19.930784225463867}, "80": {"chosen": -7.39408016204834, "rejected": -12.40878677368164}, "81": {"chosen": -41.49762725830078, "rejected": -24.84325408935547}, "82": {"chosen": -27.130075454711914, "rejected": -30.852901458740234}, "83": {"chosen": -90.98265075683594, "rejected": -174.62738037109375}, "84": {"chosen": -41.79679489135742, "rejected": -32.8868522644043}, "85": {"chosen": -45.68108367919922, "rejected": -272.95721435546875}, "86": {"chosen": -137.95431518554688, "rejected": -42.865699768066406}, "87": {"chosen": -3.53383207321167, "rejected": -73.3756332397461}, "88": {"chosen": -44.5670280456543, "rejected": -127.55253601074219}, "89": {"chosen": -54.77764129638672, "rejected": -72.93817901611328}, "90": {"chosen": -39.021297454833984, "rejected": -54.08509826660156}, "91": {"chosen": -62.487037658691406, "rejected": -45.690704345703125}, "92": {"chosen": -23.136411666870117, "rejected": -39.43939208984375}, "93": {"chosen": -102.38777160644531, "rejected": -107.54676818847656}, "94": {"chosen": -4.460404872894287, "rejected": -16.510351181030273}, "95": {"chosen": -10.189652442932129, "rejected": -94.30036163330078}, "96": {"chosen": -18.539695739746094, "rejected": -12.97344970703125}, "97": {"chosen": -98.81875610351562, "rejected": -85.12689208984375}, "98": {"chosen": -15.79849624633789, "rejected": -62.707000732421875}, "99": {"chosen": -76.47259521484375, "rejected": -44.505306243896484}}}