{"0": {"train_labels": [0, 0, 1, 1, 1, 1, 0, 1, 1, 0, 0, 0, 1, 0, 1, 0, 0, 1, 0, 1, 0, 0, 1, 1, 0, 0, 0, 0, 1, 0, 0, 0, 1, 0, 1, 0, 0, 0, 0, 1, 1, 1, 1, 0, 1, 1, 1, 1, 0, 1, 1, 1, 0, 1, 1, 0, 1, 1, 0, 0, 0, 0, 0, 0, 0, 1, 1, 0, 0, 1, 1, 0, 1, 1, 0, 0, 1, 1, 1, 0, 0, 0, 0, 0, 0, 1, 0, 0, 1, 0, 1, 1, 0, 0, 0, 0, 1, 0, 1, 0], "train_logprobs": [[-23.503963470458984, -98.66014862060547], [-71.4985580444336, -108.26822662353516], [-132.38604736328125, -36.4621696472168], [-156.47955322265625, -39.13246154785156], [-119.93895721435547, -117.75969696044922], [-118.49629211425781, -104.98065948486328], [-66.50687408447266, -120.5781021118164], [-156.77786254882812, -43.1485595703125], [-98.66716003417969, -78.81148529052734], [-133.7670135498047, -169.09341430664062], [-140.3297576904297, -151.75479125976562], [-25.94805335998535, -105.55052185058594], [-115.74739074707031, -6.766267776489258], [-35.51327133178711, -152.84164428710938], [-186.252197265625, -108.65110778808594], [-20.435335159301758, -48.806060791015625], [-243.21009826660156, -277.5664978027344], [-136.9580078125, -57.20574188232422], [-30.452165603637695, -115.48921203613281], [-189.22279357910156, -37.62254333496094], [-155.26263427734375, -243.60421752929688], [-19.796133041381836, -69.76744842529297], [-48.602691650390625, -47.19110870361328], [-191.46597290039062, -107.13888549804688], [-30.5953311920166, -37.39748764038086], [-67.85124206542969, -101.77571105957031], [-12.729959487915039, -24.854969024658203], [-66.1551284790039, -222.26390075683594], [-49.54512023925781, -36.45587921142578], [-99.28950500488281, -144.78236389160156], [-20.558908462524414, -212.2840576171875], [-62.08612823486328, -129.473388671875], [-164.43637084960938, -78.42478942871094], [-114.5966796875, -158.79916381835938], [-103.01127624511719, -79.17654418945312], [-5.64224910736084, -63.400123596191406], [-126.36268615722656, -205.5806121826172], [-40.01645278930664, -249.17849731445312], [-37.63102722167969, -71.95881652832031], [-89.38349914550781, -41.14997863769531], [-61.822845458984375, -45.681671142578125], [-170.71109008789062, -40.40308380126953], [-72.81320190429688, -44.732730865478516], [-71.33582305908203, -77.81806945800781], [-121.54698181152344, -40.450347900390625], [-115.91808319091797, -115.41175842285156], [-100.22486877441406, -43.04190444946289], [-133.90797424316406, -51.458316802978516], [-97.50399780273438, -284.9225769042969], [-90.87989044189453, -29.840049743652344], [-153.64125061035156, -91.49445343017578], [-118.09368133544922, -58.99635314941406], [-29.69908905029297, -129.94813537597656], [-83.9098892211914, -19.920177459716797], [-79.94918823242188, -49.3004035949707], [-92.82561492919922, -403.5010070800781], [-228.38778686523438, -133.5102996826172], [-89.85124206542969, -59.99553298950195], [-115.13775634765625, -166.9814910888672], [-60.26362228393555, -95.0011978149414], [-45.569496154785156, -149.33956909179688], [-102.42724609375, -223.939453125], [-57.817970275878906, -90.6411361694336], [-49.917259216308594, -75.79188537597656], [-49.659305572509766, -70.11253356933594], [-100.25187683105469, -98.08372497558594], [-22.521820068359375, -16.514070510864258], [-115.5863265991211, -345.201171875], [-65.58890533447266, -148.23297119140625], [-142.21153259277344, -72.64158630371094], [-197.22328186035156, -181.55685424804688], [-71.77865600585938, -98.73616027832031], [-100.23680114746094, -40.74087142944336], [-120.51514434814453, -55.517906188964844], [-175.40081787109375, -312.2510986328125], [-67.70475006103516, -98.3307113647461], [-82.494873046875, -28.55696678161621], [-86.4578628540039, -23.527145385742188], [-149.32254028320312, -88.06673431396484], [-69.31704711914062, -76.47653198242188], [-68.62665557861328, -81.11678314208984], [-28.376617431640625, -246.77809143066406], [-140.88912963867188, -183.0302734375], [-20.470340728759766, -101.01472473144531], [-67.9620590209961, -73.59513854980469], [-182.53826904296875, -154.0879364013672], [-51.111270904541016, -177.38743591308594], [-72.42079162597656, -104.8631591796875], [-314.2890319824219, -157.58868408203125], [-55.025150299072266, -115.94886779785156], [-210.59674072265625, -96.38494110107422], [-156.30645751953125, -116.09668731689453], [-24.641977310180664, -29.285213470458984], [-103.1873550415039, -179.30494689941406], [-21.38431739807129, -35.43250274658203], [-139.0682830810547, -142.8709716796875], [-63.624969482421875, -31.252384185791016], [-26.697628021240234, -342.9295654296875], [-62.71082305908203, -46.462547302246094], [-43.397911071777344, -100.3191909790039]], "train_probs": [1.0, 0.9999999999999999, 2.191740966061074e-42, 1.0884428184597993e-51, 0.10162844689366064, 1.3496922167661852e-06, 1.0, 4.481472480857332e-50, 2.3811679221560134e-09, 0.9999999999999996, 0.9999890814184195, 1.0, 4.67842489851045e-48, 1.0, 1.9873531623898694e-34, 0.9999999999995227, 0.9999999999999988, 2.3122297636548028e-35, 1.0, 1.4482644282216455e-66, 1.0, 1.0, 0.19598450415240695, 2.383478650545531e-37, 0.9988898578482083, 0.9999999999999981, 0.9999945778327398, 1.0, 2.067349728944002e-06, 1.0, 1.0, 1.0, 4.4222654625737124e-38, 1.0, 4.453560850083105e-11, 1.0, 1.0, 1.0, 0.9999999999999988, 1.1283613472260972e-21, 9.771855145167775e-08, 2.558302657141818e-57, 6.379789927583782e-13, 0.9984719694547647, 6.028085332300355e-36, 0.37605548009323975, 1.4647183917057447e-25, 1.5580046119229272e-36, 1.0, 3.095522809646927e-27, 1.02326687790412e-27, 2.1595162360272905e-26, 1.0, 1.6203964513477701e-28, 4.891048337542857e-14, 1.0, 6.240664849704868e-42, 1.0810114525396982e-13, 1.0, 0.9999999999999991, 1.0, 1.0, 0.9999999999999943, 0.9999999999942085, 0.9999999986899859, 0.10264714237210047, 0.002453582310571571, 1.0, 1.0, 6.111618267944971e-31, 1.5709301270669762e-07, 0.9999999999980388, 1.4495928151058937e-26, 5.916408175479803e-29, 1.0, 0.9999999999999499, 3.758936105122189e-24, 4.672363916465755e-28, 2.4942586271005623e-27, 0.9992231490209658, 0.9999962363876377, 1.0, 1.0, 1.0, 0.9964352119711611, 4.407349847983023e-13, 1.0, 0.9999999999999918, 8.828838945314975e-69, 1.0, 2.5029124357552487e-50, 3.4444404630381316e-18, 0.9904652915297818, 1.0, 0.9999992075893966, 0.9781761978358418, 8.724988048427508e-15, 1.0, 8.779372179359912e-08, 1.0], "test_labels": [], "test_logprobs": [], "test_probs": []}}