{"0": {"chosen": -18.726896286010742, "rejected": -1.133354902267456, "n_evaluated": 1}, "1": {"chosen": -8.599302291870117, "rejected": -14.924127578735352, "n_evaluated": 1}, "2": {"chosen": -40.58058547973633, "rejected": -256.5940856933594, "n_evaluated": 1}, "3": {"chosen": -10.518392562866211, "rejected": -20.169801712036133, "n_evaluated": 1}, "4": {"chosen": -35.209983825683594, "rejected": -183.9314727783203, "n_evaluated": 1}, "5": {"chosen": -128.90956115722656, "rejected": -173.77047729492188, "n_evaluated": 1}, "6": {"chosen": -99.79051208496094, "rejected": -26.24592399597168, "n_evaluated": 1}, "7": {"chosen": -3.8593873977661133, "rejected": -24.11863899230957, "n_evaluated": 1}, "8": {"chosen": -10.801790237426758, "rejected": -58.177154541015625, "n_evaluated": 1}, "9": {"chosen": -8.576974868774414, "rejected": -338.43048095703125, "n_evaluated": 1}, "10": {"chosen": -14.789032936096191, "rejected": -18.898103713989258, "n_evaluated": 1}, "11": {"chosen": -26.401058197021484, "rejected": -299.8971862792969, "n_evaluated": 1}, "12": {"chosen": -28.431514739990234, "rejected": -5.218321800231934, "n_evaluated": 1}, "13": {"chosen": -92.74962615966797, "rejected": -37.686161041259766, "n_evaluated": 1}, "14": {"chosen": -34.76536560058594, "rejected": -24.019498825073242, "n_evaluated": 1}, "15": {"chosen": -14.434218406677246, "rejected": -23.965879440307617, "n_evaluated": 1}, "16": {"chosen": -67.9470443725586, "rejected": -276.8895263671875, "n_evaluated": 1}, "17": {"chosen": -48.76459503173828, "rejected": -28.06405258178711, "n_evaluated": 1}, "18": {"chosen": -214.9733428955078, "rejected": -81.66181945800781, "n_evaluated": 1}, "19": {"chosen": -72.91279602050781, "rejected": -31.177635192871094, "n_evaluated": 1}, "20": {"chosen": -52.725669860839844, "rejected": -29.89364242553711, "n_evaluated": 1}, "21": {"chosen": -17.747337341308594, "rejected": -11.725955963134766, "n_evaluated": 1}, "22": {"chosen": -48.08916091918945, "rejected": -19.34568214416504, "n_evaluated": 1}, "23": {"chosen": -10.676703453063965, "rejected": -58.37519836425781, "n_evaluated": 1}, "24": {"chosen": -43.780982971191406, "rejected": -10.86189079284668, "n_evaluated": 1}, "25": {"chosen": -103.55665588378906, "rejected": -5.791714191436768, "n_evaluated": 1}, "26": {"chosen": -28.331266403198242, "rejected": -62.05513000488281, "n_evaluated": 1}, "27": {"chosen": -199.9552001953125, "rejected": -142.73814392089844, "n_evaluated": 1}, "28": {"chosen": -72.05702209472656, "rejected": -22.52776527404785, "n_evaluated": 1}, "29": {"chosen": -4.4226813316345215, "rejected": -117.31129455566406, "n_evaluated": 1}, "30": {"chosen": -43.68247985839844, "rejected": -18.51060676574707, "n_evaluated": 1}, "31": {"chosen": -102.04724884033203, "rejected": -173.90615844726562, "n_evaluated": 1}, "32": {"chosen": -43.7709846496582, "rejected": -39.88640594482422, "n_evaluated": 1}, "33": {"chosen": -65.4542007446289, "rejected": -24.585067749023438, "n_evaluated": 1}, "34": {"chosen": -197.99771118164062, "rejected": -46.84205627441406, "n_evaluated": 1}, "35": {"chosen": -57.500083923339844, "rejected": -82.61946105957031, "n_evaluated": 1}, "36": {"chosen": -23.44244384765625, "rejected": -165.82623291015625, "n_evaluated": 1}, "37": {"chosen": -27.5527286529541, "rejected": -90.87420654296875, "n_evaluated": 1}, "38": {"chosen": -19.806596755981445, "rejected": -383.9000549316406, "n_evaluated": 1}, "39": {"chosen": -10.89754867553711, "rejected": -129.2813262939453, "n_evaluated": 1}, "40": {"chosen": -58.53077697753906, "rejected": -83.09585571289062, "n_evaluated": 1}, "41": {"chosen": -127.25933074951172, "rejected": -64.36576843261719, "n_evaluated": 1}, "42": {"chosen": -91.87236785888672, "rejected": -55.77137756347656, "n_evaluated": 1}, "43": {"chosen": -103.12065887451172, "rejected": -46.64148712158203, "n_evaluated": 1}, "44": {"chosen": -250.43539428710938, "rejected": -350.3265380859375, "n_evaluated": 1}, "45": {"chosen": -120.76872253417969, "rejected": -343.22003173828125, "n_evaluated": 1}, "46": {"chosen": -163.92184448242188, "rejected": -101.78511047363281, "n_evaluated": 1}, "47": {"chosen": -74.07282257080078, "rejected": -131.76727294921875, "n_evaluated": 1}, "48": {"chosen": -31.827037811279297, "rejected": -23.787181854248047, "n_evaluated": 1}, "49": {"chosen": -119.70721435546875, "rejected": -28.491926193237305, "n_evaluated": 1}, "50": {"chosen": -91.39408874511719, "rejected": -43.14398956298828, "n_evaluated": 1}, "51": {"chosen": -15.320137977600098, "rejected": -20.581472396850586, "n_evaluated": 1}, "52": {"chosen": -13.238024711608887, "rejected": -24.261863708496094, "n_evaluated": 1}, "53": {"chosen": -356.93804931640625, "rejected": -103.22988891601562, "n_evaluated": 1}, "54": {"chosen": -20.646942138671875, "rejected": -257.0352478027344, "n_evaluated": 1}, "55": {"chosen": -26.42230987548828, "rejected": -138.4010467529297, "n_evaluated": 1}, "56": {"chosen": -35.133644104003906, "rejected": -267.9167175292969, "n_evaluated": 1}, "57": {"chosen": -8.635089874267578, "rejected": -8.760889053344727, "n_evaluated": 1}, "58": {"chosen": -99.53109741210938, "rejected": -165.96762084960938, "n_evaluated": 1}, "59": {"chosen": -59.124603271484375, "rejected": -25.2938232421875, "n_evaluated": 1}, "60": {"chosen": -11.650575637817383, "rejected": -29.059953689575195, "n_evaluated": 1}, "61": {"chosen": -75.8446044921875, "rejected": -54.628780364990234, "n_evaluated": 1}, "62": {"chosen": -152.179931640625, "rejected": -106.81998443603516, "n_evaluated": 1}, "63": {"chosen": -70.54446411132812, "rejected": -22.528278350830078, "n_evaluated": 1}, "64": {"chosen": -170.80673217773438, "rejected": -167.65036010742188, "n_evaluated": 1}, "65": {"chosen": -50.02467346191406, "rejected": -135.37637329101562, "n_evaluated": 1}, "66": {"chosen": -14.049896240234375, "rejected": -66.57917785644531, "n_evaluated": 1}, "67": {"chosen": -14.265068054199219, "rejected": -77.27301025390625, "n_evaluated": 1}, "68": {"chosen": -139.4376983642578, "rejected": -199.6522979736328, "n_evaluated": 1}, "69": {"chosen": -16.964391708374023, "rejected": -13.699045181274414, "n_evaluated": 1}, "70": {"chosen": -18.046611785888672, "rejected": -25.060712814331055, "n_evaluated": 1}, "71": {"chosen": -41.32012176513672, "rejected": -205.83050537109375, "n_evaluated": 1}, "72": {"chosen": -19.09954261779785, "rejected": -182.78256225585938, "n_evaluated": 1}, "73": {"chosen": -3.7100424766540527, "rejected": -8.101954460144043, "n_evaluated": 1}, "74": {"chosen": -57.68771743774414, "rejected": -28.761669158935547, "n_evaluated": 1}, "75": {"chosen": -38.52387237548828, "rejected": -462.67889404296875, "n_evaluated": 1}, "76": {"chosen": -9.455789566040039, "rejected": -5.343972206115723, "n_evaluated": 1}, "77": {"chosen": -105.50249481201172, "rejected": -102.05791473388672, "n_evaluated": 1}, "78": {"chosen": -63.005699157714844, "rejected": -38.54031753540039, "n_evaluated": 1}, "79": {"chosen": -117.79048919677734, "rejected": -14.914463996887207, "n_evaluated": 1}, "80": {"chosen": -7.856753349304199, "rejected": -5.454193592071533, "n_evaluated": 1}, "81": {"chosen": -34.6663703918457, "rejected": -18.563358306884766, "n_evaluated": 1}, "82": {"chosen": -24.435672760009766, "rejected": -25.330636978149414, "n_evaluated": 1}, "83": {"chosen": -82.99176788330078, "rejected": -171.58767700195312, "n_evaluated": 1}, "84": {"chosen": -41.33473587036133, "rejected": -32.130287170410156, "n_evaluated": 1}, "85": {"chosen": -39.37214660644531, "rejected": -257.6275634765625, "n_evaluated": 1}, "86": {"chosen": -136.8848114013672, "rejected": -36.14453887939453, "n_evaluated": 1}, "87": {"chosen": -4.092678546905518, "rejected": -72.16246795654297, "n_evaluated": 1}, "88": {"chosen": -39.03656768798828, "rejected": -121.04335021972656, "n_evaluated": 1}, "89": {"chosen": -45.031978607177734, "rejected": -63.14910125732422, "n_evaluated": 1},