{"0": {"0": {"chosen": -19.84445571899414, "rejected": -5.286484718322754}, "1": {"chosen": -15.570311546325684, "rejected": -24.76523208618164}, "2": {"chosen": -40.177547454833984, "rejected": -254.4744415283203}, "3": {"chosen": -17.909320831298828, "rejected": -23.59620475769043}, "4": {"chosen": -38.52306365966797, "rejected": -177.43017578125}, "5": {"chosen": -123.2750015258789, "rejected": -180.61610412597656}, "6": {"chosen": -105.1136703491211, "rejected": -28.575502395629883}, "7": {"chosen": -11.297307014465332, "rejected": -26.227184295654297}, "8": {"chosen": -16.033849716186523, "rejected": -58.8115234375}, "9": {"chosen": -9.584561347961426, "rejected": -336.43463134765625}, "10": {"chosen": -21.43359375, "rejected": -24.820158004760742}, "11": {"chosen": -28.37811851501465, "rejected": -315.517333984375}, "12": {"chosen": -30.387554168701172, "rejected": -11.145587921142578}, "13": {"chosen": -103.19737243652344, "rejected": -46.503631591796875}, "14": {"chosen": -43.157737731933594, "rejected": -26.528888702392578}, "15": {"chosen": -20.556962966918945, "rejected": -33.43093490600586}, "16": {"chosen": -69.80854034423828, "rejected": -280.5740661621094}, "17": {"chosen": -56.596927642822266, "rejected": -35.46139907836914}, "18": {"chosen": -220.8705596923828, "rejected": -83.19593048095703}, "19": {"chosen": -80.94410705566406, "rejected": -42.94961166381836}, "20": {"chosen": -55.79096984863281, "rejected": -32.158782958984375}, "21": {"chosen": -26.62757110595703, "rejected": -14.448078155517578}, "22": {"chosen": -51.74148941040039, "rejected": -19.851186752319336}, "23": {"chosen": -15.720725059509277, "rejected": -59.950439453125}, "24": {"chosen": -50.09516906738281, "rejected": -16.973186492919922}, "25": {"chosen": -113.35231018066406, "rejected": -14.283487319946289}, "26": {"chosen": -31.461618423461914, "rejected": -68.33294677734375}, "27": {"chosen": -199.86656188964844, "rejected": -146.29185485839844}, "28": {"chosen": -81.87329864501953, "rejected": -31.63819694519043}, "29": {"chosen": -13.019255638122559, "rejected": -117.4697036743164}, "30": {"chosen": -44.36195755004883, "rejected": -17.934906005859375}, "31": {"chosen": -112.19518280029297, "rejected": -180.7164764404297}, "32": {"chosen": -51.535240173339844, "rejected": -45.62458038330078}, "33": {"chosen": -78.6004409790039, "rejected": -25.921722412109375}, "34": {"chosen": -203.73670959472656, "rejected": -46.7960205078125}, "35": {"chosen": -63.37838363647461, "rejected": -87.86177825927734}, "36": {"chosen": -24.82548713684082, "rejected": -165.6194305419922}, "37": {"chosen": -29.49650001525879, "rejected": -99.6158218383789}, "38": {"chosen": -20.939680099487305, "rejected": -384.5736999511719}, "39": {"chosen": -16.629104614257812, "rejected": -131.703369140625}, "40": {"chosen": -56.420265197753906, "rejected": -87.19820404052734}, "41": {"chosen": -134.0900115966797, "rejected": -62.885398864746094}, "42": {"chosen": -95.12100982666016, "rejected": -60.263832092285156}, "43": {"chosen": -106.20388793945312, "rejected": -46.91600036621094}, "44": {"chosen": -253.17816162109375, "rejected": -365.1722106933594}, "45": {"chosen": -123.82828521728516, "rejected": -351.513671875}, "46": {"chosen": -158.67367553710938, "rejected": -113.85433959960938}, "47": {"chosen": -78.89974212646484, "rejected": -135.22474670410156}, "48": {"chosen": -35.61690139770508, "rejected": -24.837730407714844}, "49": {"chosen": -125.930419921875, "rejected": -30.496950149536133}, "50": {"chosen": -99.06369018554688, "rejected": -44.82035827636719}, "51": {"chosen": -22.512859344482422, "rejected": -27.5288028717041}, "52": {"chosen": -15.890213012695312, "rejected": -31.800050735473633}, "53": {"chosen": -355.9596252441406, "rejected": -107.04771423339844}, "54": {"chosen": -24.599132537841797, "rejected": -255.6448974609375}, "55": {"chosen": -30.24860954284668, "rejected": -140.8275604248047}, "56": {"chosen": -41.80636215209961, "rejected": -262.7574157714844}, "57": {"chosen": -17.602148056030273, "rejected": -13.67044448852539}, "58": {"chosen": -97.75291442871094, "rejected": -163.00140380859375}, "59": {"chosen": -65.79704284667969, "rejected": -26.835166931152344}, "60": {"chosen": -22.83035659790039, "rejected": -34.929405212402344}, "61": {"chosen": -86.63021087646484, "rejected": -50.46367263793945}, "62": {"chosen": -160.36399841308594, "rejected": -109.25150299072266}, "63": {"chosen": -68.02494812011719, "rejected": -27.913917541503906}, "64": {"chosen": -182.48880004882812, "rejected": -182.6678924560547}, "65": {"chosen": -54.638694763183594, "rejected": -141.1434783935547}, "66": {"chosen": -19.400712966918945, "rejected": -68.25196075439453}, "67": {"chosen": -18.594959259033203, "rejected": -80.57597351074219}, "68": {"chosen": -145.10215759277344, "rejected": -205.5685577392578}, "69": {"chosen": -20.27798843383789, "rejected": -17.110595703125}, "70": {"chosen": -23.591211318969727, "rejected": -27.0820255279541}, "71": {"chosen": -45.37451934814453, "rejected": -209.65118408203125}, "72": {"chosen": -22.90218162536621, "rejected": -192.676513671875}, "73": {"chosen": -2.6573562622070312, "rejected": -6.983888626098633}, "74": {"chosen": -54.142845153808594, "rejected": -29.732257843017578}, "75": {"chosen": -37.02892303466797, "rejected": -467.18060302734375}, "76": {"chosen": -15.632913589477539, "rejected": -11.498480796813965}, "77": {"chosen": -104.2249526977539, "rejected": -101.2430419921875}, "78": {"chosen": -68.29236602783203, "rejected": -46.418983459472656}, "79": {"chosen": -128.8594207763672, "rejected": -18.645061492919922}, "80": {"chosen": -7.38323974609375, "rejected": -12.245807647705078}, "81": {"chosen": -42.29652786254883, "rejected": -24.483562469482422}, "82": {"chosen": -26.892833709716797, "rejected": -32.261680603027344}, "83": {"chosen": -92.28137969970703, "rejected": -172.81549072265625}, "84": {"chosen": -44.36610412597656, "rejected": -32.380699157714844}, "85": {"chosen": -45.32814407348633, "rejected": -271.666748046875}, "86": {"chosen": -137.30990600585938, "rejected": -41.85357666015625}, "87": {"chosen": -4.327434062957764, "rejected": -72.70817565917969}, "88": {"chosen": -44.03278732299805, "rejected": -124.77591705322266}, "89": {"chosen": -55.340755462646484, "rejected": -71.675537109375}, "90": {"chosen": -38.07527542114258, "rejected": -55.40533447265625}, "91": {"chosen": -59.198055267333984, "rejected": -47.07950973510742}, "92": {"chosen": -22.588682174682617, "rejected": -39.523948669433594}, "93": {"chosen": -103.15797424316406, "rejected": -103.66862487792969}, "94": {"chosen": -4.041637420654297, "rejected": -15.566133499145508}, "95": {"chosen": -11.355059623718262, "rejected": -95.46560668945312}, "96": {"chosen": -21.229297637939453, "rejected": -13.022401809692383}, "97": {"chosen": -99.4366455078125, "rejected": -82.91838836669922}, "98": {"chosen": -15.83559799194336, "rejected": -64.95918273925781}, "99": {"chosen": -76.16553497314453, "rejected": -43.82814025878906}}}