{"0": {"0": {"chosen": -19.091270446777344, "rejected": -5.4160308837890625}, "1": {"chosen": -13.452220916748047, "rejected": -22.20000457763672}, "2": {"chosen": -37.24524688720703, "rejected": -250.99398803710938}, "3": {"chosen": -16.662778854370117, "rejected": -21.491235733032227}, "4": {"chosen": -35.40053176879883, "rejected": -175.7401580810547}, "5": {"chosen": -119.85830688476562, "rejected": -180.92144775390625}, "6": {"chosen": -104.22723388671875, "rejected": -26.382076263427734}, "7": {"chosen": -11.577573776245117, "rejected": -24.9471492767334}, "8": {"chosen": -15.39566421508789, "rejected": -58.66731643676758}, "9": {"chosen": -9.024377822875977, "rejected": -337.309326171875}, "10": {"chosen": -20.96538734436035, "rejected": -23.850719451904297}, "11": {"chosen": -28.661394119262695, "rejected": -314.3738708496094}, "12": {"chosen": -29.974889755249023, "rejected": -10.31085205078125}, "13": {"chosen": -104.3344497680664, "rejected": -45.62953567504883}, "14": {"chosen": -42.597591400146484, "rejected": -27.225881576538086}, "15": {"chosen": -18.186321258544922, "rejected": -28.703184127807617}, "16": {"chosen": -69.16048431396484, "rejected": -280.859619140625}, "17": {"chosen": -57.20285415649414, "rejected": -31.74143409729004}, "18": {"chosen": -220.92608642578125, "rejected": -79.62874603271484}, "19": {"chosen": -79.78044891357422, "rejected": -39.529090881347656}, "20": {"chosen": -52.47439193725586, "rejected": -31.863813400268555}, "21": {"chosen": -23.60097312927246, "rejected": -11.983922958374023}, "22": {"chosen": -52.189483642578125, "rejected": -19.848299026489258}, "23": {"chosen": -15.143570899963379, "rejected": -59.26429748535156}, "24": {"chosen": -50.39630126953125, "rejected": -14.777496337890625}, "25": {"chosen": -115.26947021484375, "rejected": -12.612405776977539}, "26": {"chosen": -32.22643280029297, "rejected": -66.99278259277344}, "27": {"chosen": -194.74319458007812, "rejected": -148.4936065673828}, "28": {"chosen": -79.0003662109375, "rejected": -29.95920181274414}, "29": {"chosen": -12.030659675598145, "rejected": -115.52751922607422}, "30": {"chosen": -43.99296188354492, "rejected": -18.05950355529785}, "31": {"chosen": -113.13044738769531, "rejected": -178.99832153320312}, "32": {"chosen": -45.18196487426758, "rejected": -45.8122673034668}, "33": {"chosen": -79.14020538330078, "rejected": -24.122446060180664}, "34": {"chosen": -202.13613891601562, "rejected": -46.852779388427734}, "35": {"chosen": -64.44766235351562, "rejected": -88.35311126708984}, "36": {"chosen": -25.00156021118164, "rejected": -166.06410217285156}, "37": {"chosen": -28.741806030273438, "rejected": -100.64776611328125}, "38": {"chosen": -20.89643096923828, "rejected": -386.88568115234375}, "39": {"chosen": -16.85224151611328, "rejected": -130.61627197265625}, "40": {"chosen": -56.355613708496094, "rejected": -85.92584991455078}, "41": {"chosen": -138.1863250732422, "rejected": -62.28840637207031}, "42": {"chosen": -95.98717498779297, "rejected": -61.21200942993164}, "43": {"chosen": -104.41241455078125, "rejected": -47.91535949707031}, "44": {"chosen": -252.19821166992188, "rejected": -361.2389221191406}, "45": {"chosen": -122.76786804199219, "rejected": -348.8757019042969}, "46": {"chosen": -157.8562774658203, "rejected": -111.28012084960938}, "47": {"chosen": -75.4762191772461, "rejected": -133.85989379882812}, "48": {"chosen": -34.94819259643555, "rejected": -25.28638458251953}, "49": {"chosen": -126.77208709716797, "rejected": -30.21135711669922}, "50": {"chosen": -98.00016784667969, "rejected": -45.473670959472656}, "51": {"chosen": -23.378917694091797, "rejected": -28.840463638305664}, "52": {"chosen": -15.910531997680664, "rejected": -31.308475494384766}, "53": {"chosen": -355.73175048828125, "rejected": -104.36043548583984}, "54": {"chosen": -22.54380989074707, "rejected": -253.27517700195312}, "55": {"chosen": -28.416614532470703, "rejected": -139.40838623046875}, "56": {"chosen": -40.70414733886719, "rejected": -262.6756591796875}, "57": {"chosen": -16.68983268737793, "rejected": -13.715883255004883}, "58": {"chosen": -98.52889251708984, "rejected": -159.95474243164062}, "59": {"chosen": -62.59622573852539, "rejected": -27.347900390625}, "60": {"chosen": -19.985925674438477, "rejected": -35.32780075073242}, "61": {"chosen": -90.19559478759766, "rejected": -54.0875358581543}, "62": {"chosen": -159.07083129882812, "rejected": -104.5738754272461}, "63": {"chosen": -71.31216430664062, "rejected": -28.508859634399414}, "64": {"chosen": -181.37448120117188, "rejected": -181.21629333496094}, "65": {"chosen": -51.48466873168945, "rejected": -136.6383056640625}, "66": {"chosen": -19.640018463134766, "rejected": -67.66641998291016}, "67": {"chosen": -17.980796813964844, "rejected": -81.6963119506836}, "68": {"chosen": -145.62667846679688, "rejected": -205.3284149169922}, "69": {"chosen": -19.159183502197266, "rejected": -17.150985717773438}, "70": {"chosen": -21.935474395751953, "rejected": -27.504684448242188}, "71": {"chosen": -43.36208724975586, "rejected": -206.041259765625}, "72": {"chosen": -23.084819793701172, "rejected": -189.11326599121094}, "73": {"chosen": -2.518627643585205, "rejected": -6.616647243499756}, "74": {"chosen": -54.71002197265625, "rejected": -29.211223602294922}, "75": {"chosen": -38.742958068847656, "rejected": -461.04449462890625}, "76": {"chosen": -16.144287109375, "rejected": -10.650924682617188}, "77": {"chosen": -104.47032165527344, "rejected": -102.01172637939453}, "78": {"chosen": -69.1033706665039, "rejected": -45.52849197387695}, "79": {"chosen": -127.28006744384766, "rejected": -18.83636474609375}, "80": {"chosen": -7.445129871368408, "rejected": -10.852595329284668}, "81": {"chosen": -39.88359069824219, "rejected": -25.002601623535156}, "82": {"chosen": -24.90043067932129, "rejected": -29.023025512695312}, "83": {"chosen": -89.34590148925781, "rejected": -173.20835876464844}, "84": {"chosen": -46.0669059753418, "rejected": -32.34944534301758}, "85": {"chosen": -49.813663482666016, "rejected": -267.4104309082031}, "86": {"chosen": -134.5419158935547, "rejected": -40.61027908325195}, "87": {"chosen": -3.8730483055114746, "rejected": -72.8290023803711}, "88": {"chosen": -44.58484649658203, "rejected": -122.10379028320312}, "89": {"chosen": -53.94951629638672, "rejected": -71.524658203125}, "90": {"chosen": -39.21980667114258, "rejected": -53.08856201171875}, "91": {"chosen": -59.737770080566406, "rejected": -44.33918762207031}, "92": {"chosen": -20.979230880737305, "rejected": -38.53717041015625}, "93": {"chosen": -101.33406066894531, "rejected": -104.67069244384766}, "94": {"chosen": -4.697046756744385, "rejected": -14.450273513793945}, "95": {"chosen": -11.184142112731934, "rejected": -92.67987060546875}, "96": {"chosen": -20.362228393554688, "rejected": -13.359332084655762}, "97": {"chosen": -97.74459838867188, "rejected": -83.4361343383789}, "98": {"chosen": -15.748404502868652, "rejected": -63.480995178222656}, "99": {"chosen": -76.74171447753906, "rejected": -42.75407409667969}}}