{"0": {"0": {"chosen": -21.7998046875, "rejected": -7.190863609313965}, "1": {"chosen": -15.766965866088867, "rejected": -23.42825698852539}, "2": {"chosen": -37.46579360961914, "rejected": -257.0931396484375}, "3": {"chosen": -19.374980926513672, "rejected": -26.498226165771484}, "4": {"chosen": -36.801292419433594, "rejected": -181.06495666503906}, "5": {"chosen": -122.4579849243164, "rejected": -181.5148162841797}, "6": {"chosen": -106.96659851074219, "rejected": -27.368518829345703}, "7": {"chosen": -11.533273696899414, "rejected": -26.37053680419922}, "8": {"chosen": -14.929821014404297, "rejected": -58.055702209472656}, "9": {"chosen": -9.970495223999023, "rejected": -337.5501403808594}, "10": {"chosen": -20.39830780029297, "rejected": -23.505163192749023}, "11": {"chosen": -28.36738395690918, "rejected": -314.1476135253906}, "12": {"chosen": -30.44623565673828, "rejected": -10.567214965820312}, "13": {"chosen": -105.17908477783203, "rejected": -47.27824783325195}, "14": {"chosen": -42.820281982421875, "rejected": -27.68499755859375}, "15": {"chosen": -19.94480323791504, "rejected": -33.009212493896484}, "16": {"chosen": -67.40440368652344, "rejected": -282.7347106933594}, "17": {"chosen": -56.168148040771484, "rejected": -36.9219970703125}, "18": {"chosen": -220.8795928955078, "rejected": -89.19012451171875}, "19": {"chosen": -82.06126403808594, "rejected": -43.04309844970703}, "20": {"chosen": -56.06730270385742, "rejected": -34.503910064697266}, "21": {"chosen": -26.703142166137695, "rejected": -14.414620399475098}, "22": {"chosen": -51.4724235534668, "rejected": -19.436107635498047}, "23": {"chosen": -13.33596420288086, "rejected": -62.38239288330078}, "24": {"chosen": -51.402984619140625, "rejected": -15.288294792175293}, "25": {"chosen": -115.29884338378906, "rejected": -16.267154693603516}, "26": {"chosen": -30.81524085998535, "rejected": -67.78347778320312}, "27": {"chosen": -197.8850860595703, "rejected": -149.8482208251953}, "28": {"chosen": -82.44123077392578, "rejected": -32.727264404296875}, "29": {"chosen": -11.963277816772461, "rejected": -120.5141830444336}, "30": {"chosen": -45.35443115234375, "rejected": -19.05704116821289}, "31": {"chosen": -112.13384246826172, "rejected": -182.94039916992188}, "32": {"chosen": -49.503414154052734, "rejected": -46.29499435424805}, "33": {"chosen": -81.6988754272461, "rejected": -26.922393798828125}, "34": {"chosen": -203.17236328125, "rejected": -47.95868682861328}, "35": {"chosen": -63.09089279174805, "rejected": -88.78807067871094}, "36": {"chosen": -24.97087860107422, "rejected": -165.76516723632812}, "37": {"chosen": -29.186914443969727, "rejected": -99.8412094116211}, "38": {"chosen": -21.669118881225586, "rejected": -387.1059875488281}, "39": {"chosen": -16.131072998046875, "rejected": -133.9595947265625}, "40": {"chosen": -54.1978645324707, "rejected": -85.25557708740234}, "41": {"chosen": -131.9696807861328, "rejected": -64.38851165771484}, "42": {"chosen": -98.47142028808594, "rejected": -63.905399322509766}, "43": {"chosen": -107.91360473632812, "rejected": -48.1117057800293}, "44": {"chosen": -252.50204467773438, "rejected": -364.28839111328125}, "45": {"chosen": -124.09439086914062, "rejected": -351.9995422363281}, "46": {"chosen": -159.80125427246094, "rejected": -113.8128662109375}, "47": {"chosen": -75.77008819580078, "rejected": -134.4405059814453}, "48": {"chosen": -36.66763687133789, "rejected": -26.15475845336914}, "49": {"chosen": -128.1385498046875, "rejected": -33.68621826171875}, "50": {"chosen": -98.94822692871094, "rejected": -46.81440734863281}, "51": {"chosen": -23.097396850585938, "rejected": -28.093917846679688}, "52": {"chosen": -15.469632148742676, "rejected": -33.34162521362305}, "53": {"chosen": -357.1134033203125, "rejected": -109.01057434082031}, "54": {"chosen": -23.821359634399414, "rejected": -255.2870330810547}, "55": {"chosen": -32.33016586303711, "rejected": -141.20791625976562}, "56": {"chosen": -42.02842712402344, "rejected": -264.9985656738281}, "57": {"chosen": -16.774900436401367, "rejected": -15.813165664672852}, "58": {"chosen": -100.47872924804688, "rejected": -164.18948364257812}, "59": {"chosen": -62.010929107666016, "rejected": -27.640296936035156}, "60": {"chosen": -23.04983901977539, "rejected": -36.8762321472168}, "61": {"chosen": -87.91914367675781, "rejected": -53.87733840942383}, "62": {"chosen": -159.74253845214844, "rejected": -108.48480224609375}, "63": {"chosen": -71.8596420288086, "rejected": -27.412126541137695}, "64": {"chosen": -183.32899475097656, "rejected": -183.8528594970703}, "65": {"chosen": -52.635963439941406, "rejected": -140.0062255859375}, "66": {"chosen": -18.91466522216797, "rejected": -67.12303924560547}, "67": {"chosen": -18.764286041259766, "rejected": -83.99337768554688}, "68": {"chosen": -146.73194885253906, "rejected": -205.5631561279297}, "69": {"chosen": -20.924123764038086, "rejected": -18.604217529296875}, "70": {"chosen": -23.75733184814453, "rejected": -28.20688247680664}, "71": {"chosen": -44.027809143066406, "rejected": -208.28890991210938}, "72": {"chosen": -22.108142852783203, "rejected": -193.2510528564453}, "73": {"chosen": -2.9184746742248535, "rejected": -7.5539093017578125}, "74": {"chosen": -55.05427551269531, "rejected": -30.038169860839844}, "75": {"chosen": -37.89458465576172, "rejected": -470.7918701171875}, "76": {"chosen": -15.7882719039917, "rejected": -11.024154663085938}, "77": {"chosen": -105.56393432617188, "rejected": -106.41030883789062}, "78": {"chosen": -71.05535888671875, "rejected": -45.39657211303711}, "79": {"chosen": -130.80233764648438, "rejected": -20.511951446533203}, "80": {"chosen": -6.809820175170898, "rejected": -13.409636497497559}, "81": {"chosen": -39.83223342895508, "rejected": -26.16775894165039}, "82": {"chosen": -27.109085083007812, "rejected": -30.397048950195312}, "83": {"chosen": -93.9017562866211, "rejected": -176.93698120117188}, "84": {"chosen": -45.2662353515625, "rejected": -34.81892013549805}, "85": {"chosen": -46.57007598876953, "rejected": -271.1357727050781}, "86": {"chosen": -136.5756072998047, "rejected": -43.35966110229492}, "87": {"chosen": -4.244424343109131, "rejected": -70.03711700439453}, "88": {"chosen": -43.30927658081055, "rejected": -127.42375183105469}, "89": {"chosen": -55.292869567871094, "rejected": -74.44969940185547}, "90": {"chosen": -38.03672790527344, "rejected": -55.45541763305664}, "91": {"chosen": -62.103092193603516, "rejected": -46.5172233581543}, "92": {"chosen": -23.62134552001953, "rejected": -39.65778350830078}, "93": {"chosen": -105.21253967285156, "rejected": -106.63829040527344}, "94": {"chosen": -4.693029880523682, "rejected": -16.270668029785156}, "95": {"chosen": -10.631254196166992, "rejected": -94.92161560058594}, "96": {"chosen": -18.928787231445312, "rejected": -15.138739585876465}, "97": {"chosen": -100.02043914794922, "rejected": -84.88105010986328}, "98": {"chosen": -15.221123695373535, "rejected": -63.090049743652344}, "99": {"chosen": -75.72210693359375, "rejected": -44.15264129638672}}}