{"0": {"train_labels": [0, 0, 1, 1, 0, 1, 0, 1, 1, 0, 0, 0, 1, 0, 1, 0, 0, 1, 0, 1, 0, 0, 1, 1, 0, 0, 0, 0, 1, 0, 0, 0, 1, 0, 1, 0, 0, 0, 0, 1, 1, 1, 1, 0, 1, 0, 1, 1, 0, 1, 1, 1, 0, 1, 1, 0, 1, 1, 0, 0, 0, 0, 0, 0, 0, 0, 1, 0, 0, 1, 1, 0, 1, 1, 0, 0, 1, 1, 1, 0, 1, 0, 0, 0, 0, 1, 0, 0, 1, 0, 1, 1, 0, 0, 0, 0, 1, 0, 1, 0], "train_logprobs": [[-12.439595222473145, -62.48696517944336], [-59.827701568603516, -96.24724578857422], [-134.5891571044922, -27.005680084228516], [-138.01388549804688, -29.047819137573242], [-110.8465576171875, -113.83000183105469], [-115.7375717163086, -97.28946685791016], [-45.761112213134766, -102.63668823242188], [-141.90994262695312, -40.268821716308594], [-74.95800018310547, -63.610538482666016], [-121.73503112792969, -156.1051483154297], [-142.1783447265625, -151.89381408691406], [-20.397340774536133, -66.56012725830078], [-82.11688232421875, -7.444457054138184], [-32.89787292480469, -139.77847290039062], [-181.79608154296875, -95.59368896484375], [-19.451974868774414, -49.94626235961914], [-251.50222778320312, -276.061767578125], [-119.0643539428711, -56.829139709472656], [-33.62610626220703, -97.95803833007812], [-151.4540252685547, -24.89698600769043], [-136.387939453125, -198.7889404296875], [-15.28537368774414, -45.12459182739258], [-43.732547760009766, -37.45032501220703], [-168.8350830078125, -99.04812622070312], [-24.772550582885742, -40.76056671142578], [-41.99571228027344, -81.01539611816406], [-12.623322486877441, -20.830841064453125], [-47.73331069946289, -194.31195068359375], [-48.581539154052734, -28.973758697509766], [-92.89317321777344, -138.97760009765625], [-17.279062271118164, -193.93643188476562], [-52.91667175292969, -130.8489227294922], [-142.18592834472656, -66.30469512939453], [-109.26741790771484, -143.80078125], [-78.69944763183594, -58.99421691894531], [-6.874223709106445, -62.964111328125], [-103.96497344970703, -181.09458923339844], [-37.052528381347656, -251.58901977539062], [-23.550743103027344, -43.433387756347656], [-57.05339050292969, -32.10374450683594], [-46.978416442871094, -45.969974517822266], [-185.19915771484375, -35.53550338745117], [-56.644588470458984, -37.398529052734375], [-64.80366516113281, -73.58417510986328], [-73.96632385253906, -27.275781631469727], [-106.40592956542969, -115.0537109375], [-68.25585174560547, -23.390045166015625], [-111.83860778808594, -30.4822998046875], [-96.13755798339844, -279.4407043457031], [-88.19080352783203, -30.31749725341797], [-132.28915405273438, -77.69673156738281], [-107.85037994384766, -41.994388580322266], [-26.17111587524414, -137.3057403564453], [-80.42304229736328, -16.063547134399414], [-78.30948638916016, -45.63789749145508], [-66.29821014404297, -355.1607971191406], [-218.1012725830078, -111.90711212158203], [-81.24440002441406, -54.60645294189453], [-85.90950012207031, -156.44326782226562], [-38.05821990966797, -75.02429962158203], [-46.18922805786133, -149.9200439453125], [-98.63772583007812, -213.3748321533203], [-60.06353759765625, -73.65216064453125], [-31.887372970581055, -65.31361389160156], [-38.89651870727539, -62.09364318847656], [-80.79588317871094, -94.88378143310547], [-20.99569320678711, -19.7515811920166], [-109.99166870117188, -332.300537109375], [-38.81589889526367, -123.83050537109375], [-102.44068908691406, -50.509830474853516], [-188.3729248046875, -150.84657287597656], [-45.975555419921875, -83.10231018066406], [-87.50200653076172, -33.850975036621094], [-94.90830993652344, -48.64802551269531], [-168.19497680664062, -293.4602355957031], [-51.48070526123047, -81.64488220214844], [-66.0714111328125, -22.43488121032715], [-55.331275939941406, -21.287721633911133], [-130.96627807617188, -80.48070526123047], [-63.084739685058594, -76.9999771118164], [-66.4970703125, -56.82335662841797], [-28.464529037475586, -237.4364776611328], [-127.13622283935547, -160.47674560546875], [-17.715328216552734, -87.65873718261719], [-55.41822814941406, -58.246192932128906], [-181.75872802734375, -136.2257843017578], [-46.570648193359375, -165.63809204101562], [-57.850093841552734, -96.00735473632812], [-305.8651428222656, -147.09674072265625], [-46.89280319213867, -99.31779479980469], [-177.91273498535156, -61.231544494628906], [-131.01014709472656, -75.96060180664062], [-19.945432662963867, -24.414993286132812], [-73.0574951171875, -142.3154754638672], [-19.2927188873291, -34.801856994628906], [-124.22589111328125, -126.18649291992188], [-45.0875244140625, -14.991661071777344], [-29.192298889160156, -315.49609375], [-62.39718246459961, -45.10765838623047], [-21.991880416870117, -73.73399353027344]], "train_probs": [1.0, 0.9999999999999999, 1.8927340109771068e-47, 4.7493990926841853e-48, 0.9518205626724231, 9.729485030226314e-09, 1.0, 7.208120762268574e-45, 1.1799262838331562e-05, 0.9999999999999988, 0.9999396608675063, 1.0, 3.716873279995008e-33, 1.0, 3.654067591195072e-38, 0.9999999999999429, 0.9999999999784261, 9.366770475791033e-28, 1.0, 1.088870427443824e-55, 1.0, 0.9999999999998901, 0.0018657535782984603, 4.919373060740764e-31, 0.9999998861081181, 1.0, 0.9997274779791692, 1.0, 3.0510487297952398e-09, 1.0, 1.0, 1.0, 1.1096835154702312e-33, 0.999999999999999, 2.7677511224075345e-09, 1.0, 1.0, 1.0, 0.9999999976821936, 1.460516334294845e-11, 0.26728487922046024, 1.0043863090356538e-65, 4.380690738643086e-09, 0.9998463239337124, 5.279042474815592e-21, 0.9998245149795899, 3.2736163140783e-20, 4.64947990235229e-36, 1.0, 7.344165169246733e-26, 1.9534943563320907e-24, 2.5067230272143976e-29, 1.0, 1.1195059152439893e-28, 6.470073685261949e-15, 1.0, 7.593851519650818e-47, 2.69952014571511e-12, 1.0, 1.0, 1.0, 1.0, 0.9999987453128528, 0.999999999999997, 0.9999999999157408, 0.9999992384416297, 0.2237210411703875, 1.0, 1.0, 2.7971429655473973e-23, 5.040950482940509e-17, 0.9999999999999999, 5.007870314103905e-24, 8.117340119716372e-21, 1.0, 0.9999999999999205, 1.1191694462933016e-19, 1.6408626159347997e-15, 1.186845836873113e-22, 0.999999094916228, 6.291181350174226e-05, 1.0, 0.9999999999999968, 1.0, 0.9441684137050868, 1.679940093746187e-20, 1.0, 1.0, 1.1162438202017144e-69, 1.0, 2.11837492933583e-51, 1.2367623337307947e-24, 0.9886773245630142, 1.0, 0.9999998161486509, 0.8765980669592481, 8.502225558457175e-14, 1.0, 3.0992391150028374e-08, 1.0], "test_labels": [], "test_logprobs": [], "test_probs": []}}