{"0": {"0": {"chosen": -18.944835662841797, "rejected": -5.164048194885254}, "1": {"chosen": -13.367228507995605, "rejected": -21.858335494995117}, "2": {"chosen": -37.60304260253906, "rejected": -257.20843505859375}, "3": {"chosen": -15.507152557373047, "rejected": -23.424610137939453}, "4": {"chosen": -35.442169189453125, "rejected": -177.77207946777344}, "5": {"chosen": -118.15567779541016, "rejected": -182.09738159179688}, "6": {"chosen": -104.08106231689453, "rejected": -25.94295310974121}, "7": {"chosen": -11.247763633728027, "rejected": -26.0013484954834}, "8": {"chosen": -16.344127655029297, "rejected": -57.438655853271484}, "9": {"chosen": -8.785409927368164, "rejected": -338.14007568359375}, "10": {"chosen": -19.479215621948242, "rejected": -23.815025329589844}, "11": {"chosen": -27.46314811706543, "rejected": -314.9495544433594}, "12": {"chosen": -30.234046936035156, "rejected": -9.736804008483887}, "13": {"chosen": -102.87493133544922, "rejected": -45.12964630126953}, "14": {"chosen": -42.339908599853516, "rejected": -27.634796142578125}, "15": {"chosen": -18.466184616088867, "rejected": -27.14283561706543}, "16": {"chosen": -69.57219696044922, "rejected": -281.28961181640625}, "17": {"chosen": -57.0830078125, "rejected": -33.319766998291016}, "18": {"chosen": -220.29249572753906, "rejected": -81.76783752441406}, "19": {"chosen": -79.84513092041016, "rejected": -40.32923889160156}, "20": {"chosen": -54.18383026123047, "rejected": -32.982086181640625}, "21": {"chosen": -24.123825073242188, "rejected": -12.226162910461426}, "22": {"chosen": -52.470863342285156, "rejected": -19.953731536865234}, "23": {"chosen": -13.796637535095215, "rejected": -58.7318229675293}, "24": {"chosen": -50.3741569519043, "rejected": -13.251962661743164}, "25": {"chosen": -110.85380554199219, "rejected": -11.305781364440918}, "26": {"chosen": -31.5821533203125, "rejected": -67.90477752685547}, "27": {"chosen": -195.35037231445312, "rejected": -145.774169921875}, "28": {"chosen": -81.47081756591797, "rejected": -30.21697425842285}, "29": {"chosen": -11.829122543334961, "rejected": -115.08723449707031}, "30": {"chosen": -45.674964904785156, "rejected": -18.57883071899414}, "31": {"chosen": -113.71244812011719, "rejected": -180.4925537109375}, "32": {"chosen": -46.234745025634766, "rejected": -42.25252151489258}, "33": {"chosen": -79.42391967773438, "rejected": -23.541770935058594}, "34": {"chosen": -202.669677734375, "rejected": -47.960121154785156}, "35": {"chosen": -63.827720642089844, "rejected": -89.31763458251953}, "36": {"chosen": -24.61617088317871, "rejected": -166.1849365234375}, "37": {"chosen": -29.169002532958984, "rejected": -100.40462493896484}, "38": {"chosen": -21.895654678344727, "rejected": -386.80377197265625}, "39": {"chosen": -15.764701843261719, "rejected": -131.5336151123047}, "40": {"chosen": -53.583335876464844, "rejected": -87.01346588134766}, "41": {"chosen": -135.1522216796875, "rejected": -62.22156524658203}, "42": {"chosen": -94.00949096679688, "rejected": -60.972816467285156}, "43": {"chosen": -105.80964660644531, "rejected": -47.3577880859375}, "44": {"chosen": -253.1924285888672, "rejected": -363.5448303222656}, "45": {"chosen": -124.17778778076172, "rejected": -352.2328796386719}, "46": {"chosen": -160.35482788085938, "rejected": -113.28662872314453}, "47": {"chosen": -77.4581069946289, "rejected": -135.31930541992188}, "48": {"chosen": -33.52715301513672, "rejected": -24.53373146057129}, "49": {"chosen": -130.15594482421875, "rejected": -30.17119026184082}, "50": {"chosen": -96.7699966430664, "rejected": -43.94803237915039}, "51": {"chosen": -20.811670303344727, "rejected": -25.106704711914062}, "52": {"chosen": -16.716678619384766, "rejected": -30.318641662597656}, "53": {"chosen": -357.4913330078125, "rejected": -107.60972595214844}, "54": {"chosen": -21.788814544677734, "rejected": -253.37042236328125}, "55": {"chosen": -29.72146987915039, "rejected": -141.84652709960938}, "56": {"chosen": -40.39734649658203, "rejected": -262.3273010253906}, "57": {"chosen": -17.356746673583984, "rejected": -12.785379409790039}, "58": {"chosen": -99.73995208740234, "rejected": -161.1768798828125}, "59": {"chosen": -66.11304473876953, "rejected": -26.972902297973633}, "60": {"chosen": -19.548999786376953, "rejected": -34.569339752197266}, "61": {"chosen": -87.3272705078125, "rejected": -54.30541229248047}, "62": {"chosen": -160.14874267578125, "rejected": -105.7131118774414}, "63": {"chosen": -66.79090118408203, "rejected": -23.30086326599121}, "64": {"chosen": -180.74732971191406, "rejected": -184.29454040527344}, "65": {"chosen": -48.77653121948242, "rejected": -141.0812225341797}, "66": {"chosen": -18.394895553588867, "rejected": -64.8598861694336}, "67": {"chosen": -15.385330200195312, "rejected": -79.71915435791016}, "68": {"chosen": -145.37135314941406, "rejected": -207.306884765625}, "69": {"chosen": -18.803030014038086, "rejected": -17.72599983215332}, "70": {"chosen": -22.622753143310547, "rejected": -26.91746711730957}, "71": {"chosen": -42.51953125, "rejected": -209.47055053710938}, "72": {"chosen": -21.309232711791992, "rejected": -188.7322998046875}, "73": {"chosen": -2.4487249851226807, "rejected": -6.906741142272949}, "74": {"chosen": -56.74246597290039, "rejected": -29.37769889831543}, "75": {"chosen": -36.47768020629883, "rejected": -469.4587707519531}, "76": {"chosen": -17.191699981689453, "rejected": -11.593545913696289}, "77": {"chosen": -105.76129913330078, "rejected": -100.35966491699219}, "78": {"chosen": -69.84974670410156, "rejected": -47.631134033203125}, "79": {"chosen": -130.94627380371094, "rejected": -18.113948822021484}, "80": {"chosen": -7.418025493621826, "rejected": -10.196718215942383}, "81": {"chosen": -41.237823486328125, "rejected": -24.481985092163086}, "82": {"chosen": -25.70561981201172, "rejected": -28.424448013305664}, "83": {"chosen": -90.31725311279297, "rejected": -175.13265991210938}, "84": {"chosen": -45.13816833496094, "rejected": -32.09086608886719}, "85": {"chosen": -47.77983474731445, "rejected": -269.9803771972656}, "86": {"chosen": -138.61099243164062, "rejected": -43.273738861083984}, "87": {"chosen": -3.6134204864501953, "rejected": -74.26170349121094}, "88": {"chosen": -42.6240234375, "rejected": -123.18525695800781}, "89": {"chosen": -52.39075469970703, "rejected": -72.40901184082031}, "90": {"chosen": -37.591583251953125, "rejected": -52.4620475769043}, "91": {"chosen": -63.10850524902344, "rejected": -47.183101654052734}, "92": {"chosen": -22.20197105407715, "rejected": -38.63902282714844}, "93": {"chosen": -102.64706420898438, "rejected": -106.44296264648438}, "94": {"chosen": -4.248966693878174, "rejected": -15.929752349853516}, "95": {"chosen": -10.440109252929688, "rejected": -93.90736389160156}, "96": {"chosen": -21.03313446044922, "rejected": -12.163668632507324}, "97": {"chosen": -98.72077941894531, "rejected": -82.65110778808594}, "98": {"chosen": -14.182014465332031, "rejected": -65.1034164428711}, "99": {"chosen": -77.0550765991211, "rejected": -42.30842590332031}}}