{"0": {"train_labels": [0, 0, 1, 1, 1, 1, 0, 1, 1, 0, 0, 0, 1, 0, 1, 0, 0, 1, 0, 1, 0, 0, 0, 1, 0, 0, 0, 0, 1, 0, 0, 0, 1, 0, 1, 0, 0, 0, 0, 1, 1, 1, 1, 0, 1, 0, 1, 1, 0, 1, 1, 1, 0, 1, 1, 0, 1, 1, 0, 0, 0, 0, 0, 0, 0, 1, 0, 0, 0, 1, 1, 0, 1, 1, 0, 0, 1, 1, 1, 1, 0, 0, 0, 0, 0, 1, 0, 0, 1, 0, 1, 1, 0, 0, 0, 1, 1, 0, 1, 0], "train_logprobs": [[-47.80048370361328, -89.07666015625], [-81.26932525634766, -111.41569519042969], [-162.77523803710938, -53.8526611328125], [-186.78192138671875, -75.43212890625], [-136.80836486816406, -130.51231384277344], [-127.88902282714844, -110.97563934326172], [-76.33183288574219, -113.22856903076172], [-149.57321166992188, -43.60693359375], [-117.38182830810547, -81.63055419921875], [-148.17022705078125, -204.69021606445312], [-143.6846160888672, -159.79864501953125], [-38.194908142089844, -97.59374237060547], [-136.3155059814453, -12.617863655090332], [-41.32023239135742, -168.83682250976562], [-196.98609924316406, -111.17729949951172], [-38.26243591308594, -58.79717254638672], [-273.9831237792969, -295.9043273925781], [-172.03268432617188, -73.68869018554688], [-34.5180549621582, -132.23153686523438], [-207.5121612548828, -40.05381393432617], [-181.93692016601562, -251.38174438476562], [-37.22825622558594, -84.71929931640625], [-53.59483337402344, -61.32044982910156], [-221.1439208984375, -141.7025909423828], [-38.96945571899414, -80.5264663696289], [-66.37646484375, -116.88078308105469], [-16.284420013427734, -48.05569839477539], [-55.46910095214844, -207.43255615234375], [-62.72612380981445, -40.20063781738281], [-100.31322479248047, -156.62835693359375], [-38.93229293823242, -252.70272827148438], [-64.18162536621094, -144.27560424804688], [-165.63160705566406, -95.23838806152344], [-128.27481079101562, -178.36802673339844], [-105.1810073852539, -91.27776336669922], [-9.311442375183105, -74.93479919433594], [-128.34368896484375, -209.08334350585938], [-42.271263122558594, -258.21112060546875], [-58.59419250488281, -92.65765380859375], [-76.62852478027344, -41.56541442871094], [-65.93537139892578, -55.695343017578125], [-218.42848205566406, -63.34454345703125], [-74.0465316772461, -48.921382904052734], [-68.19062805175781, -87.23212432861328], [-128.73426818847656, -58.35648727416992], [-130.751220703125, -137.28501892089844], [-93.43437957763672, -50.31593322753906], [-135.2886199951172, -52.4287223815918], [-102.36935424804688, -294.2225036621094], [-130.54660034179688, -56.2093505859375], [-161.10894775390625, -116.19461822509766], [-143.3800811767578, -73.54876708984375], [-43.38124465942383, -165.6919708251953], [-102.574462890625, -39.51308822631836], [-94.73027038574219, -56.195701599121094], [-80.74652862548828, -426.0240783691406], [-252.66001892089844, -156.91290283203125], [-112.59703826904297, -82.324462890625], [-100.13445281982422, -196.5884246826172], [-65.27659606933594, -95.82373046875], [-58.20376968383789, -174.63815307617188], [-132.41635131835938, -270.9818115234375], [-80.78828430175781, -110.54438018798828], [-47.70164108276367, -67.8773193359375], [-45.86624526977539, -78.7494125366211], [-118.08989715576172, -114.45051574707031], [-35.28163146972656, -36.66861343383789], [-140.26361083984375, -373.7723388671875], [-67.83357238769531, -184.72166442871094], [-136.65406799316406, -85.05117797851562], [-239.47161865234375, -185.47259521484375], [-78.77660369873047, -106.00403594970703], [-136.00869750976562, -43.95418167114258], [-139.6285858154297, -87.39104461669922], [-181.66429138183594, -320.9405517578125], [-78.76142120361328, -96.00651550292969], [-80.31147766113281, -31.24454116821289], [-81.83638763427734, -44.84247970581055], [-152.4442901611328, -114.56951904296875], [-85.30003356933594, -79.5211181640625], [-71.04104614257812, -85.84648132324219], [-35.261627197265625, -264.8659973144531], [-168.88661193847656, -207.8632354736328], [-36.014041900634766, -116.86016845703125], [-82.46731567382812, -101.95755004882812], [-204.94216918945312, -168.79896545410156], [-48.78919982910156, -178.88400268554688], [-82.86627197265625, -127.04768371582031], [-322.890625, -166.00875854492188], [-61.19057846069336, -118.35072326660156], [-223.83926391601562, -86.95060729980469], [-162.97743225097656, -106.45238494873047], [-41.38124084472656, -60.450809478759766], [-124.51583099365234, -202.28543090820312], [-26.29475975036621, -42.69407272338867], [-155.27407836914062, -141.82772827148438], [-100.01716613769531, -36.86494064331055], [-39.52259063720703, -358.10968017578125], [-95.04987335205078, -63.363006591796875], [-47.572845458984375, -112.1949234008789]], "train_probs": [1.0, 0.9999999999999191, 4.960505046366331e-48, 4.379248245628435e-49, 0.0018401781364949389, 4.5145125329697015e-08, 0.9999999999999999, 9.53740365206744e-47, 2.974533973065584e-16, 1.0, 0.9999998995925101, 1.0, 1.9001877466624657e-54, 1.0, 5.416413010180586e-38, 0.9999999987925277, 0.9999999996981841, 1.9487046272540783e-43, 1.0, 1.8782950329764348e-73, 1.0, 1.0, 0.9995588200572834, 3.155504217943116e-35, 1.0, 1.0, 0.999999999999984, 1.0, 1.6493230604625622e-10, 1.0, 1.0, 1.0, 2.682955240504946e-31, 1.0, 9.160041565545544e-07, 1.0, 1.0, 1.0, 0.9999999999999984, 5.919494971225144e-16, 3.57105607875239e-05, 4.445301630137705e-68, 1.225424420528551e-11, 0.999999994624941, 2.724696289498514e-31, 0.9985486347840096, 1.8788697829687726e-19, 1.033721848170849e-36, 1.0, 5.196879311043341e-33, 3.1185630382714285e-20, 4.7059317898299715e-31, 1.0, 4.100085960748258e-28, 1.8392866280121776e-17, 1.0, 2.6155066252116575e-42, 7.125044156212008e-14, 1.0, 0.9999999999999459, 1.0, 1.0, 0.9999999999998807, 0.9999999982709232, 0.9999999999999948, 0.02559621209951812, 0.8001099937846795, 1.0, 1.0, 3.882841085516849e-23, 3.536080089827886e-24, 0.9999999999985029, 1.0501026078309974e-40, 2.0583731548252203e-23, 1.0, 0.9999999675995762, 4.903432906353206e-22, 8.585190229246164e-17, 3.557917716832694e-17, 0.003082535822035217, 0.9999996283954375, 1.0, 1.0, 1.0, 0.9999999965683835, 2.0100462918022486e-16, 1.0, 1.0, 7.363276140683343e-69, 1.0, 3.5482302690689344e-60, 2.828029056635274e-25, 0.9999999947737332, 1.0, 0.9999999245135788, 1.4465176016330665e-06, 3.744009550331561e-28, 1.0, 1.7320826729699605e-14, 1.0], "test_labels": [], "test_logprobs": [], "test_probs": []}}