{"0": {"train_labels": [0, 0, 1, 1, 1, 1, 0, 1, 0, 0, 0, 0, 1, 0, 1, 0, 0, 1, 0, 1, 0, 0, 0, 1, 0, 1, 1, 0, 1, 0, 0, 0, 1, 0, 1, 0, 1, 0, 0, 0, 0, 1, 0, 1, 1, 0, 1, 1, 0, 1, 1, 1, 0, 1, 1, 0, 1, 1, 0, 0, 0, 0, 0, 1, 0, 0, 1, 0, 0, 1, 0, 0, 1, 1, 0, 0, 1, 1, 0, 0, 1, 0, 0, 0, 0, 1, 0, 0, 1, 0, 1, 1, 1, 0, 1, 0, 1, 0, 1, 0], "train_logprobs": [[-9.047866821289062, -62.52732467651367], [-52.286712646484375, -111.13628387451172], [-133.37673950195312, -1.3946895599365234], [-136.4408416748047, -22.756444931030273], [-139.3623046875, -43.13078689575195], [-108.3743896484375, -47.501129150390625], [-25.771942138671875, -58.96516799926758], [-130.8068389892578, -40.43653869628906], [-42.29974365234375, -58.3704948425293], [-138.90345764160156, -184.63198852539062], [-86.1626205444336, -152.72006225585938], [-6.963527202606201, -77.0458755493164], [-88.61700439453125, -12.022639274597168], [-39.290374755859375, -146.77186584472656], [-211.37884521484375, -92.44219207763672], [-16.673879623413086, -54.364837646484375], [-147.82925415039062, -294.6253967285156], [-99.6150894165039, -43.85317611694336], [-18.13051414489746, -112.43114471435547], [-133.14503479003906, -14.895645141601562], [-138.42611694335938, -156.56973266601562], [-5.206620693206787, -36.2138786315918], [-8.009897232055664, -40.15151596069336], [-155.791748046875, -53.557403564453125], [-10.451491355895996, -35.60508346557617], [-27.25789451599121, -17.633346557617188], [-10.677443504333496, -2.329526424407959], [-1.3132244348526, -239.02371215820312], [-49.92311096191406, -0.35680028796195984], [-105.10350036621094, -139.55923461914062], [-0.873816967010498, -236.2018585205078], [-19.8751163482666, -123.09803771972656], [-105.51087951660156, -67.88429260253906], [-34.35348129272461, -138.34654235839844], [-74.81099700927734, -47.438507080078125], [-7.193639755249023, -72.00865936279297], [-100.65909576416016, -92.386962890625], [-24.451251983642578, -271.9599609375], [-3.2485358715057373, -44.08396911621094], [-9.22159194946289, -32.496238708496094], [-13.215927124023438, -39.453304290771484], [-184.77206420898438, -7.601871013641357], [-4.250857353210449, -37.12168502807617], [-63.8608512878418, -28.728437423706055], [-40.37553787231445, -16.672758102416992], [-111.08769226074219, -132.6719970703125], [-61.06333541870117, -14.123933792114258], [-110.02385711669922, -21.144983291625977], [-113.97483825683594, -205.39874267578125], [-58.89799880981445, -35.376766204833984], [-123.40676879882812, -60.25844192504883], [-114.54402923583984, -33.69818878173828], [-19.891130447387695, -41.350215911865234], [-75.07118225097656, -10.082403182983398], [-83.8233642578125, -49.08618927001953], [-64.33361053466797, -374.1431884765625], [-237.34730529785156, -100.62530517578125], [-76.03987884521484, -4.2637786865234375], [-78.10602569580078, -140.24777221679688], [-37.24040603637695, -60.149139404296875], [-37.31322479248047, -38.44289779663086], [-96.68297576904297, -276.8778381347656], [-45.32855224609375, -64.77630615234375], [-19.076934814453125, -12.770166397094727], [-6.151900291442871, -60.904319763183594], [-81.12506103515625, -102.04570007324219], [-14.062215805053711, -11.472848892211914], [-113.3804931640625, -315.5505065917969], [-15.758447647094727, -139.03082275390625], [-80.36764526367188, -15.567983627319336], [-133.05889892578125, -152.03346252441406], [-39.57759475708008, -79.90676879882812], [-82.12776947021484, -33.32828140258789], [-85.877685546875, -44.943275451660156], [-110.63612365722656, -336.9795837402344], [-42.36884689331055, -82.01023864746094], [-73.00023651123047, -6.7906174659729], [-62.552146911621094, -0.11538946628570557], [-73.18441009521484, -84.65835571289062], [-23.00632095336914, -55.28150939941406], [-68.5810775756836, -27.616788864135742], [-6.024150848388672, -267.6137390136719], [-110.91366577148438, -178.18453979492188], [-10.281059265136719, -33.56724548339844], [-20.193944931030273, -48.46786117553711], [-207.66989135742188, -64.03897857666016], [-7.498907566070557, -165.388671875], [-44.40673828125, -44.865726470947266], [-342.0166015625, -150.30848693847656], [-42.854644775390625, -105.09830474853516], [-189.1233367919922, -16.026838302612305], [-120.66146087646484, -41.29187774658203], [-13.108036041259766, -1.1742932796478271], [-27.627456665039062, -142.87551879882812], [-10.572144508361816, -3.13669490814209], [-44.6938591003418, -149.33860778808594], [-30.13542938232422, -8.07710075378418], [-7.354930877685547, -340.231689453125], [-49.86200714111328, -43.885189056396484], [-15.6193265914917, -34.393348693847656]], "train_probs": [1.0, 1.0, 4.7964950421587725e-58, 4.241249443597096e-50, 1.6113238593474946e-42, 3.656611916440358e-27, 0.9999999999999961, 5.65818645631594e-40, 0.9999998951517002, 1.0, 1.0, 1.0, 5.438634627990503e-34, 1.0, 2.2205872734343778e-52, 1.0, 1.0, 6.066088661450771e-25, 1.0, 4.415120766016205e-52, 0.9999999868074787, 0.9999999999999658, 0.9999999999999891, 3.982798457774065e-45, 0.9999999999880894, 6.608200794968209e-05, 0.00023683332333823573, 1.0, 2.975944215242311e-22, 0.999999999999999, 1.0, 1.0, 4.560168920622188e-17, 1.0, 1.2950265368635009e-12, 1.0, 0.0002554743919446145, 1.0, 1.0, 0.999999999922026, 0.9999999999959706, 1.1375296815791618e-77, 0.9999999999999947, 5.523145990559671e-16, 5.0817528586340224e-11, 0.9999999995772773, 4.116014440254983e-21, 2.5141752106028564e-39, 1.0, 6.093382936529751e-11, 3.7586345131782848e-28, 7.746358745641083e-36, 0.9999999995208874, 5.966667887778307e-29, 8.200429247135296e-16, 1.0, 4.1916961352546845e-60, 6.730320850043306e-32, 1.0, 0.9999999998875749, 0.7557785481207462, 1.0, 0.999999996419466, 0.0018205972472294606, 1.0, 0.9999999991791159, 0.0698258908401713, 1.0, 1.0, 7.208825652820647e-29, 0.9999999942528607, 1.0, 6.406954097758599e-22, 1.668827991707386e-18, 1.0, 1.0, 1.7600613239029984e-29, 7.657037491573175e-28, 0.99998960261281, 0.9999999999999903, 1.6197032644029653e-18, 1.0, 1.0, 0.9999999999229208, 0.9999999999994742, 4.1868475575642717e-63, 1.0, 0.6127741191814854, 5.52361859162566e-84, 1.0, 6.68568436252515e-76, 3.390221047127136e-35, 6.56505727015043e-06, 1.0, 0.0005896158175057943, 1.0, 2.6314165178434913e-10, 1.0, 0.002530466115407724, 0.9999999929766259], "test_labels": [], "test_logprobs": [], "test_probs": []}}