{"0": {"0": {"chosen": -19.50450897216797, "rejected": -7.476405620574951}, "1": {"chosen": -13.326004028320312, "rejected": -22.390850067138672}, "2": {"chosen": -35.95547866821289, "rejected": -258.2794494628906}, "3": {"chosen": -17.643735885620117, "rejected": -23.12814712524414}, "4": {"chosen": -38.44239044189453, "rejected": -182.32554626464844}, "5": {"chosen": -126.89173889160156, "rejected": -181.7981414794922}, "6": {"chosen": -98.25079345703125, "rejected": -25.305116653442383}, "7": {"chosen": -12.575422286987305, "rejected": -28.807092666625977}, "8": {"chosen": -14.873869895935059, "rejected": -58.60508728027344}, "9": {"chosen": -8.58341121673584, "rejected": -340.16864013671875}, "10": {"chosen": -21.35967254638672, "rejected": -21.30837631225586}, "11": {"chosen": -28.605894088745117, "rejected": -304.61810302734375}, "12": {"chosen": -32.04569625854492, "rejected": -9.913029670715332}, "13": {"chosen": -99.74617004394531, "rejected": -42.500022888183594}, "14": {"chosen": -40.50771713256836, "rejected": -28.301006317138672}, "15": {"chosen": -17.657560348510742, "rejected": -28.087116241455078}, "16": {"chosen": -70.8627700805664, "rejected": -278.9515075683594}, "17": {"chosen": -54.68153762817383, "rejected": -34.80108642578125}, "18": {"chosen": -219.22422790527344, "rejected": -82.41592407226562}, "19": {"chosen": -78.87367248535156, "rejected": -36.25209045410156}, "20": {"chosen": -54.4141845703125, "rejected": -35.10951232910156}, "21": {"chosen": -23.980602264404297, "rejected": -11.880620956420898}, "22": {"chosen": -50.933509826660156, "rejected": -22.1007022857666}, "23": {"chosen": -12.468378067016602, "rejected": -56.795326232910156}, "24": {"chosen": -45.564735412597656, "rejected": -15.682271003723145}, "25": {"chosen": -108.75979614257812, "rejected": -10.191900253295898}, "26": {"chosen": -29.78778076171875, "rejected": -68.95191192626953}, "27": {"chosen": -203.33621215820312, "rejected": -142.63992309570312}, "28": {"chosen": -75.41918182373047, "rejected": -26.681596755981445}, "29": {"chosen": -9.892253875732422, "rejected": -115.6976547241211}, "30": {"chosen": -44.10426330566406, "rejected": -19.816959381103516}, "31": {"chosen": -107.0556640625, "rejected": -178.94874572753906}, "32": {"chosen": -49.32864761352539, "rejected": -38.992454528808594}, "33": {"chosen": -75.79106140136719, "rejected": -23.528074264526367}, "34": {"chosen": -202.0532684326172, "rejected": -48.31966781616211}, "35": {"chosen": -62.37071990966797, "rejected": -88.12964630126953}, "36": {"chosen": -25.39672088623047, "rejected": -170.588623046875}, "37": {"chosen": -28.771364212036133, "rejected": -97.26545715332031}, "38": {"chosen": -22.109506607055664, "rejected": -383.8995361328125}, "39": {"chosen": -15.697227478027344, "rejected": -133.54306030273438}, "40": {"chosen": -58.92237091064453, "rejected": -85.51054382324219}, "41": {"chosen": -130.15650939941406, "rejected": -62.907379150390625}, "42": {"chosen": -97.49900817871094, "rejected": -62.10462951660156}, "43": {"chosen": -103.73075103759766, "rejected": -48.30332565307617}, "44": {"chosen": -256.0372314453125, "rejected": -350.36309814453125}, "45": {"chosen": -123.36669158935547, "rejected": -351.79937744140625}, "46": {"chosen": -165.3186492919922, "rejected": -110.66617584228516}, "47": {"chosen": -73.99032592773438, "rejected": -132.76724243164062}, "48": {"chosen": -31.808149337768555, "rejected": -24.526235580444336}, "49": {"chosen": -120.31478118896484, "rejected": -30.571205139160156}, "50": {"chosen": -95.99948120117188, "rejected": -45.862144470214844}, "51": {"chosen": -22.91364860534668, "rejected": -27.169235229492188}, "52": {"chosen": -17.773906707763672, "rejected": -30.973222732543945}, "53": {"chosen": -363.3905944824219, "rejected": -106.71549987792969}, "54": {"chosen": -22.19434356689453, "rejected": -261.19744873046875}, "55": {"chosen": -33.526039123535156, "rejected": -139.75982666015625}, "56": {"chosen": -42.85462951660156, "rejected": -272.18524169921875}, "57": {"chosen": -15.945241928100586, "rejected": -13.712345123291016}, "58": {"chosen": -100.72689819335938, "rejected": -166.6029052734375}, "59": {"chosen": -64.61767578125, "rejected": -28.186433792114258}, "60": {"chosen": -19.449085235595703, "rejected": -34.554996490478516}, "61": {"chosen": -84.01539611816406, "rejected": -51.32656478881836}, "62": {"chosen": -155.40899658203125, "rejected": -104.71417999267578}, "63": {"chosen": -64.19462585449219, "rejected": -23.74010467529297}, "64": {"chosen": -175.00563049316406, "rejected": -176.7754364013672}, "65": {"chosen": -51.17709732055664, "rejected": -136.18255615234375}, "66": {"chosen": -18.377704620361328, "rejected": -67.79296112060547}, "67": {"chosen": -17.827064514160156, "rejected": -78.62287139892578}, "68": {"chosen": -142.79710388183594, "rejected": -206.17823791503906}, "69": {"chosen": -22.80082893371582, "rejected": -17.507400512695312}, "70": {"chosen": -24.387577056884766, "rejected": -29.15433120727539}, "71": {"chosen": -42.90500259399414, "rejected": -207.829345703125}, "72": {"chosen": -23.45127296447754, "rejected": -186.547119140625}, "73": {"chosen": -3.996628999710083, "rejected": -9.352330207824707}, "74": {"chosen": -56.9353141784668, "rejected": -31.78640365600586}, "75": {"chosen": -36.50278091430664, "rejected": -466.58306884765625}, "76": {"chosen": -15.85291862487793, "rejected": -10.967463493347168}, "77": {"chosen": -105.60115051269531, "rejected": -103.83642578125}, "78": {"chosen": -69.5260238647461, "rejected": -43.566551208496094}, "79": {"chosen": -122.04306030273438, "rejected": -17.893449783325195}, "80": {"chosen": -9.230356216430664, "rejected": -9.578851699829102}, "81": {"chosen": -38.78053283691406, "rejected": -23.44424057006836}, "82": {"chosen": -24.996477127075195, "rejected": -27.450016021728516}, "83": {"chosen": -88.2212142944336, "rejected": -179.85902404785156}, "84": {"chosen": -43.40412139892578, "rejected": -35.31158447265625}, "85": {"chosen": -43.348777770996094, "rejected": -259.44378662109375}, "86": {"chosen": -138.86434936523438, "rejected": -40.09416198730469}, "87": {"chosen": -4.676853656768799, "rejected": -72.6156997680664}, "88": {"chosen": -41.51972961425781, "rejected": -125.23716735839844}, "89": {"chosen": -54.672393798828125, "rejected": -70.66358184814453}, "90": {"chosen": -37.44710922241211, "rejected": -52.707401275634766}, "91": {"chosen": -53.01310729980469, "rejected": -48.013328552246094}, "92": {"chosen": -21.476051330566406, "rejected": -40.201175689697266}, "93": {"chosen": -105.19796752929688, "rejected": -104.82562255859375}, "94": {"chosen": -5.363626956939697, "rejected": -18.374847412109375}, "95": {"chosen": -8.836243629455566, "rejected": -91.20448303222656}, "96": {"chosen": -17.15439224243164, "rejected": -11.682878494262695}, "97": {"chosen": -103.83497619628906, "rejected": -86.24471282958984}, "98": {"chosen": -14.251620292663574, "rejected": -65.81404113769531}, "99": {"chosen": -77.78751373291016, "rejected": -44.05657196044922}}}