{"0": {"0": {"chosen": -20.695566177368164, "rejected": -6.084428787231445}, "1": {"chosen": -15.29656982421875, "rejected": -23.832077026367188}, "2": {"chosen": -37.6563720703125, "rejected": -254.43614196777344}, "3": {"chosen": -18.938440322875977, "rejected": -25.56121253967285}, "4": {"chosen": -38.6033821105957, "rejected": -182.60044860839844}, "5": {"chosen": -123.47073364257812, "rejected": -183.1382598876953}, "6": {"chosen": -108.66339874267578, "rejected": -29.70208740234375}, "7": {"chosen": -10.63808822631836, "rejected": -24.6843204498291}, "8": {"chosen": -15.762739181518555, "rejected": -57.31768035888672}, "9": {"chosen": -9.345874786376953, "rejected": -338.6138610839844}, "10": {"chosen": -21.582046508789062, "rejected": -23.856464385986328}, "11": {"chosen": -29.650836944580078, "rejected": -315.334716796875}, "12": {"chosen": -30.37006187438965, "rejected": -10.450422286987305}, "13": {"chosen": -104.43238830566406, "rejected": -48.00943374633789}, "14": {"chosen": -43.54224395751953, "rejected": -27.83112144470215}, "15": {"chosen": -20.272464752197266, "rejected": -32.89746856689453}, "16": {"chosen": -70.39752197265625, "rejected": -281.03125}, "17": {"chosen": -56.805152893066406, "rejected": -36.48529052734375}, "18": {"chosen": -222.49774169921875, "rejected": -88.44354248046875}, "19": {"chosen": -80.90681457519531, "rejected": -42.36479568481445}, "20": {"chosen": -56.39011764526367, "rejected": -32.2781982421875}, "21": {"chosen": -26.180021286010742, "rejected": -15.250981330871582}, "22": {"chosen": -51.03792190551758, "rejected": -19.60325050354004}, "23": {"chosen": -14.714277267456055, "rejected": -62.33689498901367}, "24": {"chosen": -50.27399826049805, "rejected": -16.399045944213867}, "25": {"chosen": -115.18582153320312, "rejected": -16.001657485961914}, "26": {"chosen": -30.414268493652344, "rejected": -67.64361572265625}, "27": {"chosen": -199.24417114257812, "rejected": -149.14303588867188}, "28": {"chosen": -82.10385131835938, "rejected": -32.65803527832031}, "29": {"chosen": -11.91651439666748, "rejected": -117.94595336914062}, "30": {"chosen": -45.073734283447266, "rejected": -18.0582275390625}, "31": {"chosen": -112.60840606689453, "rejected": -181.19683837890625}, "32": {"chosen": -50.282588958740234, "rejected": -46.84579086303711}, "33": {"chosen": -79.52910614013672, "rejected": -27.46750259399414}, "34": {"chosen": -204.0808868408203, "rejected": -48.874298095703125}, "35": {"chosen": -65.20002746582031, "rejected": -89.18073272705078}, "36": {"chosen": -25.128915786743164, "rejected": -166.43345642089844}, "37": {"chosen": -30.44198226928711, "rejected": -101.26457214355469}, "38": {"chosen": -21.138256072998047, "rejected": -384.0985107421875}, "39": {"chosen": -15.981775283813477, "rejected": -133.95494079589844}, "40": {"chosen": -54.04036331176758, "rejected": -88.24778747558594}, "41": {"chosen": -132.23623657226562, "rejected": -63.275238037109375}, "42": {"chosen": -99.63081359863281, "rejected": -64.23079681396484}, "43": {"chosen": -108.16107177734375, "rejected": -48.38370895385742}, "44": {"chosen": -252.5159912109375, "rejected": -361.77703857421875}, "45": {"chosen": -124.0404281616211, "rejected": -352.12890625}, "46": {"chosen": -158.38223266601562, "rejected": -112.27401733398438}, "47": {"chosen": -76.92143249511719, "rejected": -134.60528564453125}, "48": {"chosen": -36.423500061035156, "rejected": -26.471277236938477}, "49": {"chosen": -128.54666137695312, "rejected": -31.896554946899414}, "50": {"chosen": -98.09201049804688, "rejected": -45.44385528564453}, "51": {"chosen": -23.876840591430664, "rejected": -28.18829917907715}, "52": {"chosen": -15.07174015045166, "rejected": -32.52568054199219}, "53": {"chosen": -356.29949951171875, "rejected": -107.72032928466797}, "54": {"chosen": -25.737934112548828, "rejected": -260.67291259765625}, "55": {"chosen": -30.596019744873047, "rejected": -142.08230590820312}, "56": {"chosen": -41.45858383178711, "rejected": -262.4993896484375}, "57": {"chosen": -16.698352813720703, "rejected": -16.222434997558594}, "58": {"chosen": -99.03559875488281, "rejected": -163.80166625976562}, "59": {"chosen": -63.53386306762695, "rejected": -27.047468185424805}, "60": {"chosen": -21.001222610473633, "rejected": -36.342735290527344}, "61": {"chosen": -89.77256774902344, "rejected": -53.069122314453125}, "62": {"chosen": -161.50775146484375, "rejected": -109.927978515625}, "63": {"chosen": -73.24068450927734, "rejected": -27.630386352539062}, "64": {"chosen": -183.80166625976562, "rejected": -183.8118438720703}, "65": {"chosen": -54.52705764770508, "rejected": -140.97190856933594}, "66": {"chosen": -19.773090362548828, "rejected": -68.8375473022461}, "67": {"chosen": -17.880664825439453, "rejected": -83.87109375}, "68": {"chosen": -146.07313537597656, "rejected": -205.8316192626953}, "69": {"chosen": -20.122642517089844, "rejected": -16.271591186523438}, "70": {"chosen": -23.423751831054688, "rejected": -28.390180587768555}, "71": {"chosen": -44.131797790527344, "rejected": -212.00535583496094}, "72": {"chosen": -22.06319236755371, "rejected": -193.96849060058594}, "73": {"chosen": -2.6266026496887207, "rejected": -6.806697845458984}, "74": {"chosen": -53.57816696166992, "rejected": -30.00186538696289}, "75": {"chosen": -38.10848617553711, "rejected": -473.19354248046875}, "76": {"chosen": -15.878507614135742, "rejected": -11.42077922821045}, "77": {"chosen": -105.63701629638672, "rejected": -103.23129272460938}, "78": {"chosen": -69.45092010498047, "rejected": -45.272098541259766}, "79": {"chosen": -131.51754760742188, "rejected": -19.798437118530273}, "80": {"chosen": -6.98046875, "rejected": -12.469734191894531}, "81": {"chosen": -42.2989501953125, "rejected": -24.473188400268555}, "82": {"chosen": -26.649404525756836, "rejected": -29.751155853271484}, "83": {"chosen": -92.10430145263672, "rejected": -174.43406677246094}, "84": {"chosen": -45.46413040161133, "rejected": -33.526676177978516}, "85": {"chosen": -46.58465576171875, "rejected": -272.62890625}, "86": {"chosen": -137.45091247558594, "rejected": -42.48197937011719}, "87": {"chosen": -3.8809454441070557, "rejected": -73.6197280883789}, "88": {"chosen": -43.114986419677734, "rejected": -127.78555297851562}, "89": {"chosen": -53.10202407836914, "rejected": -74.04981994628906}, "90": {"chosen": -38.52918243408203, "rejected": -55.220977783203125}, "91": {"chosen": -62.66356658935547, "rejected": -45.22128677368164}, "92": {"chosen": -23.086692810058594, "rejected": -39.67097854614258}, "93": {"chosen": -105.08821868896484, "rejected": -106.37323760986328}, "94": {"chosen": -3.834759473800659, "rejected": -14.687235832214355}, "95": {"chosen": -10.632966995239258, "rejected": -93.88587188720703}, "96": {"chosen": -20.604875564575195, "rejected": -13.788022994995117}, "97": {"chosen": -99.99715423583984, "rejected": -84.50048065185547}, "98": {"chosen": -16.039749145507812, "rejected": -63.12872314453125}, "99": {"chosen": -74.44566345214844, "rejected": -44.225399017333984}}}