{"0": {"train_labels": [0, 0, 1, 1, 0, 0, 0, 1, 1, 0, 0, 0, 1, 0, 1, 0, 0, 1, 0, 1, 0, 0, 1, 1, 0, 0, 0, 0, 1, 0, 0, 0, 1, 0, 1, 0, 0, 0, 0, 1, 1, 1, 1, 0, 1, 0, 1, 1, 0, 1, 1, 1, 0, 1, 1, 0, 1, 1, 0, 0, 0, 0, 0, 0, 0, 0, 1, 0, 0, 1, 1, 0, 1, 1, 0, 0, 1, 1, 1, 0, 1, 0, 0, 0, 0, 1, 0, 0, 1, 0, 1, 1, 0, 0, 0, 0, 1, 0, 1, 0], "train_logprobs": [[-9.628098487854004, -49.4637336730957], [-56.55509948730469, -98.30317687988281], [-111.41753387451172, -20.97964096069336], [-121.74120330810547, -21.072895050048828], [-95.43297576904297, -99.20718383789062], [-91.72709655761719, -92.3412094116211], [-28.925643920898438, -82.36546325683594], [-127.15971374511719, -37.22550582885742], [-67.40351867675781, -51.95268630981445], [-112.14888763427734, -152.82199096679688], [-136.61322021484375, -144.09185791015625], [-12.193309783935547, -63.47725296020508], [-72.24861907958984, -6.665496826171875], [-36.036895751953125, -120.95230865478516], [-177.41510009765625, -83.29277801513672], [-13.163917541503906, -45.143070220947266], [-217.60328674316406, -257.1502685546875], [-102.5361099243164, -43.06671142578125], [-16.313615798950195, -98.65005493164062], [-137.7652130126953, -18.782901763916016], [-141.1501922607422, -190.49855041503906], [-9.206474304199219, -37.50279998779297], [-35.195159912109375, -25.10302734375], [-137.0994873046875, -88.08978271484375], [-21.82184410095215, -29.128154754638672], [-37.3273811340332, -78.4087142944336], [-11.210531234741211, -26.494457244873047], [-47.77371597290039, -183.9690704345703], [-41.745933532714844, -7.759267330169678], [-82.46198272705078, -124.62177276611328], [-8.57872486114502, -180.60848999023438], [-32.741939544677734, -121.48604583740234], [-137.0404815673828, -53.01506042480469], [-83.76367950439453, -121.1203384399414], [-74.89978790283203, -48.25762176513672], [-8.600964546203613, -50.9990348815918], [-92.84049987792969, -161.3607635498047], [-22.101757049560547, -238.6684112548828], [-12.079191207885742, -28.415786743164062], [-37.980289459228516, -28.448280334472656], [-51.40755081176758, -32.84272384643555], [-189.47450256347656, -34.659297943115234], [-58.070152282714844, -34.43793487548828], [-54.153648376464844, -60.32219696044922], [-64.72270202636719, -19.860984802246094], [-95.0832290649414, -102.48888397216797], [-64.82662963867188, -13.577248573303223], [-106.2410888671875, -21.471593856811523], [-92.96463775634766, -276.40985107421875], [-79.648681640625, -27.940046310424805], [-124.1446762084961, -60.20094299316406], [-101.6792984008789, -30.43790626525879], [-15.906488418579102, -129.14401245117188], [-69.1985855102539, -15.493265151977539], [-79.57666778564453, -40.4397087097168], [-53.28520965576172, -342.70428466796875], [-201.0855712890625, -92.20452117919922], [-69.44772338867188, -47.3526611328125], [-72.3812255859375, -131.8465576171875], [-34.51032257080078, -59.566402435302734], [-35.063114166259766, -140.87889099121094], [-86.1025161743164, -213.92697143554688], [-43.03974533081055, -62.365013122558594], [-21.829957962036133, -36.700767517089844], [-28.06812286376953, -60.278076171875], [-72.46048736572266, -86.84993743896484], [-15.390961647033691, -10.274645805358887], [-98.66093444824219, -327.3144226074219], [-34.826297760009766, -124.50230407714844], [-85.35284423828125, -43.54396438598633], [-153.167236328125, -143.90499877929688], [-34.23674392700195, -66.40726470947266], [-71.65269470214844, -25.30235481262207], [-96.86441040039062, -35.9457893371582], [-159.9329833984375, -295.40478515625], [-36.745574951171875, -62.80181121826172], [-57.567447662353516, -28.21194076538086], [-51.810943603515625, -6.799392223358154], [-127.19454193115234, -77.79231262207031], [-50.056705474853516, -59.979854583740234], [-67.22964477539062, -41.8309211730957], [-26.44127655029297, -234.17169189453125], [-125.66097259521484, -160.45474243164062], [-7.18537712097168, -77.57743835449219], [-34.76258850097656, -47.56630325317383], [-170.37278747558594, -120.42768859863281], [-20.554800033569336, -156.84033203125], [-45.25596618652344, -71.55722045898438], [-295.1160583496094, -126.70381927490234], [-31.186960220336914, -89.10395812988281], [-169.53863525390625, -55.095523834228516], [-124.50431823730469, -69.76094055175781], [-6.85441780090332, -11.540214538574219], [-73.34603881835938, -128.10328674316406], [-7.0936598777771, -31.915019989013672], [-109.35580444335938, -126.0255126953125], [-42.8138313293457, -12.20588207244873], [-9.256006240844727, -309.1184997558594], [-48.77525329589844, -35.15718460083008], [-10.870471954345703, -71.63168334960938]], "train_probs": [1.0, 1.0, 5.288373892765498e-40, 1.906817903663903e-44, 0.9775598569399707, 0.6488784278524721, 1.0, 8.751243490759585e-40, 1.9488960598728886e-07, 1.0, 0.9994352924448787, 1.0, 3.2931529305208395e-29, 1.0, 1.327990277989415e-41, 0.999999999999987, 1.0, 1.4885670105577122e-26, 1.0, 2.121479212055497e-52, 1.0, 0.9999999999994859, 4.1402306276500216e-05, 5.19225169672969e-22, 0.9993291612196391, 1.0, 0.9999997697099511, 1.0, 1.7369143768804853e-15, 1.0, 1.0, 1.0, 3.222725074898275e-37, 1.0, 2.6881547138234824e-12, 1.0, 1.0, 1.0, 0.9999999196276492, 7.248857346119865e-05, 8.657611385188129e-09, 5.815819491624123e-68, 5.4532873790881396e-11, 0.9979101033573555, 3.2870307042659286e-20, 0.9993925632652645, 5.529382101042944e-23, 1.5313557136348046e-37, 1.0, 3.4932125304991086e-23, 1.6966392599644411e-28, 1.1488319691173519e-31, 1.0, 4.743246768987535e-24, 1.0070119745444552e-17, 1.0, 5.1708358773234374e-48, 2.53650886711936e-10, 1.0, 0.9999999999868695, 1.0, 1.0, 0.9999999959529102, 0.9999996519117867, 0.9999999999999897, 0.999999436698392, 0.005962317656723873, 1.0, 1.0, 6.960399795591569e-19, 9.493363523365361e-05, 0.9999999999999893, 7.41827880543721e-21, 3.494451579396449e-27, 1.0, 0.9999999999951703, 1.7826469529391585e-13, 2.8296427861796495e-20, 3.5065853765725203e-22, 0.9999509758799089, 9.321257212305412e-12, 1.0, 0.9999999999999992, 1.0, 0.9999972494715544, 2.0376010681769718e-22, 1.0, 0.9999999999962198, 7.235922136133395e-74, 1.0, 1.9860410399255476e-50, 1.6797828788951297e-24, 0.9908589482153799, 1.0, 0.9999999999833957, 0.9999999423979862, 5.094910218458458e-14, 1.0, 1.218280751299821e-06, 1.0], "test_labels": [], "test_logprobs": [], "test_probs": []}}