{"0": {"train_labels": [0, 0, 1, 1, 0, 0, 0, 1, 1, 0, 0, 0, 1, 0, 1, 0, 0, 1, 0, 1, 0, 0, 1, 1, 0, 0, 0, 0, 1, 0, 0, 0, 1, 0, 1, 0, 0, 0, 0, 1, 1, 1, 1, 0, 1, 0, 1, 1, 0, 1, 1, 1, 0, 1, 1, 0, 1, 1, 0, 0, 0, 0, 0, 0, 0, 0, 1, 0, 0, 1, 1, 0, 1, 1, 0, 0, 1, 1, 1, 0, 1, 0, 0, 0, 0, 1, 0, 0, 1, 0, 1, 1, 0, 0, 0, 0, 1, 0, 1, 0], "train_logprobs": [[-9.381559371948242, -49.1121711730957], [-56.93928527832031, -98.81916809082031], [-114.04515838623047, -22.46934700012207], [-121.77281188964844, -22.110822677612305], [-96.95050048828125, -99.76895141601562], [-91.36103820800781, -93.9148178100586], [-28.543624877929688, -84.14067077636719], [-126.47174072265625, -36.79072570800781], [-66.27926635742188, -53.357513427734375], [-115.54890441894531, -154.59425354003906], [-137.77780151367188, -144.4163360595703], [-11.335844993591309, -61.80214309692383], [-72.10303497314453, -7.507150650024414], [-36.235382080078125, -121.61902618408203], [-177.86929321289062, -83.16976165771484], [-13.623747825622559, -46.2845458984375], [-216.8555145263672, -256.4238586425781], [-103.50396728515625, -44.96315383911133], [-14.931092262268066, -96.34117126464844], [-131.37794494628906, -17.403453826904297], [-142.05191040039062, -189.42544555664062], [-8.785955429077148, -39.310279846191406], [-34.94403839111328, -24.516450881958008], [-136.79977416992188, -89.08039855957031], [-21.204524993896484, -30.543779373168945], [-37.254539489746094, -82.18142700195312], [-11.751997947692871, -27.117765426635742], [-48.689796447753906, -182.631103515625], [-41.29132080078125, -7.969815254211426], [-81.93639373779297, -124.15975189208984], [-7.752429962158203, -179.23638916015625], [-33.12639617919922, -120.76603698730469], [-136.849609375, -53.39451599121094], [-83.21830749511719, -117.51561737060547], [-76.52619171142578, -48.32381820678711], [-8.832530975341797, -51.48805236816406], [-91.73714447021484, -161.67869567871094], [-22.553150177001953, -239.08599853515625], [-11.57198429107666, -29.581499099731445], [-35.78947448730469, -29.114673614501953], [-51.0997428894043, -33.89079284667969], [-186.30197143554688, -33.50889587402344], [-58.60966110229492, -34.993839263916016], [-58.182151794433594, -61.46331024169922], [-63.04071044921875, -20.212684631347656], [-94.43335723876953, -102.89227294921875], [-65.04601287841797, -15.04474925994873], [-105.8002700805664, -22.123647689819336], [-92.70709991455078, -274.37945556640625], [-77.60458374023438, -28.762550354003906], [-122.65208435058594, -61.614479064941406], [-105.03878021240234, -31.260562896728516], [-17.31936264038086, -127.60231018066406], [-70.12931823730469, -14.066650390625], [-78.74886322021484, -40.72997283935547], [-56.241703033447266, -345.24530029296875], [-199.56582641601562, -90.94649505615234], [-68.81344604492188, -47.28315734863281], [-75.27104187011719, -133.25196838378906], [-34.289833068847656, -57.258243560791016], [-34.571136474609375, -141.69723510742188], [-86.5588607788086, -215.78338623046875], [-43.949928283691406, -63.56059646606445], [-22.056432723999023, -36.63994598388672], [-28.59688949584961, -61.857505798339844], [-73.3258285522461, -87.6947021484375], [-15.333954811096191, -10.646604537963867], [-99.30781555175781, -324.521484375], [-35.77985382080078, -126.65789031982422], [-88.73783874511719, -40.66464614868164], [-151.88836669921875, -144.803466796875], [-34.56026840209961, -67.5052490234375], [-71.43968963623047, -26.32546615600586], [-97.09394836425781, -37.289520263671875], [-159.3314666748047, -293.9276123046875], [-37.27529525756836, -64.61263275146484], [-56.84259796142578, -26.923519134521484], [-50.05685806274414, -6.279207706451416], [-129.19491577148438, -75.69011688232422], [-50.08176040649414, -59.47974395751953], [-68.50456237792969, -41.80126190185547], [-25.599191665649414, -235.54092407226562], [-125.14460754394531, -163.63726806640625], [-6.7563796043396, -79.70852661132812], [-34.440895080566406, -47.783935546875], [-170.9459686279297, -119.68787384033203], [-18.781522750854492, -158.16537475585938], [-45.214107513427734, -72.88539123535156], [-294.3755798339844, -127.22042846679688], [-32.02800369262695, -89.23542022705078], [-167.57421875, -53.104270935058594], [-124.62821960449219, -69.1474609375], [-7.014738082885742, -11.745806694030762], [-76.34929656982422, -131.92520141601562], [-7.513415813446045, -32.50841522216797], [-109.25180053710938, -127.5537338256836], [-41.05274200439453, -11.06779956817627], [-9.695657730102539, -309.772705078125], [-47.63563919067383, -36.64711380004883], [-13.124570846557617, -72.95668029785156]], "train_probs": [1.0, 1.0, 1.694846766758418e-40, 5.216125472793495e-44, 0.9436647718877856, 0.9278270216827047, 1.0, 1.1272754466035865e-39, 2.4442912020403388e-06, 1.0, 0.9986927670583488, 1.0, 8.838201217024698e-29, 1.0, 7.456173526930214e-42, 0.9999999999999936, 1.0, 3.767452229464362e-26, 1.0, 3.1732729459532536e-50, 1.0, 0.9999999999999447, 2.960352508195046e-05, 1.8868548502532996e-21, 0.9999121027711876, 1.0, 0.9999997878065953, 1.0, 3.3779561874729575e-15, 1.0, 1.0, 1.0, 5.7005066507714746e-37, 0.9999999999999988, 5.647611454079305e-13, 1.0, 1.0, 1.0, 0.9999999849142436, 0.0012607324710848463, 3.359293444995723e-08, 4.393497773040255e-67, 5.5434341118467154e-11, 0.9637767480615081, 2.5120293916014195e-19, 0.9997880431177937, 1.9263141832330513e-22, 4.567774244415993e-37, 1.0, 6.140085453918689e-22, 3.1024503203695423e-27, 9.089235062694378e-33, 1.0, 4.490479451710253e-25, 3.080389962090744e-17, 1.0, 6.717748836550521e-48, 4.4618444448750656e-10, 1.0, 0.9999999998940878, 1.0, 1.0, 0.9999999969577492, 0.9999995360614476, 0.9999999999999964, 0.9999994249875656, 0.00912699137295072, 1.0, 1.0, 1.3245785805575736e-21, 0.0008369575460432895, 0.9999999999999951, 2.5535342491780056e-20, 1.0647971560938826e-26, 1.0, 0.9999999999986587, 1.0146334172817225e-13, 9.718696490737927e-20, 5.7964365609506646e-24, 0.9999171158276478, 2.5287386974028355e-12, 1.0, 1.0, 1.0, 0.9999983960513621, 5.481409913016479e-23, 1.0, 0.9999999999990394, 2.5435491818385976e-73, 1.0, 1.9334516683161483e-50, 8.035495442683273e-25, 0.9912600168042898, 1.0, 0.9999999999860424, 0.9999999887391451, 9.499592146127222e-14, 1.0, 1.6894164611319985e-05, 1.0], "test_labels": [], "test_logprobs": [], "test_probs": []}}