{"0": {"train_labels": [0, 0, 1, 1, 1, 1, 0, 1, 0, 0, 0, 0, 1, 0, 1, 0, 0, 1, 0, 1, 0, 0, 1, 1, 0, 0, 0, 0, 1, 0, 0, 0, 1, 0, 1, 0, 0, 0, 0, 1, 1, 1, 1, 0, 1, 0, 1, 1, 0, 1, 1, 1, 0, 1, 1, 0, 1, 1, 0, 0, 0, 0, 0, 0, 0, 0, 1, 0, 0, 1, 1, 0, 1, 1, 0, 0, 1, 1, 1, 0, 1, 0, 0, 0, 0, 1, 0, 0, 1, 0, 1, 1, 0, 0, 0, 0, 1, 0, 1, 0], "train_logprobs": [[-28.174928665161133, -77.01402282714844], [-66.56731414794922, -104.97105407714844], [-143.53468322753906, -45.921417236328125], [-132.6129150390625, -30.01499366760254], [-120.65998077392578, -118.907470703125], [-127.73603057861328, -106.30400848388672], [-55.66330337524414, -121.93228149414062], [-175.83383178710938, -53.44020080566406], [-77.50602722167969, -87.62328338623047], [-136.12734985351562, -195.5572052001953], [-158.92100524902344, -163.08506774902344], [-36.892330169677734, -83.05565643310547], [-82.73160552978516, -11.494011878967285], [-30.940500259399414, -177.53579711914062], [-210.03627014160156, -104.85899353027344], [-21.904094696044922, -70.06468963623047], [-260.8385009765625, -297.24554443359375], [-129.60655212402344, -64.29434967041016], [-42.4062614440918, -110.20012664794922], [-194.83111572265625, -31.44083595275879], [-158.49014282226562, -236.9476318359375], [-28.46073341369629, -52.67333221435547], [-42.41194152832031, -30.851299285888672], [-195.714599609375, -114.855224609375], [-50.44373321533203, -84.40756225585938], [-63.426536560058594, -95.46441650390625], [-26.1322078704834, -34.19662094116211], [-59.377925872802734, -218.6508331298828], [-49.81952667236328, -38.88090896606445], [-104.0350570678711, -138.65780639648438], [-25.842967987060547, -206.65899658203125], [-86.55303955078125, -168.6651611328125], [-173.1110382080078, -74.22966003417969], [-120.81869506835938, -168.49424743652344], [-94.36056518554688, -83.60107421875], [-16.270109176635742, -65.17327880859375], [-126.71894836425781, -199.22146606445312], [-38.65999984741211, -257.8741149902344], [-20.487335205078125, -64.92630767822266], [-77.61065673828125, -34.97595977783203], [-59.111331939697266, -53.98069381713867], [-200.50303649902344, -47.60911178588867], [-70.04008483886719, -44.225440979003906], [-91.91461181640625, -114.58677673339844], [-93.27851867675781, -47.95214080810547], [-119.48382568359375, -122.84701538085938], [-96.49235534667969, -35.74795150756836], [-152.34674072265625, -38.75875473022461], [-98.22753143310547, -282.6962585449219], [-97.32451629638672, -42.505123138427734], [-170.38894653320312, -110.94598388671875], [-122.08634948730469, -54.326560974121094], [-33.133056640625, -152.5010528564453], [-87.5929946899414, -25.400802612304688], [-85.80134582519531, -56.43082046508789], [-89.4361343383789, -388.7107238769531], [-246.06344604492188, -122.0255126953125], [-99.41300964355469, -77.48406982421875], [-137.62474060058594, -203.37298583984375], [-58.340362548828125, -121.43047332763672], [-56.78408432006836, -160.25892639160156], [-113.381103515625, -216.0009765625], [-71.81904602050781, -88.11566925048828], [-38.756595611572266, -104.10254669189453], [-68.85752868652344, -75.93862915039062], [-102.47466278076172, -112.47911071777344], [-24.881221771240234, -23.615665435791016], [-124.73250579833984, -345.644287109375], [-92.61898040771484, -145.90415954589844], [-148.4383544921875, -74.71435546875], [-211.83554077148438, -198.980712890625], [-51.237667083740234, -100.40650939941406], [-132.97018432617188, -48.56595230102539], [-100.44207000732422, -37.13268280029297], [-203.68344116210938, -331.58282470703125], [-54.94053268432617, -97.1740493774414], [-65.6295394897461, -28.741609573364258], [-77.67247772216797, -19.98756980895996], [-142.36929321289062, -87.42782592773438], [-74.03827667236328, -79.46516418457031], [-69.20945739746094, -67.13862609863281], [-44.49437713623047, -265.861083984375], [-137.26023864746094, -199.6559600830078], [-25.913982391357422, -100.38241577148438], [-69.28482818603516, -74.48152923583984], [-189.75308227539062, -132.2200164794922], [-79.0101318359375, -199.76060485839844], [-74.99944305419922, -121.53916931152344], [-321.128662109375, -164.74920654296875], [-44.21673583984375, -130.34408569335938], [-204.19241333007812, -74.35233306884766], [-164.2158203125, -109.36028289794922], [-25.559724807739258, -36.45384979248047], [-97.66212463378906, -210.12889099121094], [-32.629356384277344, -56.63909149169922], [-135.8577423095703, -141.9645538330078], [-61.661285400390625, -15.910238265991211], [-56.44615173339844, -368.55029296875], [-64.86384582519531, -45.38725662231445], [-30.402097702026367, -106.85934448242188]], "train_probs": [1.0, 1.0, 4.046664686106213e-43, 2.7687828333079773e-45, 0.14773088435237122, 4.922560562827768e-10, 1.0, 7.000377248409977e-54, 0.9999596248693494, 1.0, 0.9846936454393053, 1.0, 1.1532040883496867e-31, 1.0, 2.0993707697920965e-46, 1.0, 0.9999999999999999, 4.317883031806602e-29, 1.0, 1.0977491242374562e-71, 1.0, 0.9999999999694787, 9.533946845788137e-06, 7.642221611744293e-36, 0.9999999999999983, 0.9999999999999879, 0.9996855632317518, 1.0, 1.775869211742865e-05, 0.999999999999999, 1.0, 1.0, 1.138578807869222e-43, 1.0, 2.124238224601078e-05, 1.0, 1.0, 1.0, 1.0, 3.0477993525377074e-19, 0.005878030648901488, 3.972026895628601e-67, 6.149539838796419e-12, 0.9999999998575693, 2.0654001631116737e-20, 0.9665341041161833, 4.159494996066693e-27, 4.670511792746584e-50, 1.0, 1.5568259076226075e-24, 1.528443307476332e-26, 3.735061471333789e-30, 1.0, 9.778543300721472e-28, 1.7560743745002404e-13, 1.0, 1.3521036948704875e-54, 2.994900803461928e-10, 1.0, 1.0, 1.0, 1.0, 0.9999999163499084, 1.0, 0.9991598591132507, 0.999954803600638, 0.2200188830823412, 1.0, 1.0, 9.595642079603804e-33, 2.613473197276977e-06, 1.0, 2.206519562707738e-37, 3.199502717031435e-28, 1.0, 1.0, 9.544992434055943e-17, 8.866716120794291e-26, 1.3779197670585649e-24, 0.9956224874815699, 0.11196435722846643, 1.0, 1.0, 1.0, 0.9944956719744609, 1.0320648755129977e-25, 1.0, 1.0, 1.2169293469052453e-68, 1.0, 4.0847888563746564e-57, 1.5015603748246919e-24, 0.9999814333491497, 1.0, 0.9999999999626143, 0.9977773090737855, 1.3507428839158223e-20, 1.0, 3.4787625121429043e-09, 1.0], "test_labels": [], "test_logprobs": [], "test_probs": []}}