{"0": {"0": {"chosen": -20.113061904907227, "rejected": -6.104212760925293}, "1": {"chosen": -15.142318725585938, "rejected": -24.30882453918457}, "2": {"chosen": -38.63640213012695, "rejected": -255.61724853515625}, "3": {"chosen": -18.792299270629883, "rejected": -22.786422729492188}, "4": {"chosen": -36.36056900024414, "rejected": -179.30917358398438}, "5": {"chosen": -122.0595703125, "rejected": -181.5140838623047}, "6": {"chosen": -107.57002258300781, "rejected": -31.125680923461914}, "7": {"chosen": -10.92857551574707, "rejected": -23.874629974365234}, "8": {"chosen": -15.87946891784668, "rejected": -57.51593780517578}, "9": {"chosen": -8.800748825073242, "rejected": -339.04168701171875}, "10": {"chosen": -20.379188537597656, "rejected": -22.139812469482422}, "11": {"chosen": -30.47104835510254, "rejected": -319.1304016113281}, "12": {"chosen": -30.641231536865234, "rejected": -10.065645217895508}, "13": {"chosen": -105.66834259033203, "rejected": -45.18412399291992}, "14": {"chosen": -42.462074279785156, "rejected": -26.807584762573242}, "15": {"chosen": -18.78199577331543, "rejected": -30.756711959838867}, "16": {"chosen": -67.16609191894531, "rejected": -283.3359375}, "17": {"chosen": -59.29616928100586, "rejected": -34.71546173095703}, "18": {"chosen": -220.32061767578125, "rejected": -82.36137390136719}, "19": {"chosen": -81.39573669433594, "rejected": -39.683448791503906}, "20": {"chosen": -54.06842803955078, "rejected": -31.80061149597168}, "21": {"chosen": -24.669803619384766, "rejected": -13.938173294067383}, "22": {"chosen": -51.179195404052734, "rejected": -19.77058219909668}, "23": {"chosen": -15.335273742675781, "rejected": -62.25455856323242}, "24": {"chosen": -49.96913146972656, "rejected": -17.820072174072266}, "25": {"chosen": -119.10448455810547, "rejected": -15.317922592163086}, "26": {"chosen": -30.906909942626953, "rejected": -66.95215606689453}, "27": {"chosen": -199.36715698242188, "rejected": -147.68130493164062}, "28": {"chosen": -81.91812896728516, "rejected": -31.833858489990234}, "29": {"chosen": -12.88332462310791, "rejected": -118.33087921142578}, "30": {"chosen": -44.46075439453125, "rejected": -17.777345657348633}, "31": {"chosen": -112.59922790527344, "rejected": -180.12490844726562}, "32": {"chosen": -48.009735107421875, "rejected": -44.776466369628906}, "33": {"chosen": -81.34767150878906, "rejected": -27.830373764038086}, "34": {"chosen": -202.936279296875, "rejected": -47.77921676635742}, "35": {"chosen": -63.93328094482422, "rejected": -88.20820617675781}, "36": {"chosen": -26.234893798828125, "rejected": -166.28024291992188}, "37": {"chosen": -28.968584060668945, "rejected": -100.11520385742188}, "38": {"chosen": -21.402828216552734, "rejected": -386.38397216796875}, "39": {"chosen": -16.61346435546875, "rejected": -132.2790069580078}, "40": {"chosen": -55.16523742675781, "rejected": -87.92486572265625}, "41": {"chosen": -134.23992919921875, "rejected": -62.86880874633789}, "42": {"chosen": -97.25698852539062, "rejected": -61.779266357421875}, "43": {"chosen": -107.79252624511719, "rejected": -47.38251495361328}, "44": {"chosen": -252.01730346679688, "rejected": -363.0530090332031}, "45": {"chosen": -124.18601989746094, "rejected": -351.8914489746094}, "46": {"chosen": -159.29757690429688, "rejected": -113.07928466796875}, "47": {"chosen": -77.48200225830078, "rejected": -136.16677856445312}, "48": {"chosen": -35.261497497558594, "rejected": -24.942758560180664}, "49": {"chosen": -130.69021606445312, "rejected": -31.683040618896484}, "50": {"chosen": -98.43125915527344, "rejected": -45.58122253417969}, "51": {"chosen": -21.353130340576172, "rejected": -27.741722106933594}, "52": {"chosen": -16.226781845092773, "rejected": -31.913799285888672}, "53": {"chosen": -358.5096435546875, "rejected": -106.24266815185547}, "54": {"chosen": -27.198131561279297, "rejected": -262.9610900878906}, "55": {"chosen": -28.90078353881836, "rejected": -139.22279357910156}, "56": {"chosen": -41.42060852050781, "rejected": -262.1410217285156}, "57": {"chosen": -16.701889038085938, "rejected": -16.276779174804688}, "58": {"chosen": -98.35165405273438, "rejected": -160.0500030517578}, "59": {"chosen": -64.5377426147461, "rejected": -28.673891067504883}, "60": {"chosen": -22.914825439453125, "rejected": -36.589656829833984}, "61": {"chosen": -91.1294937133789, "rejected": -53.502506256103516}, "62": {"chosen": -159.35015869140625, "rejected": -108.882568359375}, "63": {"chosen": -71.53004455566406, "rejected": -27.917516708374023}, "64": {"chosen": -184.7316131591797, "rejected": -184.1770782470703}, "65": {"chosen": -53.0280876159668, "rejected": -138.5288848876953}, "66": {"chosen": -19.73508644104004, "rejected": -65.23826599121094}, "67": {"chosen": -17.204496383666992, "rejected": -82.87614440917969}, "68": {"chosen": -144.57249450683594, "rejected": -205.4029998779297}, "69": {"chosen": -19.59787368774414, "rejected": -16.01781463623047}, "70": {"chosen": -22.191560745239258, "rejected": -28.49898910522461}, "71": {"chosen": -44.91100311279297, "rejected": -211.85215759277344}, "72": {"chosen": -22.066789627075195, "rejected": -191.0181121826172}, "73": {"chosen": -2.956265687942505, "rejected": -6.882899284362793}, "74": {"chosen": -56.18443298339844, "rejected": -29.255191802978516}, "75": {"chosen": -40.30575942993164, "rejected": -469.41143798828125}, "76": {"chosen": -18.349567413330078, "rejected": -12.096160888671875}, "77": {"chosen": -106.07832336425781, "rejected": -100.85428619384766}, "78": {"chosen": -71.0481948852539, "rejected": -48.91069793701172}, "79": {"chosen": -132.30706787109375, "rejected": -19.034286499023438}, "80": {"chosen": -7.402167320251465, "rejected": -12.679398536682129}, "81": {"chosen": -42.44817352294922, "rejected": -26.598552703857422}, "82": {"chosen": -28.00870132446289, "rejected": -30.44516372680664}, "83": {"chosen": -90.60845947265625, "rejected": -172.82875061035156}, "84": {"chosen": -42.965965270996094, "rejected": -32.181007385253906}, "85": {"chosen": -45.690574645996094, "rejected": -270.63287353515625}, "86": {"chosen": -138.0365447998047, "rejected": -42.32074737548828}, "87": {"chosen": -3.269073724746704, "rejected": -72.6889419555664}, "88": {"chosen": -41.98942947387695, "rejected": -124.57585144042969}, "89": {"chosen": -54.16875457763672, "rejected": -72.19182586669922}, "90": {"chosen": -38.409324645996094, "rejected": -53.32141876220703}, "91": {"chosen": -62.967735290527344, "rejected": -43.69197082519531}, "92": {"chosen": -23.03596305847168, "rejected": -39.544761657714844}, "93": {"chosen": -102.21542358398438, "rejected": -106.37673950195312}, "94": {"chosen": -4.387931823730469, "rejected": -15.595412254333496}, "95": {"chosen": -10.442678451538086, "rejected": -94.30119323730469}, "96": {"chosen": -20.950504302978516, "rejected": -15.223016738891602}, "97": {"chosen": -98.968505859375, "rejected": -85.02151489257812}, "98": {"chosen": -15.402120590209961, "rejected": -63.22504425048828}, "99": {"chosen": -76.5947494506836, "rejected": -43.078895568847656}}}