{"0": {"train_labels": [0, 0, 1, 1, 1, 1, 0, 1, 0, 0, 0, 0, 1, 0, 1, 0, 0, 1, 0, 1, 0, 0, 0, 1, 0, 1, 1, 0, 1, 0, 0, 0, 1, 0, 1, 0, 1, 0, 0, 0, 0, 1, 0, 1, 1, 0, 1, 1, 0, 1, 1, 1, 0, 1, 1, 0, 1, 1, 0, 0, 0, 0, 0, 1, 0, 0, 1, 0, 0, 1, 0, 0, 1, 1, 0, 0, 1, 1, 0, 0, 1, 0, 0, 0, 0, 1, 0, 0, 1, 0, 1, 1, 1, 0, 1, 0, 1, 0, 1, 0], "train_logprobs": [[-8.820801734924316, -62.688968658447266], [-52.476192474365234, -110.73963165283203], [-133.2835693359375, -1.4132165908813477], [-136.36695861816406, -22.763755798339844], [-137.95350646972656, -43.05816650390625], [-108.57903289794922, -47.37137985229492], [-25.70182991027832, -59.039791107177734], [-130.31124877929688, -39.87553405761719], [-42.526763916015625, -58.561553955078125], [-139.09791564941406, -185.42868041992188], [-86.54864501953125, -152.62557983398438], [-6.8202595710754395, -77.05486297607422], [-87.72994995117188, -11.755878448486328], [-39.7630729675293, -146.94456481933594], [-210.50511169433594, -92.96876525878906], [-16.600526809692383, -54.1059684753418], [-147.46685791015625, -295.3443298339844], [-99.9822006225586, -43.74546813964844], [-18.06065559387207, -113.24958801269531], [-132.51754760742188, -14.54380989074707], [-137.92388916015625, -156.16439819335938], [-5.061960697174072, -36.25037384033203], [-7.981158256530762, -40.26298522949219], [-156.10243225097656, -53.65070724487305], [-10.62763500213623, -35.59336853027344], [-27.161088943481445, -17.490060806274414], [-10.220596313476562, -2.305070161819458], [-1.2754980325698853, -238.13583374023438], [-50.782493591308594, -0.3714049160480499], [-105.06414794921875, -139.3938446044922], [-0.8050771951675415, -237.82997131347656], [-19.925533294677734, -122.86675262451172], [-104.81584167480469, -67.33800506591797], [-34.21484375, -138.8820037841797], [-74.33849334716797, -48.1031379699707], [-7.088292121887207, -71.75955200195312], [-100.98924255371094, -92.9398193359375], [-24.769453048706055, -272.0305480957031], [-3.232276439666748, -44.244598388671875], [-9.419543266296387, -32.992977142333984], [-13.067122459411621, -39.48951721191406], [-186.2541046142578, -7.436154365539551], [-4.263152122497559, -37.1239128112793], [-64.00223541259766, -28.783945083618164], [-39.59663009643555, -16.642683029174805], [-110.99748229980469, -132.08238220214844], [-60.42383575439453, -14.28480339050293], [-109.7862548828125, -20.83783531188965], [-113.40614318847656, -205.32504272460938], [-59.15467834472656, -35.089752197265625], [-123.64897155761719, -60.185394287109375], [-115.14297485351562, -33.85810089111328], [-19.621131896972656, -41.12314224243164], [-75.01815032958984, -10.127775192260742], [-84.14875793457031, -49.27497863769531], [-65.12762451171875, -373.28863525390625], [-236.542724609375, -100.21182250976562], [-76.05329895019531, -4.188936233520508], [-78.6058578491211, -141.16180419921875], [-36.522674560546875, -60.356666564941406], [-37.275875091552734, -38.06526565551758], [-97.11492919921875, -276.7467041015625], [-45.5309944152832, -64.91156005859375], [-18.963655471801758, -12.81603717803955], [-6.1724724769592285, -60.74737548828125], [-80.56616973876953, -102.11233520507812], [-14.101293563842773, -11.512077331542969], [-113.49969482421875, -314.82855224609375], [-15.767480850219727, -138.4052276611328], [-80.00647735595703, -15.16692066192627], [-132.9695587158203, -152.27273559570312], [-39.99553680419922, -79.89794158935547], [-82.2306137084961, -33.67594528198242], [-85.69689178466797, -44.84385681152344], [-110.772705078125, -337.0099792480469], [-42.4556999206543, -82.72526550292969], [-73.29791259765625, -6.977229118347168], [-62.169898986816406, -0.10927937924861908], [-72.42347717285156, -84.94889831542969], [-22.90291404724121, -55.64690399169922], [-69.04290008544922, -27.562917709350586], [-6.038906097412109, -267.7658386230469], [-110.40250396728516, -176.920166015625], [-10.036842346191406, -33.704864501953125], [-20.17275047302246, -48.97488021850586], [-207.6310577392578, -63.86472702026367], [-7.352714538574219, -165.73013305664062], [-44.320152282714844, -44.82910919189453], [-342.9451599121094, -149.2998046875], [-42.927974700927734, -105.642578125], [-188.4002227783203, -15.899422645568848], [-121.57254791259766, -40.36528015136719], [-13.024885177612305, -1.1640586853027344], [-27.473316192626953, -144.8262939453125], [-10.560275077819824, -3.0214223861694336], [-44.46901321411133, -148.9752655029297], [-29.754732131958008, -8.003175735473633], [-7.1401519775390625, -339.9828186035156], [-49.25984191894531, -44.08903503417969], [-15.40782356262207, -33.6840705871582]], "train_probs": [1.0, 1.0, 5.3633171160447354e-58, 4.599979421407904e-50, 6.130240239293966e-42, 2.6173031751236523e-27, 0.9999999999999967, 5.29990554171928e-40, 0.9999998913126198, 1.0, 1.0, 1.0, 1.0112999334483446e-33, 1.0, 9.00768768675964e-52, 1.0, 1.0, 3.773092065940843e-25, 1.0, 5.816432603097841e-52, 0.9999999880257706, 0.9999999999999715, 0.9999999999999905, 3.204654161520534e-45, 0.9999999999856279, 6.308098252218916e-05, 0.00036489857605242457, 1.0, 1.278622556311403e-22, 0.9999999999999989, 1.0, 1.0, 5.2915434564127326e-17, 1.0, 4.037661705833725e-12, 1.0, 0.00031918411685897505, 1.0, 1.0, 0.9999999999421654, 0.9999999999966511, 2.189530209961621e-78, 0.9999999999999947, 5.068633014821274e-16, 1.0745520344293685e-10, 0.9999999993034628, 9.163741802366738e-21, 2.3452665336509957e-39, 1.0, 3.537817018312673e-11, 2.742322895502666e-28, 4.9937612601741427e-36, 0.999999999541018, 6.583671441075075e-29, 7.153360104699719e-16, 1.0, 6.197856336164106e-60, 6.16174649412742e-32, 1.0, 0.9999999999554315, 0.6877004578712617, 1.0, 0.9999999961706304, 0.002134005434604046, 1.0, 0.9999999995608436, 0.06983567821129326, 1.0, 1.0, 6.926890441744873e-29, 0.9999999958625115, 1.0, 8.184184884426294e-22, 1.810307464513233e-18, 1.0, 1.0, 1.5750455894138133e-29, 1.1153607590200204e-27, 0.999996366901802, 0.9999999999999939, 9.671025860805095e-19, 1.0, 1.0, 0.9999999999473851, 0.9999999999996899, 3.6565867840420405e-63, 1.0, 0.6245619178149994, 7.959591503506708e-85, 1.0, 1.2129820620946131e-75, 5.3967428008607914e-36, 7.061637774492716e-06, 1.0, 0.0005317247669612373, 1.0, 3.5761776450273063e-10, 1.0, 0.0056479038743026, 0.9999999884461489], "test_labels": [], "test_logprobs": [], "test_probs": []}}