{"0": {"train_labels": [0, 0, 1, 1, 0, 1, 0, 1, 1, 0, 0, 0, 1, 0, 1, 0, 0, 1, 0, 1, 0, 0, 1, 1, 0, 0, 0, 0, 1, 0, 0, 0, 1, 0, 1, 0, 0, 0, 0, 1, 1, 1, 1, 0, 1, 0, 1, 1, 0, 1, 1, 1, 0, 1, 1, 0, 1, 1, 0, 0, 0, 0, 0, 0, 0, 0, 0, 0, 0, 1, 1, 0, 1, 1, 0, 0, 1, 1, 1, 0, 1, 0, 0, 0, 0, 1, 0, 0, 1, 0, 1, 1, 0, 0, 0, 1, 1, 0, 1, 0], "train_logprobs": [[-19.670209884643555, -65.15447235107422], [-67.41314697265625, -101.95195007324219], [-136.87413024902344, -32.72801971435547], [-129.33665466308594, -34.81948471069336], [-107.85435485839844, -118.48908233642578], [-123.96726989746094, -98.73057556152344], [-51.1154899597168, -95.79588317871094], [-141.73989868164062, -39.87726593017578], [-71.6192626953125, -65.67245483398438], [-126.86930084228516, -165.12181091308594], [-142.12721252441406, -155.2280731201172], [-19.207218170166016, -66.14896392822266], [-83.24375915527344, -5.989243984222412], [-35.59945297241211, -139.75494384765625], [-189.76373291015625, -101.17701721191406], [-21.775129318237305, -50.15620803833008], [-250.8671417236328, -279.13507080078125], [-119.19965362548828, -56.90454864501953], [-31.904672622680664, -95.87971496582031], [-155.53570556640625, -23.929725646972656], [-136.96163940429688, -196.0238800048828], [-18.828401565551758, -55.20782470703125], [-41.909942626953125, -36.89179229736328], [-170.19859313964844, -104.20917510986328], [-27.62220001220703, -52.08798599243164], [-43.821537017822266, -89.30194854736328], [-9.186415672302246, -22.89512062072754], [-48.13179016113281, -201.01544189453125], [-50.52248764038086, -28.62127113342285], [-92.01396179199219, -142.4058074951172], [-19.867340087890625, -209.49951171875], [-51.071929931640625, -126.5811767578125], [-142.78799438476562, -67.1683349609375], [-106.83908081054688, -142.11849975585938], [-85.3927001953125, -65.59445190429688], [-6.068606376647949, -64.74604034423828], [-109.80435943603516, -188.5247039794922], [-37.43894577026367, -252.07984924316406], [-24.582508087158203, -47.27601623535156], [-51.330810546875, -34.53929901123047], [-48.577056884765625, -45.91777420043945], [-190.76889038085938, -41.91379928588867], [-60.232818603515625, -35.729591369628906], [-66.83544921875, -76.06648254394531], [-80.52351379394531, -39.72437286376953], [-107.34578704833984, -119.3952407836914], [-68.09905242919922, -32.60600662231445], [-116.85289764404297, -31.081157684326172], [-96.35728454589844, -281.1882629394531], [-91.01940155029297, -33.31968307495117], [-141.72186279296875, -73.04071807861328], [-114.49476623535156, -45.54528045654297], [-25.37289810180664, -145.4136199951172], [-72.46379089355469, -15.077207565307617], [-76.40618896484375, -44.60206985473633], [-60.83350372314453, -376.3060302734375], [-222.94107055664062, -108.75060272216797], [-82.85633087158203, -57.324615478515625], [-86.03044891357422, -157.22976684570312], [-39.30876922607422, -80.05487823486328], [-46.32094192504883, -157.958984375], [-101.04914093017578, -219.20416259765625], [-54.86637878417969, -73.43891143798828], [-28.072101593017578, -59.42584228515625], [-39.834346771240234, -63.65628433227539], [-84.45365905761719, -100.57777404785156], [-22.290386199951172, -22.371009826660156], [-109.54611206054688, -334.1559753417969], [-50.845882415771484, -136.5094451904297], [-100.22085571289062, -52.81621551513672], [-191.96884155273438, -160.70404052734375], [-44.291107177734375, -86.03568267822266], [-94.50800323486328, -32.00306701660156], [-96.80683898925781, -50.01246643066406], [-174.3667755126953, -290.1484375], [-52.15769958496094, -81.84564971923828], [-67.93428802490234, -25.509231567382812], [-55.737972259521484, -21.755401611328125], [-140.25054931640625, -85.90693664550781], [-65.1300277709961, -73.45549774169922], [-65.26116943359375, -62.23101043701172], [-30.709077835083008, -240.45172119140625], [-133.94297790527344, -165.28817749023438], [-18.59500503540039, -93.00240325927734], [-57.153900146484375, -58.42332077026367], [-184.21949768066406, -137.44276428222656], [-33.515716552734375, -160.47470092773438], [-57.400211334228516, -101.25154113769531], [-307.3155212402344, -156.03309631347656], [-51.57344055175781, -107.3357925415039], [-190.54840087890625, -66.57770538330078], [-128.43612670898438, -78.51026916503906], [-21.295482635498047, -28.96519660949707], [-84.46662139892578, -152.68124389648438], [-15.02674388885498, -34.37670135498047], [-128.84912109375, -126.43463134765625], [-50.559322357177734, -15.377936363220215], [-26.078229904174805, -318.83984375], [-66.09391021728516, -53.87989807128906], [-24.735126495361328, -73.44739532470703]], "train_probs": [1.0, 0.9999999999999989, 5.88733682263692e-46, 8.94776654730462e-42, 0.9999759349876817, 1.0960816533538855e-11, 1.0, 5.775913543611598e-45, 0.0026073559363514252, 1.0, 0.9999979565329108, 1.0, 2.8105438084102337e-34, 1.0, 3.3672720253512847e-39, 0.9999999999995277, 0.999999999999471, 8.822256032991908e-28, 1.0, 6.986330640089379e-58, 1.0, 0.9999999999999999, 0.00657326056236897, 2.1936123658324327e-29, 0.9999999999763057, 1.0, 0.9999988872833063, 1.0, 3.0790909972860193e-10, 1.0, 1.0, 1.0, 1.4414486934292549e-33, 0.9999999999999996, 2.521912502912246e-09, 1.0, 1.0, 1.0, 0.9999999998605769, 5.0996359626571726e-08, 0.06541917608355768, 2.2545264471609022e-65, 2.282357246729685e-11, 0.9999020576259717, 1.910549207112935e-18, 0.9999941522850688, 3.8509338642147844e-16, 5.620910008718364e-38, 1.0, 8.736362756834768e-26, 1.4864757880998784e-30, 1.1366291668167344e-30, 1.0, 1.1948778906478236e-25, 1.5404463187538144e-14, 1.0, 2.5568775710109585e-50, 8.160502295103149e-12, 1.0, 1.0, 1.0, 1.0, 0.9999999914088451, 0.9999999999999758, 0.999999999954891, 0.9999999006001358, 0.520144995702555, 1.0, 1.0, 2.5847964319261947e-21, 2.6416144821950164e-14, 1.0, 7.152388705315409e-28, 4.758413880261198e-21, 1.0, 0.9999999999998721, 3.7586517251829146e-19, 1.7440425911461174e-15, 2.505352795027534e-24, 0.9997577916394884, 0.04608183731313235, 1.0, 0.9999999999999757, 1.0, 0.7806435521253678, 4.843092942984099e-21, 1.0, 1.0, 1.9901125816889373e-66, 1.0, 1.446142296779524e-54, 2.0771868491547943e-22, 0.9995334664475234, 1.0, 0.9999999960516082, 0.08207443333840923, 5.2591819610769275e-16, 1.0, 4.960435064568172e-06, 1.0], "test_labels": [], "test_logprobs": [], "test_probs": []}}