{"0": {"train_labels": [0, 0, 1, 1, 1, 1, 0, 1, 0, 0, 0, 0, 1, 0, 1, 0, 0, 1, 0, 1, 0, 0, 1, 1, 0, 0, 0, 0, 0, 0, 0, 0, 1, 0, 1, 0, 0, 0, 0, 1, 0, 1, 1, 0, 1, 0, 1, 1, 0, 1, 1, 1, 0, 1, 1, 0, 1, 1, 0, 0, 0, 0, 0, 0, 0, 0, 0, 0, 0, 1, 1, 0, 1, 1, 0, 0, 1, 1, 1, 0, 0, 0, 0, 0, 0, 1, 0, 0, 1, 0, 1, 1, 1, 0, 0, 0, 1, 0, 1, 0], "train_logprobs": [[-28.833406448364258, -95.46882629394531], [-92.96421813964844, -122.01163482666016], [-152.6331329345703, -67.34259033203125], [-177.17747497558594, -61.78999328613281], [-164.243408203125, -131.72000122070312], [-161.602294921875, -130.3404998779297], [-58.258949279785156, -142.60125732421875], [-191.1004638671875, -62.20205307006836], [-108.09638214111328, -113.4115219116211], [-155.62149047851562, -225.39508056640625], [-155.32260131835938, -171.14840698242188], [-54.97167205810547, -99.0701675415039], [-125.49851989746094, -12.918285369873047], [-36.39460754394531, -190.861083984375], [-255.7065887451172, -156.39834594726562], [-30.65194320678711, -68.18712615966797], [-277.50115966796875, -306.417724609375], [-174.83261108398438, -96.43791961669922], [-75.77751922607422, -154.7125244140625], [-201.584716796875, -54.55221176147461], [-161.2657470703125, -265.71490478515625], [-37.865684509277344, -51.43070983886719], [-65.03610229492188, -57.85289764404297], [-205.66989135742188, -130.9502410888672], [-36.25315475463867, -97.4516830444336], [-70.59036254882812, -104.59309387207031], [-23.409055709838867, -29.953237533569336], [-70.21135711669922, -244.46633911132812], [-53.79766082763672, -66.06584930419922], [-186.26437377929688, -191.32061767578125], [-30.705577850341797, -222.73663330078125], [-100.03417205810547, -155.020263671875], [-213.65159606933594, -90.88140106201172], [-163.07656860351562, -178.00318908691406], [-117.72502136230469, -94.40570068359375], [-19.47597885131836, -101.85809326171875], [-161.451416015625, -248.43948364257812], [-60.72835922241211, -293.4674987792969], [-36.07817459106445, -92.48664093017578], [-122.0478744506836, -60.35430145263672], [-75.82379913330078, -79.29069519042969], [-224.0501251220703, -58.452510833740234], [-72.13763427734375, -48.091888427734375], [-116.87747192382812, -137.9755859375], [-136.521484375, -69.01493072509766], [-132.08758544921875, -160.2935791015625], [-88.73135375976562, -35.271217346191406], [-158.0862579345703, -69.40027618408203], [-119.39983367919922, -329.61444091796875], [-112.11812591552734, -48.217796325683594], [-183.177001953125, -113.7825927734375], [-144.9450225830078, -67.34935760498047], [-44.529579162597656, -175.00924682617188], [-120.10540008544922, -46.91374588012695], [-113.63523864746094, -62.372779846191406], [-111.72595977783203, -419.3422546386719], [-276.5303955078125, -143.6997528076172], [-129.9525146484375, -86.77307891845703], [-152.41061401367188, -215.56761169433594], [-60.65106201171875, -140.60841369628906], [-87.93494415283203, -184.3416290283203], [-127.97523498535156, -227.99212646484375], [-93.74785614013672, -109.11746215820312], [-58.714874267578125, -105.01866912841797], [-85.70531463623047, -101.10961151123047], [-106.26235961914062, -130.1836395263672], [-22.109838485717773, -29.711002349853516], [-165.8172607421875, -406.8652038574219], [-71.89715576171875, -156.32061767578125], [-162.6730499267578, -101.7440185546875], [-229.35658264160156, -211.24072265625], [-79.6094741821289, -142.98777770996094], [-149.84695434570312, -58.59059143066406], [-140.7166748046875, -64.3041763305664], [-232.53466796875, -409.3634948730469], [-95.00558471679688, -129.80792236328125], [-96.96569061279297, -48.106712341308594], [-73.38958740234375, -17.46384048461914], [-182.6155548095703, -109.72589111328125], [-93.63595581054688, -95.70664978027344], [-76.11444091796875, -90.42481994628906], [-62.46517562866211, -283.41705322265625], [-138.5934295654297, -192.18844604492188], [-27.855079650878906, -122.7557601928711], [-70.31185150146484, -88.18324279785156], [-211.55743408203125, -150.2411651611328], [-83.67993927001953, -212.02996826171875], [-98.90240478515625, -139.42578125], [-362.44793701171875, -171.2093048095703], [-78.89161682128906, -161.42156982421875], [-222.18569946289062, -109.46443176269531], [-175.24937438964844, -119.38164520263672], [-34.30215835571289, -32.88763427734375], [-96.02483367919922, -218.16351318359375], [-24.101699829101562, -59.547264099121094], [-149.29641723632812, -171.3763427734375], [-60.630859375, -26.159366607666016], [-65.81202697753906, -371.71490478515625], [-93.48103332519531, -79.57156372070312], [-32.44812774658203, -105.67578125]], "train_probs": [1.0, 0.9999999999997574, 9.094691859931462e-38, 7.724198421889247e-51, 7.503498755431292e-15, 2.6495670729961086e-14, 1.0, 1.047445570939733e-56, 0.9951074630926073, 1.0, 0.9999998660508783, 1.0, 1.2794560531318666e-49, 1.0, 7.429817485456604e-44, 1.0, 0.9999999999997234, 8.987069189653403e-35, 1.0, 1.3950648703268139e-64, 1.0, 0.9999987153530369, 0.0007586548753391877, 3.5454241501106754e-33, 1.0, 0.9999999999999982, 0.9985636056810088, 1.0, 0.9999953011519518, 0.9936708740709853, 1.0, 1.0, 4.803765138837011e-54, 0.9999996708067302, 7.456717799554684e-11, 1.0, 1.0, 1.0, 1.0, 1.609984437486754e-27, 0.9697310419790951, 1.2074520640426876e-72, 3.6063283358666455e-11, 0.9999999993126063, 4.811453107853308e-30, 0.9999999999994372, 6.061187986731735e-24, 3.0490707628466825e-39, 1.0, 1.7719010574837775e-28, 7.284353583138065e-31, 1.998162850716973e-34, 1.0, 1.6340617239624698e-32, 5.457541085041774e-23, 1.0, 2.0529806103740395e-58, 1.7677031294446295e-19, 1.0, 1.0, 1.0, 1.0, 0.9999997886195464, 1.0, 0.9999997958267786, 0.9999999999591567, 0.9995003804297076, 1.0, 1.0, 3.4582619586358046e-27, 1.3563818430359514e-08, 1.0, 2.3327336138669216e-40, 6.523393315245416e-34, 1.0, 0.9999999999999992, 6.036918951225207e-22, 5.149401050953896e-25, 2.210147553345101e-32, 0.8880219876392986, 0.9999993903492824, 1.0, 1.0, 1.0, 0.9999999826797815, 2.3479170888290624e-27, 1.0, 1.0, 8.833184625659859e-84, 1.0, 1.1111570463440495e-49, 5.456994268162998e-25, 0.19552147093688463, 1.0, 0.9999999999999997, 0.9999999997424804, 1.0695988028734421e-15, 1.0, 9.103192135620039e-07, 1.0], "test_labels": [], "test_logprobs": [], "test_probs": []}}