{"0": {"0": {"chosen": -19.62469482421875, "rejected": -5.648467540740967}, "1": {"chosen": -14.241154670715332, "rejected": -22.370738983154297}, "2": {"chosen": -37.636512756347656, "rejected": -253.40003967285156}, "3": {"chosen": -17.408178329467773, "rejected": -22.21462059020996}, "4": {"chosen": -37.21076202392578, "rejected": -175.22718811035156}, "5": {"chosen": -120.87060546875, "rejected": -179.92825317382812}, "6": {"chosen": -104.39981079101562, "rejected": -25.674230575561523}, "7": {"chosen": -10.985599517822266, "rejected": -26.159000396728516}, "8": {"chosen": -16.093477249145508, "rejected": -56.961151123046875}, "9": {"chosen": -10.12269401550293, "rejected": -339.1771545410156}, "10": {"chosen": -20.163917541503906, "rejected": -23.80838966369629}, "11": {"chosen": -30.322336196899414, "rejected": -311.70257568359375}, "12": {"chosen": -29.792951583862305, "rejected": -10.464905738830566}, "13": {"chosen": -106.19669342041016, "rejected": -46.249427795410156}, "14": {"chosen": -42.70490646362305, "rejected": -28.834707260131836}, "15": {"chosen": -19.00016212463379, "rejected": -31.38928985595703}, "16": {"chosen": -68.73519897460938, "rejected": -283.8952331542969}, "17": {"chosen": -57.6142578125, "rejected": -32.823734283447266}, "18": {"chosen": -221.76502990722656, "rejected": -77.74225616455078}, "19": {"chosen": -81.38973999023438, "rejected": -38.984214782714844}, "20": {"chosen": -54.348812103271484, "rejected": -33.848594665527344}, "21": {"chosen": -24.046213150024414, "rejected": -12.442316055297852}, "22": {"chosen": -52.94922637939453, "rejected": -20.55112648010254}, "23": {"chosen": -15.550145149230957, "rejected": -60.381351470947266}, "24": {"chosen": -51.3739013671875, "rejected": -13.564518928527832}, "25": {"chosen": -113.18849182128906, "rejected": -13.022214889526367}, "26": {"chosen": -30.958507537841797, "rejected": -68.15059661865234}, "27": {"chosen": -195.88380432128906, "rejected": -148.45962524414062}, "28": {"chosen": -77.59687805175781, "rejected": -30.67477035522461}, "29": {"chosen": -12.84259033203125, "rejected": -118.6736068725586}, "30": {"chosen": -44.89937973022461, "rejected": -17.38028335571289}, "31": {"chosen": -111.87799835205078, "rejected": -178.76727294921875}, "32": {"chosen": -47.217464447021484, "rejected": -44.291961669921875}, "33": {"chosen": -77.89409637451172, "rejected": -25.25063705444336}, "34": {"chosen": -202.67300415039062, "rejected": -45.922035217285156}, "35": {"chosen": -63.28321075439453, "rejected": -88.06006622314453}, "36": {"chosen": -25.209320068359375, "rejected": -164.01292419433594}, "37": {"chosen": -27.9726505279541, "rejected": -99.88780212402344}, "38": {"chosen": -20.516719818115234, "rejected": -387.53436279296875}, "39": {"chosen": -18.086261749267578, "rejected": -129.99749755859375}, "40": {"chosen": -56.00983428955078, "rejected": -86.21796417236328}, "41": {"chosen": -136.81683349609375, "rejected": -62.465145111083984}, "42": {"chosen": -95.8803482055664, "rejected": -59.44898223876953}, "43": {"chosen": -104.99969482421875, "rejected": -47.49250793457031}, "44": {"chosen": -252.603271484375, "rejected": -361.6805114746094}, "45": {"chosen": -123.57464599609375, "rejected": -347.2978515625}, "46": {"chosen": -159.5281524658203, "rejected": -112.7638168334961}, "47": {"chosen": -78.72052001953125, "rejected": -133.79922485351562}, "48": {"chosen": -35.23506164550781, "rejected": -24.3700008392334}, "49": {"chosen": -128.93222045898438, "rejected": -29.587810516357422}, "50": {"chosen": -98.51741027832031, "rejected": -43.5893440246582}, "51": {"chosen": -22.925888061523438, "rejected": -28.229068756103516}, "52": {"chosen": -17.969388961791992, "rejected": -31.86700439453125}, "53": {"chosen": -357.0213928222656, "rejected": -106.5594711303711}, "54": {"chosen": -21.963088989257812, "rejected": -255.90052795410156}, "55": {"chosen": -30.645545959472656, "rejected": -140.6251678466797}, "56": {"chosen": -41.06170654296875, "rejected": -262.84503173828125}, "57": {"chosen": -17.768953323364258, "rejected": -14.412752151489258}, "58": {"chosen": -99.69900512695312, "rejected": -160.1901397705078}, "59": {"chosen": -64.8558120727539, "rejected": -26.642038345336914}, "60": {"chosen": -21.252376556396484, "rejected": -35.296630859375}, "61": {"chosen": -87.09146881103516, "rejected": -53.487979888916016}, "62": {"chosen": -157.62222290039062, "rejected": -107.23561096191406}, "63": {"chosen": -67.73955535888672, "rejected": -28.42799949645996}, "64": {"chosen": -181.73007202148438, "rejected": -184.7841796875}, "65": {"chosen": -54.92457580566406, "rejected": -138.5860595703125}, "66": {"chosen": -19.376258850097656, "rejected": -67.60770416259766}, "67": {"chosen": -16.628488540649414, "rejected": -79.85972595214844}, "68": {"chosen": -146.03720092773438, "rejected": -205.35523986816406}, "69": {"chosen": -19.599878311157227, "rejected": -17.806814193725586}, "70": {"chosen": -23.809371948242188, "rejected": -26.49918556213379}, "71": {"chosen": -45.88146209716797, "rejected": -210.37977600097656}, "72": {"chosen": -21.676513671875, "rejected": -188.63270568847656}, "73": {"chosen": -2.397233724594116, "rejected": -6.938692092895508}, "74": {"chosen": -54.791500091552734, "rejected": -29.611282348632812}, "75": {"chosen": -38.164939880371094, "rejected": -463.5107727050781}, "76": {"chosen": -15.536280632019043, "rejected": -11.924036979675293}, "77": {"chosen": -105.98231506347656, "rejected": -100.60494995117188}, "78": {"chosen": -68.76553344726562, "rejected": -45.634979248046875}, "79": {"chosen": -129.0728302001953, "rejected": -17.21809959411621}, "80": {"chosen": -7.6146674156188965, "rejected": -12.334367752075195}, "81": {"chosen": -40.220218658447266, "rejected": -25.758628845214844}, "82": {"chosen": -24.353134155273438, "rejected": -29.765090942382812}, "83": {"chosen": -88.75433349609375, "rejected": -171.79998779296875}, "84": {"chosen": -45.441131591796875, "rejected": -32.231929779052734}, "85": {"chosen": -48.443328857421875, "rejected": -270.43109130859375}, "86": {"chosen": -137.52716064453125, "rejected": -41.545143127441406}, "87": {"chosen": -3.2287144660949707, "rejected": -72.29875183105469}, "88": {"chosen": -42.46553039550781, "rejected": -125.71348571777344}, "89": {"chosen": -52.86735916137695, "rejected": -71.47882843017578}, "90": {"chosen": -40.48920440673828, "rejected": -53.92518615722656}, "91": {"chosen": -62.59339904785156, "rejected": -45.40924072265625}, "92": {"chosen": -22.520750045776367, "rejected": -39.37914276123047}, "93": {"chosen": -103.23579406738281, "rejected": -105.4808349609375}, "94": {"chosen": -4.4365339279174805, "rejected": -16.644245147705078}, "95": {"chosen": -11.475831031799316, "rejected": -93.68126678466797}, "96": {"chosen": -20.459596633911133, "rejected": -13.137430191040039}, "97": {"chosen": -97.53699493408203, "rejected": -83.71969604492188}, "98": {"chosen": -15.36986255645752, "rejected": -64.74188232421875}, "99": {"chosen": -77.94633483886719, "rejected": -42.576133728027344}}}