{"0": {"0": {"chosen": -19.583168029785156, "rejected": -5.41998291015625}, "1": {"chosen": -15.61214828491211, "rejected": -23.90509605407715}, "2": {"chosen": -36.8487663269043, "rejected": -254.66070556640625}, "3": {"chosen": -17.716243743896484, "rejected": -23.05670928955078}, "4": {"chosen": -38.03807830810547, "rejected": -178.50433349609375}, "5": {"chosen": -121.13882446289062, "rejected": -180.11026000976562}, "6": {"chosen": -102.51811218261719, "rejected": -27.18045997619629}, "7": {"chosen": -11.978779792785645, "rejected": -25.96451759338379}, "8": {"chosen": -16.42397117614746, "rejected": -57.23895263671875}, "9": {"chosen": -9.937039375305176, "rejected": -338.2003479003906}, "10": {"chosen": -19.805198669433594, "rejected": -23.35792350769043}, "11": {"chosen": -27.574377059936523, "rejected": -311.0816955566406}, "12": {"chosen": -29.41628074645996, "rejected": -10.696910858154297}, "13": {"chosen": -104.31941223144531, "rejected": -44.68832015991211}, "14": {"chosen": -41.982635498046875, "rejected": -26.904544830322266}, "15": {"chosen": -20.005565643310547, "rejected": -31.906776428222656}, "16": {"chosen": -69.11405944824219, "rejected": -283.6849060058594}, "17": {"chosen": -55.33811569213867, "rejected": -34.710174560546875}, "18": {"chosen": -219.3436279296875, "rejected": -84.19993591308594}, "19": {"chosen": -80.60092163085938, "rejected": -41.59850311279297}, "20": {"chosen": -53.519012451171875, "rejected": -32.59097671508789}, "21": {"chosen": -26.057952880859375, "rejected": -13.868168830871582}, "22": {"chosen": -51.68699645996094, "rejected": -19.625804901123047}, "23": {"chosen": -13.763956069946289, "rejected": -58.02552795410156}, "24": {"chosen": -50.606163024902344, "rejected": -15.522417068481445}, "25": {"chosen": -115.58240509033203, "rejected": -14.075394630432129}, "26": {"chosen": -31.349653244018555, "rejected": -68.13075256347656}, "27": {"chosen": -198.19021606445312, "rejected": -147.35321044921875}, "28": {"chosen": -79.94224548339844, "rejected": -30.947864532470703}, "29": {"chosen": -11.257333755493164, "rejected": -115.02892303466797}, "30": {"chosen": -44.92037582397461, "rejected": -17.855514526367188}, "31": {"chosen": -110.4116439819336, "rejected": -183.48721313476562}, "32": {"chosen": -49.7561149597168, "rejected": -45.30569839477539}, "33": {"chosen": -79.49041748046875, "rejected": -24.921056747436523}, "34": {"chosen": -203.78204345703125, "rejected": -47.98289108276367}, "35": {"chosen": -64.27183532714844, "rejected": -88.3930892944336}, "36": {"chosen": -24.960599899291992, "rejected": -165.38426208496094}, "37": {"chosen": -28.82318115234375, "rejected": -100.40148162841797}, "38": {"chosen": -21.282602310180664, "rejected": -387.7110290527344}, "39": {"chosen": -16.598793029785156, "rejected": -131.62966918945312}, "40": {"chosen": -55.159446716308594, "rejected": -88.07508850097656}, "41": {"chosen": -132.917724609375, "rejected": -62.97075271606445}, "42": {"chosen": -94.92024993896484, "rejected": -60.628196716308594}, "43": {"chosen": -107.10768127441406, "rejected": -47.5452766418457}, "44": {"chosen": -251.0504150390625, "rejected": -365.36865234375}, "45": {"chosen": -122.98368835449219, "rejected": -350.05645751953125}, "46": {"chosen": -159.76612854003906, "rejected": -114.68849182128906}, "47": {"chosen": -77.28482818603516, "rejected": -135.3913116455078}, "48": {"chosen": -35.030738830566406, "rejected": -24.937015533447266}, "49": {"chosen": -128.11036682128906, "rejected": -30.877553939819336}, "50": {"chosen": -100.06704711914062, "rejected": -45.254512786865234}, "51": {"chosen": -22.543903350830078, "rejected": -27.519010543823242}, "52": {"chosen": -15.324018478393555, "rejected": -33.49842834472656}, "53": {"chosen": -357.307373046875, "rejected": -107.62508392333984}, "54": {"chosen": -23.83482551574707, "rejected": -252.75465393066406}, "55": {"chosen": -29.00830841064453, "rejected": -141.19119262695312}, "56": {"chosen": -41.48936462402344, "rejected": -264.1656799316406}, "57": {"chosen": -17.517295837402344, "rejected": -13.038973808288574}, "58": {"chosen": -98.76890563964844, "rejected": -163.15504455566406}, "59": {"chosen": -65.1764144897461, "rejected": -26.100221633911133}, "60": {"chosen": -20.21147918701172, "rejected": -35.70878601074219}, "61": {"chosen": -87.15184783935547, "rejected": -51.0595588684082}, "62": {"chosen": -159.03526306152344, "rejected": -106.68164825439453}, "63": {"chosen": -69.2903060913086, "rejected": -28.486997604370117}, "64": {"chosen": -184.59925842285156, "rejected": -182.9397735595703}, "65": {"chosen": -54.5843505859375, "rejected": -141.12255859375}, "66": {"chosen": -18.8634090423584, "rejected": -66.97695922851562}, "67": {"chosen": -17.013011932373047, "rejected": -79.83875274658203}, "68": {"chosen": -145.9781494140625, "rejected": -207.5870361328125}, "69": {"chosen": -20.379337310791016, "rejected": -17.782554626464844}, "70": {"chosen": -23.367549896240234, "rejected": -27.693819046020508}, "71": {"chosen": -44.7121696472168, "rejected": -209.08682250976562}, "72": {"chosen": -22.942411422729492, "rejected": -191.00767517089844}, "73": {"chosen": -2.56907320022583, "rejected": -7.6864447593688965}, "74": {"chosen": -55.079689025878906, "rejected": -30.042158126831055}, "75": {"chosen": -37.55376434326172, "rejected": -466.3399353027344}, "76": {"chosen": -15.638949394226074, "rejected": -11.06396198272705}, "77": {"chosen": -105.33456420898438, "rejected": -101.3772964477539}, "78": {"chosen": -68.42279052734375, "rejected": -45.99123764038086}, "79": {"chosen": -127.4525146484375, "rejected": -18.49078369140625}, "80": {"chosen": -7.151764869689941, "rejected": -12.618270874023438}, "81": {"chosen": -40.530242919921875, "rejected": -24.549480438232422}, "82": {"chosen": -25.68954086303711, "rejected": -28.561473846435547}, "83": {"chosen": -92.52406311035156, "rejected": -175.77276611328125}, "84": {"chosen": -43.25045394897461, "rejected": -32.904563903808594}, "85": {"chosen": -43.08954620361328, "rejected": -270.1297302246094}, "86": {"chosen": -137.78045654296875, "rejected": -40.14204788208008}, "87": {"chosen": -3.8107566833496094, "rejected": -72.41568756103516}, "88": {"chosen": -42.198143005371094, "rejected": -126.83199310302734}, "89": {"chosen": -55.386619567871094, "rejected": -72.21182250976562}, "90": {"chosen": -38.80479431152344, "rejected": -54.77491760253906}, "91": {"chosen": -60.42787170410156, "rejected": -46.43782043457031}, "92": {"chosen": -22.76561164855957, "rejected": -39.33074188232422}, "93": {"chosen": -104.45587921142578, "rejected": -104.35723876953125}, "94": {"chosen": -4.9602837562561035, "rejected": -15.80695915222168}, "95": {"chosen": -10.748540878295898, "rejected": -94.11966705322266}, "96": {"chosen": -19.645479202270508, "rejected": -13.822344779968262}, "97": {"chosen": -98.99813079833984, "rejected": -84.55718994140625}, "98": {"chosen": -15.067538261413574, "rejected": -63.81779098510742}, "99": {"chosen": -75.74109649658203, "rejected": -43.299625396728516}}}