{"0": {"chosen": -20.026512145996094, "rejected": -1.2430386543273926, "n_evaluated": 1}, "1": {"chosen": -8.88601303100586, "rejected": -14.992337226867676, "n_evaluated": 1}, "2": {"chosen": -39.36602783203125, "rejected": -259.80328369140625, "n_evaluated": 1}, "3": {"chosen": -9.662896156311035, "rejected": -21.606698989868164, "n_evaluated": 1}, "4": {"chosen": -35.791656494140625, "rejected": -183.60585021972656, "n_evaluated": 1}, "5": {"chosen": -130.21054077148438, "rejected": -174.16525268554688, "n_evaluated": 1}, "6": {"chosen": -101.72117614746094, "rejected": -27.014081954956055, "n_evaluated": 1}, "7": {"chosen": -4.4738616943359375, "rejected": -23.687870025634766, "n_evaluated": 1}, "8": {"chosen": -11.117176055908203, "rejected": -57.751930236816406, "n_evaluated": 1}, "9": {"chosen": -8.749329566955566, "rejected": -336.5751647949219, "n_evaluated": 1}, "10": {"chosen": -17.29640769958496, "rejected": -18.925344467163086, "n_evaluated": 1}, "11": {"chosen": -26.077640533447266, "rejected": -300.4940185546875, "n_evaluated": 1}, "12": {"chosen": -29.513586044311523, "rejected": -5.408829212188721, "n_evaluated": 1}, "13": {"chosen": -93.70655059814453, "rejected": -37.50077438354492, "n_evaluated": 1}, "14": {"chosen": -34.306556701660156, "rejected": -24.447853088378906, "n_evaluated": 1}, "15": {"chosen": -15.916378021240234, "rejected": -25.523609161376953, "n_evaluated": 1}, "16": {"chosen": -70.56039428710938, "rejected": -276.5599670410156, "n_evaluated": 1}, "17": {"chosen": -48.31819534301758, "rejected": -28.24569320678711, "n_evaluated": 1}, "18": {"chosen": -216.4839324951172, "rejected": -81.64851379394531, "n_evaluated": 1}, "19": {"chosen": -73.01901245117188, "rejected": -32.12352752685547, "n_evaluated": 1}, "20": {"chosen": -51.83151626586914, "rejected": -30.42426872253418, "n_evaluated": 1}, "21": {"chosen": -17.30768394470215, "rejected": -10.672913551330566, "n_evaluated": 1}, "22": {"chosen": -48.00102233886719, "rejected": -19.472009658813477, "n_evaluated": 1}, "23": {"chosen": -11.23243522644043, "rejected": -60.263858795166016, "n_evaluated": 1}, "24": {"chosen": -39.342254638671875, "rejected": -10.810400009155273, "n_evaluated": 1}, "25": {"chosen": -101.47115325927734, "rejected": -6.406998157501221, "n_evaluated": 1}, "26": {"chosen": -28.27278709411621, "rejected": -63.24540710449219, "n_evaluated": 1}, "27": {"chosen": -201.5181427001953, "rejected": -142.66732788085938, "n_evaluated": 1}, "28": {"chosen": -72.58575439453125, "rejected": -21.299495697021484, "n_evaluated": 1}, "29": {"chosen": -4.131760597229004, "rejected": -119.06798553466797, "n_evaluated": 1}, "30": {"chosen": -43.26880645751953, "rejected": -18.778152465820312, "n_evaluated": 1}, "31": {"chosen": -101.63421630859375, "rejected": -174.2811737060547, "n_evaluated": 1}, "32": {"chosen": -45.3239631652832, "rejected": -40.350215911865234, "n_evaluated": 1}, "33": {"chosen": -64.71522521972656, "rejected": -23.444271087646484, "n_evaluated": 1}, "34": {"chosen": -197.04861450195312, "rejected": -47.01512145996094, "n_evaluated": 1}, "35": {"chosen": -57.2430534362793, "rejected": -82.50623321533203, "n_evaluated": 1}, "36": {"chosen": -23.218095779418945, "rejected": -165.68453979492188, "n_evaluated": 1}, "37": {"chosen": -28.041976928710938, "rejected": -89.51644897460938, "n_evaluated": 1}, "38": {"chosen": -19.861923217773438, "rejected": -382.48419189453125, "n_evaluated": 1}, "39": {"chosen": -10.623025894165039, "rejected": -130.2047882080078, "n_evaluated": 1}, "40": {"chosen": -58.05189514160156, "rejected": -83.08845520019531, "n_evaluated": 1}, "41": {"chosen": -127.0356216430664, "rejected": -64.53294372558594, "n_evaluated": 1}, "42": {"chosen": -93.42595672607422, "rejected": -56.09989929199219, "n_evaluated": 1}, "43": {"chosen": -102.92506408691406, "rejected": -46.87261962890625, "n_evaluated": 1}, "44": {"chosen": -251.25149536132812, "rejected": -351.77783203125, "n_evaluated": 1}, "45": {"chosen": -121.2664566040039, "rejected": -345.1087646484375, "n_evaluated": 1}, "46": {"chosen": -162.62722778320312, "rejected": -100.02530670166016, "n_evaluated": 1}, "47": {"chosen": -73.1205825805664, "rejected": -131.63796997070312, "n_evaluated": 1}, "48": {"chosen": -31.489288330078125, "rejected": -23.372833251953125, "n_evaluated": 1}, "49": {"chosen": -120.27784729003906, "rejected": -28.006046295166016, "n_evaluated": 1}, "50": {"chosen": -92.22466278076172, "rejected": -43.933082580566406, "n_evaluated": 1}, "51": {"chosen": -15.754707336425781, "rejected": -20.94064712524414, "n_evaluated": 1}, "52": {"chosen": -14.221733093261719, "rejected": -24.273944854736328, "n_evaluated": 1}, "53": {"chosen": -354.90509033203125, "rejected": -103.07783508300781, "n_evaluated": 1}, "54": {"chosen": -21.43185806274414, "rejected": -256.66119384765625, "n_evaluated": 1}, "55": {"chosen": -26.149789810180664, "rejected": -138.56039428710938, "n_evaluated": 1}, "56": {"chosen": -35.95840835571289, "rejected": -265.5500793457031, "n_evaluated": 1}, "57": {"chosen": -9.33659553527832, "rejected": -8.926362037658691, "n_evaluated": 1}, "58": {"chosen": -99.90084838867188, "rejected": -166.52777099609375, "n_evaluated": 1}, "59": {"chosen": -61.28920364379883, "rejected": -25.512523651123047, "n_evaluated": 1}, "60": {"chosen": -11.757485389709473, "rejected": -28.54583740234375, "n_evaluated": 1}, "61": {"chosen": -77.54659271240234, "rejected": -54.013671875, "n_evaluated": 1}, "62": {"chosen": -153.75375366210938, "rejected": -105.64329528808594, "n_evaluated": 1}, "63": {"chosen": -69.60062408447266, "rejected": -21.57930564880371, "n_evaluated": 1}, "64": {"chosen": -173.9719696044922, "rejected": -167.71624755859375, "n_evaluated": 1}, "65": {"chosen": -46.96614456176758, "rejected": -133.14334106445312, "n_evaluated": 1}, "66": {"chosen": -13.319971084594727, "rejected": -66.38983917236328, "n_evaluated": 1}, "67": {"chosen": -14.250438690185547, "rejected": -77.91995239257812, "n_evaluated": 1}, "68": {"chosen": -139.1310577392578, "rejected": -199.93624877929688, "n_evaluated": 1}, "69": {"chosen": -17.10434341430664, "rejected": -13.496782302856445, "n_evaluated": 1}, "70": {"chosen": -17.316482543945312, "rejected": -24.71348762512207, "n_evaluated": 1}, "71": {"chosen": -42.109901428222656, "rejected": -205.14166259765625, "n_evaluated": 1}, "72": {"chosen": -19.0026912689209, "rejected": -182.8123779296875, "n_evaluated": 1}, "73": {"chosen": -3.3828659057617188, "rejected": -7.674124717712402, "n_evaluated": 1}, "74": {"chosen": -57.20444869995117, "rejected": -30.09543800354004, "n_evaluated": 1}, "75": {"chosen": -39.7212028503418, "rejected": -465.8599548339844, "n_evaluated": 1}, "76": {"chosen": -8.496461868286133, "rejected": -5.768014430999756, "n_evaluated": 1}, "77": {"chosen": -103.82598114013672, "rejected": -103.03382110595703, "n_evaluated": 1}, "78": {"chosen": -63.96623992919922, "rejected": -39.58852005004883, "n_evaluated": 1}, "79": {"chosen": -119.30290222167969, "rejected": -15.57419204711914, "n_evaluated": 1}, "80": {"chosen": -7.673956394195557, "rejected": -5.6192779541015625, "n_evaluated": 1}, "81": {"chosen": -35.370113372802734, "rejected": -17.23952865600586, "n_evaluated": 1}, "82": {"chosen": -24.375755310058594, "rejected": -26.930744171142578, "n_evaluated": 1}, "83": {"chosen": -82.53976440429688, "rejected": -172.32357788085938, "n_evaluated": 1}, "84": {"chosen": -41.36641311645508, "rejected": -32.04931640625, "n_evaluated": 1}, "85": {"chosen": -39.636436462402344, "rejected": -257.00970458984375, "n_evaluated": 1}, "86": {"chosen": -138.18502807617188, "rejected": -36.07176971435547, "n_evaluated": 1}, "87": {"chosen": -3.7291030883789062, "rejected": -72.63505554199219, "n_evaluated": 1}, "88": {"chosen": -38.85723876953125, "rejected": -120.20193481445312, "n_evaluated": 1}, "89": {"chosen": -46.137943267822266, "rejected": -64.7841796875, "n_evaluated": 1},