{"0": {"0": {"chosen": -19.795740127563477, "rejected": -5.158495903015137}, "1": {"chosen": -14.327911376953125, "rejected": -23.553279876708984}, "2": {"chosen": -37.839210510253906, "rejected": -252.79147338867188}, "3": {"chosen": -16.136051177978516, "rejected": -22.679319381713867}, "4": {"chosen": -37.08073806762695, "rejected": -176.3682403564453}, "5": {"chosen": -119.62329864501953, "rejected": -179.07534790039062}, "6": {"chosen": -102.4460678100586, "rejected": -25.80193519592285}, "7": {"chosen": -11.110527992248535, "rejected": -24.67959213256836}, "8": {"chosen": -15.642507553100586, "rejected": -57.85640335083008}, "9": {"chosen": -9.490043640136719, "rejected": -338.5970764160156}, "10": {"chosen": -20.38758659362793, "rejected": -24.466344833374023}, "11": {"chosen": -27.617307662963867, "rejected": -310.9154968261719}, "12": {"chosen": -30.34252166748047, "rejected": -11.117668151855469}, "13": {"chosen": -104.21841430664062, "rejected": -46.261199951171875}, "14": {"chosen": -42.34986114501953, "rejected": -27.08087158203125}, "15": {"chosen": -18.859479904174805, "rejected": -28.17017364501953}, "16": {"chosen": -70.157470703125, "rejected": -278.23052978515625}, "17": {"chosen": -55.953983306884766, "rejected": -33.68895721435547}, "18": {"chosen": -220.40447998046875, "rejected": -81.09982299804688}, "19": {"chosen": -80.82145690917969, "rejected": -39.47319030761719}, "20": {"chosen": -51.484249114990234, "rejected": -30.036239624023438}, "21": {"chosen": -24.468629837036133, "rejected": -12.753482818603516}, "22": {"chosen": -51.93789291381836, "rejected": -19.57946014404297}, "23": {"chosen": -14.47044563293457, "rejected": -58.66755676269531}, "24": {"chosen": -50.573856353759766, "rejected": -14.072833061218262}, "25": {"chosen": -113.4742202758789, "rejected": -13.61327838897705}, "26": {"chosen": -30.931243896484375, "rejected": -66.59114074707031}, "27": {"chosen": -195.86524963378906, "rejected": -143.8430938720703}, "28": {"chosen": -79.27972412109375, "rejected": -30.066204071044922}, "29": {"chosen": -11.562500953674316, "rejected": -115.49491882324219}, "30": {"chosen": -45.25558090209961, "rejected": -18.353593826293945}, "31": {"chosen": -112.84182739257812, "rejected": -179.66845703125}, "32": {"chosen": -47.49815368652344, "rejected": -46.101253509521484}, "33": {"chosen": -77.43749237060547, "rejected": -23.976228713989258}, "34": {"chosen": -201.26138305664062, "rejected": -46.97224807739258}, "35": {"chosen": -62.90363311767578, "rejected": -87.83789825439453}, "36": {"chosen": -25.782012939453125, "rejected": -165.74008178710938}, "37": {"chosen": -28.810659408569336, "rejected": -99.35310363769531}, "38": {"chosen": -20.626131057739258, "rejected": -387.49688720703125}, "39": {"chosen": -16.09262466430664, "rejected": -128.8876495361328}, "40": {"chosen": -54.937740325927734, "rejected": -85.86666870117188}, "41": {"chosen": -133.33926391601562, "rejected": -62.4832878112793}, "42": {"chosen": -94.96675872802734, "rejected": -59.92166519165039}, "43": {"chosen": -104.86328125, "rejected": -47.47821044921875}, "44": {"chosen": -251.81893920898438, "rejected": -363.111572265625}, "45": {"chosen": -123.64596557617188, "rejected": -351.0712890625}, "46": {"chosen": -158.61260986328125, "rejected": -113.4864501953125}, "47": {"chosen": -75.52549743652344, "rejected": -133.64422607421875}, "48": {"chosen": -34.508758544921875, "rejected": -24.806406021118164}, "49": {"chosen": -124.225341796875, "rejected": -29.7873592376709}, "50": {"chosen": -98.7292709350586, "rejected": -45.592838287353516}, "51": {"chosen": -21.830333709716797, "rejected": -27.270355224609375}, "52": {"chosen": -17.101913452148438, "rejected": -31.961597442626953}, "53": {"chosen": -358.623046875, "rejected": -106.58365631103516}, "54": {"chosen": -21.987895965576172, "rejected": -251.87203979492188}, "55": {"chosen": -29.21611976623535, "rejected": -137.54232788085938}, "56": {"chosen": -41.09673309326172, "rejected": -260.4769592285156}, "57": {"chosen": -16.89015769958496, "rejected": -14.579477310180664}, "58": {"chosen": -99.9747543334961, "rejected": -161.29779052734375}, "59": {"chosen": -65.80500793457031, "rejected": -26.944002151489258}, "60": {"chosen": -18.534332275390625, "rejected": -34.647762298583984}, "61": {"chosen": -87.28790283203125, "rejected": -52.096954345703125}, "62": {"chosen": -158.30795288085938, "rejected": -107.54935455322266}, "63": {"chosen": -66.447509765625, "rejected": -25.64409637451172}, "64": {"chosen": -182.4001922607422, "rejected": -182.12478637695312}, "65": {"chosen": -52.103511810302734, "rejected": -139.83645629882812}, "66": {"chosen": -17.954877853393555, "rejected": -64.7872085571289}, "67": {"chosen": -16.728240966796875, "rejected": -81.55591583251953}, "68": {"chosen": -146.13873291015625, "rejected": -205.9559326171875}, "69": {"chosen": -19.61052703857422, "rejected": -17.58144760131836}, "70": {"chosen": -22.26702880859375, "rejected": -26.53243637084961}, "71": {"chosen": -44.390113830566406, "rejected": -208.65489196777344}, "72": {"chosen": -22.168977737426758, "rejected": -187.65478515625}, "73": {"chosen": -2.8487367630004883, "rejected": -7.118943691253662}, "74": {"chosen": -52.55702209472656, "rejected": -29.4970703125}, "75": {"chosen": -36.34516906738281, "rejected": -464.9917297363281}, "76": {"chosen": -15.742332458496094, "rejected": -10.155411720275879}, "77": {"chosen": -104.22929382324219, "rejected": -99.39945983886719}, "78": {"chosen": -67.3219223022461, "rejected": -45.53739929199219}, "79": {"chosen": -128.8589324951172, "rejected": -17.94271469116211}, "80": {"chosen": -7.3874664306640625, "rejected": -11.524739265441895}, "81": {"chosen": -40.03430938720703, "rejected": -24.855785369873047}, "82": {"chosen": -24.979293823242188, "rejected": -29.585769653320312}, "83": {"chosen": -88.6134262084961, "rejected": -173.06939697265625}, "84": {"chosen": -44.07415771484375, "rejected": -31.984113693237305}, "85": {"chosen": -46.96201705932617, "rejected": -269.0345153808594}, "86": {"chosen": -133.70953369140625, "rejected": -38.91855239868164}, "87": {"chosen": -3.385406255722046, "rejected": -72.93558502197266}, "88": {"chosen": -42.132530212402344, "rejected": -123.87948608398438}, "89": {"chosen": -52.639923095703125, "rejected": -71.43172454833984}, "90": {"chosen": -38.661006927490234, "rejected": -53.96892547607422}, "91": {"chosen": -61.28828430175781, "rejected": -44.623374938964844}, "92": {"chosen": -21.288782119750977, "rejected": -39.07732009887695}, "93": {"chosen": -101.19500732421875, "rejected": -105.57765197753906}, "94": {"chosen": -4.204341888427734, "rejected": -15.515664100646973}, "95": {"chosen": -10.974542617797852, "rejected": -93.17672729492188}, "96": {"chosen": -20.65709114074707, "rejected": -11.438238143920898}, "97": {"chosen": -98.833251953125, "rejected": -83.24260711669922}, "98": {"chosen": -15.070745468139648, "rejected": -65.05836486816406}, "99": {"chosen": -76.68803405761719, "rejected": -42.94659423828125}}}