{"0": {"train_labels": [0, 0, 1, 1, 1, 1, 0, 1, 1, 0, 1, 0, 1, 0, 1, 0, 0, 1, 0, 1, 0, 0, 1, 1, 0, 0, 0, 0, 1, 0, 0, 0, 1, 0, 1, 0, 0, 0, 0, 1, 1, 1, 1, 0, 1, 1, 1, 1, 0, 1, 1, 1, 0, 1, 1, 0, 1, 1, 0, 0, 0, 0, 0, 0, 1, 0, 0, 0, 0, 1, 1, 0, 1, 1, 0, 0, 1, 1, 1, 1, 0, 0, 0, 0, 0, 1, 0, 0, 1, 0, 1, 1, 0, 0, 0, 0, 1, 0, 1, 0], "train_logprobs": [[-30.022075653076172, -83.41490936279297], [-83.29334259033203, -114.46698760986328], [-181.5807647705078, -54.32030487060547], [-173.51486206054688, -61.973854064941406], [-144.4348602294922, -128.6294708251953], [-139.2496795654297, -122.93883514404297], [-71.4995346069336, -133.3992156982422], [-178.1484375, -49.081329345703125], [-100.68863677978516, -99.58320617675781], [-140.75909423828125, -214.06048583984375], [-167.76026916503906, -166.5916748046875], [-53.515377044677734, -89.08231353759766], [-107.5732650756836, -19.575634002685547], [-32.62322998046875, -183.74581909179688], [-215.29164123535156, -113.04512786865234], [-39.2475471496582, -77.73077392578125], [-283.95477294921875, -305.7384033203125], [-145.71798706054688, -74.07804870605469], [-71.46600341796875, -133.3516082763672], [-192.12266540527344, -32.55442810058594], [-162.35787963867188, -243.37548828125], [-38.342872619628906, -62.76556396484375], [-57.47380828857422, -50.88758850097656], [-210.74937438964844, -128.34951782226562], [-43.4538688659668, -87.68325805664062], [-75.88552856445312, -106.03346252441406], [-27.492170333862305, -33.29885482788086], [-67.62715148925781, -218.1984100341797], [-62.80554962158203, -52.60535430908203], [-103.86810302734375, -165.42886352539062], [-29.038318634033203, -218.42242431640625], [-86.39533996582031, -199.35791015625], [-183.9743194580078, -77.6224594116211], [-115.85308837890625, -169.86166381835938], [-119.95152282714844, -103.47430419921875], [-18.1412353515625, -72.145263671875], [-132.4018096923828, -201.53765869140625], [-50.536800384521484, -277.3828125], [-42.80385208129883, -75.24815368652344], [-98.46820068359375, -52.357120513916016], [-70.92134094238281, -60.214942932128906], [-217.94900512695312, -56.11017608642578], [-86.45498657226562, -65.31983184814453], [-93.03558349609375, -93.13284301757812], [-115.84144592285156, -71.307861328125], [-139.57864379882812, -136.7451629638672], [-85.63633728027344, -41.89305877685547], [-161.8694305419922, -68.56112670898438], [-102.5587158203125, -280.8283386230469], [-108.99483489990234, -57.09959030151367], [-164.2161865234375, -136.48118591308594], [-140.28970336914062, -57.220951080322266], [-38.89952087402344, -174.7938232421875], [-98.43911743164062, -43.572513580322266], [-96.41261291503906, -55.55493927001953], [-88.26675415039062, -402.5104675292969], [-266.17071533203125, -156.88294982910156], [-107.83712768554688, -77.82594299316406], [-159.9469757080078, -200.92889404296875], [-76.85273742675781, -130.24269104003906], [-83.33765411376953, -180.99644470214844], [-127.37470245361328, -217.87257385253906], [-98.09626007080078, -110.77516174316406], [-46.419647216796875, -91.40857696533203], [-76.34622192382812, -73.50331115722656], [-108.69929504394531, -119.53026580810547], [-30.508121490478516, -43.32049560546875], [-141.47512817382812, -346.1048278808594], [-69.72731018066406, -163.9117431640625], [-151.5521697998047, -91.70578002929688], [-216.90597534179688, -198.96145629882812], [-45.1588020324707, -120.12623596191406], [-123.5994873046875, -38.640316009521484], [-124.63414764404297, -51.80548095703125], [-227.86709594726562, -352.38018798828125], [-74.48004913330078, -114.61701965332031], [-74.71501922607422, -28.475692749023438], [-68.95196533203125, -43.06004333496094], [-155.00103759765625, -90.63519287109375], [-93.09388732910156, -86.68246459960938], [-76.09927368164062, -80.25798797607422], [-52.955284118652344, -266.0447082519531], [-141.0105743408203, -189.53758239746094], [-28.132822036743164, -102.58186340332031], [-93.25760650634766, -103.328857421875], [-201.02960205078125, -171.54893493652344], [-87.04849243164062, -213.83963012695312], [-90.25421142578125, -132.5210723876953], [-329.167236328125, -139.98373413085938], [-60.60679626464844, -130.85894775390625], [-189.06076049804688, -94.64254760742188], [-164.636474609375, -111.39619445800781], [-30.22716522216797, -48.03855514526367], [-94.51053619384766, -226.8265380859375], [-34.614036560058594, -56.15786361694336], [-139.65908813476562, -140.41729736328125], [-97.36131286621094, -27.583648681640625], [-60.01515197753906, -365.6878967285156], [-84.59158325195312, -56.05742263793945], [-49.09775924682617, -116.13282012939453]], "train_probs": [1.0, 0.9999999999999711, 5.388706139444831e-56, 3.617060072115211e-49, 1.3671196891073094e-07, 8.246890664023566e-08, 1.0, 8.84844861898577e-57, 0.24872374647642745, 1.0, 0.23710915421941375, 0.9999999999999997, 6.06896180739348e-39, 1.0, 3.934625941583252e-45, 1.0, 0.9999999996536704, 7.712054477830054e-32, 1.0, 5.0164334089737705e-70, 1.0, 0.9999999999752622, 0.001377344262684769, 1.6375591015127687e-36, 1.0, 0.9999999999999194, 0.9970016326809615, 1.0, 3.7161678523507615e-05, 1.0, 1.0, 1.0, 6.485956650628552e-47, 1.0, 6.98288423908946e-08, 1.0, 1.0, 1.0, 0.999999999999992, 9.423502014015887e-21, 2.2400653819502068e-05, 5.1795209020899074e-71, 6.623978724236389e-10, 0.524295731440289, 4.56362500592349e-20, 0.055541522207385924, 1.0058553393440441e-19, 2.997219362693997e-41, 1.0, 2.898555589927566e-23, 9.012437777545846e-13, 8.388788835564903e-37, 1.0, 1.4850350587156867e-24, 1.8019294885558118e-18, 1.0, 3.4429165992521486e-48, 9.25354396531577e-14, 1.0, 1.0, 1.0, 1.0, 0.9999968838266164, 1.0, 0.05504892769400047, 0.9999802229926773, 0.9999972731864869, 1.0, 1.0, 1.0210409512473325e-26, 1.609883288710833e-08, 1.0, 1.2667786038416969e-37, 2.349156408958193e-32, 1.0, 1.0, 8.289258133548662e-21, 5.6922131046422925e-12, 1.1124200610835807e-28, 0.001639991750238599, 0.9846128276035657, 1.0, 1.0, 1.0, 0.9999577240923101, 1.5729283838660168e-13, 1.0, 1.0, 6.896820589231149e-83, 1.0, 9.878503326620959e-42, 7.551619778807785e-24, 0.9999999816087336, 1.0, 0.9999999995598153, 0.6809648117142151, 4.965299898770624e-31, 1.0, 4.052952366434198e-13, 1.0], "test_labels": [], "test_logprobs": [], "test_probs": []}}