{"0": {"train_labels": [0, 0, 1, 1, 0, 1, 0, 1, 1, 0, 0, 0, 1, 0, 1, 0, 0, 1, 0, 1, 0, 0, 1, 1, 0, 0, 0, 0, 1, 0, 0, 0, 1, 0, 1, 0, 0, 0, 0, 1, 1, 1, 1, 0, 1, 0, 1, 1, 0, 1, 1, 1, 0, 1, 1, 0, 1, 1, 0, 0, 0, 0, 0, 0, 0, 0, 1, 0, 0, 1, 1, 0, 1, 1, 0, 0, 1, 1, 1, 0, 1, 0, 0, 0, 0, 1, 0, 0, 1, 0, 1, 1, 0, 0, 0, 0, 1, 0, 1, 0], "train_logprobs": [[-9.95870590209961, -48.388126373291016], [-53.529502868652344, -94.28123474121094], [-120.81454467773438, -23.769752502441406], [-117.8936538696289, -21.42108154296875], [-95.46675109863281, -101.01480865478516], [-92.13939666748047, -91.43153381347656], [-30.16460609436035, -85.75045776367188], [-125.31637573242188, -38.64558410644531], [-67.21660614013672, -52.047821044921875], [-110.81128692626953, -145.0774383544922], [-133.96343994140625, -145.58543395996094], [-13.966752052307129, -63.69060134887695], [-74.17549896240234, -5.735930919647217], [-35.6658935546875, -125.31423950195312], [-176.62364196777344, -84.5320053100586], [-13.599344253540039, -44.575897216796875], [-221.065673828125, -252.63775634765625], [-104.27137756347656, -45.1981086730957], [-15.064791679382324, -95.40974426269531], [-129.0958709716797, -19.635757446289062], [-130.7799530029297, -191.26754760742188], [-10.891864776611328, -40.383113861083984], [-34.40981674194336, -24.548086166381836], [-138.9047088623047, -85.3564682006836], [-20.697994232177734, -29.645902633666992], [-35.00849533081055, -77.81954956054688], [-11.874204635620117, -21.910465240478516], [-44.76025390625, -193.58984375], [-43.59763717651367, -6.655270099639893], [-82.1466064453125, -125.14725494384766], [-10.305208206176758, -183.31414794921875], [-31.02193832397461, -118.09442901611328], [-137.05413818359375, -52.90999984741211], [-86.02322387695312, -121.49417114257812], [-73.61853790283203, -43.82853698730469], [-7.441392421722412, -52.71377182006836], [-89.21910095214844, -163.77023315429688], [-22.41638946533203, -232.99468994140625], [-14.264333724975586, -32.60763931274414], [-42.055320739746094, -31.554025650024414], [-48.01802062988281, -34.202301025390625], [-173.11810302734375, -31.572399139404297], [-55.06960678100586, -34.68983840942383], [-62.09123611450195, -62.34343719482422], [-63.14964294433594, -20.273611068725586], [-95.62777709960938, -101.92139434814453], [-64.58120727539062, -13.031957626342773], [-106.07148742675781, -21.131250381469727], [-96.85701751708984, -274.7816467285156], [-79.56678771972656, -27.999937057495117], [-132.59584045410156, -62.82280731201172], [-106.17157745361328, -31.564571380615234], [-16.38629913330078, -121.45716857910156], [-71.61375427246094, -13.434544563293457], [-77.86444854736328, -38.940765380859375], [-52.05760192871094, -329.5215148925781], [-202.51321411132812, -91.35606384277344], [-69.22354125976562, -45.1635856628418], [-72.79499053955078, -131.9663543701172], [-32.8115234375, -64.5594482421875], [-34.30409240722656, -135.52981567382812], [-86.26046752929688, -206.03135681152344], [-44.016334533691406, -60.15968322753906], [-24.72298240661621, -38.556495666503906], [-25.493053436279297, -59.352779388427734], [-76.09431457519531, -90.52986907958984], [-15.621552467346191, -10.820538520812988], [-102.49052429199219, -320.31695556640625], [-36.51192855834961, -123.97053527832031], [-90.43571472167969, -41.9821891784668], [-155.4200897216797, -149.26025390625], [-36.37606430053711, -71.04679107666016], [-74.844482421875, -25.09004020690918], [-95.14017486572266, -35.45818328857422], [-156.96372985839844, -286.7837829589844], [-35.76140213012695, -64.59539794921875], [-57.09952163696289, -26.995502471923828], [-51.275245666503906, -5.499371528625488], [-128.62254333496094, -78.52779388427734], [-53.668758392333984, -56.64623260498047], [-66.61453247070312, -39.95304489135742], [-25.576019287109375, -228.9267578125], [-124.95306396484375, -162.2545928955078], [-8.54115104675293, -82.89286041259766], [-33.50690841674805, -47.198753356933594], [-171.8718719482422, -120.42691040039062], [-19.597925186157227, -152.2691650390625], [-43.2817497253418, -75.46684265136719], [-293.0416259765625, -127.61717224121094], [-30.877002716064453, -87.08438873291016], [-173.20384216308594, -61.620208740234375], [-123.24671936035156, -73.07789611816406], [-7.130551815032959, -10.280444145202637], [-75.45997619628906, -119.49842071533203], [-8.27459716796875, -29.665699005126953], [-112.98444366455078, -125.21554565429688], [-38.36920928955078, -12.910331726074219], [-13.054503440856934, -303.5466003417969], [-52.27473068237305, -38.76347351074219], [-14.199044227600098, -74.22090911865234]], "train_probs": [1.0, 1.0, 7.1446714237895115e-43, 1.2661763095713492e-42, 0.9961200965356084, 0.3300712431885457, 1.0, 2.287459716632492e-38, 2.5839269033700497e-07, 0.9999999999999988, 0.9999910333909456, 1.0, 1.8926628390996477e-30, 1.0, 1.0118365662742396e-40, 0.9999999999999647, 0.9999999999999806, 2.2121027360806878e-26, 1.0, 2.8978553772526443e-48, 1.0, 0.9999999999998443, 5.212933549939562e-05, 5.550020215787828e-24, 0.999870008098011, 1.0, 0.9999562187269125, 1.0, 9.039279808462392e-17, 1.0, 1.0, 1.0, 2.8619697301134437e-37, 0.9999999999999997, 1.1544283580891954e-13, 1.0, 1.0, 1.0, 0.9999999891955268, 2.7500053986346593e-05, 9.997899757397947e-07, 3.368851475070414e-62, 1.4098699469840161e-09, 0.5627181874204892, 2.3942855832653583e-19, 0.9981553460976836, 4.096805361276714e-23, 1.2909926201836776e-37, 1.0, 4.025328315577815e-23, 4.988347740104865e-31, 3.968157954870872e-33, 1.0, 5.40866722577649e-26, 1.246405008369979e-17, 1.0, 5.30961478887057e-49, 3.555445692405323e-11, 1.0, 0.9999999999999837, 1.0, 1.0, 0.9999999024936947, 0.999999017842586, 0.9999999999999981, 0.999999462079492, 0.00815436639162026, 1.0, 1.0, 9.055266323425723e-22, 0.0021081464292432477, 0.9999999999999991, 2.465586797535034e-22, 1.2034841890693666e-26, 1.0, 0.9999999999996998, 8.433164919763908e-14, 1.3176208473918205e-20, 1.7543924158572462e-22, 0.9515460496392332, 2.6367142417084934e-12, 1.0, 1.0, 1.0, 0.9999988683638723, 4.5471269365904747e-23, 1.0, 0.9999999999999895, 1.4357293245699142e-72, 1.0, 3.466121113040253e-49, 1.6291343557866988e-22, 0.9589044790987233, 1.0, 0.9999999994871829, 0.9999951236173155, 8.777078017635988e-12, 1.0, 1.3556106685747607e-06, 1.0], "test_labels": [], "test_logprobs": [], "test_probs": []}}