{"0": {"train_labels": [0, 0, 1, 1, 0, 1, 0, 1, 1, 0, 0, 0, 1, 0, 1, 0, 0, 1, 0, 1, 0, 0, 1, 1, 0, 0, 0, 0, 1, 0, 0, 0, 1, 0, 1, 0, 0, 0, 0, 1, 1, 1, 1, 1, 1, 0, 1, 1, 0, 1, 1, 1, 0, 1, 1, 0, 1, 1, 0, 0, 0, 0, 0, 0, 0, 0, 1, 0, 0, 1, 1, 0, 1, 1, 0, 0, 1, 1, 1, 0, 1, 0, 0, 0, 0, 1, 0, 0, 1, 0, 1, 1, 0, 0, 0, 0, 1, 0, 1, 0], "train_logprobs": [[-10.191061019897461, -49.571441650390625], [-53.21842956542969, -95.29707336425781], [-120.75004577636719, -23.3696346282959], [-116.75373077392578, -22.425811767578125], [-95.79270935058594, -102.49967956542969], [-92.68143463134766, -90.37947082519531], [-31.946178436279297, -84.35738372802734], [-127.81770324707031, -38.49515914916992], [-66.2688217163086, -52.325679779052734], [-111.91096496582031, -146.57644653320312], [-133.52163696289062, -144.69183349609375], [-12.371408462524414, -63.0185432434082], [-73.9912338256836, -5.0583391189575195], [-35.70342254638672, -124.78083801269531], [-177.2977294921875, -84.54564666748047], [-13.669218063354492, -45.27081298828125], [-222.23678588867188, -254.2606658935547], [-107.80245971679688, -44.785316467285156], [-14.869531631469727, -94.26702880859375], [-130.45204162597656, -19.25872802734375], [-132.31680297851562, -191.36465454101562], [-11.085780143737793, -40.1168098449707], [-35.34385299682617, -24.247379302978516], [-138.86167907714844, -85.67291259765625], [-21.038759231567383, -31.33159637451172], [-35.760032653808594, -81.57444763183594], [-12.291881561279297, -23.810577392578125], [-44.842525482177734, -193.61236572265625], [-45.485870361328125, -7.369027137756348], [-81.70954895019531, -125.87324523925781], [-10.983155250549316, -187.97047424316406], [-31.526123046875, -119.49349975585938], [-137.9104766845703, -53.32787322998047], [-84.65205383300781, -119.97200012207031], [-75.37964630126953, -46.34270477294922], [-7.311669826507568, -52.0511589050293], [-89.64331817626953, -163.1107177734375], [-22.64364242553711, -234.15554809570312], [-14.93656063079834, -32.00192642211914], [-41.0407829284668, -30.36393928527832], [-48.170631408691406, -34.086551666259766], [-175.5084228515625, -34.219451904296875], [-53.81355285644531, -33.69870376586914], [-62.516357421875, -62.5028076171875], [-65.69676208496094, -21.785329818725586], [-94.01254272460938, -101.58819580078125], [-63.638328552246094, -14.797734260559082], [-104.86676788330078, -20.457242965698242], [-97.53807830810547, -273.5655822753906], [-78.9541244506836, -27.728137969970703], [-129.66114807128906, -64.29151916503906], [-109.07666778564453, -32.504974365234375], [-16.471689224243164, -123.04713439941406], [-69.9654312133789, -14.205445289611816], [-77.35426330566406, -39.08137512207031], [-48.430633544921875, -331.51226806640625], [-202.4248504638672, -92.16167449951172], [-68.59221649169922, -45.68781280517578], [-74.16618347167969, -134.07923889160156], [-33.029808044433594, -64.22547149658203], [-34.71881103515625, -135.7702178955078], [-86.86646270751953, -206.51669311523438], [-42.91881561279297, -60.075340270996094], [-24.777469635009766, -37.71809387207031], [-24.986616134643555, -59.384552001953125], [-75.90156555175781, -91.05166625976562], [-15.832051277160645, -11.797473907470703], [-100.92356872558594, -320.39697265625], [-37.22812271118164, -126.14633178710938], [-89.16464233398438, -43.13176345825195], [-153.7932586669922, -148.48268127441406], [-35.306922912597656, -69.66458129882812], [-77.065185546875, -25.089160919189453], [-95.54791259765625, -36.02266311645508], [-161.0436248779297, -287.9224548339844], [-35.994930267333984, -63.08538818359375], [-57.49666213989258, -26.728282928466797], [-50.7049560546875, -6.0937628746032715], [-127.89530181884766, -78.60365295410156], [-54.048927307128906, -56.0456428527832], [-66.93606567382812, -40.631141662597656], [-25.61170768737793, -230.77992248535156], [-127.42853546142578, -167.51800537109375], [-9.884029388427734, -81.8550796508789], [-34.62260055541992, -48.79935836791992], [-172.77291870117188, -118.69723510742188], [-19.049644470214844, -152.4286651611328], [-42.0533447265625, -74.37504577636719], [-290.3052978515625, -128.95574951171875], [-31.06481170654297, -87.71162414550781], [-174.63760375976562, -58.53968048095703], [-125.75321960449219, -70.64984893798828], [-7.112045764923096, -10.754472732543945], [-75.3958740234375, -125.26126098632812], [-8.04619026184082, -29.701820373535156], [-112.90509033203125, -124.99234008789062], [-42.26924514770508, -12.643035888671875], [-12.869024276733398, -299.9278259277344], [-52.83842849731445, -37.75112533569336], [-15.002717018127441, -72.85221862792969]], "train_probs": [1.0, 1.0, 5.107693082283221e-43, 1.081198130593908e-41, 0.9987791303305545, 0.0909604499809797, 1.0, 1.6132883168099514e-39, 8.801769963934623e-07, 0.9999999999999991, 0.9999859123301372, 1.0, 1.1556443683633967e-30, 1.0, 5.227358000697776e-41, 0.9999999999999811, 0.9999999999999877, 4.285509097975136e-28, 1.0, 5.121031881371301e-49, 1.0, 0.9999999999997533, 1.5165478575256879e-05, 7.950825441253854e-24, 0.9999661262783667, 1.0, 0.9999900576363491, 1.0, 2.7929638877599985e-17, 1.0, 1.0, 1.0, 1.8460440278265897e-37, 0.9999999999999996, 2.451413214741482e-13, 1.0, 1.0, 1.0, 0.9999999612201801, 2.3072555600095057e-05, 7.644719469375367e-07, 4.3549138069574945e-62, 1.8375198311932148e-09, 0.496612600654388, 8.501729332162162e-20, 0.999487477389649, 6.148927978480139e-22, 2.194871545005631e-37, 1.0, 5.660264701381943e-23, 4.0769077252440734e-29, 5.563346086631826e-34, 1.0, 6.077791568224621e-25, 2.3894384909253365e-17, 1.0, 1.2981088822042345e-48, 1.1291297951965644e-10, 1.0, 0.9999999999999717, 1.0, 1.0, 0.9999999645989619, 0.9999976014031459, 0.9999999999999989, 0.9999997367340164, 0.017385550929180933, 1.0, 1.0, 1.019001253276925e-20, 0.0049147995502759525, 0.9999999999999988, 2.673617732225576e-23, 1.4077081221599584e-26, 1.0, 0.9999999999982829, 4.339729810333467e-14, 4.222843345842574e-20, 3.916597064988448e-22, 0.8804517998073537, 3.766315131197953e-12, 1.0, 1.0, 1.0, 0.999999303193797, 3.2751335212618575e-24, 1.0, 0.9999999999999908, 8.448536767233258e-71, 1.0, 3.79588074347299e-51, 1.171952973503983e-24, 0.9744796376776558, 1.0, 0.9999999996063781, 0.9999943691794853, 1.3598806654280327e-13, 1.0, 2.803285743486814e-07, 1.0], "test_labels": [], "test_logprobs": [], "test_probs": []}}