{"0": {"train_labels": [0, 0, 1, 1, 0, 1, 0, 1, 1, 0, 1, 0, 1, 0, 1, 0, 0, 1, 0, 1, 0, 0, 1, 1, 1, 0, 0, 0, 1, 0, 0, 0, 1, 0, 1, 0, 0, 0, 0, 1, 1, 1, 1, 1, 1, 0, 1, 1, 0, 1, 1, 1, 0, 1, 1, 0, 1, 1, 0, 0, 0, 0, 0, 0, 0, 0, 1, 0, 0, 1, 1, 0, 1, 1, 0, 0, 1, 1, 1, 0, 1, 0, 0, 0, 0, 1, 0, 0, 1, 0, 1, 1, 0, 0, 0, 0, 1, 0, 1, 0], "train_logprobs": [[-9.330060958862305, -111.50289154052734], [-111.64239501953125, -171.40406799316406], [-198.21778869628906, -39.80045700073242], [-268.4503173828125, -41.89070510864258], [-206.45985412597656, -226.1876678466797], [-183.8966064453125, -178.94383239746094], [-41.90919876098633, -135.55303955078125], [-249.0610809326172, -59.45771026611328], [-154.15780639648438, -116.216064453125], [-299.5327453613281, -330.212158203125], [-301.5617370605469, -291.8670654296875], [-31.534635543823242, -131.15408325195312], [-176.92196655273438, -3.444861650466919], [-55.36666488647461, -209.6211700439453], [-366.70745849609375, -167.5459442138672], [-30.93291664123535, -100.1063232421875], [-419.3671875, -525.430908203125], [-224.31756591796875, -102.1299819946289], [-21.396263122558594, -227.5103759765625], [-219.48558044433594, -31.019243240356445], [-222.05007934570312, -362.2559814453125], [-8.771734237670898, -66.9329833984375], [-94.28875732421875, -68.48379516601562], [-329.3379211425781, -197.12266540527344], [-52.450645446777344, -39.9460563659668], [-50.72523498535156, -172.29318237304688], [-19.472766876220703, -65.5578384399414], [-87.87773132324219, -331.462158203125], [-124.95161437988281, -14.965110778808594], [-159.42601013183594, -243.55810546875], [-21.43960189819336, -313.07275390625], [-31.480335235595703, -191.60903930664062], [-277.8432312011719, -145.81651306152344], [-188.30975341796875, -314.2249755859375], [-140.61195373535156, -99.90884399414062], [-17.267303466796875, -93.14078521728516], [-166.84555053710938, -305.1178283691406], [-33.3884162902832, -476.6644287109375], [-29.707374572753906, -85.16790771484375], [-71.56459045410156, -60.07286834716797], [-151.78768920898438, -83.35513305664062], [-352.8461608886719, -71.08377075195312], [-101.31393432617188, -59.53746032714844], [-102.36772155761719, -100.87364196777344], [-128.68499755859375, -58.220394134521484], [-154.3396453857422, -222.4698028564453], [-125.30697631835938, -40.32215881347656], [-195.76673889160156, -35.91009521484375], [-195.1824493408203, -500.93402099609375], [-210.51268005371094, -62.207489013671875], [-205.1975555419922, -136.16148376464844], [-224.7164306640625, -52.62374496459961], [-61.491886138916016, -253.07931518554688], [-129.9315643310547, -26.661409378051758], [-168.4639434814453, -109.01744842529297], [-118.98389434814453, -652.4971313476562], [-438.3684997558594, -204.7342071533203], [-125.2626724243164, -74.39634704589844], [-147.17068481445312, -292.9913330078125], [-52.71291732788086, -106.04621124267578], [-53.012508392333984, -281.8492431640625], [-184.1796112060547, -397.2064514160156], [-82.47740936279297, -130.24961853027344], [-35.649688720703125, -80.81729125976562], [-64.4880142211914, -129.15269470214844], [-178.9210968017578, -185.6231689453125], [-37.234378814697266, -19.303972244262695], [-202.11441040039062, -653.4271240234375], [-96.09852600097656, -235.83609008789062], [-191.20082092285156, -73.49788665771484], [-318.34954833984375, -305.0484924316406], [-110.42117309570312, -164.30270385742188], [-138.32379150390625, -38.556800842285156], [-197.7479705810547, -94.96629333496094], [-232.04656982421875, -626.9331665039062], [-64.7177734375, -130.4958953857422], [-116.83311462402344, -60.81177520751953], [-116.73710632324219, -19.220779418945312], [-233.0128936767578, -159.27633666992188], [-107.08429718017578, -111.66387939453125], [-123.8971176147461, -79.03611755371094], [-59.03069305419922, -502.38079833984375], [-236.97360229492188, -290.9071960449219], [-18.57022476196289, -161.97784423828125], [-68.95831298828125, -103.39812469482422], [-322.83453369140625, -270.27239990234375], [-56.96450424194336, -303.5962829589844], [-114.55264282226562, -191.3008575439453], [-581.673095703125, -267.0800476074219], [-78.52649688720703, -207.86727905273438], [-377.94195556640625, -101.02688598632812], [-226.25643920898438, -153.71942138671875], [-17.192733764648438, -39.7207145690918], [-136.6018524169922, -218.5691680908203], [-16.23723030090332, -39.12578582763672], [-225.6331024169922, -268.2843322753906], [-77.65450286865234, -40.51577377319336], [-19.116466522216797, -563.598876953125], [-125.30364227294922, -69.83769226074219], [-27.60260581970215, -137.7926025390625]], "train_probs": [1.0, 1.0, 1.5857218365382424e-69, 4.040271659814007e-99, 0.9999999972940525, 0.007014239354311473, 1.0, 4.53213011031297e-83, 3.327444651664762e-17, 0.9999999999999526, 6.160711197995043e-05, 1.0, 4.5693098010337445e-76, 1.0, 3.2007616856755497e-87, 1.0, 1.0, 8.602140764082558e-54, 1.0, 1.4128944780339508e-82, 1.0, 1.0, 6.20936699587967e-12, 3.7987788368047415e-58, 3.7095766795803597e-06, 1.0, 1.0, 1.0, 1.711860623057535e-48, 1.0, 1.0, 1.0, 4.586958893284521e-58, 1.0, 2.103119950047361e-18, 1.0, 1.0, 1.0, 1.0, 1.0214193133857052e-05, 1.9059806203586565e-30, 4.286953331684913e-123, 7.189651984600831e-19, 0.18331019272087473, 2.4981100319286045e-31, 1.0, 1.2347035933592035e-37, 3.759600992765281e-70, 1.0, 3.907274236097301e-65, 1.0423533699556353e-30, 1.8242998600369712e-75, 1.0, 1.4136488968537447e-45, 1.5230537442369167e-26, 1.0, 3.4191325647095002e-102, 8.110274871355024e-23, 1.0, 1.0, 1.0, 1.0, 1.0, 1.0, 1.0, 0.9987731431094207, 1.6327637925335068e-08, 1.0, 1.0, 7.625444154394325e-52, 1.6727232334636978e-06, 1.0, 4.696198868498676e-44, 2.3040119711650388e-45, 1.0, 1.0, 4.679952256838272e-25, 4.4585878683342074e-43, 9.475893638855607e-33, 0.9898450004440258, 3.2893888868490484e-20, 1.0, 1.0, 1.0, 0.9999999999999989, 1.4878369440583375e-23, 1.0, 1.0, 2.3657844173586153e-137, 1.0, 5.461517448973907e-121, 3.1446580419580727e-32, 0.9999999998354786, 1.0, 0.9999999998852833, 1.0, 7.427709139694444e-17, 1.0, 8.155375763094467e-25, 1.0], "test_labels": [], "test_logprobs": [], "test_probs": []}}