{"0": {"train_labels": [0, 0, 1, 1, 1, 1, 0, 1, 1, 0, 0, 0, 1, 0, 1, 0, 0, 1, 0, 1, 0, 0, 0, 1, 0, 0, 0, 0, 1, 0, 0, 0, 1, 0, 1, 0, 0, 0, 0, 1, 1, 1, 1, 0, 1, 0, 1, 1, 0, 1, 1, 1, 0, 1, 1, 0, 1, 1, 0, 0, 0, 0, 0, 0, 1, 0, 0, 0, 0, 1, 1, 0, 1, 1, 0, 0, 1, 1, 1, 1, 0, 0, 0, 0, 0, 1, 0, 0, 1, 0, 1, 1, 0, 0, 0, 0, 1, 0, 1, 0], "train_logprobs": [[-31.17755699157715, -88.45857238769531], [-90.0771484375, -117.9780502319336], [-174.73391723632812, -53.54236602783203], [-187.77186584472656, -59.89006042480469], [-160.71104431152344, -127.1491928100586], [-158.6381378173828, -133.9810791015625], [-77.95654296875, -173.23370361328125], [-179.0996551513672, -49.73353576660156], [-130.75714111328125, -104.24732971191406], [-154.19155883789062, -228.86412048339844], [-168.75015258789062, -172.64501953125], [-66.42671966552734, -86.83689880371094], [-120.69236755371094, -10.997477531433105], [-32.4015998840332, -211.05459594726562], [-230.6415557861328, -121.61531829833984], [-28.960594177246094, -72.20904541015625], [-282.00262451171875, -323.5041198730469], [-173.86178588867188, -75.79500579833984], [-85.82379150390625, -151.14620971679688], [-208.62142944335938, -36.94371032714844], [-174.67428588867188, -262.2702331542969], [-33.41547393798828, -63.128108978271484], [-64.08366394042969, -69.95439147949219], [-228.38681030273438, -149.00210571289062], [-61.42506408691406, -120.81780242919922], [-86.03837585449219, -110.39373779296875], [-31.152385711669922, -35.108341217041016], [-69.33724212646484, -226.0621337890625], [-72.27987670898438, -58.56803894042969], [-125.36644744873047, -179.96560668945312], [-39.70215606689453, -240.76681518554688], [-97.96223449707031, -207.320556640625], [-217.46083068847656, -73.89279174804688], [-150.13995361328125, -189.8978271484375], [-144.1610870361328, -129.9766845703125], [-8.903594970703125, -98.32299041748047], [-168.555419921875, -241.32809448242188], [-62.65486145019531, -286.589111328125], [-49.5792350769043, -84.0608901977539], [-122.5311508178711, -54.211280822753906], [-88.20450592041016, -72.85674285888672], [-222.5259246826172, -70.80896759033203], [-83.2052001953125, -69.64765930175781], [-85.34066772460938, -109.23515319824219], [-142.07904052734375, -59.01248550415039], [-139.8522186279297, -147.70993041992188], [-102.57814025878906, -48.461669921875], [-172.7932586669922, -60.21406555175781], [-112.67803955078125, -302.46697998046875], [-115.35457611083984, -52.256996154785156], [-172.40185546875, -141.4162139892578], [-144.25057983398438, -66.1278305053711], [-37.770748138427734, -193.5375518798828], [-94.41277313232422, -43.52912902832031], [-103.3551025390625, -55.642024993896484], [-104.67912292480469, -409.90435791015625], [-283.443115234375, -191.21176147460938], [-110.3682861328125, -73.64765930175781], [-164.34674072265625, -222.45062255859375], [-70.78179931640625, -144.87557983398438], [-102.5210189819336, -186.3681640625], [-133.12742614746094, -212.52891540527344], [-115.17140197753906, -126.69877624511719], [-71.35994720458984, -98.85327911376953], [-82.53707885742188, -82.02778625488281], [-113.45268249511719, -125.35714721679688], [-29.701370239257812, -44.190635681152344], [-175.8406219482422, -369.6081237792969], [-71.88162231445312, -182.58609008789062], [-169.1241455078125, -89.33870697021484], [-223.345703125, -196.2496795654297], [-62.941524505615234, -150.16262817382812], [-130.8480682373047, -40.933406829833984], [-149.87905883789062, -77.29874420166016], [-248.27117919921875, -393.3135681152344], [-94.14910125732422, -138.42288208007812], [-82.80305480957031, -35.36735534667969], [-75.0932846069336, -52.226985931396484], [-171.19667053222656, -95.63923645019531], [-93.82254028320312, -89.16305541992188], [-79.37108612060547, -86.755859375], [-46.609336853027344, -266.82000732421875], [-149.25588989257812, -188.0959014892578], [-27.53929328918457, -106.0694351196289], [-91.44996643066406, -122.39086151123047], [-209.85601806640625, -177.50830078125], [-92.60266876220703, -213.74591064453125], [-106.44800567626953, -155.85243225097656], [-355.9691162109375, -151.51876831054688], [-85.28543090820312, -151.94064331054688], [-205.53240966796875, -116.24365997314453], [-181.0520782470703, -133.30780029296875], [-24.59487533569336, -41.79670333862305], [-102.81982421875, -242.2234649658203], [-34.957763671875, -48.348201751708984], [-148.92788696289062, -153.83416748046875], [-92.64273071289062, -26.4941349029541], [-85.58573150634766, -397.90338134765625], [-109.09962463378906, -76.72053527832031], [-48.810447692871094, -126.54203796386719]], "train_probs": [1.0, 0.9999999999992366, 2.3290459499606603e-53, 2.8949266900318318e-56, 2.656275340095749e-15, 1.9569307599830025e-11, 1.0, 6.561576642315904e-57, 3.0685640455144224e-12, 1.0, 0.9800596270028378, 0.99999999863236, 2.2914720816095174e-48, 1.0, 4.472050265868497e-48, 1.0, 1.0, 2.5712159219760034e-43, 1.0, 2.7625740125063797e-75, 1.0, 0.9999999999998753, 0.9971871143148205, 3.3393416104841204e-35, 1.0, 0.9999999999735393, 0.9812191022698112, 1.0, 1.1092362108834604e-06, 1.0, 1.0, 1.0, 4.4585424968518027e-63, 1.0, 6.914996739726061e-07, 1.0, 1.0, 1.0, 0.9999999999999989, 2.1333271317565694e-30, 2.1604842219187377e-07, 1.2887323300348667e-66, 1.294297879478361e-06, 0.9999999999580477, 8.407241498185224e-37, 0.9996133916817757, 3.144239017147348e-24, 1.2807891885227245e-49, 1.0, 3.9542962567593666e-28, 3.4922625539590015e-14, 1.1795627667793819e-34, 1.0, 7.971024546041674e-23, 1.898775885419555e-21, 1.0, 8.798973377142004e-41, 1.1283254792060028e-16, 1.0, 1.0, 1.0, 1.0, 0.9999901435463465, 0.9999999999988525, 0.37535937064503333, 0.9999932398905811, 0.9999994902094855, 1.0, 1.0, 2.2367853358927893e-35, 1.707444069864559e-12, 1.0, 8.923982470789976e-40, 3.0114097951129543e-32, 1.0, 1.0, 2.5057484941987956e-21, 1.1729855541420087e-10, 1.5339927654079739e-33, 0.009382475562556947, 0.9993797535713044, 1.0, 1.0, 1.0, 0.9999999999999635, 8.944681499210535e-15, 1.0, 1.0, 1.61563065043986e-89, 1.0, 1.668740135676008e-39, 1.8404479604812647e-21, 0.9999999661669614, 1.0, 0.9999984703010545, 0.9926543959522496, 1.870810738462494e-29, 1.0, 8.668424358982738e-15, 1.0], "test_labels": [], "test_logprobs": [], "test_probs": []}}