{"0": {"0": {"chosen": -20.96847915649414, "rejected": -6.203544616699219}, "1": {"chosen": -15.230123519897461, "rejected": -23.250944137573242}, "2": {"chosen": -35.772220611572266, "rejected": -255.1044921875}, "3": {"chosen": -18.43330955505371, "rejected": -23.520957946777344}, "4": {"chosen": -35.59618377685547, "rejected": -179.52096557617188}, "5": {"chosen": -118.61946105957031, "rejected": -178.06858825683594}, "6": {"chosen": -102.24829864501953, "rejected": -27.501628875732422}, "7": {"chosen": -12.086091995239258, "rejected": -26.788856506347656}, "8": {"chosen": -15.494935035705566, "rejected": -58.58346176147461}, "9": {"chosen": -9.802360534667969, "rejected": -338.9784240722656}, "10": {"chosen": -21.030994415283203, "rejected": -23.848125457763672}, "11": {"chosen": -28.895160675048828, "rejected": -313.23931884765625}, "12": {"chosen": -30.266752243041992, "rejected": -10.923385620117188}, "13": {"chosen": -103.62928009033203, "rejected": -44.77907943725586}, "14": {"chosen": -41.88575744628906, "rejected": -26.75954818725586}, "15": {"chosen": -20.5734920501709, "rejected": -31.328533172607422}, "16": {"chosen": -69.47959899902344, "rejected": -285.6375732421875}, "17": {"chosen": -57.710357666015625, "rejected": -35.24958038330078}, "18": {"chosen": -221.0005340576172, "rejected": -85.23946380615234}, "19": {"chosen": -81.1595230102539, "rejected": -41.92777633666992}, "20": {"chosen": -54.908756256103516, "rejected": -32.51605224609375}, "21": {"chosen": -25.515077590942383, "rejected": -15.116866111755371}, "22": {"chosen": -52.17548370361328, "rejected": -20.432476043701172}, "23": {"chosen": -13.592662811279297, "rejected": -57.57939147949219}, "24": {"chosen": -50.14429473876953, "rejected": -15.844002723693848}, "25": {"chosen": -113.79508209228516, "rejected": -14.513077735900879}, "26": {"chosen": -31.654056549072266, "rejected": -67.82129669189453}, "27": {"chosen": -196.68673706054688, "rejected": -147.4812774658203}, "28": {"chosen": -78.51448822021484, "rejected": -30.735074996948242}, "29": {"chosen": -11.745125770568848, "rejected": -111.7455825805664}, "30": {"chosen": -44.627647399902344, "rejected": -17.903064727783203}, "31": {"chosen": -113.00028991699219, "rejected": -180.16880798339844}, "32": {"chosen": -46.589962005615234, "rejected": -45.367374420166016}, "33": {"chosen": -78.44619750976562, "rejected": -25.39771270751953}, "34": {"chosen": -204.02613830566406, "rejected": -47.38191604614258}, "35": {"chosen": -64.10955810546875, "rejected": -89.66558837890625}, "36": {"chosen": -25.38484001159668, "rejected": -165.99334716796875}, "37": {"chosen": -28.352365493774414, "rejected": -98.96841430664062}, "38": {"chosen": -21.13368797302246, "rejected": -388.2869567871094}, "39": {"chosen": -15.993383407592773, "rejected": -131.9689178466797}, "40": {"chosen": -54.97820281982422, "rejected": -87.1044921875}, "41": {"chosen": -133.3451690673828, "rejected": -63.813316345214844}, "42": {"chosen": -96.10814666748047, "rejected": -61.13581466674805}, "43": {"chosen": -106.22605895996094, "rejected": -47.63327407836914}, "44": {"chosen": -250.9915771484375, "rejected": -363.3702087402344}, "45": {"chosen": -123.02129364013672, "rejected": -350.1210632324219}, "46": {"chosen": -159.83419799804688, "rejected": -114.31559753417969}, "47": {"chosen": -74.41941833496094, "rejected": -133.53607177734375}, "48": {"chosen": -34.54331588745117, "rejected": -25.296422958374023}, "49": {"chosen": -125.93209075927734, "rejected": -31.343509674072266}, "50": {"chosen": -98.63716888427734, "rejected": -45.574344635009766}, "51": {"chosen": -23.26306915283203, "rejected": -28.15012550354004}, "52": {"chosen": -15.973753929138184, "rejected": -33.820518493652344}, "53": {"chosen": -355.51190185546875, "rejected": -107.98333740234375}, "54": {"chosen": -24.57402801513672, "rejected": -253.80191040039062}, "55": {"chosen": -28.961990356445312, "rejected": -141.49729919433594}, "56": {"chosen": -42.31452941894531, "rejected": -263.59393310546875}, "57": {"chosen": -17.028505325317383, "rejected": -15.660233497619629}, "58": {"chosen": -98.82823181152344, "rejected": -161.4419403076172}, "59": {"chosen": -62.0598258972168, "rejected": -27.797487258911133}, "60": {"chosen": -21.41694450378418, "rejected": -35.80717086791992}, "61": {"chosen": -89.49535369873047, "rejected": -53.73983383178711}, "62": {"chosen": -159.6037139892578, "rejected": -108.44911193847656}, "63": {"chosen": -67.8798828125, "rejected": -27.375816345214844}, "64": {"chosen": -183.40093994140625, "rejected": -181.13331604003906}, "65": {"chosen": -52.03493118286133, "rejected": -136.64706420898438}, "66": {"chosen": -19.621740341186523, "rejected": -64.4549331665039}, "67": {"chosen": -16.924787521362305, "rejected": -82.08888244628906}, "68": {"chosen": -146.56687927246094, "rejected": -206.73233032226562}, "69": {"chosen": -18.923635482788086, "rejected": -16.927532196044922}, "70": {"chosen": -23.92076873779297, "rejected": -27.081993103027344}, "71": {"chosen": -44.85100555419922, "rejected": -209.866943359375}, "72": {"chosen": -22.289587020874023, "rejected": -187.54945373535156}, "73": {"chosen": -2.9166488647460938, "rejected": -7.6141862869262695}, "74": {"chosen": -53.05475616455078, "rejected": -29.247066497802734}, "75": {"chosen": -37.8293342590332, "rejected": -466.7911682128906}, "76": {"chosen": -15.611383438110352, "rejected": -11.455243110656738}, "77": {"chosen": -105.82575988769531, "rejected": -101.82606506347656}, "78": {"chosen": -68.14582061767578, "rejected": -44.823116302490234}, "79": {"chosen": -129.82179260253906, "rejected": -19.238492965698242}, "80": {"chosen": -7.140628814697266, "rejected": -13.330280303955078}, "81": {"chosen": -39.37971878051758, "rejected": -24.377519607543945}, "82": {"chosen": -25.862422943115234, "rejected": -29.622241973876953}, "83": {"chosen": -89.53146362304688, "rejected": -173.2558135986328}, "84": {"chosen": -44.6148681640625, "rejected": -33.25668716430664}, "85": {"chosen": -46.87309265136719, "rejected": -269.787353515625}, "86": {"chosen": -137.44073486328125, "rejected": -40.589508056640625}, "87": {"chosen": -4.302459716796875, "rejected": -71.42953491210938}, "88": {"chosen": -43.09691619873047, "rejected": -126.16824340820312}, "89": {"chosen": -52.48003387451172, "rejected": -71.50215148925781}, "90": {"chosen": -37.89757537841797, "rejected": -54.13517379760742}, "91": {"chosen": -63.6815071105957, "rejected": -45.0595817565918}, "92": {"chosen": -22.900733947753906, "rejected": -39.580562591552734}, "93": {"chosen": -102.69136047363281, "rejected": -106.38875579833984}, "94": {"chosen": -4.218808174133301, "rejected": -14.840005874633789}, "95": {"chosen": -10.71496295928955, "rejected": -95.40505981445312}, "96": {"chosen": -18.972929000854492, "rejected": -13.044453620910645}, "97": {"chosen": -100.57852172851562, "rejected": -85.04802703857422}, "98": {"chosen": -16.479045867919922, "rejected": -62.09686279296875}, "99": {"chosen": -76.9465103149414, "rejected": -43.6647834777832}}}