{"0": {"train_labels": [0, 0, 1, 1, 0, 1, 0, 1, 0, 0, 0, 0, 1, 0, 1, 0, 0, 1, 0, 1, 0, 0, 1, 1, 0, 0, 0, 0, 1, 0, 0, 0, 1, 0, 1, 0, 0, 0, 0, 1, 1, 1, 1, 0, 1, 0, 1, 1, 0, 1, 1, 1, 0, 1, 1, 0, 1, 1, 0, 0, 0, 0, 0, 0, 0, 0, 0, 0, 0, 1, 1, 0, 1, 1, 0, 0, 1, 1, 1, 0, 1, 0, 0, 0, 0, 1, 0, 0, 1, 0, 1, 1, 0, 0, 0, 1, 1, 0, 1, 0], "train_logprobs": [[-17.25936508178711, -66.56180572509766], [-65.14968872070312, -97.8011703491211], [-135.715087890625, -29.058155059814453], [-128.35935974121094, -29.433349609375], [-106.775390625, -120.65419006347656], [-123.36370849609375, -102.59355163574219], [-47.76808547973633, -97.67398071289062], [-143.09056091308594, -42.86652755737305], [-69.22377014160156, -71.25949096679688], [-123.46327209472656, -162.27438354492188], [-143.5986328125, -156.6127166748047], [-23.08575439453125, -70.78496551513672], [-78.41633605957031, -9.286640167236328], [-31.76605796813965, -146.25900268554688], [-194.20074462890625, -100.88679504394531], [-20.814374923706055, -52.860992431640625], [-263.0705261230469, -282.99176025390625], [-121.23455047607422, -59.472984313964844], [-36.16445541381836, -103.4504623413086], [-166.36019897460938, -21.714309692382812], [-137.53001403808594, -209.86410522460938], [-22.01058006286621, -51.0428352355957], [-39.91645812988281, -33.44865417480469], [-165.9537353515625, -103.1457290649414], [-27.77243423461914, -51.64678192138672], [-49.27450942993164, -86.42725372314453], [-12.946389198303223, -25.269916534423828], [-46.888099670410156, -202.31947326660156], [-54.107521057128906, -29.5141544342041], [-94.382568359375, -141.63284301757812], [-21.08139991760254, -204.8973846435547], [-57.92941665649414, -132.1256103515625], [-144.26116943359375, -65.55596923828125], [-107.57108306884766, -146.27578735351562], [-83.74932098388672, -71.45419311523438], [-7.131115913391113, -65.41357421875], [-113.595458984375, -189.44615173339844], [-37.5045166015625, -253.6130828857422], [-22.64809799194336, -42.92910385131836], [-57.895755767822266, -36.39939498901367], [-47.51879119873047, -45.43396759033203], [-192.17694091796875, -39.15742874145508], [-62.03676223754883, -34.82889938354492], [-67.52509307861328, -80.52456665039062], [-80.40203857421875, -37.46482467651367], [-106.65692138671875, -118.0065689086914], [-69.55106353759766, -28.365570068359375], [-121.75464630126953, -29.206932067871094], [-95.7791519165039, -279.5721130371094], [-89.3292236328125, -33.88439178466797], [-143.39913940429688, -83.4665298461914], [-117.99134063720703, -42.36540603637695], [-25.833675384521484, -145.25820922851562], [-76.6533203125, -15.765693664550781], [-75.81970977783203, -44.664154052734375], [-70.21185302734375, -376.4790344238281], [-225.03224182128906, -111.9209976196289], [-80.58406829833984, -58.058555603027344], [-87.09491729736328, -156.4906005859375], [-45.28242111206055, -79.8266830444336], [-50.776512145996094, -156.6749267578125], [-100.8615493774414, -217.41561889648438], [-59.158504486083984, -75.6447982788086], [-27.34588623046875, -64.85951232910156], [-44.15248489379883, -65.59253692626953], [-80.43162536621094, -101.36031341552734], [-20.141887664794922, -20.752836227416992], [-111.13972473144531, -335.3385314941406], [-55.6818733215332, -133.7498321533203], [-103.54744720458984, -55.694435119628906], [-199.72962951660156, -162.60910034179688], [-44.230873107910156, -85.43878936767578], [-91.62810516357422, -33.08534240722656], [-98.58967590332031, -45.52183151245117], [-178.13040161132812, -293.395751953125], [-51.1296501159668, -83.12566375732422], [-68.14842987060547, -25.808250427246094], [-59.545082092285156, -26.243555068969727], [-135.6194610595703, -86.81666564941406], [-66.3768081665039, -74.16527557373047], [-65.74002075195312, -62.49588394165039], [-30.15420150756836, -242.85597229003906], [-133.91961669921875, -172.0714874267578], [-19.42225456237793, -92.73403930664062], [-59.73210144042969, -59.92749786376953], [-179.50485229492188, -131.99961853027344], [-44.45328903198242, -171.83279418945312], [-62.955589294433594, -101.76603698730469], [-305.84210205078125, -156.71041870117188], [-48.52340316772461, -107.46333312988281], [-186.5683135986328, -60.61322021484375], [-137.48049926757812, -83.40120697021484], [-24.329639434814453, -29.972171783447266], [-76.3492202758789, -164.75686645507812], [-14.082904815673828, -36.234718322753906], [-128.17440795898438, -128.0450897216797], [-55.985313415527344, -14.628718376159668], [-36.37903594970703, -333.56060791015625], [-63.40528106689453, -51.35581970214844], [-28.855241775512695, -82.33795166015625]], "train_probs": [1.0, 0.9999999999999933, 4.780602286423069e-47, 1.0888791527061563e-43, 0.9999990613286107, 9.541913755411955e-10, 1.0, 2.973413846644634e-44, 0.88449681682315, 1.0, 0.9999977712866029, 1.0, 9.491930252166183e-31, 1.0, 2.9803454833123984e-41, 0.9999999999999879, 0.9999999977699329, 1.5041551052934645e-27, 1.0, 1.517359383503412e-63, 1.0, 0.9999999999997536, 0.001550224712686164, 5.282377694130362e-28, 0.9999999999571942, 0.9999999999999999, 0.9999955541157705, 1.0, 2.0856267299543677e-11, 1.0, 1.0, 1.0, 6.588186094942804e-35, 1.0, 4.573954350548425e-06, 1.0, 1.0, 1.0, 0.9999999984437797, 4.6158228480794884e-10, 0.11058066049341717, 3.5032428008959056e-67, 1.5267759073382736e-12, 0.999997738485493, 2.252189533827955e-19, 0.9999882264997743, 1.2982772647206194e-18, 6.412662679881755e-41, 1.0, 8.329433750243967e-25, 9.366953900486363e-27, 1.4324316690400195e-33, 1.0, 3.604456018258523e-27, 2.9465517160167275e-14, 1.0, 7.52334195418144e-50, 1.649279019373402e-10, 1.0, 0.999999999999999, 1.0, 1.0, 0.9999999308019989, 1.0, 0.999999999511681, 0.9999999991856966, 0.6481571516616381, 1.0, 1.0, 1.6508245129404684e-21, 7.56413052019923e-17, 1.0, 3.7601154491723114e-26, 8.972800556402728e-24, 1.0, 0.9999999999999873, 4.0916050405547087e-19, 3.446121416743822e-15, 6.385799108669067e-22, 0.9995856840906191, 0.037538145286359785, 1.0, 1.0, 1.0, 0.5486942763395116, 2.3374326951010887e-21, 1.0, 1.0, 1.7097509130196116e-65, 1.0, 1.9879157556113865e-55, 3.2633358350692797e-24, 0.9964686320666216, 1.0, 0.9999999997603433, 0.4677154199469459, 1.0941049530287599e-18, 1.0, 5.84767031708441e-06, 1.0], "test_labels": [], "test_logprobs": [], "test_probs": []}}