{"0": {"0": {"chosen": -19.200286865234375, "rejected": -5.999198913574219}, "1": {"chosen": -14.27357006072998, "rejected": -24.7745361328125}, "2": {"chosen": -37.9968147277832, "rejected": -254.086669921875}, "3": {"chosen": -18.634023666381836, "rejected": -24.086780548095703}, "4": {"chosen": -37.08572006225586, "rejected": -180.43492126464844}, "5": {"chosen": -119.45142364501953, "rejected": -180.76907348632812}, "6": {"chosen": -103.00037384033203, "rejected": -27.885181427001953}, "7": {"chosen": -11.044671058654785, "rejected": -23.907957077026367}, "8": {"chosen": -15.590571403503418, "rejected": -58.54808044433594}, "9": {"chosen": -9.664132118225098, "rejected": -336.38189697265625}, "10": {"chosen": -19.38504409790039, "rejected": -23.610633850097656}, "11": {"chosen": -28.653100967407227, "rejected": -315.4423522949219}, "12": {"chosen": -30.841896057128906, "rejected": -10.842357635498047}, "13": {"chosen": -103.88363647460938, "rejected": -46.243839263916016}, "14": {"chosen": -43.29301071166992, "rejected": -28.047496795654297}, "15": {"chosen": -20.098424911499023, "rejected": -30.531349182128906}, "16": {"chosen": -68.5714340209961, "rejected": -280.43536376953125}, "17": {"chosen": -57.65643310546875, "rejected": -34.27730178833008}, "18": {"chosen": -220.79229736328125, "rejected": -84.5811538696289}, "19": {"chosen": -81.27473449707031, "rejected": -40.20830535888672}, "20": {"chosen": -54.270225524902344, "rejected": -30.360387802124023}, "21": {"chosen": -25.045454025268555, "rejected": -13.794913291931152}, "22": {"chosen": -52.21210479736328, "rejected": -20.235530853271484}, "23": {"chosen": -15.337116241455078, "rejected": -58.8509407043457}, "24": {"chosen": -51.96624755859375, "rejected": -16.07571792602539}, "25": {"chosen": -115.45939636230469, "rejected": -14.645771980285645}, "26": {"chosen": -31.077381134033203, "rejected": -66.734375}, "27": {"chosen": -196.59104919433594, "rejected": -147.4219970703125}, "28": {"chosen": -79.51024627685547, "rejected": -32.26174545288086}, "29": {"chosen": -12.462451934814453, "rejected": -114.81735229492188}, "30": {"chosen": -45.257781982421875, "rejected": -18.45236587524414}, "31": {"chosen": -110.72277069091797, "rejected": -179.80072021484375}, "32": {"chosen": -44.749908447265625, "rejected": -44.40266799926758}, "33": {"chosen": -76.92948150634766, "rejected": -26.765348434448242}, "34": {"chosen": -203.93418884277344, "rejected": -47.502952575683594}, "35": {"chosen": -63.96453857421875, "rejected": -88.2292709350586}, "36": {"chosen": -24.79037857055664, "rejected": -165.55894470214844}, "37": {"chosen": -28.275333404541016, "rejected": -100.40628051757812}, "38": {"chosen": -20.49846649169922, "rejected": -387.00799560546875}, "39": {"chosen": -16.014053344726562, "rejected": -130.12875366210938}, "40": {"chosen": -56.732120513916016, "rejected": -86.67815399169922}, "41": {"chosen": -133.6583709716797, "rejected": -64.48951721191406}, "42": {"chosen": -96.2569580078125, "rejected": -61.36775588989258}, "43": {"chosen": -105.14532470703125, "rejected": -47.737205505371094}, "44": {"chosen": -249.3607940673828, "rejected": -362.8423767089844}, "45": {"chosen": -123.40913391113281, "rejected": -352.3798828125}, "46": {"chosen": -159.15463256835938, "rejected": -112.52467346191406}, "47": {"chosen": -77.33995056152344, "rejected": -134.6372528076172}, "48": {"chosen": -34.686641693115234, "rejected": -25.012901306152344}, "49": {"chosen": -126.40106964111328, "rejected": -31.009321212768555}, "50": {"chosen": -98.57451629638672, "rejected": -44.58442687988281}, "51": {"chosen": -22.879535675048828, "rejected": -29.08429718017578}, "52": {"chosen": -16.499759674072266, "rejected": -32.202816009521484}, "53": {"chosen": -356.3683166503906, "rejected": -107.47828674316406}, "54": {"chosen": -24.813499450683594, "rejected": -255.78680419921875}, "55": {"chosen": -28.116809844970703, "rejected": -139.69253540039062}, "56": {"chosen": -41.229434967041016, "rejected": -263.6791076660156}, "57": {"chosen": -18.19632339477539, "rejected": -15.967294692993164}, "58": {"chosen": -99.11241149902344, "rejected": -161.09213256835938}, "59": {"chosen": -63.37975311279297, "rejected": -25.037261962890625}, "60": {"chosen": -21.37347412109375, "rejected": -35.52619934082031}, "61": {"chosen": -89.19010925292969, "rejected": -55.03773498535156}, "62": {"chosen": -158.64749145507812, "rejected": -110.4778823852539}, "63": {"chosen": -69.18264770507812, "rejected": -26.81315803527832}, "64": {"chosen": -181.03573608398438, "rejected": -183.47091674804688}, "65": {"chosen": -51.77581024169922, "rejected": -138.36932373046875}, "66": {"chosen": -19.966678619384766, "rejected": -66.7062759399414}, "67": {"chosen": -16.93754005432129, "rejected": -81.32709503173828}, "68": {"chosen": -146.40333557128906, "rejected": -208.03848266601562}, "69": {"chosen": -19.817106246948242, "rejected": -16.396045684814453}, "70": {"chosen": -23.273685455322266, "rejected": -28.05394172668457}, "71": {"chosen": -44.365943908691406, "rejected": -209.6832733154297}, "72": {"chosen": -22.131757736206055, "rejected": -188.34812927246094}, "73": {"chosen": -2.692817211151123, "rejected": -6.87338399887085}, "74": {"chosen": -55.020050048828125, "rejected": -29.1473388671875}, "75": {"chosen": -38.407493591308594, "rejected": -464.05780029296875}, "76": {"chosen": -18.168455123901367, "rejected": -13.007203102111816}, "77": {"chosen": -106.46697235107422, "rejected": -100.79953002929688}, "78": {"chosen": -70.60059356689453, "rejected": -44.81755828857422}, "79": {"chosen": -129.54644775390625, "rejected": -18.709617614746094}, "80": {"chosen": -6.7756733894348145, "rejected": -12.719910621643066}, "81": {"chosen": -39.22140884399414, "rejected": -25.87281036376953}, "82": {"chosen": -27.348419189453125, "rejected": -31.144968032836914}, "83": {"chosen": -91.08650970458984, "rejected": -173.45091247558594}, "84": {"chosen": -44.6845703125, "rejected": -32.142765045166016}, "85": {"chosen": -46.652164459228516, "rejected": -269.5537414550781}, "86": {"chosen": -136.95193481445312, "rejected": -41.91919708251953}, "87": {"chosen": -3.8716824054718018, "rejected": -73.24286651611328}, "88": {"chosen": -43.780357360839844, "rejected": -126.09881591796875}, "89": {"chosen": -52.330806732177734, "rejected": -70.59629821777344}, "90": {"chosen": -38.102664947509766, "rejected": -53.8340950012207}, "91": {"chosen": -62.84341049194336, "rejected": -44.940338134765625}, "92": {"chosen": -21.526180267333984, "rejected": -39.40498352050781}, "93": {"chosen": -101.20730590820312, "rejected": -106.99700927734375}, "94": {"chosen": -4.05849027633667, "rejected": -15.512775421142578}, "95": {"chosen": -11.007509231567383, "rejected": -94.66766357421875}, "96": {"chosen": -20.70711326599121, "rejected": -14.228361129760742}, "97": {"chosen": -99.56590270996094, "rejected": -83.90182495117188}, "98": {"chosen": -16.07903480529785, "rejected": -64.44259643554688}, "99": {"chosen": -77.05303955078125, "rejected": -43.0828742980957}}}