{"0": {"train_labels": [0, 0, 1, 1, 0, 0, 0, 1, 1, 0, 0, 0, 1, 0, 1, 0, 0, 1, 0, 1, 0, 0, 1, 1, 0, 0, 0, 0, 1, 0, 0, 0, 1, 0, 1, 0, 0, 0, 0, 1, 1, 1, 1, 1, 1, 0, 1, 1, 0, 1, 1, 1, 0, 1, 1, 0, 1, 1, 0, 0, 0, 0, 0, 0, 0, 0, 1, 0, 0, 1, 1, 0, 1, 1, 0, 0, 1, 1, 1, 0, 1, 0, 0, 0, 0, 1, 0, 0, 1, 0, 1, 1, 0, 0, 0, 0, 1, 0, 1, 0], "train_logprobs": [[-9.722612380981445, -49.70615005493164], [-53.60575485229492, -95.27731323242188], [-121.5199966430664, -22.89067840576172], [-115.98017120361328, -21.693754196166992], [-94.74673461914062, -100.94344329833984], [-91.3611068725586, -91.52926635742188], [-32.58068084716797, -86.47996520996094], [-126.68917083740234, -38.58336639404297], [-66.66246795654297, -52.428035736083984], [-111.38206481933594, -148.64907836914062], [-134.61581420898438, -146.52215576171875], [-14.414634704589844, -65.34941101074219], [-75.74219512939453, -5.930948257446289], [-35.795928955078125, -126.8375244140625], [-176.21591186523438, -83.85503387451172], [-13.469951629638672, -44.972198486328125], [-222.53013610839844, -255.32669067382812], [-107.18844604492188, -45.852508544921875], [-14.149369239807129, -92.98629760742188], [-130.118408203125, -19.654878616333008], [-134.73655700683594, -193.17172241210938], [-11.729045867919922, -43.76774215698242], [-34.28966522216797, -24.50165367126465], [-137.33001708984375, -84.9395523071289], [-19.80365562438965, -31.44622802734375], [-37.8719482421875, -81.98746490478516], [-13.93006706237793, -24.845949172973633], [-46.690895080566406, -195.775634765625], [-46.61594772338867, -6.939294338226318], [-82.24694061279297, -125.32319641113281], [-11.58187484741211, -184.13851928710938], [-32.65925216674805, -120.48009490966797], [-134.92550659179688, -52.16350555419922], [-86.73995971679688, -119.20433044433594], [-78.07943725585938, -48.64602279663086], [-7.3323163986206055, -52.92556381225586], [-89.28460693359375, -161.6584014892578], [-22.755544662475586, -232.9324493408203], [-16.349576950073242, -32.52256393432617], [-41.47949981689453, -31.56426239013672], [-47.74498748779297, -33.464176177978516], [-175.92849731445312, -33.75698471069336], [-55.25668716430664, -33.84368896484375], [-64.13103485107422, -62.221256256103516], [-64.56015014648438, -20.935352325439453], [-95.27369689941406, -100.43757629394531], [-67.98709106445312, -14.270187377929688], [-106.3436279296875, -19.927642822265625], [-96.03260040283203, -275.0708923339844], [-80.80608367919922, -26.98549461364746], [-130.1549072265625, -67.59574127197266], [-110.36736297607422, -33.498294830322266], [-16.144577026367188, -122.58061218261719], [-72.46365356445312, -13.703654289245605], [-75.99624633789062, -39.46275329589844], [-54.20603561401367, -332.7535095214844], [-199.62925720214844, -91.8240737915039], [-69.035888671875, -45.72569274902344], [-73.20069122314453, -135.23683166503906], [-36.38142395019531, -68.11058807373047], [-33.68211364746094, -135.4049835205078], [-87.3719253540039, -207.2850799560547], [-44.81452941894531, -61.613616943359375], [-28.412851333618164, -42.78511047363281], [-24.881290435791016, -59.098724365234375], [-77.27771759033203, -91.36626434326172], [-14.956830024719238, -11.278321266174316], [-100.75949096679688, -321.3021240234375], [-40.156982421875, -126.45903015136719], [-90.28124237060547, -46.22536087036133], [-153.4720001220703, -149.04421997070312], [-37.21387481689453, -68.94438171386719], [-77.79129028320312, -24.373294830322266], [-93.00830078125, -36.1431999206543], [-162.3196563720703, -292.4585876464844], [-37.084625244140625, -65.31340026855469], [-58.08541488647461, -26.7590389251709], [-53.21982955932617, -6.468876361846924], [-127.92027282714844, -75.60928344726562], [-53.9968147277832, -57.14609146118164], [-68.21975708007812, -41.47937774658203], [-25.90835952758789, -230.56683349609375], [-130.9522705078125, -168.43434143066406], [-9.195544242858887, -85.13331604003906], [-35.232181549072266, -50.07794952392578], [-172.91860961914062, -119.3160400390625], [-20.53136444091797, -155.5770263671875], [-42.34102249145508, -76.2187728881836], [-288.1706848144531, -128.3682098388672], [-30.62112045288086, -88.45030212402344], [-173.33197021484375, -60.80826950073242], [-129.42938232421875, -80.7900161743164], [-7.784174919128418, -11.619961738586426], [-77.8155746459961, -123.11514282226562], [-9.143678665161133, -29.694961547851562], [-112.694580078125, -125.27970123291016], [-43.066505432128906, -13.731460571289062], [-14.0631103515625, -303.41424560546875], [-52.557586669921875, -37.41619873046875], [-14.299558639526367, -76.64820098876953]], "train_probs": [1.0, 1.0, 1.4649787854450155e-43, 1.1270141667629813e-41, 0.997968016217319, 0.5419410849519318, 1.0, 5.4467232177648204e-39, 6.577552875495306e-07, 1.0, 0.9999932525661801, 1.0, 4.801320627815352e-31, 1.0, 7.73001514643878e-41, 0.9999999999999791, 0.9999999999999942, 2.3021880823251362e-27, 1.0, 1.0624258986340022e-48, 1.0, 0.9999999999999878, 5.611722959360484e-05, 1.7664861654111402e-23, 0.999991216022081, 1.0, 0.999981832936076, 1.0, 5.8701388558493255e-18, 1.0, 1.0, 1.0, 1.1400388151317868e-36, 0.999999999999992, 1.6490374428111172e-13, 1.0, 1.0, 1.0, 0.9999999053412084, 4.9413502484065495e-05, 6.279458264834726e-07, 1.801758553015212e-62, 5.017103273367664e-10, 0.12900572789151243, 1.1323769803383473e-19, 0.9943130577701293, 4.6886211686097016e-24, 2.95130789504514e-38, 1.0, 4.2268336485077655e-24, 6.774846090534447e-28, 4.132262244826443e-34, 1.0, 3.025913842750143e-26, 1.3605219949342036e-16, 1.0, 1.5163649039583183e-47, 7.52506990285462e-11, 1.0, 0.9999999999999833, 1.0, 1.0, 0.9999999493885284, 0.9999994269310025, 0.9999999999999986, 0.9999992389353388, 0.024638239326905783, 1.0, 1.0, 7.358236953152208e-20, 0.01180006324314872, 0.9999999999999833, 6.322070586679787e-24, 2.012799349325177e-25, 1.0, 0.9999999999994499, 2.4838638222624134e-14, 4.969572177392012e-21, 1.9126080062501215e-23, 0.9588802136200926, 2.4366929763184963e-12, 1.0, 1.0, 1.0, 0.9999996430850546, 5.25653808739775e-24, 1.0, 0.9999999999999981, 3.9688704547334194e-70, 1.0, 1.3538722806407432e-49, 7.519546993842079e-22, 0.9788716919686097, 1.0, 0.9999999988123425, 0.9999965774496806, 1.819499290417865e-13, 1.0, 2.655697802430289e-07, 1.0], "test_labels": [], "test_logprobs": [], "test_probs": []}}