{"0": {"0": {"chosen": -20.766847610473633, "rejected": -6.240026950836182}, "1": {"chosen": -15.259559631347656, "rejected": -24.08949089050293}, "2": {"chosen": -38.80263137817383, "rejected": -254.01480102539062}, "3": {"chosen": -18.133888244628906, "rejected": -23.432785034179688}, "4": {"chosen": -38.01002502441406, "rejected": -178.33102416992188}, "5": {"chosen": -121.93952178955078, "rejected": -179.42724609375}, "6": {"chosen": -104.41722106933594, "rejected": -28.457317352294922}, "7": {"chosen": -11.04309368133545, "rejected": -24.953889846801758}, "8": {"chosen": -15.274898529052734, "rejected": -57.577476501464844}, "9": {"chosen": -9.529870986938477, "rejected": -337.24298095703125}, "10": {"chosen": -21.176347732543945, "rejected": -23.73689079284668}, "11": {"chosen": -28.27699089050293, "rejected": -313.6800231933594}, "12": {"chosen": -30.110910415649414, "rejected": -10.327132225036621}, "13": {"chosen": -102.52888488769531, "rejected": -46.59641647338867}, "14": {"chosen": -42.56429672241211, "rejected": -26.937049865722656}, "15": {"chosen": -19.965770721435547, "rejected": -33.48628616333008}, "16": {"chosen": -68.31527709960938, "rejected": -281.0396423339844}, "17": {"chosen": -56.486167907714844, "rejected": -36.67822265625}, "18": {"chosen": -220.0045623779297, "rejected": -85.63894653320312}, "19": {"chosen": -81.1597900390625, "rejected": -42.96870803833008}, "20": {"chosen": -55.1954460144043, "rejected": -32.52750015258789}, "21": {"chosen": -25.71809196472168, "rejected": -14.553215026855469}, "22": {"chosen": -51.72799301147461, "rejected": -19.95439910888672}, "23": {"chosen": -14.40602970123291, "rejected": -59.760223388671875}, "24": {"chosen": -50.352203369140625, "rejected": -14.265650749206543}, "25": {"chosen": -113.97943878173828, "rejected": -15.171527862548828}, "26": {"chosen": -30.672927856445312, "rejected": -68.40999603271484}, "27": {"chosen": -197.6946563720703, "rejected": -145.45697021484375}, "28": {"chosen": -79.6627197265625, "rejected": -30.883882522583008}, "29": {"chosen": -11.640973091125488, "rejected": -115.8163070678711}, "30": {"chosen": -44.82098388671875, "rejected": -18.303232192993164}, "31": {"chosen": -111.96368408203125, "rejected": -179.5077362060547}, "32": {"chosen": -50.736106872558594, "rejected": -46.606689453125}, "33": {"chosen": -80.15878295898438, "rejected": -26.546527862548828}, "34": {"chosen": -202.80809020996094, "rejected": -46.743953704833984}, "35": {"chosen": -63.81896209716797, "rejected": -88.76237487792969}, "36": {"chosen": -25.549596786499023, "rejected": -167.50270080566406}, "37": {"chosen": -29.45999526977539, "rejected": -100.35894775390625}, "38": {"chosen": -21.166385650634766, "rejected": -386.0955505371094}, "39": {"chosen": -16.435272216796875, "rejected": -133.32595825195312}, "40": {"chosen": -54.12003707885742, "rejected": -88.05404663085938}, "41": {"chosen": -133.42788696289062, "rejected": -62.95078659057617}, "42": {"chosen": -97.82870483398438, "rejected": -61.75278854370117}, "43": {"chosen": -107.31169891357422, "rejected": -47.790279388427734}, "44": {"chosen": -252.67205810546875, "rejected": -362.15191650390625}, "45": {"chosen": -123.41856384277344, "rejected": -349.40380859375}, "46": {"chosen": -159.0611572265625, "rejected": -113.80593872070312}, "47": {"chosen": -77.53241729736328, "rejected": -135.24217224121094}, "48": {"chosen": -36.0062255859375, "rejected": -25.82477569580078}, "49": {"chosen": -127.1100845336914, "rejected": -30.5021915435791}, "50": {"chosen": -99.64192962646484, "rejected": -45.859317779541016}, "51": {"chosen": -22.227569580078125, "rejected": -28.07386016845703}, "52": {"chosen": -15.50711441040039, "rejected": -34.0499153137207}, "53": {"chosen": -356.2344970703125, "rejected": -105.79010772705078}, "54": {"chosen": -24.694055557250977, "rejected": -253.51736450195312}, "55": {"chosen": -30.439430236816406, "rejected": -139.7226104736328}, "56": {"chosen": -41.204200744628906, "rejected": -262.04473876953125}, "57": {"chosen": -17.294288635253906, "rejected": -14.986690521240234}, "58": {"chosen": -99.02194213867188, "rejected": -161.2440185546875}, "59": {"chosen": -65.71318817138672, "rejected": -27.073699951171875}, "60": {"chosen": -22.06102180480957, "rejected": -35.180213928222656}, "61": {"chosen": -87.87824249267578, "rejected": -52.66862106323242}, "62": {"chosen": -158.36013793945312, "rejected": -109.61555480957031}, "63": {"chosen": -70.74285125732422, "rejected": -28.585451126098633}, "64": {"chosen": -184.9310760498047, "rejected": -183.3536376953125}, "65": {"chosen": -51.53296661376953, "rejected": -138.9361114501953}, "66": {"chosen": -19.26820182800293, "rejected": -67.462158203125}, "67": {"chosen": -18.216720581054688, "rejected": -81.35951232910156}, "68": {"chosen": -145.640380859375, "rejected": -206.9136199951172}, "69": {"chosen": -20.727230072021484, "rejected": -16.834144592285156}, "70": {"chosen": -23.21225357055664, "rejected": -27.353567123413086}, "71": {"chosen": -45.444732666015625, "rejected": -209.75845336914062}, "72": {"chosen": -23.398666381835938, "rejected": -192.3709716796875}, "73": {"chosen": -2.797753095626831, "rejected": -7.234948635101318}, "74": {"chosen": -54.95962905883789, "rejected": -29.918367385864258}, "75": {"chosen": -38.26272201538086, "rejected": -468.4997253417969}, "76": {"chosen": -15.049934387207031, "rejected": -11.265633583068848}, "77": {"chosen": -104.84820556640625, "rejected": -103.7406997680664}, "78": {"chosen": -69.14952087402344, "rejected": -45.41686248779297}, "79": {"chosen": -130.3621368408203, "rejected": -19.482772827148438}, "80": {"chosen": -6.874447822570801, "rejected": -12.8645658493042}, "81": {"chosen": -41.33677673339844, "rejected": -24.09619140625}, "82": {"chosen": -25.68425750732422, "rejected": -28.506481170654297}, "83": {"chosen": -91.37275695800781, "rejected": -173.0208740234375}, "84": {"chosen": -43.97634506225586, "rejected": -32.520774841308594}, "85": {"chosen": -45.73492431640625, "rejected": -271.245849609375}, "86": {"chosen": -137.35662841796875, "rejected": -41.854312896728516}, "87": {"chosen": -4.191386699676514, "rejected": -70.13019561767578}, "88": {"chosen": -45.308956146240234, "rejected": -127.14649200439453}, "89": {"chosen": -54.90470504760742, "rejected": -72.79986572265625}, "90": {"chosen": -36.661338806152344, "rejected": -53.28319549560547}, "91": {"chosen": -60.80293655395508, "rejected": -44.1917839050293}, "92": {"chosen": -22.533376693725586, "rejected": -39.3848991394043}, "93": {"chosen": -102.26714324951172, "rejected": -104.88418579101562}, "94": {"chosen": -4.951344013214111, "rejected": -15.954636573791504}, "95": {"chosen": -10.832411766052246, "rejected": -93.94757080078125}, "96": {"chosen": -19.828489303588867, "rejected": -13.675487518310547}, "97": {"chosen": -99.7874755859375, "rejected": -83.80262756347656}, "98": {"chosen": -15.424339294433594, "rejected": -62.311607360839844}, "99": {"chosen": -76.86121368408203, "rejected": -44.20315933227539}}}