{"0": {"0": {"chosen": -20.514888763427734, "rejected": -5.159204959869385}, "1": {"chosen": -15.057085990905762, "rejected": -23.05725860595703}, "2": {"chosen": -40.36931228637695, "rejected": -255.7433624267578}, "3": {"chosen": -16.27273178100586, "rejected": -22.807445526123047}, "4": {"chosen": -37.853267669677734, "rejected": -180.5204620361328}, "5": {"chosen": -119.63789367675781, "rejected": -181.07235717773438}, "6": {"chosen": -104.28115844726562, "rejected": -28.113082885742188}, "7": {"chosen": -10.91696834564209, "rejected": -26.731264114379883}, "8": {"chosen": -16.334077835083008, "rejected": -56.868553161621094}, "9": {"chosen": -8.684271812438965, "rejected": -337.0150146484375}, "10": {"chosen": -20.69213104248047, "rejected": -25.444683074951172}, "11": {"chosen": -28.993301391601562, "rejected": -315.4603576660156}, "12": {"chosen": -30.423114776611328, "rejected": -11.482193946838379}, "13": {"chosen": -102.94869995117188, "rejected": -46.917198181152344}, "14": {"chosen": -42.2849235534668, "rejected": -26.852022171020508}, "15": {"chosen": -20.01272964477539, "rejected": -32.19282531738281}, "16": {"chosen": -69.25518798828125, "rejected": -282.7956237792969}, "17": {"chosen": -56.601322174072266, "rejected": -35.618629455566406}, "18": {"chosen": -218.6138458251953, "rejected": -82.00929260253906}, "19": {"chosen": -82.11602783203125, "rejected": -42.518775939941406}, "20": {"chosen": -54.45510482788086, "rejected": -31.544958114624023}, "21": {"chosen": -25.585729598999023, "rejected": -14.015798568725586}, "22": {"chosen": -52.062042236328125, "rejected": -19.835325241088867}, "23": {"chosen": -14.827081680297852, "rejected": -59.47859191894531}, "24": {"chosen": -49.03532028198242, "rejected": -16.78571891784668}, "25": {"chosen": -113.67747497558594, "rejected": -13.129576683044434}, "26": {"chosen": -30.111106872558594, "rejected": -66.92588806152344}, "27": {"chosen": -196.4890899658203, "rejected": -146.052490234375}, "28": {"chosen": -82.34376525878906, "rejected": -30.901418685913086}, "29": {"chosen": -11.986481666564941, "rejected": -118.42511749267578}, "30": {"chosen": -45.55883026123047, "rejected": -18.142366409301758}, "31": {"chosen": -113.29725646972656, "rejected": -180.92813110351562}, "32": {"chosen": -50.20984649658203, "rejected": -47.05211639404297}, "33": {"chosen": -79.44316864013672, "rejected": -25.25910758972168}, "34": {"chosen": -202.79315185546875, "rejected": -47.38848114013672}, "35": {"chosen": -63.087886810302734, "rejected": -89.69481658935547}, "36": {"chosen": -24.56976890563965, "rejected": -165.6143798828125}, "37": {"chosen": -29.126192092895508, "rejected": -100.57494354248047}, "38": {"chosen": -21.331382751464844, "rejected": -387.5295715332031}, "39": {"chosen": -16.564760208129883, "rejected": -133.60145568847656}, "40": {"chosen": -54.453216552734375, "rejected": -87.20068359375}, "41": {"chosen": -135.9123992919922, "rejected": -64.60717010498047}, "42": {"chosen": -95.0254898071289, "rejected": -60.038028717041016}, "43": {"chosen": -104.72474670410156, "rejected": -47.28291702270508}, "44": {"chosen": -253.23397827148438, "rejected": -364.4593200683594}, "45": {"chosen": -125.74247741699219, "rejected": -354.050537109375}, "46": {"chosen": -160.18826293945312, "rejected": -113.71871948242188}, "47": {"chosen": -78.32678985595703, "rejected": -135.32627868652344}, "48": {"chosen": -35.12555694580078, "rejected": -23.777612686157227}, "49": {"chosen": -126.98411560058594, "rejected": -31.605833053588867}, "50": {"chosen": -99.16999053955078, "rejected": -45.391109466552734}, "51": {"chosen": -21.19000816345215, "rejected": -26.564847946166992}, "52": {"chosen": -15.591178894042969, "rejected": -31.038421630859375}, "53": {"chosen": -356.56951904296875, "rejected": -107.3125}, "54": {"chosen": -23.317556381225586, "rejected": -251.5314483642578}, "55": {"chosen": -30.397655487060547, "rejected": -142.36964416503906}, "56": {"chosen": -41.80236053466797, "rejected": -263.2583923339844}, "57": {"chosen": -18.691808700561523, "rejected": -15.401005744934082}, "58": {"chosen": -99.77967834472656, "rejected": -162.87393188476562}, "59": {"chosen": -62.26374053955078, "rejected": -27.138412475585938}, "60": {"chosen": -21.148483276367188, "rejected": -32.87826919555664}, "61": {"chosen": -87.54866027832031, "rejected": -52.67488098144531}, "62": {"chosen": -159.9191436767578, "rejected": -108.58279418945312}, "63": {"chosen": -66.30775451660156, "rejected": -26.36098861694336}, "64": {"chosen": -184.3399658203125, "rejected": -182.72280883789062}, "65": {"chosen": -52.35322570800781, "rejected": -140.28089904785156}, "66": {"chosen": -17.926984786987305, "rejected": -66.16249084472656}, "67": {"chosen": -16.856950759887695, "rejected": -81.65815734863281}, "68": {"chosen": -144.43394470214844, "rejected": -207.06570434570312}, "69": {"chosen": -20.969579696655273, "rejected": -17.262577056884766}, "70": {"chosen": -23.837963104248047, "rejected": -27.996549606323242}, "71": {"chosen": -45.03286361694336, "rejected": -210.33641052246094}, "72": {"chosen": -22.288009643554688, "rejected": -189.82333374023438}, "73": {"chosen": -2.717773675918579, "rejected": -7.107405185699463}, "74": {"chosen": -53.50419998168945, "rejected": -29.235992431640625}, "75": {"chosen": -37.824214935302734, "rejected": -469.5835876464844}, "76": {"chosen": -15.419466972351074, "rejected": -11.736250877380371}, "77": {"chosen": -105.81706237792969, "rejected": -102.11187744140625}, "78": {"chosen": -70.19662475585938, "rejected": -47.25144577026367}, "79": {"chosen": -132.1788330078125, "rejected": -19.016626358032227}, "80": {"chosen": -7.768083572387695, "rejected": -11.890120506286621}, "81": {"chosen": -41.96918487548828, "rejected": -25.54073715209961}, "82": {"chosen": -24.605602264404297, "rejected": -29.895977020263672}, "83": {"chosen": -92.24720764160156, "rejected": -173.7796630859375}, "84": {"chosen": -43.132511138916016, "rejected": -32.061500549316406}, "85": {"chosen": -45.76842498779297, "rejected": -271.13140869140625}, "86": {"chosen": -137.212158203125, "rejected": -40.42838668823242}, "87": {"chosen": -4.136111736297607, "rejected": -73.52627563476562}, "88": {"chosen": -42.7469367980957, "rejected": -125.58900451660156}, "89": {"chosen": -56.01582336425781, "rejected": -71.46980285644531}, "90": {"chosen": -36.736995697021484, "rejected": -53.91194152832031}, "91": {"chosen": -60.78464889526367, "rejected": -47.69108581542969}, "92": {"chosen": -21.759798049926758, "rejected": -39.54916763305664}, "93": {"chosen": -102.81961059570312, "rejected": -105.197509765625}, "94": {"chosen": -4.200402736663818, "rejected": -16.66970443725586}, "95": {"chosen": -10.711404800415039, "rejected": -94.67732238769531}, "96": {"chosen": -20.726781845092773, "rejected": -12.193848609924316}, "97": {"chosen": -100.03807830810547, "rejected": -84.20874786376953}, "98": {"chosen": -15.185942649841309, "rejected": -64.25962829589844}, "99": {"chosen": -78.45821380615234, "rejected": -43.40693664550781}}}