{"0": {"train_labels": [0, 0, 1, 1, 1, 1, 0, 1, 1, 0, 0, 0, 1, 0, 1, 0, 0, 1, 0, 1, 0, 0, 1, 1, 0, 0, 0, 0, 1, 0, 0, 0, 1, 0, 1, 0, 0, 0, 0, 1, 1, 1, 1, 0, 1, 0, 1, 1, 0, 1, 1, 1, 0, 1, 1, 0, 1, 1, 0, 0, 0, 0, 0, 0, 0, 0, 1, 0, 0, 1, 1, 0, 1, 1, 0, 0, 1, 1, 1, 0, 1, 0, 0, 0, 1, 1, 0, 0, 1, 0, 1, 1, 0, 0, 0, 0, 1, 0, 1, 0], "train_logprobs": [[-20.95944595336914, -81.22004699707031], [-79.21309661865234, -105.83657836914062], [-149.12405395507812, -48.08362579345703], [-135.21693420410156, -54.645015716552734], [-130.83218383789062, -128.03173828125], [-134.2104034423828, -111.71441650390625], [-71.61700439453125, -125.92613220214844], [-184.6024169921875, -59.89535140991211], [-84.44083404541016, -84.26485443115234], [-145.60670471191406, -217.3826446533203], [-173.4789581298828, -175.32150268554688], [-38.7093391418457, -77.0809097290039], [-91.08615112304688, -15.514896392822266], [-33.563690185546875, -184.1416015625], [-222.92135620117188, -114.72378540039062], [-35.16704559326172, -75.37214660644531], [-283.96295166015625, -315.17681884765625], [-141.4349365234375, -77.67110443115234], [-38.54185485839844, -118.6118392944336], [-162.0675506591797, -38.29094314575195], [-156.95162963867188, -250.79595947265625], [-38.432857513427734, -67.66252899169922], [-44.35362243652344, -33.17856216430664], [-208.04238891601562, -114.61991119384766], [-44.15347671508789, -89.31501007080078], [-56.194236755371094, -97.84832763671875], [-25.73008155822754, -29.607288360595703], [-74.14244842529297, -235.5697784423828], [-53.93788528442383, -50.452693939208984], [-114.8868408203125, -142.92922973632812], [-28.437259674072266, -210.8458709716797], [-77.91300201416016, -144.93417358398438], [-169.7614288330078, -80.20648956298828], [-125.51181030273438, -172.55258178710938], [-125.13729858398438, -88.52554321289062], [-15.58506965637207, -81.94288635253906], [-140.4817352294922, -219.06629943847656], [-51.34992980957031, -277.2145080566406], [-31.204803466796875, -89.2731704711914], [-91.06639099121094, -64.03907775878906], [-60.5987663269043, -57.0803337097168], [-208.5575714111328, -55.48297119140625], [-88.33677673339844, -57.863555908203125], [-105.50560760498047, -107.48989868164062], [-109.3243179321289, -64.85533905029297], [-120.31214141845703, -131.41598510742188], [-96.15906524658203, -34.71379470825195], [-147.29302978515625, -59.211978912353516], [-105.71630096435547, -303.0281982421875], [-107.14659118652344, -53.71793746948242], [-183.5480499267578, -142.4509735107422], [-136.2099609375, -54.47800064086914], [-44.46521759033203, -160.6442413330078], [-101.63854217529297, -24.8704833984375], [-88.55241394042969, -67.43057250976562], [-83.60891723632812, -408.37396240234375], [-259.7669677734375, -129.02024841308594], [-106.26085662841797, -93.6172103881836], [-150.8238525390625, -204.1300048828125], [-58.20811080932617, -122.366943359375], [-58.99217987060547, -171.32969665527344], [-125.44506072998047, -234.73190307617188], [-87.52063751220703, -102.06507110595703], [-41.780948638916016, -111.08453369140625], [-76.76065063476562, -83.05583190917969], [-106.23250579833984, -110.60730743408203], [-38.9260368347168, -20.171878814697266], [-126.25115966796875, -352.95947265625], [-71.15523529052734, -140.48171997070312], [-155.05084228515625, -82.18035125732422], [-238.26156616210938, -199.16116333007812], [-69.59331512451172, -115.77924346923828], [-130.2352752685547, -52.1874885559082], [-114.40965270996094, -57.049400329589844], [-204.0786590576172, -342.703125], [-66.8857650756836, -107.05601501464844], [-73.94561004638672, -36.39806365966797], [-79.17501831054688, -29.66854476928711], [-153.65145874023438, -85.11965942382812], [-74.27835845947266, -87.81803131103516], [-72.8643798828125, -71.00483703613281], [-42.04391098022461, -282.2264404296875], [-134.11669921875, -196.1486053466797], [-37.9222412109375, -113.15230560302734], [-97.41738891601562, -88.15464782714844], [-204.09820556640625, -152.71810913085938], [-56.616432189941406, -204.99612426757812], [-84.68843078613281, -133.02957153320312], [-325.37603759765625, -171.7910919189453], [-72.11892700195312, -151.11285400390625], [-198.54920959472656, -82.23607635498047], [-162.7486572265625, -145.87498474121094], [-34.38562774658203, -36.763755798339844], [-82.24821472167969, -176.01895141601562], [-37.38209915161133, -68.28709411621094], [-140.4002685546875, -153.9416046142578], [-67.18740844726562, -20.05739974975586], [-44.423221588134766, -361.61370849609375], [-66.08488464355469, -56.070228576660156], [-42.42474365234375, -108.87074279785156]], "train_probs": [1.0, 0.9999999999972611, 1.3143154110610086e-44, 1.0187330702168176e-35, 0.057300103606340864, 1.6987012547467405e-10, 1.0, 6.924837128157114e-55, 0.4561182851208521, 1.0, 0.8632493696969498, 1.0, 1.5129378226856991e-33, 1.0, 1.0242171553836599e-47, 1.0, 0.9999999999999722, 2.0310451474989854e-28, 1.0, 1.755910469176862e-54, 1.0, 0.9999999999997978, 1.4019318430402601e-05, 2.6738278317852517e-41, 1.0, 1.0, 0.9797115573419426, 1.0, 0.0297365314890063, 0.9999999999993372, 1.0, 1.0, 1.2787452922452107e-39, 1.0, 1.2581043661631487e-16, 1.0, 1.0, 1.0, 1.0, 1.828887545739007e-12, 0.02879229276139074, 3.315475362769232e-67, 5.829728773481471e-14, 0.8791378505615617, 4.868193764469248e-20, 0.999984945878391, 2.0637546563555432e-27, 5.58323163028125e-39, 1.0, 6.255046105131943e-24, 1.418294733236086e-18, 3.193453877044587e-36, 1.0, 4.5714680285024925e-34, 6.712755340100917e-10, 1.0, 1.6497618436433745e-57, 3.2279946393369882e-06, 1.0, 1.0, 1.0, 1.0, 0.9999995175719643, 1.0, 0.9981582236195945, 0.9875659135724593, 7.164281733881083e-09, 1.0, 1.0, 2.2529308036086957e-32, 1.0445056892534977e-17, 1.0, 1.2713844809170391e-34, 1.226758033389076e-25, 1.0, 1.0, 4.935234523161139e-17, 3.1594517149243314e-22, 1.725908318616249e-30, 0.999998682367733, 0.13475634579159068, 1.0, 1.0, 1.0, 9.48858489152492e-05, 4.8518530459866384e-23, 1.0, 1.0, 1.9902406317233846e-67, 1.0, 3.0608923862747864e-51, 4.6973955255738996e-08, 0.9151441804725692, 1.0, 0.9999999999999621, 0.9999986845574053, 3.401710030612433e-21, 1.0, 4.473739605615408e-05, 1.0], "test_labels": [], "test_logprobs": [], "test_probs": []}}