{"0": {"train_labels": [0, 0, 1, 1, 1, 1, 0, 1, 1, 0, 0, 0, 1, 0, 1, 0, 0, 1, 0, 1, 0, 0, 1, 1, 0, 0, 0, 0, 1, 0, 0, 0, 1, 0, 1, 0, 0, 0, 0, 1, 1, 1, 1, 0, 1, 0, 1, 1, 0, 1, 1, 1, 0, 1, 1, 0, 1, 1, 0, 0, 0, 0, 0, 0, 0, 1, 0, 0, 0, 1, 1, 0, 1, 1, 0, 0, 1, 1, 1, 0, 0, 0, 0, 0, 0, 1, 0, 0, 1, 0, 1, 1, 0, 0, 0, 0, 1, 0, 1, 0], "train_logprobs": [[-19.451602935791016, -95.0438461303711], [-92.40167999267578, -130.5397491455078], [-159.94044494628906, -41.549861907958984], [-205.67840576171875, -83.48699951171875], [-187.07086181640625, -124.71251678466797], [-164.59957885742188, -133.07769775390625], [-94.4886703491211, -164.47671508789062], [-184.9354248046875, -63.234947204589844], [-137.28619384765625, -112.07391357421875], [-150.81436157226562, -231.34942626953125], [-173.3528289794922, -174.56573486328125], [-54.67009353637695, -113.62965393066406], [-140.17918395996094, -8.441347122192383], [-40.82023239135742, -205.4498291015625], [-240.7864227294922, -152.7740020751953], [-36.774688720703125, -60.22757339477539], [-295.58013916015625, -313.57110595703125], [-174.9346160888672, -94.49430084228516], [-89.0973129272461, -163.03732299804688], [-229.7186737060547, -45.93144226074219], [-167.46170043945312, -253.7838134765625], [-55.4907112121582, -65.59883117675781], [-76.56827545166016, -70.8502197265625], [-230.06814575195312, -163.5792999267578], [-26.988384246826172, -118.7174072265625], [-75.827880859375, -112.93315124511719], [-36.901084899902344, -42.99042510986328], [-66.6141357421875, -231.3501434326172], [-72.87242126464844, -63.966190338134766], [-144.49725341796875, -191.72412109375], [-57.40156936645508, -213.81744384765625], [-106.86810302734375, -173.39720153808594], [-195.316162109375, -108.24909210205078], [-146.71299743652344, -178.09124755859375], [-145.81973266601562, -95.33863830566406], [-14.078739166259766, -105.43079376220703], [-145.4424285888672, -236.6903533935547], [-72.23763275146484, -301.0027160644531], [-55.21116638183594, -75.1795883178711], [-101.73126220703125, -57.15031051635742], [-83.31478881835938, -80.62098693847656], [-228.99066162109375, -70.12176513671875], [-69.93681335449219, -68.31595611572266], [-80.30931091308594, -99.60584259033203], [-166.44764709472656, -73.84197998046875], [-134.05291748046875, -148.80250549316406], [-97.12198638916016, -34.97527313232422], [-174.40802001953125, -61.18708801269531], [-108.81781768798828, -307.0695495605469], [-120.46147155761719, -52.531211853027344], [-170.1521759033203, -118.97992706298828], [-153.6221923828125, -55.820045471191406], [-47.72473907470703, -174.7362060546875], [-115.4468002319336, -29.19739532470703], [-112.92739868164062, -75.13577270507812], [-127.6803970336914, -440.63189697265625], [-275.227294921875, -175.76412963867188], [-118.62519836425781, -75.82376098632812], [-157.17764282226562, -214.3603515625], [-64.67850494384766, -135.56787109375], [-86.2454833984375, -172.95547485351562], [-136.64048767089844, -229.04090881347656], [-119.93360900878906, -127.37199401855469], [-58.9903564453125, -107.04940032958984], [-94.45613098144531, -97.06204986572266], [-126.913818359375, -122.77729797363281], [-30.8895263671875, -56.96990966796875], [-182.23341369628906, -403.1416931152344], [-85.99304962158203, -163.48931884765625], [-172.64698791503906, -94.3477554321289], [-231.32144165039062, -215.37042236328125], [-113.12151336669922, -140.3121795654297], [-129.43455505371094, -49.06938934326172], [-148.598388671875, -94.88253784179688], [-231.4434814453125, -382.4236755371094], [-83.60562896728516, -125.6116714477539], [-90.26188659667969, -42.7917366027832], [-99.82717895507812, -52.21304702758789], [-178.47650146484375, -114.54600524902344], [-98.08216857910156, -101.839111328125], [-81.32378387451172, -84.31967163085938], [-43.492252349853516, -280.664794921875], [-161.97177124023438, -194.9765625], [-28.6549015045166, -110.56121826171875], [-85.18832397460938, -105.7305908203125], [-210.43540954589844, -166.26254272460938], [-111.5941162109375, -231.4048614501953], [-94.82931518554688, -152.61007690429688], [-367.2111511230469, -174.4373321533203], [-89.45660400390625, -156.58645629882812], [-214.812255859375, -106.24209594726562], [-189.9152069091797, -119.3956298828125], [-42.05207061767578, -46.97863006591797], [-99.0572280883789, -238.67713928222656], [-33.290645599365234, -59.14374923706055], [-138.9671630859375, -156.215087890625], [-72.83758544921875, -31.251869201660156], [-75.82847595214844, -382.7908020019531], [-107.88129425048828, -72.181884765625], [-43.976661682128906, -109.27105712890625]], "train_probs": [1.0, 1.0, 3.833743716159095e-52, 8.56932333153497e-54, 8.28161147541248e-28, 2.0427770852434993e-14, 1.0, 1.4000841312795548e-53, 1.1231707917843317e-11, 1.0, 0.7708127078047965, 1.0, 6.1232840120853404e-58, 1.0, 5.979864880486582e-39, 0.9999999999347559, 0.9999999846318218, 1.1620236466847854e-35, 1.0, 1.5213163718991336e-80, 1.0, 0.9999592543189791, 0.003275330721086313, 1.3312546875477292e-29, 1.0, 0.9999999999999999, 0.9977382231290158, 1.0, 0.00013552337015225926, 1.0, 1.0, 1.0, 1.539047204305193e-38, 0.9999999999999765, 1.192172991865863e-22, 1.0, 1.0, 1.0, 0.9999999978727206, 4.3524990274203974e-20, 0.0633400851478599, 1.0095199614884624e-69, 0.16508668041556143, 0.9999999958349256, 6.051593939988391e-41, 0.9999996070519435, 1.0233527574816653e-27, 6.741770951550151e-50, 1.0, 3.1496555108793716e-30, 5.972755021119986e-23, 3.3501733377920714e-43, 1.0, 3.4862568560228033e-38, 3.866387483662002e-17, 1.0, 6.36350170595862e-44, 2.5797161898722873e-19, 1.0, 1.0, 1.0, 1.0, 0.9994121113926221, 1.0, 0.9312415388929178, 0.015727060856033117, 0.9999999999952854, 1.0, 1.0, 9.88724726674319e-35, 1.1818443723826893e-07, 0.9999999999984467, 1.252714183743942e-35, 4.693560213222931e-24, 1.0, 1.0, 2.4208941586692565e-21, 2.096260462890832e-21, 1.7192469720512421e-28, 0.9771779756071851, 0.9523880032588597, 1.0, 0.9999999999999953, 1.0, 0.9999999988015861, 6.545874727207905e-20, 1.0, 1.0, 1.9028044833774767e-84, 1.0, 7.056326226885862e-48, 2.3644864593664175e-31, 0.9928007951204018, 1.0, 0.9999999999940824, 0.9999999676911561, 8.700674221032899e-19, 1.0, 3.132877787410386e-16, 1.0], "test_labels": [], "test_logprobs": [], "test_probs": []}}