{"0": {"train_labels": [0, 0, 1, 1, 1, 1, 0, 1, 1, 0, 0, 0, 1, 0, 1, 0, 0, 1, 0, 1, 0, 0, 1, 1, 1, 0, 1, 0, 1, 0, 0, 0, 1, 0, 1, 0, 0, 0, 0, 1, 1, 1, 1, 0, 1, 0, 1, 1, 0, 1, 1, 1, 0, 1, 1, 0, 1, 1, 0, 0, 0, 0, 0, 0, 0, 0, 0, 0, 0, 1, 1, 0, 1, 1, 0, 0, 1, 1, 1, 0, 1, 0, 0, 0, 0, 1, 0, 0, 1, 0, 1, 1, 0, 0, 0, 0, 1, 0, 1, 0], "train_logprobs": [[-8.846963882446289, -72.90869140625], [-62.716827392578125, -102.17290496826172], [-126.74607849121094, -31.2112979888916], [-165.1710662841797, -46.175140380859375], [-116.57710266113281, -108.48359680175781], [-115.25611114501953, -104.5352783203125], [-60.939395904541016, -125.48081970214844], [-161.56195068359375, -44.637847900390625], [-91.4659652709961, -85.19999694824219], [-134.72091674804688, -174.8990020751953], [-148.05712890625, -155.39584350585938], [-34.063209533691406, -94.74311828613281], [-107.98487854003906, -6.899582862854004], [-30.46933937072754, -158.05935668945312], [-179.94308471679688, -101.75987243652344], [-17.880556106567383, -46.53559875488281], [-235.10513305664062, -274.4669494628906], [-138.37026977539062, -58.82502365112305], [-54.440345764160156, -118.85006713867188], [-179.818115234375, -35.351661682128906], [-150.5640411376953, -239.42364501953125], [-22.68069839477539, -50.467994689941406], [-47.47578811645508, -44.455448150634766], [-184.1836395263672, -106.22041320800781], [-40.22330093383789, -36.995330810546875], [-55.00917434692383, -96.45175170898438], [-31.319839477539062, -26.344297409057617], [-56.577728271484375, -203.07760620117188], [-47.71919250488281, -25.140708923339844], [-92.16051483154297, -136.25076293945312], [-25.69737434387207, -189.8583221435547], [-65.82036590576172, -143.7333984375], [-159.5856170654297, -67.59712219238281], [-112.45176696777344, -158.4404296875], [-105.30730438232422, -67.81614685058594], [-9.332733154296875, -70.7406997680664], [-107.21998596191406, -186.14402770996094], [-34.79859161376953, -252.3523712158203], [-23.36516761779785, -64.3949966430664], [-83.50030517578125, -31.25139808654785], [-56.205326080322266, -44.200828552246094], [-189.17706298828125, -35.891998291015625], [-63.038856506347656, -37.92283630371094], [-72.4936752319336, -93.18836212158203], [-104.66618347167969, -30.915061950683594], [-113.55416870117188, -122.24496459960938], [-79.01840209960938, -18.249786376953125], [-156.14376831054688, -43.003387451171875], [-99.10018157958984, -281.13787841796875], [-86.42715454101562, -35.23340606689453], [-158.09458923339844, -70.33547973632812], [-120.65497589111328, -45.64889907836914], [-29.16620445251465, -140.59619140625], [-96.41364288330078, -24.90594482421875], [-90.05067443847656, -49.60004806518555], [-88.18499755859375, -389.4407958984375], [-234.21713256835938, -127.64434051513672], [-93.3556137084961, -65.58253479003906], [-98.71337890625, -171.19993591308594], [-42.147308349609375, -91.34439849853516], [-45.893009185791016, -142.07154846191406], [-99.18876647949219, -220.70510864257812], [-64.9769515991211, -80.58103942871094], [-41.401947021484375, -77.29071807861328], [-60.579673767089844, -67.55113220214844], [-98.35478210449219, -107.2849349975586], [-17.890600204467773, -19.952783584594727], [-118.61055755615234, -347.50543212890625], [-61.85391616821289, -139.2419891357422], [-123.66258239746094, -65.37356567382812], [-175.98924255371094, -170.93600463867188], [-58.596561431884766, -88.5881576538086], [-94.54390716552734, -29.59967613220215], [-109.83052825927734, -41.038700103759766], [-177.4576416015625, -310.58056640625], [-57.47173309326172, -96.47447967529297], [-75.85330200195312, -30.004886627197266], [-70.17788696289062, -25.892139434814453], [-137.8306427001953, -107.5013656616211], [-56.07508850097656, -73.2640380859375], [-76.87580108642578, -57.606014251708984], [-38.35527420043945, -256.618408203125], [-132.0932159423828, -171.15655517578125], [-21.59954261779785, -90.72673034667969], [-71.1569595336914, -80.06474304199219], [-201.77459716796875, -149.5443878173828], [-92.22758483886719, -197.650390625], [-72.17039489746094, -105.67915344238281], [-306.31329345703125, -140.2808837890625], [-49.29486083984375, -111.60298156738281], [-191.4683074951172, -84.462646484375], [-151.83160400390625, -99.15095520019531], [-26.090679168701172, -34.54233169555664], [-87.43849182128906, -180.4115447998047], [-18.96955108642578, -33.34129333496094], [-131.85244750976562, -136.81842041015625], [-52.69546890258789, -17.90549659729004], [-40.54429626464844, -334.4056396484375], [-72.81999206542969, -40.8604850769043], [-25.70563507080078, -90.88404083251953]], "train_probs": [1.0, 1.0, 3.2342381678890145e-42, 2.0927917336432557e-52, 0.0003054234665203239, 2.2079634180937084e-05, 1.0, 1.661526834572669e-51, 0.001896270165182501, 1.0, 0.9993505367294976, 1.0, 1.2566486986749571e-44, 1.0, 1.1103562186280615e-34, 0.9999999999996408, 1.0, 2.844058639854661e-35, 1.0, 1.8155842311805237e-63, 1.0, 0.9999999999991447, 0.046515394123712264, 1.3835696238898119e-34, 0.038126618946094835, 1.0, 0.006857426079299284, 1.0, 1.5641887957626465e-10, 1.0, 1.0, 1.0, 1.1217711797833335e-40, 1.0, 5.221522620751546e-17, 1.0, 1.0, 1.0, 1.0, 2.0351103625384102e-23, 6.1166032214652055e-06, 2.6862241163890432e-67, 1.2366620073287172e-11, 0.9999999989710088, 9.338882027507094e-33, 0.9998319021000464, 4.0599951871543815e-27, 7.307299575006386e-50, 1.0, 5.845713541635835e-23, 7.703764686467292e-39, 2.6624087444398303e-33, 1.0, 8.802404446567502e-32, 2.707174038542229e-18, 1.0, 5.200253204097013e-47, 8.675711072321615e-13, 1.0, 1.0, 1.0, 1.0, 0.9999998328021502, 0.9999999999999998, 0.9990625960686786, 0.9998676797215205, 0.8871729048576908, 1.0, 1.0, 4.8462038843190897e-26, 0.00634805883253246, 0.9999999999999056, 6.238480627199238e-29, 1.3307259685128882e-30, 1.0, 1.0, 1.2254234835646985e-20, 5.847149817327083e-20, 6.732282662510896e-14, 0.9999999657284275, 4.2779717109262655e-09, 1.0, 1.0, 1.0, 0.9998646868492589, 2.073520294631548e-23, 1.0, 0.9999999999999972, 7.817009938214865e-73, 1.0, 3.373120768711442e-47, 1.3215540241430597e-23, 0.9997864983615932, 1.0, 0.9999994266347116, 0.993077095550802, 7.778699638245372e-16, 1.0, 1.3187499936027387e-14, 1.0], "test_labels": [], "test_logprobs": [], "test_probs": []}}