{"0": {"0": {"chosen": -19.465349197387695, "rejected": -6.157107353210449}, "1": {"chosen": -14.195651054382324, "rejected": -24.101966857910156}, "2": {"chosen": -39.990047454833984, "rejected": -253.55638122558594}, "3": {"chosen": -21.247434616088867, "rejected": -26.105106353759766}, "4": {"chosen": -36.27806091308594, "rejected": -179.83872985839844}, "5": {"chosen": -118.81747436523438, "rejected": -184.19439697265625}, "6": {"chosen": -103.59461212158203, "rejected": -27.77165985107422}, "7": {"chosen": -11.76511001586914, "rejected": -25.960865020751953}, "8": {"chosen": -16.77962303161621, "rejected": -58.69367980957031}, "9": {"chosen": -9.563594818115234, "rejected": -338.1388854980469}, "10": {"chosen": -22.199357986450195, "rejected": -24.352901458740234}, "11": {"chosen": -30.36298370361328, "rejected": -315.60455322265625}, "12": {"chosen": -30.763320922851562, "rejected": -10.568927764892578}, "13": {"chosen": -104.00953674316406, "rejected": -45.62245559692383}, "14": {"chosen": -42.26856994628906, "rejected": -28.055404663085938}, "15": {"chosen": -20.714418411254883, "rejected": -31.588886260986328}, "16": {"chosen": -69.70489501953125, "rejected": -283.7796936035156}, "17": {"chosen": -59.43543243408203, "rejected": -34.70004653930664}, "18": {"chosen": -216.89149475097656, "rejected": -83.09881591796875}, "19": {"chosen": -80.50777435302734, "rejected": -41.736785888671875}, "20": {"chosen": -52.989410400390625, "rejected": -32.96057891845703}, "21": {"chosen": -26.73147964477539, "rejected": -13.62451171875}, "22": {"chosen": -52.51771545410156, "rejected": -19.65553855895996}, "23": {"chosen": -16.633312225341797, "rejected": -57.67927551269531}, "24": {"chosen": -50.81011962890625, "rejected": -17.122817993164062}, "25": {"chosen": -115.55213165283203, "rejected": -14.532861709594727}, "26": {"chosen": -30.694461822509766, "rejected": -67.7644271850586}, "27": {"chosen": -197.43051147460938, "rejected": -148.88087463378906}, "28": {"chosen": -82.00402069091797, "rejected": -30.56145668029785}, "29": {"chosen": -12.44618034362793, "rejected": -113.87849426269531}, "30": {"chosen": -45.41811752319336, "rejected": -17.613306045532227}, "31": {"chosen": -110.95193481445312, "rejected": -180.94093322753906}, "32": {"chosen": -46.79876708984375, "rejected": -46.1572151184082}, "33": {"chosen": -79.02821350097656, "rejected": -25.93229103088379}, "34": {"chosen": -202.0947265625, "rejected": -46.298831939697266}, "35": {"chosen": -64.3652572631836, "rejected": -88.44578552246094}, "36": {"chosen": -25.512819290161133, "rejected": -164.62539672851562}, "37": {"chosen": -29.064298629760742, "rejected": -100.62242889404297}, "38": {"chosen": -21.226613998413086, "rejected": -389.01934814453125}, "39": {"chosen": -17.22480010986328, "rejected": -130.2986297607422}, "40": {"chosen": -55.7259635925293, "rejected": -84.30183410644531}, "41": {"chosen": -133.16734313964844, "rejected": -64.2420425415039}, "42": {"chosen": -98.79780578613281, "rejected": -64.23213958740234}, "43": {"chosen": -105.27182006835938, "rejected": -48.33353042602539}, "44": {"chosen": -251.63963317871094, "rejected": -363.9602355957031}, "45": {"chosen": -124.25857543945312, "rejected": -347.4242858886719}, "46": {"chosen": -160.3959197998047, "rejected": -113.54350280761719}, "47": {"chosen": -77.72732543945312, "rejected": -135.1661376953125}, "48": {"chosen": -35.919925689697266, "rejected": -24.918563842773438}, "49": {"chosen": -127.6246337890625, "rejected": -32.18067169189453}, "50": {"chosen": -101.01814270019531, "rejected": -44.39960479736328}, "51": {"chosen": -23.966825485229492, "rejected": -28.03167724609375}, "52": {"chosen": -16.544450759887695, "rejected": -30.836519241333008}, "53": {"chosen": -357.9788818359375, "rejected": -107.97212982177734}, "54": {"chosen": -24.222225189208984, "rejected": -252.81072998046875}, "55": {"chosen": -31.435848236083984, "rejected": -139.5581817626953}, "56": {"chosen": -40.841285705566406, "rejected": -264.0284423828125}, "57": {"chosen": -18.652082443237305, "rejected": -16.122764587402344}, "58": {"chosen": -99.47528839111328, "rejected": -161.68252563476562}, "59": {"chosen": -63.03651428222656, "rejected": -28.6241455078125}, "60": {"chosen": -20.17415428161621, "rejected": -35.155643463134766}, "61": {"chosen": -89.42813110351562, "rejected": -56.530426025390625}, "62": {"chosen": -156.58412170410156, "rejected": -110.06259155273438}, "63": {"chosen": -72.76568603515625, "rejected": -29.55521011352539}, "64": {"chosen": -177.93536376953125, "rejected": -183.01992797851562}, "65": {"chosen": -54.7881965637207, "rejected": -138.60464477539062}, "66": {"chosen": -20.23688507080078, "rejected": -69.74866485595703}, "67": {"chosen": -17.234146118164062, "rejected": -81.84442901611328}, "68": {"chosen": -145.41412353515625, "rejected": -208.2393798828125}, "69": {"chosen": -23.04532241821289, "rejected": -18.474346160888672}, "70": {"chosen": -23.4925537109375, "rejected": -28.037784576416016}, "71": {"chosen": -45.23568344116211, "rejected": -209.07867431640625}, "72": {"chosen": -21.506319046020508, "rejected": -191.03224182128906}, "73": {"chosen": -2.564544439315796, "rejected": -7.010148525238037}, "74": {"chosen": -54.999080657958984, "rejected": -29.197050094604492}, "75": {"chosen": -39.177093505859375, "rejected": -466.6381530761719}, "76": {"chosen": -17.061115264892578, "rejected": -11.950404167175293}, "77": {"chosen": -106.86785888671875, "rejected": -100.74927520751953}, "78": {"chosen": -68.47645568847656, "rejected": -46.017337799072266}, "79": {"chosen": -129.4116668701172, "rejected": -20.058429718017578}, "80": {"chosen": -8.073976516723633, "rejected": -12.829147338867188}, "81": {"chosen": -39.61396026611328, "rejected": -24.711849212646484}, "82": {"chosen": -27.0625057220459, "rejected": -30.348806381225586}, "83": {"chosen": -92.16912078857422, "rejected": -174.89974975585938}, "84": {"chosen": -45.26287078857422, "rejected": -33.576290130615234}, "85": {"chosen": -45.38216781616211, "rejected": -266.8460388183594}, "86": {"chosen": -138.6434783935547, "rejected": -41.400543212890625}, "87": {"chosen": -4.111186981201172, "rejected": -73.40965270996094}, "88": {"chosen": -44.78826141357422, "rejected": -125.90991973876953}, "89": {"chosen": -57.14613723754883, "rejected": -74.69767761230469}, "90": {"chosen": -39.52190399169922, "rejected": -54.16850662231445}, "91": {"chosen": -60.93046951293945, "rejected": -46.64177322387695}, "92": {"chosen": -22.679683685302734, "rejected": -39.83279037475586}, "93": {"chosen": -102.92300415039062, "rejected": -107.5140380859375}, "94": {"chosen": -5.248355865478516, "rejected": -16.655366897583008}, "95": {"chosen": -11.25471305847168, "rejected": -93.33840942382812}, "96": {"chosen": -20.83033561706543, "rejected": -13.17243766784668}, "97": {"chosen": -96.72085571289062, "rejected": -82.95381927490234}, "98": {"chosen": -15.032191276550293, "rejected": -64.27717590332031}, "99": {"chosen": -76.74600982666016, "rejected": -44.36732482910156}}}