{"0": {"0": {"chosen": -18.79522132873535, "rejected": -5.5755438804626465}, "1": {"chosen": -13.553642272949219, "rejected": -22.909793853759766}, "2": {"chosen": -38.18806457519531, "rejected": -252.0743408203125}, "3": {"chosen": -17.56574058532715, "rejected": -21.859952926635742}, "4": {"chosen": -36.61331558227539, "rejected": -176.21458435058594}, "5": {"chosen": -119.21329498291016, "rejected": -180.43316650390625}, "6": {"chosen": -102.0224838256836, "rejected": -23.224445343017578}, "7": {"chosen": -10.787240028381348, "rejected": -24.91432762145996}, "8": {"chosen": -16.537437438964844, "rejected": -57.23202896118164}, "9": {"chosen": -9.515547752380371, "rejected": -339.60418701171875}, "10": {"chosen": -22.129947662353516, "rejected": -23.692623138427734}, "11": {"chosen": -28.79782485961914, "rejected": -312.8745422363281}, "12": {"chosen": -30.021791458129883, "rejected": -9.81992244720459}, "13": {"chosen": -102.32264709472656, "rejected": -44.953128814697266}, "14": {"chosen": -42.78595733642578, "rejected": -26.590572357177734}, "15": {"chosen": -17.524639129638672, "rejected": -28.91998291015625}, "16": {"chosen": -69.71200561523438, "rejected": -280.8346862792969}, "17": {"chosen": -55.7232780456543, "rejected": -32.103424072265625}, "18": {"chosen": -219.06895446777344, "rejected": -78.98236083984375}, "19": {"chosen": -80.07942962646484, "rejected": -39.4735107421875}, "20": {"chosen": -55.00395202636719, "rejected": -31.668107986450195}, "21": {"chosen": -23.268993377685547, "rejected": -11.81964111328125}, "22": {"chosen": -52.135372161865234, "rejected": -20.588151931762695}, "23": {"chosen": -14.231904983520508, "rejected": -59.887977600097656}, "24": {"chosen": -50.10601043701172, "rejected": -15.827629089355469}, "25": {"chosen": -110.31603240966797, "rejected": -11.871196746826172}, "26": {"chosen": -31.803813934326172, "rejected": -67.26212310791016}, "27": {"chosen": -194.04913330078125, "rejected": -145.48486328125}, "28": {"chosen": -78.55860137939453, "rejected": -28.623687744140625}, "29": {"chosen": -11.102371215820312, "rejected": -118.53121948242188}, "30": {"chosen": -45.04179382324219, "rejected": -17.127710342407227}, "31": {"chosen": -111.40257263183594, "rejected": -178.40560913085938}, "32": {"chosen": -45.72706985473633, "rejected": -46.985008239746094}, "33": {"chosen": -78.3435287475586, "rejected": -25.15734100341797}, "34": {"chosen": -200.6907501220703, "rejected": -46.5867805480957}, "35": {"chosen": -62.54987716674805, "rejected": -87.65167236328125}, "36": {"chosen": -24.689739227294922, "rejected": -165.24642944335938}, "37": {"chosen": -28.168304443359375, "rejected": -100.32581329345703}, "38": {"chosen": -21.582317352294922, "rejected": -387.44549560546875}, "39": {"chosen": -15.880413055419922, "rejected": -129.38645935058594}, "40": {"chosen": -53.78822708129883, "rejected": -84.99697875976562}, "41": {"chosen": -135.80894470214844, "rejected": -63.268314361572266}, "42": {"chosen": -95.002685546875, "rejected": -60.34981155395508}, "43": {"chosen": -103.93402862548828, "rejected": -49.202484130859375}, "44": {"chosen": -251.6685028076172, "rejected": -362.42572021484375}, "45": {"chosen": -122.89799499511719, "rejected": -349.2172546386719}, "46": {"chosen": -157.92025756835938, "rejected": -113.51384735107422}, "47": {"chosen": -75.46389770507812, "rejected": -132.86329650878906}, "48": {"chosen": -33.81552505493164, "rejected": -25.16770362854004}, "49": {"chosen": -126.84468078613281, "rejected": -29.43816566467285}, "50": {"chosen": -96.16780090332031, "rejected": -43.82566833496094}, "51": {"chosen": -22.362714767456055, "rejected": -28.364856719970703}, "52": {"chosen": -17.67778205871582, "rejected": -29.058853149414062}, "53": {"chosen": -357.77325439453125, "rejected": -107.60556030273438}, "54": {"chosen": -23.65766716003418, "rejected": -253.44117736816406}, "55": {"chosen": -28.126934051513672, "rejected": -133.681884765625}, "56": {"chosen": -40.56687927246094, "rejected": -261.1553955078125}, "57": {"chosen": -17.706100463867188, "rejected": -12.475611686706543}, "58": {"chosen": -98.31493377685547, "rejected": -159.2209014892578}, "59": {"chosen": -62.403324127197266, "rejected": -27.258018493652344}, "60": {"chosen": -19.689245223999023, "rejected": -34.67960739135742}, "61": {"chosen": -88.811767578125, "rejected": -52.541324615478516}, "62": {"chosen": -158.1322021484375, "rejected": -102.98682403564453}, "63": {"chosen": -69.82334899902344, "rejected": -26.02819061279297}, "64": {"chosen": -182.06015014648438, "rejected": -183.29629516601562}, "65": {"chosen": -51.228477478027344, "rejected": -136.40615844726562}, "66": {"chosen": -18.86056137084961, "rejected": -65.53636169433594}, "67": {"chosen": -16.441619873046875, "rejected": -78.94966125488281}, "68": {"chosen": -144.844970703125, "rejected": -205.15692138671875}, "69": {"chosen": -20.03185272216797, "rejected": -15.986778259277344}, "70": {"chosen": -22.24243927001953, "rejected": -27.305734634399414}, "71": {"chosen": -40.3702392578125, "rejected": -206.41943359375}, "72": {"chosen": -22.38214874267578, "rejected": -186.71160888671875}, "73": {"chosen": -2.363564968109131, "rejected": -6.97611141204834}, "74": {"chosen": -54.979522705078125, "rejected": -28.663103103637695}, "75": {"chosen": -39.322349548339844, "rejected": -465.5812072753906}, "76": {"chosen": -14.953506469726562, "rejected": -11.111837387084961}, "77": {"chosen": -105.26604461669922, "rejected": -98.38158416748047}, "78": {"chosen": -67.00971221923828, "rejected": -46.71577835083008}, "79": {"chosen": -135.14633178710938, "rejected": -17.77802276611328}, "80": {"chosen": -7.652325630187988, "rejected": -11.647201538085938}, "81": {"chosen": -39.84731674194336, "rejected": -27.34871482849121}, "82": {"chosen": -22.37918472290039, "rejected": -28.34577178955078}, "83": {"chosen": -89.30805969238281, "rejected": -173.90496826171875}, "84": {"chosen": -43.08778381347656, "rejected": -30.805526733398438}, "85": {"chosen": -45.50083541870117, "rejected": -265.3271179199219}, "86": {"chosen": -133.50257873535156, "rejected": -41.921600341796875}, "87": {"chosen": -3.7596139907836914, "rejected": -71.46969604492188}, "88": {"chosen": -42.085792541503906, "rejected": -122.87297058105469}, "89": {"chosen": -53.834571838378906, "rejected": -70.37553405761719}, "90": {"chosen": -38.91061782836914, "rejected": -51.593727111816406}, "91": {"chosen": -60.857276916503906, "rejected": -45.73184585571289}, "92": {"chosen": -21.774612426757812, "rejected": -38.03872299194336}, "93": {"chosen": -99.76268005371094, "rejected": -101.68887329101562}, "94": {"chosen": -4.1476335525512695, "rejected": -15.709912300109863}, "95": {"chosen": -11.205997467041016, "rejected": -92.92485046386719}, "96": {"chosen": -20.397327423095703, "rejected": -12.364973068237305}, "97": {"chosen": -97.1615219116211, "rejected": -81.75725555419922}, "98": {"chosen": -15.018499374389648, "rejected": -64.79002380371094}, "99": {"chosen": -75.21939086914062, "rejected": -41.43118667602539}}}