{"0": {"train_labels": [0, 0, 1, 1, 1, 1, 0, 1, 1, 0, 0, 0, 1, 0, 1, 0, 0, 1, 0, 1, 0, 0, 0, 1, 0, 0, 0, 0, 1, 0, 0, 0, 1, 0, 0, 0, 0, 0, 0, 1, 1, 1, 1, 0, 1, 1, 1, 1, 0, 1, 1, 1, 0, 1, 1, 0, 1, 1, 0, 0, 0, 0, 0, 0, 0, 0, 0, 0, 0, 1, 1, 0, 1, 1, 0, 0, 1, 1, 1, 1, 0, 0, 0, 0, 0, 1, 0, 0, 1, 0, 1, 1, 0, 0, 0, 0, 1, 0, 1, 0], "train_logprobs": [[-26.971120834350586, -72.46460723876953], [-84.92251586914062, -109.01998138427734], [-131.85560607910156, -33.02238464355469], [-136.3181610107422, -40.185062408447266], [-131.54104614257812, -126.24815368652344], [-126.22938537597656, -104.61314392089844], [-54.456871032714844, -116.79322052001953], [-158.04771423339844, -43.502201080322266], [-91.67446899414062, -74.46037292480469], [-137.7615966796875, -193.61245727539062], [-147.49754333496094, -156.9547119140625], [-21.070049285888672, -87.1077880859375], [-128.9620361328125, -11.614684104919434], [-41.455894470214844, -166.4100341796875], [-204.35076904296875, -109.5644302368164], [-25.68325424194336, -58.92744064331055], [-265.93853759765625, -290.5205993652344], [-141.1729736328125, -69.33663177490234], [-32.99358367919922, -107.44989013671875], [-174.75596618652344, -35.506961822509766], [-152.7867431640625, -215.28469848632812], [-27.667484283447266, -58.73281478881836], [-51.3721923828125, -51.47272491455078], [-193.17677307128906, -111.76498413085938], [-21.520809173583984, -39.977203369140625], [-62.73946762084961, -93.7010498046875], [-9.022643089294434, -24.921844482421875], [-63.42023468017578, -201.52883911132812], [-58.821563720703125, -32.0355110168457], [-99.75878143310547, -145.43338012695312], [-22.089040756225586, -237.66470336914062], [-54.056121826171875, -130.26861572265625], [-159.95677185058594, -85.67255401611328], [-112.19171905517578, -172.35000610351562], [-84.58429718017578, -87.59405517578125], [-7.43533992767334, -58.174110412597656], [-117.50142669677734, -190.44351196289062], [-42.886749267578125, -254.97732543945312], [-31.88817024230957, -60.07743453979492], [-72.3762435913086, -31.691967010498047], [-57.14509582519531, -46.58126449584961], [-190.01649475097656, -37.71280288696289], [-69.1783447265625, -48.22178268432617], [-72.94123077392578, -79.86260986328125], [-92.23490142822266, -54.28727340698242], [-119.79403686523438, -119.70542907714844], [-88.12748718261719, -33.38188552856445], [-135.58216857910156, -34.770286560058594], [-97.37590789794922, -282.70135498046875], [-90.47657012939453, -43.267757415771484], [-144.24493408203125, -88.67986297607422], [-119.42713165283203, -49.148643493652344], [-34.534854888916016, -159.89378356933594], [-82.90900421142578, -31.30057716369629], [-86.77587127685547, -51.401798248291016], [-68.12876892089844, -386.1161193847656], [-234.43203735351562, -149.85824584960938], [-90.18433380126953, -65.75733184814453], [-99.57826232910156, -166.20217895507812], [-47.506492614746094, -84.01300048828125], [-57.178932189941406, -166.19915771484375], [-112.22856140136719, -248.11048889160156], [-66.30499267578125, -98.120849609375], [-40.03935623168945, -66.06314849853516], [-51.46086883544922, -67.9188232421875], [-102.26237487792969, -103.36639404296875], [-19.293088912963867, -25.159364700317383], [-128.75137329101562, -351.8206787109375], [-62.10102081298828, -130.91050720214844], [-132.11334228515625, -73.17633056640625], [-208.99375915527344, -183.6753387451172], [-47.67498016357422, -95.93553161621094], [-125.2977066040039, -35.6467399597168], [-113.5333023071289, -61.2372932434082], [-178.8435516357422, -305.3866271972656], [-71.59928131103516, -92.2865219116211], [-77.78470611572266, -31.120338439941406], [-64.09033966064453, -30.136093139648438], [-139.69992065429688, -97.8486328125], [-84.44265747070312, -78.19657897949219], [-66.61701202392578, -79.007568359375], [-31.11003875732422, -245.69496154785156], [-139.42112731933594, -171.13662719726562], [-22.052248001098633, -103.39363861083984], [-70.43202209472656, -85.19473266601562], [-185.2868194580078, -138.68687438964844], [-38.074195861816406, -186.6293182373047], [-66.35426330566406, -116.39614868164062], [-317.26800537109375, -165.0320587158203], [-56.004859924316406, -110.9924545288086], [-196.5165252685547, -80.50178527832031], [-142.2095947265625, -82.81048583984375], [-27.935033798217773, -39.16203308105469], [-98.7543716430664, -181.32302856445312], [-28.192371368408203, -40.69153594970703], [-134.9018096923828, -138.3927764892578], [-65.04220581054688, -20.864147186279297], [-24.128175735473633, -346.7587585449219], [-81.46124267578125, -62.870574951171875], [-33.151893615722656, -90.6357192993164]], "train_probs": [1.0, 0.9999999999657544, 1.194750722490584e-43, 1.7779754039640457e-42, 0.005002051952952951, 4.0943561411429294e-10, 1.0, 1.7927334043132014e-50, 3.34205083562455e-08, 1.0, 0.9999218786134815, 1.0, 1.0881594758966458e-51, 1.0, 6.836221041150751e-42, 0.9999999999999963, 0.9999999999789065, 6.336845680453611e-32, 1.0, 3.34908210110854e-61, 1.0, 0.9999999999999677, 0.5251119863654525, 4.39854765204726e-36, 0.9999999903508326, 0.9999999999999641, 0.9999998755300503, 1.0, 2.327904279728602e-12, 1.0, 1.0, 1.0, 5.4799185314782634e-33, 1.0, 0.9530130187453293, 1.0, 1.0, 1.0, 0.9999999999994278, 2.1431036735418264e-18, 2.5833016814341977e-05, 7.167159177796003e-67, 7.919189675656593e-10, 0.9990145035875262, 3.307916581552205e-17, 0.47786253514735805, 1.6760512457311675e-24, 1.6517941696527577e-44, 1.0, 3.1439319793053177e-21, 7.385777702942492e-25, 3.0091261579419817e-31, 1.0, 3.86140107777087e-23, 4.337457987470378e-16, 1.0, 1.8623831608484247e-37, 2.4631328840268136e-11, 1.0, 0.9999999999999999, 1.0, 1.0, 0.9999999999999848, 0.999999999995011, 0.9999999288129187, 0.751012418347898, 0.997174599591034, 1.0, 1.0, 2.535017902365138e-26, 1.0100659368863534e-11, 1.0, 1.1616622836325978e-39, 1.9414751585747125e-23, 1.0, 0.999999998963318, 5.419043246554803e-21, 1.7941473118865327e-15, 6.671394610410758e-19, 0.001934290560887656, 0.9999958423497752, 1.0, 0.9999999999999832, 1.0, 0.9999996121747399, 5.779642817621626e-21, 1.0, 1.0, 7.669524167565164e-67, 1.0, 4.125139149632587e-51, 1.5969627294789327e-26, 0.9999866902351474, 1.0, 0.9999962702461224, 0.9704296515902235, 6.51197790425557e-20, 1.0, 8.436757935116137e-09, 1.0], "test_labels": [], "test_logprobs": [], "test_probs": []}}