{"0": {"0": {"chosen": -21.185001373291016, "rejected": -5.8507208824157715}, "1": {"chosen": -15.179001808166504, "rejected": -24.49951934814453}, "2": {"chosen": -39.76667404174805, "rejected": -254.23243713378906}, "3": {"chosen": -17.872802734375, "rejected": -23.968551635742188}, "4": {"chosen": -38.6295280456543, "rejected": -177.35040283203125}, "5": {"chosen": -121.95612335205078, "rejected": -180.5357666015625}, "6": {"chosen": -105.00513458251953, "rejected": -29.97174835205078}, "7": {"chosen": -11.496124267578125, "rejected": -25.131832122802734}, "8": {"chosen": -16.074861526489258, "rejected": -57.35087966918945}, "9": {"chosen": -9.212095260620117, "rejected": -337.5916748046875}, "10": {"chosen": -21.85622215270996, "rejected": -25.560789108276367}, "11": {"chosen": -28.898313522338867, "rejected": -314.8381042480469}, "12": {"chosen": -30.98059844970703, "rejected": -10.70927906036377}, "13": {"chosen": -103.98037719726562, "rejected": -47.482261657714844}, "14": {"chosen": -42.46685028076172, "rejected": -26.58321189880371}, "15": {"chosen": -20.090538024902344, "rejected": -33.76493453979492}, "16": {"chosen": -69.21319580078125, "rejected": -282.51690673828125}, "17": {"chosen": -57.246910095214844, "rejected": -36.57328796386719}, "18": {"chosen": -218.80545043945312, "rejected": -84.7278060913086}, "19": {"chosen": -81.14955139160156, "rejected": -42.53813552856445}, "20": {"chosen": -54.99905014038086, "rejected": -33.44594955444336}, "21": {"chosen": -26.060997009277344, "rejected": -14.191131591796875}, "22": {"chosen": -52.85414123535156, "rejected": -19.467588424682617}, "23": {"chosen": -15.144009590148926, "rejected": -60.13666534423828}, "24": {"chosen": -50.33181381225586, "rejected": -15.07388687133789}, "25": {"chosen": -115.32551574707031, "rejected": -14.56094741821289}, "26": {"chosen": -30.5875186920166, "rejected": -68.08305358886719}, "27": {"chosen": -200.07586669921875, "rejected": -146.11111450195312}, "28": {"chosen": -81.2989501953125, "rejected": -31.32337188720703}, "29": {"chosen": -11.898119926452637, "rejected": -118.22743225097656}, "30": {"chosen": -44.61204528808594, "rejected": -17.627992630004883}, "31": {"chosen": -114.19570922851562, "rejected": -180.49807739257812}, "32": {"chosen": -50.05933380126953, "rejected": -47.39616394042969}, "33": {"chosen": -78.88850402832031, "rejected": -26.150447845458984}, "34": {"chosen": -202.937255859375, "rejected": -47.79560470581055}, "35": {"chosen": -63.28593444824219, "rejected": -88.72786712646484}, "36": {"chosen": -25.773834228515625, "rejected": -166.09609985351562}, "37": {"chosen": -29.98786735534668, "rejected": -100.74171447753906}, "38": {"chosen": -21.105195999145508, "rejected": -387.5469970703125}, "39": {"chosen": -16.16044807434082, "rejected": -131.99142456054688}, "40": {"chosen": -55.59307098388672, "rejected": -88.12725067138672}, "41": {"chosen": -133.86712646484375, "rejected": -63.33820343017578}, "42": {"chosen": -95.6545181274414, "rejected": -61.41261291503906}, "43": {"chosen": -105.97237396240234, "rejected": -47.980201721191406}, "44": {"chosen": -253.7172088623047, "rejected": -364.09576416015625}, "45": {"chosen": -124.21115112304688, "rejected": -350.1207275390625}, "46": {"chosen": -157.9400634765625, "rejected": -113.48200988769531}, "47": {"chosen": -77.1689453125, "rejected": -134.62147521972656}, "48": {"chosen": -35.5374755859375, "rejected": -24.85094451904297}, "49": {"chosen": -126.9443359375, "rejected": -31.300941467285156}, "50": {"chosen": -99.43184661865234, "rejected": -45.27894592285156}, "51": {"chosen": -21.73958969116211, "rejected": -27.948841094970703}, "52": {"chosen": -16.20436668395996, "rejected": -32.81574249267578}, "53": {"chosen": -353.7471008300781, "rejected": -106.67302703857422}, "54": {"chosen": -24.942264556884766, "rejected": -256.5831604003906}, "55": {"chosen": -30.451696395874023, "rejected": -139.69415283203125}, "56": {"chosen": -40.5984001159668, "rejected": -263.224609375}, "57": {"chosen": -16.399169921875, "rejected": -13.95291519165039}, "58": {"chosen": -98.95326232910156, "rejected": -162.16299438476562}, "59": {"chosen": -65.64948272705078, "rejected": -27.64181900024414}, "60": {"chosen": -21.68401336669922, "rejected": -34.48633575439453}, "61": {"chosen": -87.68450927734375, "rejected": -53.3873291015625}, "62": {"chosen": -159.66835021972656, "rejected": -109.62689971923828}, "63": {"chosen": -71.17227935791016, "rejected": -27.61026954650879}, "64": {"chosen": -184.85885620117188, "rejected": -183.8336181640625}, "65": {"chosen": -52.65533447265625, "rejected": -139.8804168701172}, "66": {"chosen": -19.337575912475586, "rejected": -66.49532318115234}, "67": {"chosen": -17.793729782104492, "rejected": -80.88507080078125}, "68": {"chosen": -145.69573974609375, "rejected": -204.61712646484375}, "69": {"chosen": -19.83522605895996, "rejected": -16.84615135192871}, "70": {"chosen": -22.74521255493164, "rejected": -26.659393310546875}, "71": {"chosen": -44.708824157714844, "rejected": -209.1000213623047}, "72": {"chosen": -23.45828628540039, "rejected": -190.31468200683594}, "73": {"chosen": -2.429751396179199, "rejected": -7.1104230880737305}, "74": {"chosen": -54.31903076171875, "rejected": -30.059316635131836}, "75": {"chosen": -37.95661544799805, "rejected": -466.47003173828125}, "76": {"chosen": -15.09775447845459, "rejected": -10.72940731048584}, "77": {"chosen": -105.08898162841797, "rejected": -104.450439453125}, "78": {"chosen": -69.18936157226562, "rejected": -47.47724914550781}, "79": {"chosen": -131.6793975830078, "rejected": -19.119186401367188}, "80": {"chosen": -7.06551456451416, "rejected": -12.3189697265625}, "81": {"chosen": -41.5455207824707, "rejected": -24.838794708251953}, "82": {"chosen": -26.252079010009766, "rejected": -29.653453826904297}, "83": {"chosen": -91.55744934082031, "rejected": -173.90255737304688}, "84": {"chosen": -44.4062614440918, "rejected": -33.131080627441406}, "85": {"chosen": -45.57606506347656, "rejected": -272.55615234375}, "86": {"chosen": -137.0596466064453, "rejected": -42.131500244140625}, "87": {"chosen": -4.313407897949219, "rejected": -69.8077392578125}, "88": {"chosen": -44.547786712646484, "rejected": -125.43902587890625}, "89": {"chosen": -55.884002685546875, "rejected": -72.1231689453125}, "90": {"chosen": -38.11928176879883, "rejected": -53.375457763671875}, "91": {"chosen": -60.248260498046875, "rejected": -46.034523010253906}, "92": {"chosen": -22.416595458984375, "rejected": -39.4379768371582}, "93": {"chosen": -103.42343139648438, "rejected": -106.1404037475586}, "94": {"chosen": -4.2921671867370605, "rejected": -15.842949867248535}, "95": {"chosen": -10.818232536315918, "rejected": -93.88581848144531}, "96": {"chosen": -20.96983528137207, "rejected": -14.048583984375}, "97": {"chosen": -98.94049835205078, "rejected": -84.00788116455078}, "98": {"chosen": -15.585905075073242, "rejected": -63.09296417236328}, "99": {"chosen": -77.65135955810547, "rejected": -44.308231353759766}}}