{"0": {"train_labels": [0, 0, 1, 1, 0, 0, 0, 1, 1, 0, 0, 0, 1, 0, 1, 0, 0, 1, 0, 1, 0, 0, 1, 1, 0, 0, 0, 0, 1, 0, 0, 0, 1, 0, 1, 0, 0, 0, 0, 1, 1, 1, 1, 0, 1, 0, 1, 1, 0, 1, 1, 1, 0, 1, 1, 0, 1, 1, 0, 0, 0, 0, 0, 0, 0, 0, 1, 0, 0, 1, 1, 0, 1, 1, 0, 0, 1, 1, 1, 0, 1, 0, 0, 0, 0, 1, 0, 0, 1, 0, 1, 1, 0, 0, 0, 0, 1, 0, 1, 0], "train_logprobs": [[-11.049440383911133, -50.507808685302734], [-52.62068557739258, -94.7994384765625], [-116.97837829589844, -22.784860610961914], [-116.9453125, -20.814882278442383], [-96.8499984741211, -101.42845153808594], [-90.92095947265625, -91.53509521484375], [-30.220413208007812, -84.6084976196289], [-124.48316192626953, -38.290077209472656], [-66.0419921875, -51.46733474731445], [-108.23709106445312, -146.19192504882812], [-133.90078735351562, -145.15277099609375], [-12.025432586669922, -63.68685531616211], [-74.57283782958984, -5.855384826660156], [-35.36802673339844, -125.83000946044922], [-176.89108276367188, -84.03746032714844], [-12.947659492492676, -44.02129364013672], [-221.6524658203125, -252.7735137939453], [-106.78229522705078, -45.65311813354492], [-15.075801849365234, -94.18966674804688], [-129.14047241210938, -21.119625091552734], [-133.5140380859375, -190.36593627929688], [-12.430154800415039, -39.750972747802734], [-35.22275924682617, -24.46276092529297], [-138.50381469726562, -85.93344116210938], [-20.571718215942383, -29.741668701171875], [-34.032379150390625, -79.65489959716797], [-11.730740547180176, -22.42056655883789], [-45.73834991455078, -192.5659637451172], [-44.4277458190918, -7.57908296585083], [-81.63825225830078, -125.1969985961914], [-10.90846061706543, -185.61215209960938], [-29.34495735168457, -118.6126708984375], [-135.59817504882812, -52.20711898803711], [-85.5011978149414, -119.53359985351562], [-73.06253814697266, -45.752925872802734], [-8.128378868103027, -52.21697235107422], [-89.26296997070312, -158.51669311523438], [-22.955163955688477, -232.9831085205078], [-13.47380542755127, -30.190200805664062], [-42.107765197753906, -28.081350326538086], [-48.71274948120117, -33.55280685424805], [-176.98550415039062, -34.04461669921875], [-55.541587829589844, -32.638545989990234], [-59.106754302978516, -62.133758544921875], [-65.96241760253906, -19.884260177612305], [-95.80209350585938, -100.58335876464844], [-64.0867691040039, -13.444253921508789], [-102.07560729980469, -20.18496322631836], [-97.38397979736328, -274.1199645996094], [-80.29341888427734, -27.792753219604492], [-125.05839538574219, -60.31269073486328], [-103.56757354736328, -31.14915657043457], [-16.366605758666992, -124.2049331665039], [-70.89004516601562, -15.052581787109375], [-78.37647247314453, -39.206504821777344], [-50.69335174560547, -332.0008544921875], [-202.4400177001953, -92.91517639160156], [-68.31429290771484, -46.24964904785156], [-71.59676361083984, -128.74227905273438], [-32.221229553222656, -63.36149215698242], [-34.89251708984375, -133.8540802001953], [-86.77330017089844, -205.2122802734375], [-42.2137451171875, -59.5363883972168], [-23.181913375854492, -39.30316925048828], [-24.669631958007812, -60.43452072143555], [-74.67530059814453, -88.9068374633789], [-14.810461044311523, -11.248482704162598], [-100.04230499267578, -321.1016540527344], [-38.00487518310547, -124.18323516845703], [-86.71511840820312, -43.186649322509766], [-156.36021423339844, -148.19744873046875], [-35.68238830566406, -68.97775268554688], [-73.8504638671875, -23.129425048828125], [-95.2840576171875, -36.21951675415039], [-160.40101623535156, -285.3867492675781], [-34.780426025390625, -64.48627471923828], [-56.50923538208008, -26.284156799316406], [-48.84708786010742, -5.20177698135376], [-125.67518615722656, -75.19209289550781], [-53.79906463623047, -56.77601623535156], [-67.55242156982422, -40.77610778808594], [-25.046688079833984, -229.39492797851562], [-124.52192687988281, -159.11868286132812], [-8.751140594482422, -83.581298828125], [-34.97887420654297, -48.64724349975586], [-173.25802612304688, -120.13139343261719], [-20.994272232055664, -152.22093200683594], [-42.915565490722656, -75.23552703857422], [-288.5596923828125, -129.6225128173828], [-31.120227813720703, -87.13423156738281], [-174.45751953125, -55.922325134277344], [-121.59146118164062, -69.24462890625], [-7.110226631164551, -11.046496391296387], [-76.73137664794922, -121.15483093261719], [-7.442760944366455, -29.852006912231445], [-112.6396484375, -124.39830780029297], [-41.4521369934082, -14.069022178649902], [-12.810391426086426, -303.7736511230469], [-52.267303466796875, -36.658790588378906], [-13.559432983398438, -72.65309143066406]], "train_probs": [1.0, 1.0, 1.2367304059461123e-41, 1.7827260547370705e-42, 0.9898336440847391, 0.6488836425689032, 1.0, 3.6882379252842604e-38, 4.6806535270257297e-07, 1.0, 0.9999870186471191, 1.0, 1.4334724491837484e-30, 1.0, 4.722632495557871e-41, 0.999999999999968, 0.9999999999999696, 2.8309728542475722e-27, 1.0, 1.2221994337363285e-47, 1.0, 0.9999999999986363, 2.123160778505742e-05, 1.4756279141396695e-23, 0.9998958891750288, 1.0, 0.9999772250380811, 1.0, 9.927252248773398e-17, 1.0, 1.0, 1.0, 6.077493635527024e-37, 0.9999999999999983, 1.3790692867632186e-12, 1.0, 1.0, 1.0, 0.999999945025447, 8.098508993769531e-07, 2.6068765050756426e-07, 8.347594449302495e-63, 1.1306685446673813e-10, 0.9537792862751397, 9.738913176901465e-21, 0.9916843473551131, 1.014460418117149e-22, 2.7248660591435766e-36, 1.0, 1.582160747030574e-23, 7.608477194090965e-29, 3.540634678830428e-32, 1.0, 5.624679372069374e-25, 9.743145601283058e-18, 1.0, 2.7162252891147867e-48, 2.61485087681349e-10, 1.0, 0.9999999999999701, 1.0, 1.0, 0.9999999700172406, 0.9999999003155334, 0.9999999999999997, 0.9999993403375189, 0.02759927885410307, 1.0, 1.0, 1.2468840524668282e-19, 0.00028499169022163853, 0.9999999999999966, 9.378485791446496e-23, 2.231494532208867e-26, 1.0, 0.9999999999998744, 7.471626545520336e-14, 1.10938508920308e-19, 1.1897923357835277e-22, 0.9515219482467752, 2.3506863143739363e-12, 1.0, 0.9999999999999991, 1.0, 0.999998841483733, 8.460510727082066e-24, 1.0, 0.9999999999999908, 9.428876458939489e-70, 1.0, 3.3175628721754245e-52, 1.845268625686573e-23, 0.9808528723733049, 1.0, 0.9999999998147373, 0.9999921787579342, 1.2813398665214522e-12, 1.0, 1.6645962575686778e-07, 1.0], "test_labels": [], "test_logprobs": [], "test_probs": []}}