{"0": {"train_labels": [0, 0, 1, 1, 0, 1, 0, 1, 1, 0, 0, 0, 1, 0, 1, 0, 0, 1, 0, 1, 0, 0, 1, 1, 0, 0, 0, 0, 1, 0, 0, 0, 1, 0, 1, 0, 0, 0, 0, 1, 1, 1, 1, 0, 1, 0, 1, 1, 0, 1, 1, 1, 0, 1, 1, 0, 1, 1, 0, 0, 0, 0, 0, 0, 0, 0, 1, 0, 0, 1, 1, 0, 1, 1, 0, 0, 1, 1, 1, 0, 1, 0, 0, 0, 0, 1, 0, 0, 1, 0, 1, 1, 0, 0, 0, 1, 1, 0, 1, 0], "train_logprobs": [[-14.981544494628906, -64.25322723388672], [-61.886253356933594, -96.40469360351562], [-130.4893798828125, -29.677305221557617], [-131.7970428466797, -32.10963439941406], [-107.87783813476562, -116.694091796875], [-118.18807220458984, -97.00381469726562], [-45.20460891723633, -97.7782211303711], [-141.74884033203125, -39.44071960449219], [-66.16996765136719, -64.98014831542969], [-121.93852996826172, -159.9000244140625], [-142.69557189941406, -153.14175415039062], [-20.624839782714844, -66.28974151611328], [-78.026123046875, -7.576824188232422], [-31.637088775634766, -141.38638305664062], [-187.0604705810547, -99.66425323486328], [-19.359952926635742, -50.46686553955078], [-253.75547790527344, -279.01019287109375], [-114.9863052368164, -58.13945388793945], [-33.79465866088867, -98.32341003417969], [-145.62225341796875, -24.78126335144043], [-136.2888946533203, -200.63906860351562], [-16.16153907775879, -51.931480407714844], [-40.7403564453125, -36.821998596191406], [-166.41334533691406, -102.02761840820312], [-27.060680389404297, -44.169883728027344], [-49.46310043334961, -88.23873901367188], [-9.085618019104004, -22.23866844177246], [-46.85502624511719, -199.23544311523438], [-51.38991928100586, -29.705074310302734], [-91.4830322265625, -138.41554260253906], [-16.202905654907227, -206.90740966796875], [-55.10392379760742, -129.97877502441406], [-140.234619140625, -66.08720397949219], [-102.37602996826172, -141.3512725830078], [-79.65176391601562, -61.43286895751953], [-6.636483192443848, -61.42522048950195], [-105.4561767578125, -182.40594482421875], [-36.91631317138672, -251.74813842773438], [-22.89066505432129, -45.44105911254883], [-61.42837905883789, -32.39988708496094], [-47.00675964355469, -45.601463317871094], [-189.8269805908203, -39.54474639892578], [-61.7610969543457, -34.60298538208008], [-69.4840316772461, -78.28292846679688], [-74.53571319580078, -34.41501998901367], [-105.36062622070312, -118.36347961425781], [-70.45230865478516, -25.91673469543457], [-114.84966278076172, -33.5426025390625], [-95.97588348388672, -277.9038391113281], [-90.9559555053711, -31.56264877319336], [-137.52139282226562, -74.04768371582031], [-119.28203582763672, -42.14982986450195], [-26.321029663085938, -140.6087188720703], [-74.95214080810547, -11.793167114257812], [-78.50707244873047, -45.03117370605469], [-62.853607177734375, -366.4027099609375], [-219.6535186767578, -108.5879898071289], [-82.35987091064453, -60.11183166503906], [-85.61803436279297, -161.5940704345703], [-40.17140579223633, -76.87112426757812], [-54.386268615722656, -153.51632690429688], [-100.34001159667969, -217.20843505859375], [-56.15964889526367, -75.64117431640625], [-25.28715705871582, -65.74449157714844], [-43.62013626098633, -60.91035461425781], [-76.87252044677734, -102.12782287597656], [-22.82626724243164, -19.338491439819336], [-109.7476806640625, -335.744873046875], [-45.26892852783203, -127.34228515625], [-104.22509765625, -53.667938232421875], [-187.3769989013672, -161.71266174316406], [-46.18321990966797, -84.56206512451172], [-83.36756896972656, -33.599647521972656], [-94.46830749511719, -47.47347640991211], [-172.04443359375, -292.21697998046875], [-48.48677062988281, -80.11538696289062], [-66.17910766601562, -24.489730834960938], [-57.77621841430664, -23.216981887817383], [-136.89146423339844, -79.11075592041016], [-61.15922546386719, -73.0998306274414], [-64.68704986572266, -60.78533935546875], [-29.720863342285156, -240.25372314453125], [-130.00180053710938, -165.0012664794922], [-18.30657386779785, -97.46966552734375], [-56.3541259765625, -57.52766418457031], [-179.6219024658203, -131.716796875], [-46.70553970336914, -167.8388671875], [-56.28307342529297, -100.6658935546875], [-301.2108154296875, -151.0164337158203], [-47.552711486816406, -101.6236572265625], [-186.02943420410156, -57.76335906982422], [-130.657470703125, -76.4702377319336], [-19.371368408203125, -25.748435974121094], [-74.07108306884766, -158.05282592773438], [-14.21812629699707, -36.92341995239258], [-128.15652465820312, -127.00228881835938], [-44.04930114746094, -12.568452835083008], [-32.2598876953125, -325.2661437988281], [-59.323734283447266, -51.98221206665039], [-22.424274444580078, -77.730712890625]], "train_probs": [1.0, 0.9999999999999989, 1.6514759950182056e-44, 5.085206531326021e-44, 0.9998517190768571, 6.306579301207403e-10, 1.0, 3.699539887519366e-45, 0.23329124895244616, 1.0, 0.9999709418426284, 1.0, 2.5366365844322264e-31, 1.0, 1.1074013977341414e-38, 0.9999999999999691, 0.9999999999892349, 2.049869178963297e-25, 1.0, 3.3069286626828055e-53, 1.0, 0.9999999999999998, 0.01948643593095955, 1.0905211215132229e-28, 0.9999999628834686, 1.0, 0.9999980604457168, 1.0, 3.822887238993153e-10, 1.0, 1.0, 1.0, 6.283284841548518e-33, 1.0, 1.2235858551749689e-08, 1.0, 1.0, 1.0, 0.9999999998391251, 2.4722143204424434e-13, 0.1969770094574494, 5.410718781685689e-66, 1.6046562250841684e-12, 0.9998491233100514, 3.7653411464944695e-18, 0.9999977461160895, 4.554555316230472e-20, 4.884188281037712e-36, 1.0, 1.6062554869691065e-26, 2.7146784110130627e-28, 3.1762053518010723e-34, 1.0, 3.718829283382163e-28, 2.894688923517034e-15, 1.0, 5.81907134955195e-49, 2.17670373452095e-10, 1.0, 0.9999999999999998, 1.0, 1.0, 0.9999999965383671, 1.0, 0.9999999690291186, 0.9999999999892413, 0.029662054584785397, 1.0, 1.0, 1.1048533619442344e-22, 7.146937603249045e-12, 1.0, 2.4325755620112737e-22, 3.894073833743155e-21, 1.0, 0.9999999999999816, 7.843929620010688e-19, 9.797477566923334e-16, 8.056700495147228e-26, 0.9999934798402692, 0.019807069314830773, 1.0, 0.9999999999999993, 1.0, 0.7637839678857847, 1.567028830997981e-21, 1.0, 1.0, 5.907569080705679e-66, 1.0, 1.9712937900193774e-56, 2.9294340889336915e-24, 0.9983027843497654, 1.0, 0.9999999998622104, 0.23971624030469946, 2.1283413970125616e-14, 1.0, 0.0006476435629198142, 1.0], "test_labels": [], "test_logprobs": [], "test_probs": []}}