{"0": {"train_labels": [0, 0, 1, 1, 0, 1, 0, 1, 1, 0, 1, 0, 1, 0, 1, 0, 0, 1, 0, 1, 0, 0, 1, 1, 1, 0, 0, 0, 1, 0, 0, 0, 1, 0, 1, 0, 0, 0, 0, 1, 1, 1, 1, 1, 1, 0, 1, 1, 0, 1, 1, 1, 0, 1, 1, 0, 1, 1, 0, 0, 0, 0, 0, 0, 0, 0, 1, 0, 0, 1, 1, 0, 1, 1, 0, 0, 1, 1, 1, 0, 1, 0, 0, 0, 0, 1, 0, 0, 1, 0, 1, 1, 0, 0, 0, 0, 1, 0, 1, 0], "train_logprobs": [[-9.652231216430664, -110.31387329101562], [-112.79535675048828, -171.67892456054688], [-199.14988708496094, -39.491981506347656], [-264.3196105957031, -41.51509475708008], [-206.21359252929688, -225.01766967773438], [-184.2418212890625, -177.73629760742188], [-41.84977340698242, -135.2491912841797], [-249.39263916015625, -59.82221221923828], [-153.8795166015625, -117.03215026855469], [-299.5314025878906, -329.7220764160156], [-301.3985290527344, -291.180908203125], [-31.80420684814453, -130.4844207763672], [-178.43028259277344, -3.1841588020324707], [-55.717079162597656, -210.1263885498047], [-367.6177978515625, -165.6799774169922], [-31.358089447021484, -99.26668548583984], [-421.74713134765625, -525.3790283203125], [-226.76539611816406, -100.46929931640625], [-21.097064971923828, -227.98904418945312], [-218.87841796875, -31.142499923706055], [-221.29769897460938, -363.0336608886719], [-8.774741172790527, -67.10162353515625], [-94.90779113769531, -68.63257598876953], [-331.395751953125, -197.13104248046875], [-52.682159423828125, -40.00447463989258], [-48.79970932006836, -174.26583862304688], [-18.377910614013672, -63.98293685913086], [-86.95648956298828, -332.94683837890625], [-125.23600769042969, -14.84182357788086], [-158.97959899902344, -243.49697875976562], [-21.854949951171875, -313.46636962890625], [-32.57059097290039, -193.22303771972656], [-279.29193115234375, -145.8328857421875], [-186.40419006347656, -315.1479797363281], [-140.51126098632812, -99.16583251953125], [-17.37619400024414, -92.97691345214844], [-167.10482788085938, -304.3601989746094], [-33.63981628417969, -476.87176513671875], [-30.02197265625, -84.55848693847656], [-71.26245880126953, -60.43679428100586], [-152.50343322753906, -82.50116729736328], [-349.141845703125, -72.34253692626953], [-100.38262939453125, -58.88224411010742], [-103.00994873046875, -101.60406494140625], [-128.63580322265625, -58.093475341796875], [-153.79876708984375, -223.97909545898438], [-127.16287994384766, -39.890296936035156], [-195.76766967773438, -35.57512664794922], [-194.42755126953125, -500.6422424316406], [-211.2816619873047, -62.217430114746094], [-206.97201538085938, -135.6754150390625], [-223.32382202148438, -51.939369201660156], [-61.467201232910156, -253.47845458984375], [-130.85739135742188, -26.6346492767334], [-168.80435180664062, -109.72032165527344], [-116.90773010253906, -647.1879272460938], [-438.5533142089844, -206.2843780517578], [-125.02458190917969, -75.44612884521484], [-146.38584899902344, -291.9239501953125], [-53.03626251220703, -106.30587005615234], [-52.76563262939453, -279.469970703125], [-184.52432250976562, -398.19140625], [-82.22077941894531, -130.0289764404297], [-35.123836517333984, -79.9322509765625], [-64.29334259033203, -129.42330932617188], [-181.04446411132812, -185.62686157226562], [-36.61930847167969, -19.433176040649414], [-202.89883422851562, -652.9959106445312], [-97.3383560180664, -236.88211059570312], [-191.07183837890625, -73.36599731445312], [-318.2030334472656, -303.5933532714844], [-111.86305236816406, -163.96453857421875], [-137.84115600585938, -38.5028076171875], [-198.94778442382812, -94.98233795166016], [-231.100341796875, -627.1598510742188], [-64.13749694824219, -130.2802276611328], [-116.46650695800781, -60.89002990722656], [-113.7594985961914, -18.528865814208984], [-232.0087432861328, -160.6858673095703], [-106.53668975830078, -111.91506958007812], [-124.34764099121094, -79.62814331054688], [-58.88802719116211, -503.5404052734375], [-235.12448120117188, -291.2249755859375], [-18.744461059570312, -161.4427490234375], [-68.5220947265625, -103.84452819824219], [-321.42657470703125, -271.65997314453125], [-55.94294738769531, -303.2764892578125], [-116.06171417236328, -191.44708251953125], [-581.996337890625, -267.83831787109375], [-78.18404388427734, -207.67855834960938], [-377.8309326171875, -101.08025360107422], [-225.001220703125, -153.0105743408203], [-17.106050491333008, -40.130916595458984], [-135.76971435546875, -221.58895874023438], [-15.99015998840332, -39.62273406982422], [-225.92613220214844, -268.75537109375], [-77.31370544433594, -41.16399383544922], [-15.96664810180664, -569.339111328125], [-125.15726470947266, -69.93566131591797], [-25.843399047851562, -136.89712524414062]], "train_probs": [1.0, 1.0, 4.5861960397958406e-70, 1.7267450836258784e-97, 0.9999999931845732, 0.0014929254083772417, 1.0, 4.683921927047085e-83, 9.940131479461017e-17, 0.9999999999999227, 3.6519749189246415e-05, 1.0, 7.790681732089119e-77, 1.0, 1.9930532291071846e-88, 1.0, 1.0, 1.4135203754146251e-55, 1.0, 2.9330991091302665e-82, 1.0, 1.0, 3.879886757503767e-12, 4.893026430518335e-59, 3.119967715139471e-06, 1.0, 1.0, 1.0, 1.1387149060574066e-48, 1.0, 1.0, 1.0, 1.0951485142223182e-58, 1.0, 1.106390823255003e-18, 1.0, 1.0, 1.0, 1.0, 1.9882225771078848e-05, 3.96645184253873e-31, 6.131794669827481e-121, 9.475708107369492e-19, 0.19688410276453358, 2.3112996883340087e-31, 1.0, 1.2531376496695457e-38, 2.6869681596811668e-70, 1.0, 1.8290545098511532e-65, 1.08712602634514e-31, 3.704058664213856e-75, 1.0, 5.453034250911515e-46, 2.1884253489759003e-26, 1.0, 1.3393149276010471e-101, 2.9400276377574037e-22, 1.0, 1.0, 1.0, 1.0, 1.0, 1.0, 1.0, 0.9898732599627681, 3.436825682138934e-08, 1.0, 1.0, 7.603310702874592e-52, 4.5195617140332624e-07, 1.0, 7.209471899597935e-44, 7.053104013700194e-46, 1.0, 1.0, 7.302014537102207e-25, 4.3839104538644267e-42, 1.0589331152842859e-31, 0.9954059096017135, 3.7893866764957756e-20, 1.0, 1.0, 1.0, 0.9999999999999996, 2.43578840244852e-22, 1.0, 1.0, 3.655152151501198e-137, 1.0, 6.437351747217648e-121, 5.430746565322552e-32, 0.9999999998999014, 1.0, 0.9999999999454865, 1.0, 1.9970076377095203e-16, 1.0, 1.0412676220595035e-24, 1.0], "test_labels": [], "test_logprobs": [], "test_probs": []}}