{"0": {"train_labels": [0, 0, 1, 1, 0, 1, 0, 1, 1, 0, 1, 0, 1, 0, 1, 0, 0, 1, 0, 1, 0, 0, 1, 1, 1, 0, 0, 0, 1, 0, 0, 0, 1, 0, 1, 0, 0, 0, 0, 1, 1, 1, 1, 1, 1, 0, 1, 1, 0, 1, 1, 1, 0, 1, 1, 0, 1, 1, 0, 0, 0, 0, 0, 0, 0, 0, 1, 0, 0, 1, 1, 0, 1, 1, 0, 0, 1, 1, 1, 0, 1, 0, 0, 0, 0, 1, 0, 0, 1, 0, 1, 1, 0, 0, 0, 0, 1, 0, 1, 0], "train_logprobs": [[-10.32861042022705, -111.5486831665039], [-112.16703796386719, -171.1939239501953], [-199.31288146972656, -39.77576446533203], [-262.65887451171875, -41.89068603515625], [-205.9732208251953, -224.07791137695312], [-182.72116088867188, -178.20059204101562], [-40.97855758666992, -131.36219787597656], [-247.91796875, -59.45627212524414], [-154.2736053466797, -116.8878402709961], [-302.60400390625, -331.1584777832031], [-300.890380859375, -290.3180847167969], [-31.709152221679688, -123.89453887939453], [-179.088134765625, -4.008877277374268], [-56.39332580566406, -209.77801513671875], [-366.605712890625, -166.1526336669922], [-30.94391632080078, -99.31208801269531], [-421.7796325683594, -525.0626220703125], [-225.60916137695312, -100.6062240600586], [-26.82602310180664, -233.73851013183594], [-222.70816040039062, -29.725175857543945], [-221.89930725097656, -361.5733947753906], [-7.5033278465271, -67.6766586303711], [-96.21170043945312, -69.12321472167969], [-330.90325927734375, -197.567138671875], [-56.03182601928711, -40.27579116821289], [-51.74109649658203, -178.23214721679688], [-24.195531845092773, -66.89837646484375], [-86.17227172851562, -335.05401611328125], [-124.89730072021484, -15.163537979125977], [-158.7747039794922, -242.98597717285156], [-21.172773361206055, -313.20281982421875], [-31.524154663085938, -191.31700134277344], [-278.0110168457031, -145.38101196289062], [-187.26266479492188, -316.5956115722656], [-138.2705535888672, -100.11447143554688], [-18.16028594970703, -93.25037384033203], [-167.10926818847656, -305.2293395996094], [-33.69223403930664, -475.49090576171875], [-30.024860382080078, -89.99736785888672], [-68.05049896240234, -60.41569900512695], [-153.8015594482422, -82.19638061523438], [-356.8653259277344, -70.64215850830078], [-101.713134765625, -59.93324279785156], [-103.35774230957031, -100.0692138671875], [-132.17710876464844, -58.590972900390625], [-155.91175842285156, -222.72784423828125], [-125.93463134765625, -41.06515121459961], [-195.3778076171875, -35.566505432128906], [-195.93478393554688, -500.3484802246094], [-205.8126678466797, -62.57245635986328], [-206.5375213623047, -136.0205841064453], [-225.076416015625, -53.18723678588867], [-59.95787811279297, -252.87814331054688], [-131.4381866455078, -25.100303649902344], [-168.1784210205078, -109.60252380371094], [-116.53730010986328, -649.2645263671875], [-437.6058044433594, -207.09837341308594], [-125.64717102050781, -74.54232788085938], [-146.50880432128906, -291.66241455078125], [-51.10273361206055, -109.24932861328125], [-55.42271423339844, -278.5369873046875], [-185.466552734375, -399.26715087890625], [-83.00224304199219, -129.22772216796875], [-36.41853332519531, -83.74645233154297], [-66.25961303710938, -129.50369262695312], [-181.95538330078125, -186.8089599609375], [-36.617149353027344, -19.30489730834961], [-202.22499084472656, -652.69921875], [-96.85017395019531, -237.91497802734375], [-191.16781616210938, -73.36177062988281], [-315.9672546386719, -301.7627868652344], [-110.7244873046875, -166.29624938964844], [-137.171142578125, -38.67279052734375], [-198.3516845703125, -94.9297866821289], [-230.69898986816406, -625.60009765625], [-65.79783630371094, -130.08688354492188], [-116.83351135253906, -62.22123336791992], [-118.6885757446289, -18.572269439697266], [-231.7568359375, -165.91302490234375], [-108.47859954833984, -110.44886016845703], [-125.74202728271484, -77.3755874633789], [-58.98968505859375, -502.4254455566406], [-234.51527404785156, -291.5172424316406], [-17.653095245361328, -162.2017059326172], [-68.6002197265625, -102.98799896240234], [-321.77911376953125, -272.313232421875], [-56.60293197631836, -304.7958984375], [-116.57308197021484, -193.77227783203125], [-583.0941162109375, -267.5328369140625], [-77.7236328125, -206.9835968017578], [-383.7806396484375, -99.78260040283203], [-230.68035888671875, -156.7557830810547], [-17.025056838989258, -39.24799728393555], [-134.56130981445312, -223.14111328125], [-15.245964050292969, -39.786949157714844], [-225.4566650390625, -269.07916259765625], [-80.82528686523438, -41.398887634277344], [-21.383956909179688, -563.9462890625], [-125.33375549316406, -70.06839752197266], [-27.53347396850586, -138.30079650878906]], "train_probs": [1.0, 1.0, 5.175000859242757e-70, 1.3231039465481125e-96, 0.9999999862838322, 0.010765670261819914, 1.0, 1.4194663636781123e-82, 5.801877112133079e-17, 0.9999999999996028, 2.5615273630965272e-05, 1.0, 9.20544053980238e-77, 1.0, 8.796984214436942e-88, 1.0, 1.0, 5.151267483923826e-55, 1.0, 1.543670880608653e-84, 1.0, 1.0, 1.720363142933928e-12, 1.2383932684877549e-58, 1.436286059052374e-07, 1.0, 1.0, 1.0, 2.2041054227828216e-48, 1.0, 1.0, 1.0, 2.5091160275185182e-58, 1.0, 2.6854932787795274e-17, 1.0, 1.0, 1.0, 1.0, 0.0004831017925964362, 7.984835200361015e-32, 4.952879897229107e-125, 7.165119927579222e-19, 0.035966834698980606, 1.1014055221089764e-32, 1.0, 1.3856485646027683e-37, 3.933990576341423e-70, 1.0, 6.188231677473141e-63, 2.3707364065717913e-31, 2.2360317280013146e-75, 1.0, 6.577247699716025e-47, 3.637567543730271e-26, 1.0, 7.796409928198022e-101, 6.389231526185618e-23, 1.0, 1.0, 1.0, 1.0, 1.0, 1.0, 1.0, 0.9922599476065423, 3.0295941570380055e-08, 1.0, 1.0, 6.878353479501649e-52, 6.777628078115679e-07, 1.0, 1.6699721471941364e-43, 1.2146200314299084e-45, 1.0, 1.0, 1.915089288200736e-24, 3.311620964229158e-44, 2.537442443309564e-29, 0.8776391035891365, 9.879206813801109e-22, 1.0, 1.0, 1.0, 0.9999999999999989, 3.290339326500364e-22, 1.0, 1.0, 8.984164578210025e-138, 1.0, 4.5837263719884085e-124, 7.851717228858298e-33, 0.9999999997767972, 1.0, 0.9999999999780221, 1.0, 7.539323397665376e-18, 1.0, 9.966897516587796e-25, 1.0], "test_labels": [], "test_logprobs": [], "test_probs": []}}