{"0": {"0": {"chosen": -20.972999572753906, "rejected": -6.984726428985596}, "1": {"chosen": -15.019510269165039, "rejected": -24.01673698425293}, "2": {"chosen": -39.425682067871094, "rejected": -257.2431640625}, "3": {"chosen": -19.155742645263672, "rejected": -26.575571060180664}, "4": {"chosen": -37.33414077758789, "rejected": -180.1561737060547}, "5": {"chosen": -122.02730560302734, "rejected": -181.4192352294922}, "6": {"chosen": -106.06597900390625, "rejected": -28.638408660888672}, "7": {"chosen": -11.519859313964844, "rejected": -25.14434242248535}, "8": {"chosen": -16.17598533630371, "rejected": -57.9026985168457}, "9": {"chosen": -9.785821914672852, "rejected": -336.48980712890625}, "10": {"chosen": -22.3425235748291, "rejected": -23.905887603759766}, "11": {"chosen": -27.47902488708496, "rejected": -314.6523742675781}, "12": {"chosen": -31.385738372802734, "rejected": -10.942588806152344}, "13": {"chosen": -105.4815444946289, "rejected": -46.73307418823242}, "14": {"chosen": -43.93739318847656, "rejected": -28.715953826904297}, "15": {"chosen": -19.384672164916992, "rejected": -31.74875259399414}, "16": {"chosen": -69.3149642944336, "rejected": -288.9626770019531}, "17": {"chosen": -57.28130340576172, "rejected": -37.07249450683594}, "18": {"chosen": -221.59869384765625, "rejected": -88.77483367919922}, "19": {"chosen": -81.43639373779297, "rejected": -42.892425537109375}, "20": {"chosen": -56.002838134765625, "rejected": -32.822181701660156}, "21": {"chosen": -25.77787208557129, "rejected": -15.381082534790039}, "22": {"chosen": -52.075904846191406, "rejected": -19.999208450317383}, "23": {"chosen": -15.300686836242676, "rejected": -61.1027717590332}, "24": {"chosen": -50.255393981933594, "rejected": -16.362667083740234}, "25": {"chosen": -116.95531463623047, "rejected": -15.826850891113281}, "26": {"chosen": -31.70368766784668, "rejected": -67.14305877685547}, "27": {"chosen": -200.8933868408203, "rejected": -148.344970703125}, "28": {"chosen": -82.56173706054688, "rejected": -30.893455505371094}, "29": {"chosen": -12.657732009887695, "rejected": -116.70446014404297}, "30": {"chosen": -43.6458625793457, "rejected": -18.645214080810547}, "31": {"chosen": -109.38821411132812, "rejected": -183.10154724121094}, "32": {"chosen": -48.24089431762695, "rejected": -44.32206344604492}, "33": {"chosen": -79.27660369873047, "rejected": -26.949478149414062}, "34": {"chosen": -201.9393310546875, "rejected": -48.811439514160156}, "35": {"chosen": -63.9549560546875, "rejected": -89.30670928955078}, "36": {"chosen": -25.834823608398438, "rejected": -165.1229248046875}, "37": {"chosen": -29.020994186401367, "rejected": -100.23744201660156}, "38": {"chosen": -21.01919937133789, "rejected": -384.7655334472656}, "39": {"chosen": -17.144115447998047, "rejected": -133.5808868408203}, "40": {"chosen": -54.581993103027344, "rejected": -85.58907318115234}, "41": {"chosen": -130.22067260742188, "rejected": -63.932010650634766}, "42": {"chosen": -98.31163787841797, "rejected": -65.17234802246094}, "43": {"chosen": -108.53456115722656, "rejected": -48.381752014160156}, "44": {"chosen": -252.57891845703125, "rejected": -361.5458679199219}, "45": {"chosen": -124.49845123291016, "rejected": -354.09332275390625}, "46": {"chosen": -160.74366760253906, "rejected": -114.01392364501953}, "47": {"chosen": -75.9429931640625, "rejected": -135.50460815429688}, "48": {"chosen": -35.657005310058594, "rejected": -25.480289459228516}, "49": {"chosen": -128.06903076171875, "rejected": -33.71099853515625}, "50": {"chosen": -100.73653411865234, "rejected": -45.494441986083984}, "51": {"chosen": -23.85088348388672, "rejected": -27.467308044433594}, "52": {"chosen": -16.320865631103516, "rejected": -32.911582946777344}, "53": {"chosen": -353.42742919921875, "rejected": -107.98837280273438}, "54": {"chosen": -24.147592544555664, "rejected": -257.41741943359375}, "55": {"chosen": -34.31351852416992, "rejected": -143.37176513671875}, "56": {"chosen": -41.96873474121094, "rejected": -264.5968933105469}, "57": {"chosen": -17.319538116455078, "rejected": -17.331787109375}, "58": {"chosen": -99.37686157226562, "rejected": -164.2913360595703}, "59": {"chosen": -66.02522277832031, "rejected": -28.05131721496582}, "60": {"chosen": -20.282928466796875, "rejected": -35.33298873901367}, "61": {"chosen": -89.681640625, "rejected": -54.74531555175781}, "62": {"chosen": -161.7523651123047, "rejected": -110.08938598632812}, "63": {"chosen": -69.6898193359375, "rejected": -29.050552368164062}, "64": {"chosen": -183.7813720703125, "rejected": -184.67544555664062}, "65": {"chosen": -53.8328742980957, "rejected": -139.1581268310547}, "66": {"chosen": -20.484195709228516, "rejected": -68.51419830322266}, "67": {"chosen": -17.580360412597656, "rejected": -83.44990539550781}, "68": {"chosen": -146.80252075195312, "rejected": -207.43751525878906}, "69": {"chosen": -22.993940353393555, "rejected": -18.654136657714844}, "70": {"chosen": -23.923553466796875, "rejected": -30.16244888305664}, "71": {"chosen": -44.300453186035156, "rejected": -210.6685028076172}, "72": {"chosen": -23.947280883789062, "rejected": -193.39646911621094}, "73": {"chosen": -2.8789567947387695, "rejected": -7.209586143493652}, "74": {"chosen": -55.03335189819336, "rejected": -30.874757766723633}, "75": {"chosen": -38.08938217163086, "rejected": -470.3612365722656}, "76": {"chosen": -17.61673355102539, "rejected": -12.948806762695312}, "77": {"chosen": -106.41373443603516, "rejected": -101.775146484375}, "78": {"chosen": -70.09759521484375, "rejected": -45.603023529052734}, "79": {"chosen": -128.7926483154297, "rejected": -19.57081413269043}, "80": {"chosen": -7.609829425811768, "rejected": -14.748618125915527}, "81": {"chosen": -41.887264251708984, "rejected": -26.03365135192871}, "82": {"chosen": -28.43966293334961, "rejected": -30.713119506835938}, "83": {"chosen": -95.09007263183594, "rejected": -177.00038146972656}, "84": {"chosen": -44.235103607177734, "rejected": -33.829708099365234}, "85": {"chosen": -45.86083221435547, "rejected": -273.8908386230469}, "86": {"chosen": -137.48980712890625, "rejected": -42.88838195800781}, "87": {"chosen": -4.203717231750488, "rejected": -74.46751403808594}, "88": {"chosen": -43.8715705871582, "rejected": -127.19477081298828}, "89": {"chosen": -54.277591705322266, "rejected": -72.84349822998047}, "90": {"chosen": -39.041568756103516, "rejected": -55.09307098388672}, "91": {"chosen": -63.44277572631836, "rejected": -45.09451675415039}, "92": {"chosen": -26.041725158691406, "rejected": -40.10968017578125}, "93": {"chosen": -105.88677215576172, "rejected": -107.0851821899414}, "94": {"chosen": -5.466912269592285, "rejected": -16.741430282592773}, "95": {"chosen": -11.292404174804688, "rejected": -95.12001037597656}, "96": {"chosen": -20.777637481689453, "rejected": -14.095128059387207}, "97": {"chosen": -101.770751953125, "rejected": -86.23480224609375}, "98": {"chosen": -15.13662338256836, "rejected": -64.28339385986328}, "99": {"chosen": -77.70860290527344, "rejected": -44.9779167175293}}}