{"0": {"train_labels": [0, 0, 1, 1, 1, 1, 0, 1, 0, 0, 0, 0, 1, 0, 1, 0, 0, 1, 0, 1, 0, 0, 0, 1, 0, 1, 1, 0, 1, 0, 0, 0, 1, 0, 1, 0, 1, 0, 0, 0, 0, 1, 0, 1, 1, 0, 1, 1, 0, 1, 1, 1, 0, 1, 1, 0, 1, 1, 0, 0, 0, 0, 0, 1, 0, 0, 1, 0, 0, 1, 0, 0, 1, 1, 0, 0, 1, 1, 0, 0, 1, 0, 0, 0, 0, 1, 0, 0, 1, 0, 1, 1, 1, 0, 1, 0, 1, 0, 1, 0], "train_logprobs": [[-9.140334129333496, -62.47712326049805], [-52.20542907714844, -111.4673080444336], [-133.28370666503906, -1.3927990198135376], [-136.2714080810547, -22.909915924072266], [-138.75950622558594, -43.42876052856445], [-108.51478576660156, -47.724281311035156], [-25.726179122924805, -58.60521697998047], [-130.39675903320312, -40.235328674316406], [-42.476139068603516, -58.42524719238281], [-138.67733764648438, -184.7996063232422], [-86.1844482421875, -152.75341796875], [-6.872495651245117, -76.50413513183594], [-88.35121154785156, -11.883349418640137], [-39.315521240234375, -147.04539489746094], [-211.19534301757812, -92.62208557128906], [-16.581607818603516, -54.34556198120117], [-148.0768280029297, -294.7210998535156], [-99.80509185791016, -43.68631362915039], [-18.068906784057617, -112.88792419433594], [-133.3165740966797, -14.572917938232422], [-139.0848388671875, -155.9476318359375], [-5.181181907653809, -36.04133605957031], [-7.930538177490234, -40.24645233154297], [-155.4364776611328, -53.56483840942383], [-10.489673614501953, -35.5522346496582], [-27.241783142089844, -17.674943923950195], [-10.337601661682129, -2.3732142448425293], [-1.225393295288086, -238.83056640625], [-50.33329772949219, -0.3795296251773834], [-104.94121551513672, -139.3528289794922], [-0.8937117457389832, -236.66677856445312], [-20.023300170898438, -122.79061889648438], [-105.52975463867188, -67.67893981933594], [-34.12281036376953, -138.85794067382812], [-74.99795532226562, -47.6544075012207], [-7.097020626068115, -71.50800323486328], [-100.99632263183594, -93.03179168701172], [-24.47207260131836, -272.0897521972656], [-3.263205051422119, -44.011695861816406], [-9.321990013122559, -32.47135925292969], [-13.296429634094238, -39.42496871948242], [-185.75770568847656, -7.342745304107666], [-4.222826957702637, -37.362125396728516], [-64.4809799194336, -28.74495506286621], [-40.234561920166016, -16.330900192260742], [-110.6410140991211, -132.1063232421875], [-60.1306037902832, -14.319890975952148], [-109.28620147705078, -20.935977935791016], [-113.91215515136719, -204.8989715576172], [-58.92500305175781, -35.149269104003906], [-123.13301086425781, -60.650421142578125], [-114.79817199707031, -33.73771667480469], [-19.71533966064453, -41.55370330810547], [-74.81421661376953, -10.072011947631836], [-83.78235626220703, -49.42228317260742], [-64.54946899414062, -373.1964416503906], [-237.84580993652344, -100.78631591796875], [-75.8642349243164, -4.292375564575195], [-78.22030639648438, -140.12429809570312], [-37.19303512573242, -60.5206413269043], [-36.9876594543457, -38.29680633544922], [-96.92082214355469, -276.69891357421875], [-45.367271423339844, -64.79021453857422], [-18.90198516845703, -12.773262023925781], [-6.192516803741455, -60.51155471801758], [-81.0825424194336, -101.85360717773438], [-14.011171340942383, -11.355323791503906], [-113.64405822753906, -315.9457092285156], [-15.90196418762207, -138.71868896484375], [-80.67811584472656, -15.080522537231445], [-133.09336853027344, -152.2518310546875], [-39.82141876220703, -79.97789001464844], [-81.68782043457031, -33.377235412597656], [-85.96187591552734, -44.728580474853516], [-110.89729309082031, -336.4776306152344], [-42.126869201660156, -81.9945068359375], [-72.67314910888672, -6.843871116638184], [-62.360435485839844, -0.12059299647808075], [-73.3656005859375, -84.5384292602539], [-23.120513916015625, -55.542747497558594], [-68.7547607421875, -27.391109466552734], [-6.065182685852051, -268.4194641113281], [-110.68453216552734, -177.936279296875], [-10.19115924835205, -33.74143981933594], [-20.394611358642578, -48.67721176147461], [-207.66326904296875, -64.25804138183594], [-7.397326946258545, -165.25828552246094], [-44.36623764038086, -44.902435302734375], [-342.07061767578125, -150.15890502929688], [-42.928932189941406, -105.18144989013672], [-189.02316284179688, -15.837480545043945], [-120.45120239257812, -40.590171813964844], [-12.908941268920898, -1.213272213935852], [-27.399839401245117, -143.57861328125], [-10.54018783569336, -3.111029624938965], [-44.357582092285156, -149.0817413330078], [-29.645326614379883, -7.936795711517334], [-7.192393779754639, -339.8595886230469], [-49.56025314331055, -43.89346694946289], [-15.539145469665527, -33.67467498779297]], "train_probs": [1.0, 1.0, 5.254199956153849e-58, 5.8577319693253e-50, 3.966278338216455e-42, 3.972092584784116e-27, 0.9999999999999947, 6.972496655680235e-40, 0.9999998815894771, 1.0, 1.0, 1.0, 6.172049981584313e-34, 1.0, 3.193659344877052e-52, 1.0, 1.0, 4.24545541243969e-25, 1.0, 2.693303958325519e-52, 0.9999999525122006, 0.9999999999999604, 0.9999999999999908, 5.72412633768065e-45, 0.9999999999869543, 7.00074265467924e-05, 0.0003475037919179187, 1.0, 2.0200129889267572e-22, 0.9999999999999988, 1.0, 1.0, 3.6441814107251956e-17, 1.0, 1.3330549922973767e-12, 1.0, 0.0003474539363067333, 1.0, 1.0, 0.9999999999116195, 0.9999999999955073, 3.2761759363281925e-78, 0.999999999999996, 3.0202410054667043e-16, 4.1569194992986936e-11, 0.9999999995238599, 1.2725070956163453e-20, 4.265652187827031e-39, 1.0, 4.72421814423144e-11, 7.314018741610718e-28, 6.250166013277979e-36, 0.9999999996721168, 7.635153404106417e-29, 1.1956659438015393e-15, 1.0, 2.99101131030915e-60, 8.255367675124622e-32, 1.0, 0.9999999999260482, 0.7873703631998609, 1.0, 0.999999996329519, 0.0021746226253492014, 1.0, 0.9999999990466746, 0.06562951233105199, 1.0, 1.0, 3.245840691007873e-29, 0.9999999952182657, 1.0, 1.0446709243570276e-21, 1.2376769971324436e-18, 1.0, 1.0, 2.574588471830512e-29, 9.32351883152647e-28, 0.9999859493615939, 0.9999999999999918, 1.086411864026192e-18, 1.0, 1.0, 0.9999999999408108, 0.9999999999994788, 5.246877813418663e-63, 1.0, 0.630927454617979, 4.506114106907135e-84, 1.0, 6.115244615015282e-76, 2.0739348076780378e-35, 8.329747746579762e-06, 1.0, 0.0005933348058065173, 1.0, 3.7334025390421805e-10, 1.0, 0.0034470406823702954, 0.9999999867003688], "test_labels": [], "test_logprobs": [], "test_probs": []}}