{"0": {"chosen": -17.78977394104004, "rejected": -1.1282905340194702, "n_evaluated": 1}, "1": {"chosen": -9.327534675598145, "rejected": -14.582917213439941, "n_evaluated": 1}, "2": {"chosen": -37.4720573425293, "rejected": -251.7587890625, "n_evaluated": 1}, "3": {"chosen": -12.176311492919922, "rejected": -19.244979858398438, "n_evaluated": 1}, "4": {"chosen": -33.316436767578125, "rejected": -183.62020874023438, "n_evaluated": 1}, "5": {"chosen": -125.98814392089844, "rejected": -167.84434509277344, "n_evaluated": 1}, "6": {"chosen": -94.49972534179688, "rejected": -24.829906463623047, "n_evaluated": 1}, "7": {"chosen": -4.9010748863220215, "rejected": -23.323204040527344, "n_evaluated": 1}, "8": {"chosen": -9.8941068649292, "rejected": -57.64472579956055, "n_evaluated": 1}, "9": {"chosen": -8.473895072937012, "rejected": -339.996337890625, "n_evaluated": 1}, "10": {"chosen": -16.891572952270508, "rejected": -21.187110900878906, "n_evaluated": 1}, "11": {"chosen": -21.495468139648438, "rejected": -295.9728088378906, "n_evaluated": 1}, "12": {"chosen": -27.82715606689453, "rejected": -4.670587539672852, "n_evaluated": 1}, "13": {"chosen": -90.69688415527344, "rejected": -35.64377212524414, "n_evaluated": 1}, "14": {"chosen": -34.58106231689453, "rejected": -24.512094497680664, "n_evaluated": 1}, "15": {"chosen": -13.02963924407959, "rejected": -25.396846771240234, "n_evaluated": 1}, "16": {"chosen": -67.9609375, "rejected": -275.79437255859375, "n_evaluated": 1}, "17": {"chosen": -47.13085174560547, "rejected": -27.798141479492188, "n_evaluated": 1}, "18": {"chosen": -212.97711181640625, "rejected": -76.74571228027344, "n_evaluated": 1}, "19": {"chosen": -72.45123291015625, "rejected": -31.66958236694336, "n_evaluated": 1}, "20": {"chosen": -49.666988372802734, "rejected": -29.871496200561523, "n_evaluated": 1}, "21": {"chosen": -18.914539337158203, "rejected": -10.394201278686523, "n_evaluated": 1}, "22": {"chosen": -47.361114501953125, "rejected": -19.55218505859375, "n_evaluated": 1}, "23": {"chosen": -11.128170013427734, "rejected": -50.865116119384766, "n_evaluated": 1}, "24": {"chosen": -42.941654205322266, "rejected": -9.755882263183594, "n_evaluated": 1}, "25": {"chosen": -104.34776306152344, "rejected": -4.924061298370361, "n_evaluated": 1}, "26": {"chosen": -28.997333526611328, "rejected": -61.94398498535156, "n_evaluated": 1}, "27": {"chosen": -196.5254364013672, "rejected": -140.59921264648438, "n_evaluated": 1}, "28": {"chosen": -70.75513458251953, "rejected": -22.688161849975586, "n_evaluated": 1}, "29": {"chosen": -4.952442646026611, "rejected": -112.66665649414062, "n_evaluated": 1}, "30": {"chosen": -42.51805877685547, "rejected": -18.866975784301758, "n_evaluated": 1}, "31": {"chosen": -102.33556365966797, "rejected": -174.83018493652344, "n_evaluated": 1}, "32": {"chosen": -41.3272819519043, "rejected": -37.73783874511719, "n_evaluated": 1}, "33": {"chosen": -62.07599639892578, "rejected": -22.335033416748047, "n_evaluated": 1}, "34": {"chosen": -195.63648986816406, "rejected": -47.505393981933594, "n_evaluated": 1}, "35": {"chosen": -56.4390983581543, "rejected": -83.23919677734375, "n_evaluated": 1}, "36": {"chosen": -21.4453067779541, "rejected": -165.42864990234375, "n_evaluated": 1}, "37": {"chosen": -27.23484992980957, "rejected": -90.02899169921875, "n_evaluated": 1}, "38": {"chosen": -19.99456024169922, "rejected": -379.61956787109375, "n_evaluated": 1}, "39": {"chosen": -11.251617431640625, "rejected": -128.66012573242188, "n_evaluated": 1}, "40": {"chosen": -54.88105773925781, "rejected": -82.88139343261719, "n_evaluated": 1}, "41": {"chosen": -130.29147338867188, "rejected": -62.277015686035156, "n_evaluated": 1}, "42": {"chosen": -90.08023071289062, "rejected": -53.10224533081055, "n_evaluated": 1}, "43": {"chosen": -98.8332290649414, "rejected": -46.729373931884766, "n_evaluated": 1}, "44": {"chosen": -251.39942932128906, "rejected": -350.67706298828125, "n_evaluated": 1}, "45": {"chosen": -118.7808837890625, "rejected": -348.2771301269531, "n_evaluated": 1}, "46": {"chosen": -162.76292419433594, "rejected": -101.94093322753906, "n_evaluated": 1}, "47": {"chosen": -73.86923217773438, "rejected": -132.258056640625, "n_evaluated": 1}, "48": {"chosen": -30.754220962524414, "rejected": -24.46826171875, "n_evaluated": 1}, "49": {"chosen": -118.90544128417969, "rejected": -26.69479751586914, "n_evaluated": 1}, "50": {"chosen": -90.9747085571289, "rejected": -42.36159896850586, "n_evaluated": 1}, "51": {"chosen": -15.567342758178711, "rejected": -20.993183135986328, "n_evaluated": 1}, "52": {"chosen": -13.86971378326416, "rejected": -24.52344512939453, "n_evaluated": 1}, "53": {"chosen": -353.83575439453125, "rejected": -103.43404388427734, "n_evaluated": 1}, "54": {"chosen": -20.221206665039062, "rejected": -256.79998779296875, "n_evaluated": 1}, "55": {"chosen": -26.166423797607422, "rejected": -138.3421173095703, "n_evaluated": 1}, "56": {"chosen": -34.44279479980469, "rejected": -267.6400451660156, "n_evaluated": 1}, "57": {"chosen": -8.831120491027832, "rejected": -7.9571380615234375, "n_evaluated": 1}, "58": {"chosen": -101.20919799804688, "rejected": -163.78131103515625, "n_evaluated": 1}, "59": {"chosen": -59.973690032958984, "rejected": -21.230653762817383, "n_evaluated": 1}, "60": {"chosen": -10.486038208007812, "rejected": -28.338836669921875, "n_evaluated": 1}, "61": {"chosen": -76.18243408203125, "rejected": -52.94091033935547, "n_evaluated": 1}, "62": {"chosen": -150.74435424804688, "rejected": -101.16163635253906, "n_evaluated": 1}, "63": {"chosen": -71.91146850585938, "rejected": -21.047889709472656, "n_evaluated": 1}, "64": {"chosen": -168.4082489013672, "rejected": -168.1624298095703, "n_evaluated": 1}, "65": {"chosen": -45.182743072509766, "rejected": -134.09835815429688, "n_evaluated": 1}, "66": {"chosen": -14.39689826965332, "rejected": -64.82949829101562, "n_evaluated": 1}, "67": {"chosen": -13.860639572143555, "rejected": -73.87774658203125, "n_evaluated": 1}, "68": {"chosen": -140.1571044921875, "rejected": -200.1668243408203, "n_evaluated": 1}, "69": {"chosen": -18.675994873046875, "rejected": -13.763944625854492, "n_evaluated": 1}, "70": {"chosen": -16.87664031982422, "rejected": -23.863468170166016, "n_evaluated": 1}, "71": {"chosen": -39.607601165771484, "rejected": -203.46604919433594, "n_evaluated": 1}, "72": {"chosen": -18.30636215209961, "rejected": -181.00082397460938, "n_evaluated": 1}, "73": {"chosen": -3.3630566596984863, "rejected": -7.480278491973877, "n_evaluated": 1}, "74": {"chosen": -55.72555923461914, "rejected": -26.898609161376953, "n_evaluated": 1}, "75": {"chosen": -36.56315994262695, "rejected": -460.90570068359375, "n_evaluated": 1}, "76": {"chosen": -8.976346969604492, "rejected": -6.33590030670166, "n_evaluated": 1}, "77": {"chosen": -102.22882843017578, "rejected": -100.8231201171875, "n_evaluated": 1}, "78": {"chosen": -63.1640625, "rejected": -36.53862762451172, "n_evaluated": 1}, "79": {"chosen": -116.42943572998047, "rejected": -14.949264526367188, "n_evaluated": 1}, "80": {"chosen": -8.045730590820312, "rejected": -4.945382118225098, "n_evaluated": 1}, "81": {"chosen": -34.1346435546875, "rejected": -19.441194534301758, "n_evaluated": 1}, "82": {"chosen": -23.448165893554688, "rejected": -27.740198135375977, "n_evaluated": 1}, "83": {"chosen": -82.06316375732422, "rejected": -172.1401824951172, "n_evaluated": 1}, "84": {"chosen": -42.071590423583984, "rejected": -30.1483154296875, "n_evaluated": 1}, "85": {"chosen": -42.938682556152344, "rejected": -253.28602600097656, "n_evaluated": 1}, "86": {"chosen": -135.19883728027344, "rejected": -35.00137710571289, "n_evaluated": 1}, "87": {"chosen": -2.997504711151123, "rejected": -72.045166015625, "n_evaluated": 1}, "88": {"chosen": -38.3844108581543, "rejected": -117.16700744628906, "n_evaluated": 1}, "89": {"chosen": -44.158695220947266, "rejected": -61.352596282958984, "n_evaluated": 1},