{"0": {"train_labels": [0, 0, 1, 1, 0, 0, 0, 1, 1, 0, 0, 0, 1, 0, 1, 0, 0, 1, 0, 1, 0, 0, 1, 1, 0, 0, 0, 0, 1, 0, 0, 0, 1, 0, 1, 0, 0, 0, 0, 1, 1, 1, 1, 1, 1, 0, 1, 1, 0, 1, 1, 1, 0, 1, 1, 0, 1, 1, 0, 0, 0, 0, 0, 0, 0, 0, 1, 0, 0, 1, 1, 0, 1, 1, 0, 0, 1, 1, 1, 0, 1, 0, 0, 0, 0, 1, 0, 0, 1, 0, 1, 1, 0, 0, 0, 0, 1, 0, 1, 0], "train_logprobs": [[-10.930105209350586, -51.124820709228516], [-52.10398483276367, -94.49971008300781], [-119.53019714355469, -22.349498748779297], [-117.95732116699219, -22.67254638671875], [-96.40100860595703, -101.49519348144531], [-90.93643188476562, -92.64800262451172], [-31.94947624206543, -87.77621459960938], [-126.87374877929688, -39.09393310546875], [-66.08867645263672, -52.70941925048828], [-109.76210021972656, -145.4279022216797], [-133.6996307373047, -144.43263244628906], [-12.903268814086914, -64.75921630859375], [-74.58495330810547, -5.9640679359436035], [-35.33858871459961, -127.74334716796875], [-177.5741729736328, -84.18212127685547], [-13.09783935546875, -45.301780700683594], [-221.25396728515625, -253.8589324951172], [-107.16566467285156, -45.05424499511719], [-15.830358505249023, -93.9818115234375], [-131.18670654296875, -18.81464195251465], [-133.6691436767578, -191.71401977539062], [-11.59679889678955, -40.68769836425781], [-34.75654983520508, -23.856658935546875], [-138.54327392578125, -85.38766479492188], [-21.419275283813477, -28.680604934692383], [-39.44865036010742, -81.46990203857422], [-13.000974655151367, -24.06125831604004], [-45.02852249145508, -194.25091552734375], [-45.40583801269531, -7.645895004272461], [-82.07361602783203, -124.60549926757812], [-11.494202613830566, -187.0518798828125], [-31.96866226196289, -121.61956787109375], [-136.17779541015625, -52.611045837402344], [-86.76139068603516, -119.1402816772461], [-75.83830261230469, -48.534420013427734], [-7.486210346221924, -51.82408905029297], [-88.7771224975586, -161.39605712890625], [-23.3220272064209, -233.5774688720703], [-15.031462669372559, -31.56441879272461], [-40.425758361816406, -30.1334228515625], [-48.16489791870117, -33.61778259277344], [-175.5360107421875, -33.938377380371094], [-55.462764739990234, -33.80259704589844], [-61.70651626586914, -60.20927810668945], [-64.25592803955078, -21.988056182861328], [-95.05767059326172, -101.18270874023438], [-66.82627868652344, -13.886726379394531], [-104.4211654663086, -21.55777359008789], [-96.47169494628906, -275.76373291015625], [-80.6941146850586, -27.883506774902344], [-128.17568969726562, -65.35958862304688], [-110.05052185058594, -32.51178741455078], [-16.69719696044922, -124.28431701660156], [-71.12605285644531, -14.644670486450195], [-77.22242736816406, -39.75727462768555], [-51.97511291503906, -334.2008056640625], [-201.68040466308594, -92.21172332763672], [-68.41748046875, -44.91197967529297], [-73.24003601074219, -133.7532501220703], [-33.184139251708984, -64.6510009765625], [-36.61772918701172, -134.14645385742188], [-86.95812225341797, -205.53073120117188], [-41.75157165527344, -59.575050354003906], [-25.68903160095215, -40.669647216796875], [-25.871807098388672, -58.877532958984375], [-75.45475769042969, -91.83467102050781], [-15.371116638183594, -11.31721305847168], [-100.52925872802734, -321.50445556640625], [-41.4478645324707, -125.80713653564453], [-89.56132507324219, -43.85193634033203], [-154.1681365966797, -147.48423767089844], [-35.45083999633789, -69.30601501464844], [-74.85797882080078, -23.626352310180664], [-95.3389663696289, -36.13987731933594], [-161.81588745117188, -288.0436096191406], [-34.49954605102539, -63.77740478515625], [-56.01532745361328, -25.473474502563477], [-52.39043045043945, -6.978427886962891], [-127.38999938964844, -75.9267578125], [-53.26323318481445, -57.809085845947266], [-66.37421417236328, -40.492549896240234], [-25.911211013793945, -229.52984619140625], [-129.16778564453125, -166.26930236816406], [-10.328934669494629, -84.1316146850586], [-33.81898880004883, -48.43444061279297], [-172.55487060546875, -119.09925842285156], [-22.479787826538086, -156.68667602539062], [-43.13095474243164, -76.24164581298828], [-290.667724609375, -126.41926574707031], [-30.8132266998291, -86.97120666503906], [-175.06805419921875, -60.514732360839844], [-127.80728149414062, -73.28386688232422], [-7.243788719177246, -11.196640014648438], [-74.95500183105469, -126.76729583740234], [-9.244348526000977, -30.12902069091797], [-112.55387878417969, -125.19425964355469], [-43.2545051574707, -13.441570281982422], [-15.372462272644043, -304.3067321777344], [-53.578453063964844, -37.41623306274414], [-15.266888618469238, -72.89507293701172]], "train_probs": [1.0, 1.0, 6.2367586728390926e-43, 4.152867774023116e-42, 0.9939050727529836, 0.8470399054201658, 1.0, 7.545889311537646e-39, 1.5468982684875643e-06, 0.9999999999999997, 0.9999781874163227, 1.0, 1.578803714688608e-30, 1.0, 2.756432072217081e-41, 0.9999999999999897, 0.9999999999999931, 1.0601154667682291e-27, 1.0, 1.575550864324406e-49, 1.0, 0.9999999999997677, 1.845990713081364e-05, 8.218873048920392e-24, 0.9992983189333879, 1.0, 0.9999842756388937, 1.0, 3.9908473328396816e-17, 1.0, 1.0, 1.0, 5.098257771959032e-37, 0.9999999999999913, 1.3869935861350211e-12, 1.0, 1.0, 1.0, 0.9999999339567621, 3.3890717485993926e-05, 4.811360266831589e-07, 3.1983735143205514e-62, 3.918399326979803e-10, 0.18283780391064364, 4.398417909303343e-19, 0.9978173666353599, 1.0201042538542366e-23, 1.0301160559409484e-36, 1.0, 1.1604980062330573e-23, 5.239790568100861e-28, 2.1152197879729347e-34, 1.0, 2.9542504234002956e-25, 5.359088155779624e-17, 1.0, 2.873133161659333e-48, 6.190000883431085e-11, 1.0, 0.9999999999999785, 1.0, 1.0, 0.9999999818297232, 0.9999996881102035, 0.9999999999999954, 0.9999999230348725, 0.017058456634890935, 1.0, 1.0, 1.4082011742532123e-20, 0.0012493285457541952, 0.999999999999998, 5.628430496504084e-23, 1.950573374484778e-26, 1.0, 0.9999999999998074, 5.4430433885832414e-14, 1.8959106864192872e-20, 4.46476044750553e-23, 0.9895002925012363, 5.75090273455136e-12, 1.0, 0.9999999999999999, 1.0, 0.9999995506448411, 6.088672326928436e-24, 1.0, 0.9999999999999959, 4.653724344234628e-72, 1.0, 1.7787890278066103e-50, 2.0930610674661655e-24, 0.981161811809867, 1.0, 0.9999999991490538, 0.9999967614475346, 1.1282540320446393e-13, 1.0, 9.568348758424164e-08, 1.0], "test_labels": [], "test_logprobs": [], "test_probs": []}}