{"0": {"train_labels": [0, 0, 1, 1, 1, 1, 0, 1, 0, 0, 0, 0, 1, 0, 1, 0, 0, 1, 0, 1, 0, 0, 0, 1, 0, 1, 1, 0, 1, 0, 0, 0, 1, 0, 1, 0, 1, 0, 0, 0, 0, 1, 0, 1, 1, 0, 1, 1, 0, 1, 1, 1, 0, 1, 1, 0, 1, 1, 0, 0, 0, 0, 0, 1, 0, 0, 1, 0, 0, 1, 0, 0, 1, 1, 0, 0, 1, 1, 0, 0, 1, 0, 0, 0, 0, 1, 0, 0, 1, 0, 1, 1, 1, 0, 1, 0, 1, 0, 1, 0], "train_logprobs": [[-8.99035358428955, -62.74537658691406], [-52.44358825683594, -110.99116516113281], [-133.55810546875, -1.411036729812622], [-136.29315185546875, -22.88515853881836], [-138.72019958496094, -43.420326232910156], [-109.02063751220703, -47.79930114746094], [-25.568035125732422, -58.594512939453125], [-130.89590454101562, -40.23164367675781], [-42.12263488769531, -58.61647033691406], [-139.03761291503906, -185.5366668701172], [-86.6500015258789, -152.00234985351562], [-6.777368545532227, -77.24119567871094], [-88.09651947021484, -11.870733261108398], [-39.96860122680664, -147.07568359375], [-210.71585083007812, -92.75840759277344], [-16.660831451416016, -54.00764465332031], [-147.84210205078125, -294.8695983886719], [-99.67483520507812, -43.93982696533203], [-18.117156982421875, -113.86524963378906], [-131.9573211669922, -14.624622344970703], [-137.8153076171875, -155.9055633544922], [-5.099724292755127, -36.21052551269531], [-7.968246936798096, -40.31706619262695], [-155.8063201904297, -53.834102630615234], [-10.624629020690918, -35.64293670654297], [-27.07002067565918, -17.672422409057617], [-10.20305347442627, -2.361189126968384], [-1.3560580015182495, -238.546630859375], [-50.403114318847656, -0.35716313123703003], [-104.65388488769531, -139.51669311523438], [-0.8375470042228699, -237.44869995117188], [-19.994192123413086, -123.06671142578125], [-104.72696685791016, -67.91983032226562], [-34.17942428588867, -138.6651611328125], [-74.41018676757812, -48.41218566894531], [-7.16031551361084, -71.31925964355469], [-100.91693878173828, -92.80463409423828], [-24.48395538330078, -272.3976745605469], [-3.278319835662842, -44.13685989379883], [-9.29869556427002, -32.540557861328125], [-13.006522178649902, -39.48987579345703], [-186.03546142578125, -7.5517258644104], [-4.261498928070068, -37.18041229248047], [-63.80793762207031, -28.742374420166016], [-39.961814880371094, -16.574966430664062], [-110.79969787597656, -132.48178100585938], [-60.541297912597656, -14.20229434967041], [-108.81693267822266, -20.93810272216797], [-113.66466522216797, -204.31533813476562], [-59.19256591796875, -34.94292449951172], [-123.27701568603516, -60.1159553527832], [-115.42460632324219, -33.919281005859375], [-19.802433013916016, -41.34545135498047], [-74.75645446777344, -10.013886451721191], [-83.52833557128906, -49.26097106933594], [-65.68722534179688, -373.2287292480469], [-237.15463256835938, -100.20362854003906], [-75.92491149902344, -4.342869758605957], [-78.03591918945312, -140.60707092285156], [-36.909141540527344, -60.484683990478516], [-37.259212493896484, -38.31693649291992], [-96.76820373535156, -277.6117248535156], [-45.205440521240234, -64.76377868652344], [-18.89051055908203, -12.708858489990234], [-6.147261142730713, -60.476253509521484], [-80.6393814086914, -101.61846923828125], [-13.996612548828125, -11.510159492492676], [-114.0639877319336, -314.94085693359375], [-15.534958839416504, -138.62060546875], [-80.29364776611328, -14.902656555175781], [-133.16046142578125, -151.96295166015625], [-39.5823974609375, -79.730224609375], [-82.43316650390625, -33.394691467285156], [-85.64268493652344, -45.07725524902344], [-111.2951431274414, -336.7337646484375], [-42.25136947631836, -82.36283874511719], [-73.40618896484375, -6.757900714874268], [-62.08688735961914, -0.12450170516967773], [-72.90718078613281, -84.54097747802734], [-22.964527130126953, -56.044734954833984], [-68.8476333618164, -27.609806060791016], [-6.0536394119262695, -267.4668884277344], [-110.98821258544922, -177.61390686035156], [-10.268011093139648, -33.497154235839844], [-20.272220611572266, -48.72573471069336], [-207.47044372558594, -64.04515075683594], [-7.341579914093018, -165.5831756591797], [-44.63608932495117, -44.688865661621094], [-342.6163635253906, -149.98623657226562], [-42.66913986206055, -105.52423095703125], [-189.18858337402344, -16.03253746032715], [-121.81932067871094, -40.165313720703125], [-12.81568717956543, -1.2065606117248535], [-27.545686721801758, -143.8314971923828], [-10.578062057495117, -3.015373706817627], [-44.487762451171875, -149.040771484375], [-29.7281494140625, -8.012972831726074], [-7.1385626792907715, -339.8200378417969], [-49.42567443847656, -44.018280029296875], [-15.615636825561523, -33.905914306640625]], "train_probs": [1.0, 1.0, 4.06684150311932e-58, 5.591576858859334e-50, 4.0906363866100975e-42, 2.5817336899072454e-27, 0.9999999999999954, 4.217079620830508e-40, 0.9999999313219037, 1.0, 1.0, 1.0, 7.862518324871371e-34, 1.0, 5.9119847159613804e-52, 0.9999999999999999, 1.0, 6.231512530442126e-25, 1.0, 1.1042218962900305e-51, 0.9999999860844059, 0.9999999999999691, 0.9999999999999911, 5.176409270693397e-45, 0.999999999986364, 8.291610983706376e-05, 0.0003927814506216439, 1.0, 1.8421269557982096e-22, 0.9999999999999993, 1.0, 1.0, 1.0348173650525434e-16, 1.0, 5.119311806839807e-12, 1.0, 0.00029973719927788614, 1.0, 1.0, 0.9999999999194273, 0.9999999999968492, 3.058429938104327e-78, 0.999999999999995, 5.90499312865729e-16, 6.969807270910472e-11, 0.999999999616654, 7.502853313162977e-21, 6.834536606380732e-39, 1.0, 2.941132185851426e-11, 3.711077518043748e-28, 4.0057788475003994e-36, 0.9999999995594593, 7.632379675716956e-29, 1.3118152865994918e-15, 1.0, 3.3337625176158093e-60, 8.171734891844228e-32, 1.0, 0.9999999999422873, 0.7422553583653375, 1.0, 0.9999999967943091, 0.0020627464706907614, 1.0, 0.9999999992257202, 0.07681334472191555, 1.0, 1.0, 3.990739235873783e-29, 0.9999999931737491, 1.0, 5.044996748207648e-22, 2.4135579494929815e-18, 1.0, 1.0, 1.1350531146170448e-29, 1.2304892522948885e-27, 0.9999911385978826, 0.9999999999999958, 1.2320807081989974e-18, 1.0, 1.0, 0.9999999999183959, 0.9999999999995607, 5.142646806739486e-63, 1.0, 0.5131910225175029, 2.196841964428499e-84, 1.0, 6.299190630853088e-76, 3.452354250529232e-36, 9.082730900414614e-06, 1.0, 0.0005192071130623253, 1.0, 3.708673803068586e-10, 1.0, 0.004463296342186962, 0.9999999886071228], "test_labels": [], "test_logprobs": [], "test_probs": []}}