{"0": {"0": {"chosen": -20.26770782470703, "rejected": -5.768483638763428}, "1": {"chosen": -14.902494430541992, "rejected": -24.68522834777832}, "2": {"chosen": -39.21220397949219, "rejected": -256.3924865722656}, "3": {"chosen": -17.39620018005371, "rejected": -25.459569931030273}, "4": {"chosen": -37.62969207763672, "rejected": -179.4564208984375}, "5": {"chosen": -119.46016693115234, "rejected": -181.6151123046875}, "6": {"chosen": -105.34262084960938, "rejected": -30.340198516845703}, "7": {"chosen": -12.672521591186523, "rejected": -28.918405532836914}, "8": {"chosen": -15.952540397644043, "rejected": -57.613895416259766}, "9": {"chosen": -9.299837112426758, "rejected": -336.279296875}, "10": {"chosen": -20.486783981323242, "rejected": -24.3210391998291}, "11": {"chosen": -29.049530029296875, "rejected": -312.4815673828125}, "12": {"chosen": -30.205081939697266, "rejected": -10.897798538208008}, "13": {"chosen": -103.70433044433594, "rejected": -46.58707809448242}, "14": {"chosen": -42.72627639770508, "rejected": -27.225271224975586}, "15": {"chosen": -19.876277923583984, "rejected": -33.13169479370117}, "16": {"chosen": -69.33644104003906, "rejected": -284.21270751953125}, "17": {"chosen": -56.077457427978516, "rejected": -34.974273681640625}, "18": {"chosen": -219.93936157226562, "rejected": -85.31258392333984}, "19": {"chosen": -80.72468566894531, "rejected": -41.36936950683594}, "20": {"chosen": -54.99002456665039, "rejected": -33.180904388427734}, "21": {"chosen": -26.25796127319336, "rejected": -14.18468189239502}, "22": {"chosen": -52.48442459106445, "rejected": -20.467809677124023}, "23": {"chosen": -14.96434211730957, "rejected": -59.36182403564453}, "24": {"chosen": -50.00992965698242, "rejected": -15.423644065856934}, "25": {"chosen": -111.9866943359375, "rejected": -14.708477020263672}, "26": {"chosen": -30.79291534423828, "rejected": -66.86626434326172}, "27": {"chosen": -197.93295288085938, "rejected": -144.5813751220703}, "28": {"chosen": -78.94525909423828, "rejected": -30.99395751953125}, "29": {"chosen": -12.403275489807129, "rejected": -118.18781280517578}, "30": {"chosen": -44.64837646484375, "rejected": -17.61919593811035}, "31": {"chosen": -113.98188781738281, "rejected": -180.8105926513672}, "32": {"chosen": -49.279258728027344, "rejected": -46.74921798706055}, "33": {"chosen": -81.31671142578125, "rejected": -25.302034378051758}, "34": {"chosen": -202.7806396484375, "rejected": -48.28119659423828}, "35": {"chosen": -63.21198272705078, "rejected": -89.21756744384766}, "36": {"chosen": -24.754119873046875, "rejected": -166.58657836914062}, "37": {"chosen": -29.072460174560547, "rejected": -99.98519897460938}, "38": {"chosen": -21.676708221435547, "rejected": -386.82916259765625}, "39": {"chosen": -15.806066513061523, "rejected": -130.8486328125}, "40": {"chosen": -53.663936614990234, "rejected": -85.7809829711914}, "41": {"chosen": -136.63450622558594, "rejected": -65.60297393798828}, "42": {"chosen": -94.98249053955078, "rejected": -62.743770599365234}, "43": {"chosen": -106.8106460571289, "rejected": -47.03244400024414}, "44": {"chosen": -252.43931579589844, "rejected": -363.35125732421875}, "45": {"chosen": -124.92659759521484, "rejected": -351.8261413574219}, "46": {"chosen": -158.47596740722656, "rejected": -112.54291534423828}, "47": {"chosen": -77.58924865722656, "rejected": -134.51760864257812}, "48": {"chosen": -35.085872650146484, "rejected": -25.109039306640625}, "49": {"chosen": -127.27375793457031, "rejected": -32.02284240722656}, "50": {"chosen": -97.92903137207031, "rejected": -45.79495620727539}, "51": {"chosen": -22.981403350830078, "rejected": -26.84803009033203}, "52": {"chosen": -16.480819702148438, "rejected": -31.186983108520508}, "53": {"chosen": -355.4925842285156, "rejected": -108.02337646484375}, "54": {"chosen": -23.648387908935547, "rejected": -255.25595092773438}, "55": {"chosen": -30.963794708251953, "rejected": -137.01780700683594}, "56": {"chosen": -41.86570358276367, "rejected": -262.2198181152344}, "57": {"chosen": -17.45026397705078, "rejected": -14.904609680175781}, "58": {"chosen": -99.30011749267578, "rejected": -162.30035400390625}, "59": {"chosen": -62.953285217285156, "rejected": -21.970394134521484}, "60": {"chosen": -21.344341278076172, "rejected": -35.2232780456543}, "61": {"chosen": -88.77623748779297, "rejected": -52.06340026855469}, "62": {"chosen": -160.19178771972656, "rejected": -108.6751937866211}, "63": {"chosen": -68.32775115966797, "rejected": -27.220478057861328}, "64": {"chosen": -183.8404998779297, "rejected": -182.96771240234375}, "65": {"chosen": -51.46147155761719, "rejected": -140.311767578125}, "66": {"chosen": -19.145545959472656, "rejected": -68.45308685302734}, "67": {"chosen": -17.261667251586914, "rejected": -80.86212158203125}, "68": {"chosen": -144.0169677734375, "rejected": -205.33001708984375}, "69": {"chosen": -19.162084579467773, "rejected": -18.120800018310547}, "70": {"chosen": -23.58145523071289, "rejected": -28.16575050354004}, "71": {"chosen": -43.84721374511719, "rejected": -206.11167907714844}, "72": {"chosen": -22.09505844116211, "rejected": -190.67958068847656}, "73": {"chosen": -2.534972667694092, "rejected": -6.904569625854492}, "74": {"chosen": -54.443729400634766, "rejected": -30.10786247253418}, "75": {"chosen": -36.42088317871094, "rejected": -468.48388671875}, "76": {"chosen": -16.019367218017578, "rejected": -10.824869155883789}, "77": {"chosen": -104.45170593261719, "rejected": -102.34233093261719}, "78": {"chosen": -68.70208740234375, "rejected": -46.160743713378906}, "79": {"chosen": -130.6104736328125, "rejected": -19.67681884765625}, "80": {"chosen": -6.9877214431762695, "rejected": -11.487244606018066}, "81": {"chosen": -42.81898498535156, "rejected": -25.306142807006836}, "82": {"chosen": -26.21390151977539, "rejected": -30.92205047607422}, "83": {"chosen": -91.09175872802734, "rejected": -173.58570861816406}, "84": {"chosen": -45.22292709350586, "rejected": -33.707645416259766}, "85": {"chosen": -46.14422607421875, "rejected": -271.5420227050781}, "86": {"chosen": -136.0306396484375, "rejected": -43.69132995605469}, "87": {"chosen": -4.251550674438477, "rejected": -73.25666809082031}, "88": {"chosen": -43.564537048339844, "rejected": -126.15650939941406}, "89": {"chosen": -55.621971130371094, "rejected": -73.47750091552734}, "90": {"chosen": -36.45843505859375, "rejected": -54.112850189208984}, "91": {"chosen": -62.898345947265625, "rejected": -48.06718444824219}, "92": {"chosen": -23.353374481201172, "rejected": -39.221683502197266}, "93": {"chosen": -100.59136962890625, "rejected": -105.94976806640625}, "94": {"chosen": -4.192981243133545, "rejected": -16.586395263671875}, "95": {"chosen": -10.921348571777344, "rejected": -92.7404556274414}, "96": {"chosen": -20.840646743774414, "rejected": -12.47846794128418}, "97": {"chosen": -100.54985046386719, "rejected": -84.99755859375}, "98": {"chosen": -16.032501220703125, "rejected": -64.43073272705078}, "99": {"chosen": -76.80547332763672, "rejected": -43.703609466552734}}}