{"0": {"train_labels": [0, 0, 1, 1, 0, 1, 0, 1, 1, 0, 1, 0, 1, 0, 1, 0, 0, 1, 0, 1, 0, 0, 1, 1, 1, 0, 0, 0, 1, 0, 0, 0, 1, 0, 1, 0, 0, 0, 0, 1, 1, 1, 1, 1, 1, 0, 1, 1, 0, 1, 1, 1, 0, 1, 1, 0, 1, 1, 0, 0, 0, 0, 0, 0, 0, 0, 1, 0, 0, 1, 1, 0, 1, 1, 0, 0, 1, 1, 1, 0, 1, 0, 0, 0, 0, 1, 0, 0, 1, 0, 1, 1, 0, 0, 0, 0, 1, 0, 1, 0], "train_logprobs": [[-9.586980819702148, -111.15940856933594], [-111.81913757324219, -171.18667602539062], [-199.76153564453125, -40.014015197753906], [-268.6077880859375, -41.05306625366211], [-205.55206298828125, -225.7156982421875], [-183.7091827392578, -178.68153381347656], [-40.553810119628906, -133.4817657470703], [-248.85311889648438, -59.62440490722656], [-153.5575714111328, -117.05667114257812], [-299.792236328125, -329.3812255859375], [-299.8539733886719, -291.2583312988281], [-32.027374267578125, -131.16629028320312], [-179.1661834716797, -3.294541597366333], [-56.093421936035156, -209.86083984375], [-366.2203369140625, -166.50428771972656], [-31.351261138916016, -100.05470275878906], [-421.256103515625, -524.9019775390625], [-225.35528564453125, -102.08321380615234], [-21.636112213134766, -226.5316162109375], [-219.8399200439453, -31.444026947021484], [-221.15785217285156, -361.2060546875], [-8.652904510498047, -66.34909057617188], [-95.15647888183594, -69.34636688232422], [-329.28424072265625, -196.67726135253906], [-52.837955474853516, -40.26002883911133], [-49.48322296142578, -174.61767578125], [-18.61638641357422, -64.58531188964844], [-87.07793426513672, -332.80755615234375], [-125.65872955322266, -14.807794570922852], [-158.96768188476562, -243.81600952148438], [-21.281959533691406, -313.8273620605469], [-34.21352005004883, -193.8249053955078], [-277.8869934082031, -146.65570068359375], [-186.44866943359375, -315.04376220703125], [-140.29061889648438, -99.11248016357422], [-17.3004150390625, -92.83634185791016], [-166.9949188232422, -305.7823486328125], [-33.55857849121094, -476.777587890625], [-30.109771728515625, -84.2804183959961], [-71.80685424804688, -60.67591857910156], [-151.96768188476562, -81.79042053222656], [-351.84552001953125, -71.07969665527344], [-100.35559844970703, -58.959102630615234], [-102.50154876708984, -100.62205505371094], [-129.19183349609375, -58.423336029052734], [-155.0950164794922, -223.03941345214844], [-126.3034896850586, -40.56156539916992], [-195.94839477539062, -35.47815704345703], [-194.65176391601562, -499.35882568359375], [-208.9436798095703, -62.28132247924805], [-205.99127197265625, -136.76502990722656], [-222.84970092773438, -52.36653518676758], [-60.75107192993164, -253.8197021484375], [-131.436767578125, -26.538204193115234], [-168.0185089111328, -109.12609100341797], [-117.18534088134766, -650.3477783203125], [-438.6328430175781, -204.7459259033203], [-125.82485961914062, -75.42707824707031], [-147.1227569580078, -293.70794677734375], [-52.51096725463867, -106.74022674560547], [-53.33440017700195, -280.9433288574219], [-184.327392578125, -396.4022521972656], [-82.26860046386719, -130.4093475341797], [-36.62125778198242, -80.25700378417969], [-64.91129302978516, -129.49093627929688], [-180.83265686035156, -186.4251708984375], [-36.91061782836914, -19.482385635375977], [-202.8543701171875, -652.668701171875], [-97.2284927368164, -234.8352813720703], [-191.05484008789062, -73.94383239746094], [-317.02764892578125, -304.1446533203125], [-110.85194396972656, -167.01063537597656], [-138.2014617919922, -38.453773498535156], [-198.82595825195312, -95.31485748291016], [-230.290283203125, -626.9967651367188], [-64.52838897705078, -128.4908447265625], [-115.86398315429688, -60.31155014038086], [-113.924072265625, -18.730131149291992], [-232.27447509765625, -159.36769104003906], [-106.60847473144531, -111.76022338867188], [-123.8094482421875, -78.92875671386719], [-58.68497085571289, -501.9075927734375], [-236.55569458007812, -292.41680908203125], [-18.50119400024414, -161.7192840576172], [-68.56269073486328, -103.35993194580078], [-321.777587890625, -270.2534484863281], [-55.695621490478516, -305.203857421875], [-115.10531616210938, -191.61859130859375], [-580.8510131835938, -268.18511962890625], [-78.168701171875, -207.90371704101562], [-379.0697326660156, -100.80982208251953], [-225.84800720214844, -153.852783203125], [-16.49909019470215, -39.31794357299805], [-138.07467651367188, -222.00381469726562], [-16.026063919067383, -39.121925354003906], [-226.16590881347656, -268.559814453125], [-76.98971557617188, -40.6666259765625], [-15.245834350585938, -562.6256103515625], [-124.83637237548828, -69.98127746582031], [-27.899917602539062, -137.51327514648438]], "train_probs": [1.0, 1.0, 4.193082161034993e-70, 1.4936195078723348e-99, 0.9999999982499742, 0.006511524042319457, 1.0, 6.591946846550509e-83, 1.4055957290336708e-16, 0.9999999999998588, 0.00018487567559407922, 1.0, 4.1678915574576885e-77, 1.0, 1.8383232815539394e-87, 1.0, 1.0, 2.908167574339135e-54, 1.0, 1.5160140099782265e-82, 1.0, 1.0, 6.177471938955456e-12, 2.567559979341182e-58, 3.4472626280369124e-06, 1.0, 1.0, 1.0, 7.21191539701006e-49, 1.0, 1.0, 1.0, 1.0161871917676074e-57, 1.0, 1.3078609512269492e-18, 1.0, 1.0, 1.0, 1.0, 1.4651756665097528e-05, 3.3296810887976234e-31, 1.1613208034197787e-122, 1.051308790167756e-18, 0.13244703749019854, 1.8434529491017316e-31, 1.0, 5.791024667635951e-38, 2.0354537716508197e-70, 1.0, 2.019982042044585e-64, 8.618368670344835e-31, 9.122247713983694e-75, 1.0, 2.774168028553695e-46, 2.65062247894836e-26, 1.0, 2.6558436711677128e-102, 1.2957512901931883e-22, 1.0, 1.0, 1.0, 1.0, 1.0, 1.0, 1.0, 0.996288179287649, 2.6978320984195935e-08, 1.0, 1.0, 1.378274083446302e-51, 2.5408849137777362e-06, 1.0, 4.787727142457257e-44, 1.1109643430623084e-45, 1.0, 1.0, 7.479712167274668e-25, 4.547750837953586e-42, 2.1726310926807716e-32, 0.9942440503431774, 3.225249564389676e-20, 1.0, 1.0, 1.0, 0.9999999999999991, 4.200979593183452e-23, 1.0, 1.0, 1.6252783485082745e-136, 1.0, 1.4231684215546692e-121, 5.405943393701506e-32, 0.999999999877002, 1.0, 0.9999999999067616, 1.0, 1.6791234281622783e-16, 1.0, 1.5022249696547738e-24, 1.0], "test_labels": [], "test_logprobs": [], "test_probs": []}}