{"0": {"0": {"chosen": -21.280540466308594, "rejected": -5.8681440353393555}, "1": {"chosen": -16.022790908813477, "rejected": -25.2020263671875}, "2": {"chosen": -40.50251388549805, "rejected": -252.94998168945312}, "3": {"chosen": -18.341337203979492, "rejected": -23.653255462646484}, "4": {"chosen": -40.31145095825195, "rejected": -181.64317321777344}, "5": {"chosen": -124.12796020507812, "rejected": -181.93405151367188}, "6": {"chosen": -105.63066101074219, "rejected": -29.895851135253906}, "7": {"chosen": -12.129594802856445, "rejected": -26.044160842895508}, "8": {"chosen": -16.143373489379883, "rejected": -58.379451751708984}, "9": {"chosen": -9.750110626220703, "rejected": -337.0955505371094}, "10": {"chosen": -20.999759674072266, "rejected": -25.03903579711914}, "11": {"chosen": -27.771041870117188, "rejected": -312.4483642578125}, "12": {"chosen": -30.83805274963379, "rejected": -11.593950271606445}, "13": {"chosen": -103.50381469726562, "rejected": -47.5570182800293}, "14": {"chosen": -42.014015197753906, "rejected": -27.534067153930664}, "15": {"chosen": -20.91114044189453, "rejected": -34.816287994384766}, "16": {"chosen": -71.82640075683594, "rejected": -283.09320068359375}, "17": {"chosen": -56.9561767578125, "rejected": -36.755821228027344}, "18": {"chosen": -218.1961212158203, "rejected": -87.22967529296875}, "19": {"chosen": -83.22068786621094, "rejected": -43.65910339355469}, "20": {"chosen": -56.55157470703125, "rejected": -33.57075500488281}, "21": {"chosen": -26.697921752929688, "rejected": -14.676570892333984}, "22": {"chosen": -53.17070770263672, "rejected": -19.568519592285156}, "23": {"chosen": -15.996148109436035, "rejected": -59.356807708740234}, "24": {"chosen": -50.46067428588867, "rejected": -15.908147811889648}, "25": {"chosen": -116.948974609375, "rejected": -15.720470428466797}, "26": {"chosen": -31.395795822143555, "rejected": -68.60417938232422}, "27": {"chosen": -198.80078125, "rejected": -146.1839599609375}, "28": {"chosen": -81.36035919189453, "rejected": -32.385372161865234}, "29": {"chosen": -12.8050537109375, "rejected": -115.69444274902344}, "30": {"chosen": -44.67460250854492, "rejected": -18.171730041503906}, "31": {"chosen": -113.01693725585938, "rejected": -181.15057373046875}, "32": {"chosen": -51.94829559326172, "rejected": -46.53836441040039}, "33": {"chosen": -79.74191284179688, "rejected": -26.461904525756836}, "34": {"chosen": -203.49221801757812, "rejected": -46.73518371582031}, "35": {"chosen": -64.21183013916016, "rejected": -89.31092834472656}, "36": {"chosen": -25.527528762817383, "rejected": -166.94407653808594}, "37": {"chosen": -29.54281997680664, "rejected": -100.32252502441406}, "38": {"chosen": -21.014286041259766, "rejected": -385.0509338378906}, "39": {"chosen": -16.393390655517578, "rejected": -132.7070770263672}, "40": {"chosen": -55.38589859008789, "rejected": -88.4121322631836}, "41": {"chosen": -133.9198455810547, "rejected": -64.99920654296875}, "42": {"chosen": -97.33833312988281, "rejected": -60.700435638427734}, "43": {"chosen": -109.21062469482422, "rejected": -47.85482406616211}, "44": {"chosen": -252.36007690429688, "rejected": -363.9039611816406}, "45": {"chosen": -123.41412353515625, "rejected": -349.8239440917969}, "46": {"chosen": -160.0177764892578, "rejected": -113.35769653320312}, "47": {"chosen": -79.50630187988281, "rejected": -136.1164093017578}, "48": {"chosen": -36.44918441772461, "rejected": -25.394062042236328}, "49": {"chosen": -128.96092224121094, "rejected": -31.97574234008789}, "50": {"chosen": -99.6636962890625, "rejected": -45.32805633544922}, "51": {"chosen": -22.3463134765625, "rejected": -29.081586837768555}, "52": {"chosen": -15.904623031616211, "rejected": -34.32693099975586}, "53": {"chosen": -354.3718566894531, "rejected": -107.16653442382812}, "54": {"chosen": -23.55161476135254, "rejected": -254.96371459960938}, "55": {"chosen": -30.454261779785156, "rejected": -139.92727661132812}, "56": {"chosen": -41.3008918762207, "rejected": -263.6666259765625}, "57": {"chosen": -18.08707618713379, "rejected": -16.204099655151367}, "58": {"chosen": -98.027587890625, "rejected": -163.38954162597656}, "59": {"chosen": -65.62970733642578, "rejected": -27.475879669189453}, "60": {"chosen": -22.03859519958496, "rejected": -35.79717254638672}, "61": {"chosen": -89.2617416381836, "rejected": -52.862003326416016}, "62": {"chosen": -160.1043243408203, "rejected": -110.59629821777344}, "63": {"chosen": -70.0315170288086, "rejected": -29.28641700744629}, "64": {"chosen": -185.0345001220703, "rejected": -184.9810028076172}, "65": {"chosen": -53.58416748046875, "rejected": -141.29171752929688}, "66": {"chosen": -19.94464111328125, "rejected": -68.00192260742188}, "67": {"chosen": -18.552431106567383, "rejected": -82.24452209472656}, "68": {"chosen": -144.887939453125, "rejected": -208.6063690185547}, "69": {"chosen": -20.233478546142578, "rejected": -16.723764419555664}, "70": {"chosen": -23.699594497680664, "rejected": -27.616439819335938}, "71": {"chosen": -46.43316650390625, "rejected": -211.05230712890625}, "72": {"chosen": -23.22752571105957, "rejected": -193.506103515625}, "73": {"chosen": -2.5775485038757324, "rejected": -7.140819072723389}, "74": {"chosen": -53.5943603515625, "rejected": -30.069568634033203}, "75": {"chosen": -38.57886505126953, "rejected": -470.9307556152344}, "76": {"chosen": -15.812824249267578, "rejected": -12.35784912109375}, "77": {"chosen": -105.27131652832031, "rejected": -103.92686462402344}, "78": {"chosen": -69.37834930419922, "rejected": -45.83525466918945}, "79": {"chosen": -128.5368194580078, "rejected": -19.215261459350586}, "80": {"chosen": -6.930581092834473, "rejected": -12.210779190063477}, "81": {"chosen": -41.2703857421875, "rejected": -24.823131561279297}, "82": {"chosen": -26.961429595947266, "rejected": -29.859338760375977}, "83": {"chosen": -91.88005065917969, "rejected": -173.6775360107422}, "84": {"chosen": -43.38794708251953, "rejected": -33.029170989990234}, "85": {"chosen": -46.412349700927734, "rejected": -268.6253967285156}, "86": {"chosen": -138.71893310546875, "rejected": -41.93065643310547}, "87": {"chosen": -4.394975662231445, "rejected": -73.2169189453125}, "88": {"chosen": -45.488677978515625, "rejected": -127.47073364257812}, "89": {"chosen": -55.368675231933594, "rejected": -73.04470825195312}, "90": {"chosen": -37.63205337524414, "rejected": -54.84307098388672}, "91": {"chosen": -56.28944396972656, "rejected": -44.20598602294922}, "92": {"chosen": -22.290372848510742, "rejected": -39.87421417236328}, "93": {"chosen": -102.0843734741211, "rejected": -105.44024658203125}, "94": {"chosen": -4.445559501647949, "rejected": -14.72744369506836}, "95": {"chosen": -11.712359428405762, "rejected": -95.04669189453125}, "96": {"chosen": -20.638273239135742, "rejected": -14.828855514526367}, "97": {"chosen": -100.19712829589844, "rejected": -84.78790283203125}, "98": {"chosen": -16.319538116455078, "rejected": -64.16909790039062}, "99": {"chosen": -77.86798858642578, "rejected": -44.39414596557617}}}