{"0": {"0": {"chosen": -19.110149383544922, "rejected": -5.939174175262451}, "1": {"chosen": -14.10059928894043, "rejected": -25.11688232421875}, "2": {"chosen": -38.44664764404297, "rejected": -253.48992919921875}, "3": {"chosen": -17.596792221069336, "rejected": -23.449138641357422}, "4": {"chosen": -36.426719665527344, "rejected": -177.40072631835938}, "5": {"chosen": -119.99693298339844, "rejected": -180.54776000976562}, "6": {"chosen": -103.57505798339844, "rejected": -25.877605438232422}, "7": {"chosen": -11.725821495056152, "rejected": -27.39310073852539}, "8": {"chosen": -16.703378677368164, "rejected": -56.96321487426758}, "9": {"chosen": -8.983680725097656, "rejected": -337.5881042480469}, "10": {"chosen": -19.73808479309082, "rejected": -24.13761329650879}, "11": {"chosen": -28.629207611083984, "rejected": -310.6902160644531}, "12": {"chosen": -31.43796730041504, "rejected": -11.173480987548828}, "13": {"chosen": -102.77413940429688, "rejected": -45.29522705078125}, "14": {"chosen": -42.7569580078125, "rejected": -27.101308822631836}, "15": {"chosen": -19.232357025146484, "rejected": -31.240543365478516}, "16": {"chosen": -71.84300231933594, "rejected": -288.2306213378906}, "17": {"chosen": -56.46304702758789, "rejected": -33.61078643798828}, "18": {"chosen": -220.4482421875, "rejected": -84.7547378540039}, "19": {"chosen": -81.58494567871094, "rejected": -41.378448486328125}, "20": {"chosen": -54.673728942871094, "rejected": -30.909873962402344}, "21": {"chosen": -24.11534881591797, "rejected": -13.935962677001953}, "22": {"chosen": -53.13750457763672, "rejected": -19.566808700561523}, "23": {"chosen": -16.24679183959961, "rejected": -58.29777526855469}, "24": {"chosen": -50.34337615966797, "rejected": -17.070837020874023}, "25": {"chosen": -114.81886291503906, "rejected": -13.919617652893066}, "26": {"chosen": -31.311119079589844, "rejected": -67.1896743774414}, "27": {"chosen": -194.48216247558594, "rejected": -145.1704559326172}, "28": {"chosen": -80.21015930175781, "rejected": -29.872047424316406}, "29": {"chosen": -12.261285781860352, "rejected": -114.63946533203125}, "30": {"chosen": -45.3596076965332, "rejected": -17.885738372802734}, "31": {"chosen": -114.02214050292969, "rejected": -178.58164978027344}, "32": {"chosen": -44.151878356933594, "rejected": -44.09862518310547}, "33": {"chosen": -78.93502807617188, "rejected": -25.473608016967773}, "34": {"chosen": -204.42079162597656, "rejected": -47.66996383666992}, "35": {"chosen": -63.31763458251953, "rejected": -89.25565338134766}, "36": {"chosen": -25.379825592041016, "rejected": -167.3735809326172}, "37": {"chosen": -28.790369033813477, "rejected": -99.94376373291016}, "38": {"chosen": -21.575899124145508, "rejected": -388.3673095703125}, "39": {"chosen": -16.97095489501953, "rejected": -130.4202423095703}, "40": {"chosen": -56.18838882446289, "rejected": -87.45013427734375}, "41": {"chosen": -134.38478088378906, "rejected": -64.48468017578125}, "42": {"chosen": -95.55988311767578, "rejected": -62.22943115234375}, "43": {"chosen": -107.53543853759766, "rejected": -47.96540832519531}, "44": {"chosen": -249.69894409179688, "rejected": -366.2663879394531}, "45": {"chosen": -123.73426055908203, "rejected": -351.4823913574219}, "46": {"chosen": -159.39817810058594, "rejected": -113.00267028808594}, "47": {"chosen": -76.54267120361328, "rejected": -130.8814697265625}, "48": {"chosen": -35.366600036621094, "rejected": -25.99591064453125}, "49": {"chosen": -128.6541290283203, "rejected": -31.231740951538086}, "50": {"chosen": -98.47201538085938, "rejected": -44.28905487060547}, "51": {"chosen": -23.850753784179688, "rejected": -28.454280853271484}, "52": {"chosen": -17.416385650634766, "rejected": -32.43506622314453}, "53": {"chosen": -355.46929931640625, "rejected": -107.21504211425781}, "54": {"chosen": -23.164932250976562, "rejected": -255.6306915283203}, "55": {"chosen": -29.056346893310547, "rejected": -138.8396759033203}, "56": {"chosen": -41.285560607910156, "rejected": -263.4342041015625}, "57": {"chosen": -18.14645767211914, "rejected": -16.545631408691406}, "58": {"chosen": -98.5489501953125, "rejected": -161.87937927246094}, "59": {"chosen": -66.4937515258789, "rejected": -28.675830841064453}, "60": {"chosen": -22.8494930267334, "rejected": -35.41211700439453}, "61": {"chosen": -89.46935272216797, "rejected": -55.73655319213867}, "62": {"chosen": -159.39208984375, "rejected": -108.66268920898438}, "63": {"chosen": -71.34722900390625, "rejected": -29.148637771606445}, "64": {"chosen": -181.26258850097656, "rejected": -182.30203247070312}, "65": {"chosen": -51.56117248535156, "rejected": -139.162841796875}, "66": {"chosen": -20.633798599243164, "rejected": -68.72565460205078}, "67": {"chosen": -17.394210815429688, "rejected": -81.3449935913086}, "68": {"chosen": -144.36341857910156, "rejected": -204.06790161132812}, "69": {"chosen": -20.147680282592773, "rejected": -17.536787033081055}, "70": {"chosen": -24.387643814086914, "rejected": -28.83370590209961}, "71": {"chosen": -45.39896774291992, "rejected": -209.96255493164062}, "72": {"chosen": -22.511625289916992, "rejected": -188.64019775390625}, "73": {"chosen": -2.768225908279419, "rejected": -7.068670272827148}, "74": {"chosen": -54.48352813720703, "rejected": -29.974435806274414}, "75": {"chosen": -38.29945755004883, "rejected": -464.4881896972656}, "76": {"chosen": -17.181142807006836, "rejected": -13.02038860321045}, "77": {"chosen": -105.33879852294922, "rejected": -98.34233856201172}, "78": {"chosen": -67.4010009765625, "rejected": -46.62107849121094}, "79": {"chosen": -127.66573333740234, "rejected": -17.925683975219727}, "80": {"chosen": -8.107979774475098, "rejected": -10.871099472045898}, "81": {"chosen": -37.98285675048828, "rejected": -25.553186416625977}, "82": {"chosen": -26.042455673217773, "rejected": -28.629100799560547}, "83": {"chosen": -92.07938385009766, "rejected": -174.09811401367188}, "84": {"chosen": -42.026546478271484, "rejected": -31.09603500366211}, "85": {"chosen": -45.421966552734375, "rejected": -269.07989501953125}, "86": {"chosen": -135.56231689453125, "rejected": -42.8526496887207}, "87": {"chosen": -4.594540119171143, "rejected": -71.77761840820312}, "88": {"chosen": -44.19441223144531, "rejected": -125.43704223632812}, "89": {"chosen": -54.816429138183594, "rejected": -70.3614501953125}, "90": {"chosen": -38.588653564453125, "rejected": -54.3341064453125}, "91": {"chosen": -62.59315490722656, "rejected": -45.1307487487793}, "92": {"chosen": -23.541353225708008, "rejected": -39.98025131225586}, "93": {"chosen": -99.8864517211914, "rejected": -106.64767456054688}, "94": {"chosen": -4.549756050109863, "rejected": -14.893386840820312}, "95": {"chosen": -11.657903671264648, "rejected": -93.04777526855469}, "96": {"chosen": -21.023056030273438, "rejected": -13.822955131530762}, "97": {"chosen": -98.95015716552734, "rejected": -84.94271850585938}, "98": {"chosen": -16.147478103637695, "rejected": -63.19818878173828}, "99": {"chosen": -77.204833984375, "rejected": -43.61915969848633}}}