{"0": {"0": {"chosen": -19.318716049194336, "rejected": -5.784337043762207}, "1": {"chosen": -13.15453052520752, "rejected": -22.977218627929688}, "2": {"chosen": -37.01503372192383, "rejected": -259.3061828613281}, "3": {"chosen": -15.986137390136719, "rejected": -22.756935119628906}, "4": {"chosen": -40.092071533203125, "rejected": -182.42477416992188}, "5": {"chosen": -126.7731704711914, "rejected": -181.09274291992188}, "6": {"chosen": -102.18404388427734, "rejected": -24.956052780151367}, "7": {"chosen": -13.142868995666504, "rejected": -29.71571159362793}, "8": {"chosen": -15.464405059814453, "rejected": -59.58114242553711}, "9": {"chosen": -8.875492095947266, "rejected": -340.8753356933594}, "10": {"chosen": -20.12527847290039, "rejected": -22.54873275756836}, "11": {"chosen": -29.54494285583496, "rejected": -306.3040466308594}, "12": {"chosen": -31.96117401123047, "rejected": -9.549339294433594}, "13": {"chosen": -99.2183837890625, "rejected": -44.49476623535156}, "14": {"chosen": -40.98335266113281, "rejected": -28.314281463623047}, "15": {"chosen": -18.618648529052734, "rejected": -29.31874656677246}, "16": {"chosen": -69.48033142089844, "rejected": -280.2703857421875}, "17": {"chosen": -54.628116607666016, "rejected": -32.84917449951172}, "18": {"chosen": -221.5014190673828, "rejected": -78.52449035644531}, "19": {"chosen": -79.68441009521484, "rejected": -37.21681594848633}, "20": {"chosen": -55.24665069580078, "rejected": -34.468902587890625}, "21": {"chosen": -24.02027702331543, "rejected": -12.283447265625}, "22": {"chosen": -52.528778076171875, "rejected": -22.230695724487305}, "23": {"chosen": -13.595351219177246, "rejected": -58.34233856201172}, "24": {"chosen": -47.510955810546875, "rejected": -14.059111595153809}, "25": {"chosen": -110.6004867553711, "rejected": -10.767030715942383}, "26": {"chosen": -29.358394622802734, "rejected": -68.70442962646484}, "27": {"chosen": -204.8040771484375, "rejected": -142.54049682617188}, "28": {"chosen": -75.64582824707031, "rejected": -27.429248809814453}, "29": {"chosen": -10.505301475524902, "rejected": -118.2525863647461}, "30": {"chosen": -44.824092864990234, "rejected": -19.55850601196289}, "31": {"chosen": -109.74050903320312, "rejected": -176.0650177001953}, "32": {"chosen": -49.62962341308594, "rejected": -39.65227508544922}, "33": {"chosen": -76.72526550292969, "rejected": -24.830596923828125}, "34": {"chosen": -201.95721435546875, "rejected": -49.14324951171875}, "35": {"chosen": -62.83553695678711, "rejected": -87.50203704833984}, "36": {"chosen": -24.919551849365234, "rejected": -170.913330078125}, "37": {"chosen": -27.892961502075195, "rejected": -96.62381744384766}, "38": {"chosen": -22.09742546081543, "rejected": -382.6944885253906}, "39": {"chosen": -15.51241683959961, "rejected": -129.2661590576172}, "40": {"chosen": -58.00995635986328, "rejected": -86.18675994873047}, "41": {"chosen": -129.67526245117188, "rejected": -63.7102165222168}, "42": {"chosen": -96.57923126220703, "rejected": -62.73947525024414}, "43": {"chosen": -103.34872436523438, "rejected": -49.21338653564453}, "44": {"chosen": -257.44635009765625, "rejected": -352.9884948730469}, "45": {"chosen": -124.71372985839844, "rejected": -350.989501953125}, "46": {"chosen": -164.4803009033203, "rejected": -110.42301940917969}, "47": {"chosen": -76.31977844238281, "rejected": -131.9550018310547}, "48": {"chosen": -31.526893615722656, "rejected": -25.237192153930664}, "49": {"chosen": -121.10458374023438, "rejected": -30.003055572509766}, "50": {"chosen": -95.51148223876953, "rejected": -44.11016082763672}, "51": {"chosen": -23.57982635498047, "rejected": -27.85144805908203}, "52": {"chosen": -17.853622436523438, "rejected": -31.86345863342285}, "53": {"chosen": -361.96051025390625, "rejected": -105.39024353027344}, "54": {"chosen": -21.013263702392578, "rejected": -265.3005065917969}, "55": {"chosen": -32.29035568237305, "rejected": -139.33485412597656}, "56": {"chosen": -42.80553436279297, "rejected": -271.26153564453125}, "57": {"chosen": -15.668290138244629, "rejected": -14.331624984741211}, "58": {"chosen": -100.33724212646484, "rejected": -163.69480895996094}, "59": {"chosen": -61.91453552246094, "rejected": -27.269207000732422}, "60": {"chosen": -21.057498931884766, "rejected": -34.561702728271484}, "61": {"chosen": -86.54586029052734, "rejected": -52.4018669128418}, "62": {"chosen": -157.8368682861328, "rejected": -105.38223266601562}, "63": {"chosen": -67.66366577148438, "rejected": -25.32809829711914}, "64": {"chosen": -177.28746032714844, "rejected": -175.93309020996094}, "65": {"chosen": -51.603145599365234, "rejected": -137.83680725097656}, "66": {"chosen": -18.075817108154297, "rejected": -67.86598205566406}, "67": {"chosen": -17.7037353515625, "rejected": -78.57695770263672}, "68": {"chosen": -142.95811462402344, "rejected": -207.29229736328125}, "69": {"chosen": -22.7015380859375, "rejected": -17.93392562866211}, "70": {"chosen": -23.34659767150879, "rejected": -30.179290771484375}, "71": {"chosen": -42.87245178222656, "rejected": -207.23143005371094}, "72": {"chosen": -23.77802276611328, "rejected": -183.74473571777344}, "73": {"chosen": -3.8735084533691406, "rejected": -8.248287200927734}, "74": {"chosen": -57.66645431518555, "rejected": -30.72993278503418}, "75": {"chosen": -38.297996520996094, "rejected": -463.8811340332031}, "76": {"chosen": -15.741951942443848, "rejected": -10.301382064819336}, "77": {"chosen": -105.47134399414062, "rejected": -103.36212921142578}, "78": {"chosen": -68.21004486083984, "rejected": -43.1345100402832}, "79": {"chosen": -126.60408782958984, "rejected": -18.11908721923828}, "80": {"chosen": -9.1866455078125, "rejected": -9.191173553466797}, "81": {"chosen": -43.35053253173828, "rejected": -25.82390785217285}, "82": {"chosen": -24.56795883178711, "rejected": -28.054656982421875}, "83": {"chosen": -86.83631134033203, "rejected": -179.0728302001953}, "84": {"chosen": -43.83344650268555, "rejected": -35.375938415527344}, "85": {"chosen": -44.0257453918457, "rejected": -260.7355651855469}, "86": {"chosen": -137.2894287109375, "rejected": -39.584171295166016}, "87": {"chosen": -4.2519450187683105, "rejected": -71.73069763183594}, "88": {"chosen": -42.654212951660156, "rejected": -127.80918884277344}, "89": {"chosen": -54.10261154174805, "rejected": -71.38482666015625}, "90": {"chosen": -39.42150115966797, "rejected": -53.774662017822266}, "91": {"chosen": -54.60853576660156, "rejected": -47.36827087402344}, "92": {"chosen": -21.11598014831543, "rejected": -41.0445442199707}, "93": {"chosen": -103.8208999633789, "rejected": -103.27871704101562}, "94": {"chosen": -5.337153911590576, "rejected": -18.30853271484375}, "95": {"chosen": -8.811667442321777, "rejected": -92.70755004882812}, "96": {"chosen": -17.99069595336914, "rejected": -11.706274032592773}, "97": {"chosen": -101.84025573730469, "rejected": -86.28916931152344}, "98": {"chosen": -14.701369285583496, "rejected": -66.77439880371094}, "99": {"chosen": -77.18262481689453, "rejected": -41.56317138671875}}}