{"0": {"0": {"chosen": -19.930673599243164, "rejected": -5.836048126220703}, "1": {"chosen": -14.542170524597168, "rejected": -23.444507598876953}, "2": {"chosen": -37.6630859375, "rejected": -256.4591064453125}, "3": {"chosen": -18.652162551879883, "rejected": -24.982656478881836}, "4": {"chosen": -38.68686294555664, "rejected": -180.49737548828125}, "5": {"chosen": -121.01217651367188, "rejected": -180.85545349121094}, "6": {"chosen": -103.26766204833984, "rejected": -27.944623947143555}, "7": {"chosen": -11.62116813659668, "rejected": -22.90213966369629}, "8": {"chosen": -15.99755859375, "rejected": -57.096588134765625}, "9": {"chosen": -8.483261108398438, "rejected": -337.909423828125}, "10": {"chosen": -21.258554458618164, "rejected": -23.412017822265625}, "11": {"chosen": -27.246442794799805, "rejected": -315.1779479980469}, "12": {"chosen": -30.179569244384766, "rejected": -10.515810012817383}, "13": {"chosen": -105.7742919921875, "rejected": -45.4976921081543}, "14": {"chosen": -41.60870361328125, "rejected": -27.551462173461914}, "15": {"chosen": -21.140243530273438, "rejected": -32.334815979003906}, "16": {"chosen": -69.8782730102539, "rejected": -285.1631164550781}, "17": {"chosen": -58.17085266113281, "rejected": -35.758750915527344}, "18": {"chosen": -219.8620147705078, "rejected": -86.85356140136719}, "19": {"chosen": -81.39714050292969, "rejected": -42.59695053100586}, "20": {"chosen": -54.940460205078125, "rejected": -30.682443618774414}, "21": {"chosen": -26.163326263427734, "rejected": -15.307222366333008}, "22": {"chosen": -52.486724853515625, "rejected": -20.04481315612793}, "23": {"chosen": -14.322510719299316, "rejected": -57.06507110595703}, "24": {"chosen": -50.229095458984375, "rejected": -15.23328971862793}, "25": {"chosen": -117.41908264160156, "rejected": -15.558591842651367}, "26": {"chosen": -31.113693237304688, "rejected": -68.500244140625}, "27": {"chosen": -199.4141387939453, "rejected": -146.39862060546875}, "28": {"chosen": -80.61318969726562, "rejected": -31.040254592895508}, "29": {"chosen": -12.208399772644043, "rejected": -113.15118408203125}, "30": {"chosen": -44.27141571044922, "rejected": -18.235776901245117}, "31": {"chosen": -111.49467468261719, "rejected": -181.0135498046875}, "32": {"chosen": -47.25603103637695, "rejected": -45.08552932739258}, "33": {"chosen": -79.33271026611328, "rejected": -27.019554138183594}, "34": {"chosen": -202.85337829589844, "rejected": -47.42989730834961}, "35": {"chosen": -62.954994201660156, "rejected": -89.01612091064453}, "36": {"chosen": -25.497760772705078, "rejected": -166.80169677734375}, "37": {"chosen": -28.95260238647461, "rejected": -100.54638671875}, "38": {"chosen": -20.33212661743164, "rejected": -387.7975158691406}, "39": {"chosen": -15.904603004455566, "rejected": -133.20265197753906}, "40": {"chosen": -54.08209991455078, "rejected": -87.76685333251953}, "41": {"chosen": -133.3846893310547, "rejected": -64.30207061767578}, "42": {"chosen": -97.55630493164062, "rejected": -62.34435272216797}, "43": {"chosen": -106.7527084350586, "rejected": -47.508384704589844}, "44": {"chosen": -251.46363830566406, "rejected": -363.6351623535156}, "45": {"chosen": -123.5088882446289, "rejected": -353.5451354980469}, "46": {"chosen": -159.9424285888672, "rejected": -113.9640121459961}, "47": {"chosen": -77.00141143798828, "rejected": -134.84237670898438}, "48": {"chosen": -35.61592102050781, "rejected": -24.48381996154785}, "49": {"chosen": -127.23005676269531, "rejected": -31.17552947998047}, "50": {"chosen": -99.23712158203125, "rejected": -43.4542121887207}, "51": {"chosen": -23.20409393310547, "rejected": -27.972496032714844}, "52": {"chosen": -15.577957153320312, "rejected": -33.50797653198242}, "53": {"chosen": -355.0591125488281, "rejected": -107.04167175292969}, "54": {"chosen": -25.2880802154541, "rejected": -257.5753173828125}, "55": {"chosen": -30.867961883544922, "rejected": -142.43936157226562}, "56": {"chosen": -41.33379364013672, "rejected": -264.13226318359375}, "57": {"chosen": -17.829402923583984, "rejected": -14.974356651306152}, "58": {"chosen": -99.3433609008789, "rejected": -164.0845489501953}, "59": {"chosen": -64.15467071533203, "rejected": -28.3248233795166}, "60": {"chosen": -21.512712478637695, "rejected": -35.93647384643555}, "61": {"chosen": -88.83878326416016, "rejected": -54.5593147277832}, "62": {"chosen": -158.69644165039062, "rejected": -108.87674713134766}, "63": {"chosen": -67.4531021118164, "rejected": -28.250621795654297}, "64": {"chosen": -184.31333923339844, "rejected": -184.0458984375}, "65": {"chosen": -53.05836868286133, "rejected": -139.3937530517578}, "66": {"chosen": -19.69495391845703, "rejected": -67.06576538085938}, "67": {"chosen": -17.144412994384766, "rejected": -83.78645324707031}, "68": {"chosen": -147.56619262695312, "rejected": -206.5778045654297}, "69": {"chosen": -20.60397720336914, "rejected": -16.006166458129883}, "70": {"chosen": -23.327383041381836, "rejected": -27.089082717895508}, "71": {"chosen": -45.328250885009766, "rejected": -210.66867065429688}, "72": {"chosen": -22.23604965209961, "rejected": -189.46078491210938}, "73": {"chosen": -2.5400962829589844, "rejected": -7.1445722579956055}, "74": {"chosen": -53.8509521484375, "rejected": -29.303674697875977}, "75": {"chosen": -36.84154510498047, "rejected": -470.0260009765625}, "76": {"chosen": -16.696321487426758, "rejected": -12.725709915161133}, "77": {"chosen": -106.372314453125, "rejected": -102.2171630859375}, "78": {"chosen": -69.30996704101562, "rejected": -47.05459976196289}, "79": {"chosen": -129.44393920898438, "rejected": -19.672571182250977}, "80": {"chosen": -7.313490867614746, "rejected": -14.556927680969238}, "81": {"chosen": -40.61009216308594, "rejected": -24.968761444091797}, "82": {"chosen": -26.60943603515625, "rejected": -28.15015411376953}, "83": {"chosen": -90.76248931884766, "rejected": -173.04879760742188}, "84": {"chosen": -42.8551139831543, "rejected": -31.411827087402344}, "85": {"chosen": -45.120540618896484, "rejected": -271.764404296875}, "86": {"chosen": -137.9378662109375, "rejected": -40.75332260131836}, "87": {"chosen": -4.281839370727539, "rejected": -73.2008285522461}, "88": {"chosen": -41.60419845581055, "rejected": -125.43792724609375}, "89": {"chosen": -54.3228759765625, "rejected": -72.0224380493164}, "90": {"chosen": -38.438575744628906, "rejected": -53.88322830200195}, "91": {"chosen": -64.10749816894531, "rejected": -42.941444396972656}, "92": {"chosen": -22.608505249023438, "rejected": -39.61341857910156}, "93": {"chosen": -104.9363784790039, "rejected": -107.75699615478516}, "94": {"chosen": -4.099189758300781, "rejected": -15.68889045715332}, "95": {"chosen": -10.833540916442871, "rejected": -93.67436218261719}, "96": {"chosen": -20.379667282104492, "rejected": -13.808897972106934}, "97": {"chosen": -99.81599426269531, "rejected": -83.48789978027344}, "98": {"chosen": -15.66203498840332, "rejected": -62.913883209228516}, "99": {"chosen": -77.92080688476562, "rejected": -43.56829833984375}}}