{"0": {"train_labels": [0, 0, 1, 1, 0, 0, 0, 1, 1, 0, 0, 0, 1, 0, 1, 0, 0, 1, 0, 1, 0, 0, 1, 1, 0, 0, 0, 0, 1, 0, 0, 0, 1, 0, 1, 0, 0, 0, 0, 1, 1, 1, 1, 0, 1, 0, 1, 1, 0, 1, 1, 1, 0, 1, 1, 0, 1, 1, 0, 0, 0, 0, 0, 0, 0, 0, 1, 0, 0, 1, 1, 0, 1, 1, 0, 0, 1, 1, 1, 0, 1, 0, 0, 0, 0, 1, 0, 0, 1, 0, 1, 1, 0, 0, 0, 0, 1, 0, 1, 0], "train_logprobs": [[-10.943055152893066, -52.3244743347168], [-53.85222244262695, -95.40904998779297], [-120.44252014160156, -22.937612533569336], [-116.20214080810547, -20.806241989135742], [-95.5206298828125, -102.70083618164062], [-91.21269989013672, -92.10838317871094], [-31.892250061035156, -85.63661193847656], [-126.87261962890625, -38.31700134277344], [-65.12743377685547, -52.87117385864258], [-109.80821228027344, -146.6944580078125], [-135.30508422851562, -144.95616149902344], [-13.641096115112305, -65.31523132324219], [-74.43650817871094, -5.825583457946777], [-35.57764434814453, -129.0541534423828], [-176.9340057373047, -83.21015167236328], [-13.347176551818848, -44.727561950683594], [-221.5608673095703, -255.1976318359375], [-105.6512680053711, -45.45044708251953], [-14.9738187789917, -93.3609390258789], [-132.37899780273438, -19.485326766967773], [-134.66114807128906, -193.728759765625], [-11.861929893493652, -41.82448196411133], [-34.45353698730469, -23.980567932128906], [-138.6134796142578, -84.75635528564453], [-20.123207092285156, -30.009727478027344], [-38.47872543334961, -81.03228759765625], [-13.78313159942627, -23.974395751953125], [-44.5185432434082, -197.46835327148438], [-45.936336517333984, -7.703361511230469], [-82.86602020263672, -125.36429595947266], [-11.817342758178711, -186.5455780029297], [-33.277626037597656, -122.75251007080078], [-136.82237243652344, -53.562374114990234], [-86.16943359375, -120.20201873779297], [-74.14979553222656, -49.9668083190918], [-7.993012428283691, -52.37177658081055], [-89.7231216430664, -162.52261352539062], [-23.018756866455078, -233.34103393554688], [-13.243420600891113, -30.590320587158203], [-42.863494873046875, -30.012462615966797], [-48.17119216918945, -33.941795349121094], [-175.44602966308594, -33.75343322753906], [-54.9888916015625, -33.492984771728516], [-61.86062240600586, -62.02215576171875], [-64.5664291381836, -21.797077178955078], [-96.73870849609375, -100.21124267578125], [-67.92305755615234, -15.445725440979004], [-104.94668579101562, -20.453369140625], [-96.47347259521484, -275.16290283203125], [-80.12479400634766, -28.226726531982422], [-128.38873291015625, -66.44168853759766], [-111.77322387695312, -31.948627471923828], [-15.968262672424316, -123.63467407226562], [-71.93888854980469, -14.822565078735352], [-75.92803955078125, -39.283206939697266], [-53.41259765625, -335.9665832519531], [-202.81671142578125, -92.17117309570312], [-68.83514404296875, -45.434749603271484], [-75.09284210205078, -135.27577209472656], [-36.02809524536133, -65.95912170410156], [-36.039695739746094, -135.78948974609375], [-87.01934051513672, -206.3214569091797], [-43.77855682373047, -59.55167770385742], [-26.580045700073242, -41.053749084472656], [-26.505168914794922, -60.020450592041016], [-75.11521911621094, -92.01940155029297], [-15.289702415466309, -11.498968124389648], [-101.70693969726562, -322.48699951171875], [-42.40267562866211, -126.18724822998047], [-92.71892547607422, -45.673580169677734], [-158.86294555664062, -150.2388916015625], [-35.8481330871582, -69.36429595947266], [-76.62211608886719, -23.914703369140625], [-93.58293151855469, -35.85456848144531], [-160.75497436523438, -287.83953857421875], [-34.44032669067383, -63.85147476196289], [-56.90336608886719, -25.6936092376709], [-51.69161605834961, -7.26268196105957], [-128.25328063964844, -75.16393280029297], [-53.49227523803711, -57.21839141845703], [-67.2509765625, -41.47189712524414], [-25.418170928955078, -230.28004455566406], [-130.67137145996094, -168.39767456054688], [-9.94824504852295, -84.43472290039062], [-34.13294982910156, -50.482173919677734], [-172.78475952148438, -120.52454376220703], [-22.932636260986328, -156.28424072265625], [-43.719390869140625, -75.36361694335938], [-288.7296142578125, -130.75425720214844], [-31.5462589263916, -88.20545959472656], [-174.0375518798828, -58.95305252075195], [-128.18133544921875, -73.73656463623047], [-7.519672393798828, -11.575641632080078], [-75.90353393554688, -126.93876647949219], [-9.314872741699219, -29.984710693359375], [-112.77032470703125, -125.53805541992188], [-44.62760543823242, -13.658581733703613], [-16.823928833007812, -307.8015441894531], [-52.965084075927734, -37.27460479736328], [-16.235637664794922, -73.93999481201172]], "train_probs": [1.0, 1.0, 4.5097936144815764e-43, 3.7161013212003745e-42, 0.9992390687301501, 0.7100616099567661, 1.0, 3.473630638999884e-39, 4.7552338971119475e-06, 0.9999999999999999, 0.999935647940813, 1.0, 1.5946082089756104e-30, 1.0, 1.978095964234201e-41, 0.9999999999999764, 0.9999999999999976, 7.163341685794624e-27, 1.0, 9.351938181295159e-50, 1.0, 0.9999999999999029, 2.8290136554413768e-05, 4.075192167476223e-24, 0.9999491469898235, 1.0, 0.9999625049505465, 1.0, 2.4867374114689305e-17, 1.0, 1.0, 1.0, 6.928546973240389e-37, 0.9999999999999983, 3.1438520317550826e-11, 1.0, 1.0, 1.0, 0.9999999707357737, 2.623411781899664e-06, 6.610756993775562e-07, 2.9086217108094074e-62, 4.6179186717899065e-10, 0.5402957571590756, 2.6638296559136643e-19, 0.969896098796972, 1.6195122500422513e-23, 2.018453835572274e-37, 1.0, 2.890384864883537e-23, 1.2495120789596018e-27, 2.1508903006717864e-35, 1.0, 1.5656543533809383e-25, 1.217170468384151e-16, 1.0, 8.856319098266491e-49, 6.876030912144265e-11, 1.0, 0.9999999999998996, 1.0, 1.0, 0.9999998588045903, 0.9999994822140491, 0.9999999999999972, 0.9999999544375753, 0.022080461103612375, 1.0, 1.0, 3.7022533451435806e-21, 0.00017969786070010893, 0.9999999999999972, 1.28665318803911e-23, 8.489663636365947e-26, 1.0, 0.9999999999998315, 2.7910962804603336e-14, 5.067095443402904e-20, 8.781914115639939e-24, 0.9764802993625611, 6.372180244882421e-12, 1.0, 1.0, 1.0, 0.9999999206362539, 2.0122256128730574e-23, 1.0, 0.9999999999999819, 2.4670284283370004e-69, 1.0, 1.0457719183457789e-50, 2.264313038946771e-24, 0.982976144693978, 1.0, 0.9999999989451192, 0.9999971486944025, 3.550781064258209e-14, 1.0, 1.533597402520595e-07, 1.0], "test_labels": [], "test_logprobs": [], "test_probs": []}}