{"0": {"0": {"chosen": -19.91316032409668, "rejected": -5.591480731964111}, "1": {"chosen": -12.623425483703613, "rejected": -24.916658401489258}, "2": {"chosen": -37.62055206298828, "rejected": -254.6624755859375}, "3": {"chosen": -18.05891227722168, "rejected": -22.447229385375977}, "4": {"chosen": -38.56866455078125, "rejected": -183.5850372314453}, "5": {"chosen": -124.42988586425781, "rejected": -181.1541290283203}, "6": {"chosen": -102.2412109375, "rejected": -23.540061950683594}, "7": {"chosen": -12.68320083618164, "rejected": -29.413345336914062}, "8": {"chosen": -15.109912872314453, "rejected": -58.968841552734375}, "9": {"chosen": -8.733768463134766, "rejected": -340.74444580078125}, "10": {"chosen": -18.983247756958008, "rejected": -22.427982330322266}, "11": {"chosen": -28.1566162109375, "rejected": -304.868896484375}, "12": {"chosen": -30.710926055908203, "rejected": -9.160462379455566}, "13": {"chosen": -100.02205657958984, "rejected": -44.824310302734375}, "14": {"chosen": -40.997032165527344, "rejected": -28.601057052612305}, "15": {"chosen": -18.2265625, "rejected": -28.68671226501465}, "16": {"chosen": -70.06597137451172, "rejected": -279.0174865722656}, "17": {"chosen": -56.43216323852539, "rejected": -34.09049987792969}, "18": {"chosen": -220.77267456054688, "rejected": -79.85375213623047}, "19": {"chosen": -80.88819122314453, "rejected": -36.25267028808594}, "20": {"chosen": -55.36717987060547, "rejected": -34.45212173461914}, "21": {"chosen": -24.008201599121094, "rejected": -11.013888359069824}, "22": {"chosen": -51.33004379272461, "rejected": -21.625850677490234}, "23": {"chosen": -12.628158569335938, "rejected": -60.66951370239258}, "24": {"chosen": -48.48660659790039, "rejected": -13.775154113769531}, "25": {"chosen": -108.33305358886719, "rejected": -10.090343475341797}, "26": {"chosen": -30.823509216308594, "rejected": -69.18666076660156}, "27": {"chosen": -202.75210571289062, "rejected": -144.76052856445312}, "28": {"chosen": -76.90442657470703, "rejected": -26.598339080810547}, "29": {"chosen": -11.620070457458496, "rejected": -119.05551147460938}, "30": {"chosen": -45.376792907714844, "rejected": -18.929052352905273}, "31": {"chosen": -107.76544952392578, "rejected": -176.78903198242188}, "32": {"chosen": -45.31159973144531, "rejected": -38.88836669921875}, "33": {"chosen": -77.55550384521484, "rejected": -23.595890045166016}, "34": {"chosen": -200.26123046875, "rejected": -46.63001251220703}, "35": {"chosen": -62.93100357055664, "rejected": -87.55142211914062}, "36": {"chosen": -25.318105697631836, "rejected": -171.47283935546875}, "37": {"chosen": -27.834243774414062, "rejected": -96.51361083984375}, "38": {"chosen": -21.96998405456543, "rejected": -382.16265869140625}, "39": {"chosen": -15.426698684692383, "rejected": -127.61199951171875}, "40": {"chosen": -57.063297271728516, "rejected": -85.6102066040039}, "41": {"chosen": -128.6529541015625, "rejected": -62.5096321105957}, "42": {"chosen": -97.71769714355469, "rejected": -64.19308471679688}, "43": {"chosen": -101.33721923828125, "rejected": -48.06831359863281}, "44": {"chosen": -258.58282470703125, "rejected": -353.6245422363281}, "45": {"chosen": -123.32606506347656, "rejected": -350.10992431640625}, "46": {"chosen": -163.416015625, "rejected": -111.73036193847656}, "47": {"chosen": -74.40583038330078, "rejected": -131.675048828125}, "48": {"chosen": -31.14128875732422, "rejected": -24.748342514038086}, "49": {"chosen": -121.64378356933594, "rejected": -30.778667449951172}, "50": {"chosen": -93.4034194946289, "rejected": -43.459022521972656}, "51": {"chosen": -23.20484161376953, "rejected": -27.719614028930664}, "52": {"chosen": -19.19533348083496, "rejected": -33.02202606201172}, "53": {"chosen": -364.7528381347656, "rejected": -106.0583267211914}, "54": {"chosen": -21.98002815246582, "rejected": -265.66497802734375}, "55": {"chosen": -32.19239044189453, "rejected": -138.4921875}, "56": {"chosen": -42.19993591308594, "rejected": -270.2926025390625}, "57": {"chosen": -16.487085342407227, "rejected": -14.117034912109375}, "58": {"chosen": -101.13855743408203, "rejected": -165.3581085205078}, "59": {"chosen": -61.961544036865234, "rejected": -25.6849308013916}, "60": {"chosen": -19.90081787109375, "rejected": -34.03440475463867}, "61": {"chosen": -87.67182922363281, "rejected": -52.21546936035156}, "62": {"chosen": -156.5130157470703, "rejected": -102.64237976074219}, "63": {"chosen": -69.9659194946289, "rejected": -24.580575942993164}, "64": {"chosen": -175.04843139648438, "rejected": -175.90829467773438}, "65": {"chosen": -52.37357711791992, "rejected": -135.55345153808594}, "66": {"chosen": -19.397005081176758, "rejected": -66.71934509277344}, "67": {"chosen": -18.575332641601562, "rejected": -78.52218627929688}, "68": {"chosen": -145.04542541503906, "rejected": -207.4638671875}, "69": {"chosen": -20.199783325195312, "rejected": -15.195748329162598}, "70": {"chosen": -22.49859046936035, "rejected": -30.222625732421875}, "71": {"chosen": -41.85482406616211, "rejected": -208.56549072265625}, "72": {"chosen": -22.798837661743164, "rejected": -182.02777099609375}, "73": {"chosen": -3.673496961593628, "rejected": -8.133706092834473}, "74": {"chosen": -58.592838287353516, "rejected": -29.90156364440918}, "75": {"chosen": -37.111427307128906, "rejected": -462.6769714355469}, "76": {"chosen": -17.08943748474121, "rejected": -10.516942024230957}, "77": {"chosen": -106.40303802490234, "rejected": -99.41604614257812}, "78": {"chosen": -69.18144226074219, "rejected": -43.32859802246094}, "79": {"chosen": -124.41680908203125, "rejected": -17.59595489501953}, "80": {"chosen": -9.760180473327637, "rejected": -8.773061752319336}, "81": {"chosen": -42.37803268432617, "rejected": -27.385892868041992}, "82": {"chosen": -24.151813507080078, "rejected": -27.81291961669922}, "83": {"chosen": -86.95576477050781, "rejected": -178.89630126953125}, "84": {"chosen": -42.8585090637207, "rejected": -34.432125091552734}, "85": {"chosen": -45.06544876098633, "rejected": -258.72393798828125}, "86": {"chosen": -134.24777221679688, "rejected": -39.240447998046875}, "87": {"chosen": -4.0031633377075195, "rejected": -74.18597412109375}, "88": {"chosen": -43.61491775512695, "rejected": -129.88455200195312}, "89": {"chosen": -53.45182418823242, "rejected": -70.83529663085938}, "90": {"chosen": -41.86066436767578, "rejected": -53.906455993652344}, "91": {"chosen": -56.96479034423828, "rejected": -48.61007308959961}, "92": {"chosen": -20.706497192382812, "rejected": -41.45113754272461}, "93": {"chosen": -102.16658020019531, "rejected": -104.30812072753906}, "94": {"chosen": -3.63332462310791, "rejected": -17.500629425048828}, "95": {"chosen": -8.615077018737793, "rejected": -91.29954528808594}, "96": {"chosen": -18.30136489868164, "rejected": -12.086121559143066}, "97": {"chosen": -101.29019165039062, "rejected": -87.0472640991211}, "98": {"chosen": -14.340768814086914, "rejected": -65.62747955322266}, "99": {"chosen": -75.17353820800781, "rejected": -42.23533248901367}}}