{"0": {"train_labels": [0, 0, 1, 1, 1, 1, 0, 1, 1, 0, 0, 0, 1, 0, 1, 0, 0, 1, 0, 1, 0, 0, 1, 1, 0, 0, 0, 0, 1, 0, 0, 0, 1, 0, 1, 0, 0, 0, 0, 1, 1, 1, 1, 0, 1, 0, 1, 1, 0, 1, 1, 1, 0, 1, 1, 0, 1, 1, 0, 0, 0, 0, 0, 0, 0, 0, 0, 0, 0, 1, 1, 0, 1, 1, 0, 0, 1, 1, 1, 1, 0, 0, 0, 0, 1, 1, 0, 0, 1, 0, 1, 1, 1, 0, 0, 1, 1, 0, 1, 0], "train_logprobs": [[-40.0539665222168, -94.49259185791016], [-75.39178466796875, -103.69770812988281], [-151.56822204589844, -47.06047439575195], [-161.7049560546875, -65.76289367675781], [-121.56904602050781, -119.14100646972656], [-137.90261840820312, -108.11782836914062], [-57.044593811035156, -109.40111541748047], [-159.66879272460938, -51.896846771240234], [-96.84540557861328, -86.91561126708984], [-141.51776123046875, -188.146728515625], [-148.76055908203125, -162.3018341064453], [-39.14366912841797, -92.44197845458984], [-86.42062377929688, -13.299989700317383], [-31.70323944091797, -169.55694580078125], [-227.16671752929688, -123.07658386230469], [-23.883134841918945, -65.6836166381836], [-279.30438232421875, -296.96392822265625], [-140.62872314453125, -60.52449035644531], [-29.004953384399414, -125.04388427734375], [-174.7768096923828, -43.605682373046875], [-171.69212341308594, -217.13229370117188], [-52.053062438964844, -71.08988952636719], [-48.61125946044922, -39.48806381225586], [-186.5040283203125, -109.90435791015625], [-27.886634826660156, -85.40388488769531], [-52.77787399291992, -99.42527770996094], [-18.749969482421875, -39.97174072265625], [-66.94114685058594, -229.28228759765625], [-59.96758270263672, -50.473907470703125], [-118.54975128173828, -156.5790557861328], [-24.093046188354492, -228.73419189453125], [-40.849830627441406, -138.19680786132812], [-160.69703674316406, -82.8004379272461], [-126.64932250976562, -182.6027374267578], [-103.89518737792969, -81.58378601074219], [-16.01616668701172, -80.86965942382812], [-132.5739288330078, -202.7283477783203], [-38.2916259765625, -253.82008361816406], [-43.544525146484375, -57.062625885009766], [-80.54360961914062, -46.039527893066406], [-62.89110565185547, -58.14842224121094], [-216.27218627929688, -71.88465881347656], [-62.131614685058594, -45.51321029663086], [-75.93531036376953, -86.18913269042969], [-134.14517211914062, -60.91648483276367], [-121.63233947753906, -124.6511459350586], [-79.82075500488281, -38.1120491027832], [-121.49970245361328, -48.05994415283203], [-101.7073745727539, -291.2281188964844], [-100.32172393798828, -52.880401611328125], [-153.03878784179688, -93.7828369140625], [-119.30487823486328, -57.19525146484375], [-38.28997802734375, -164.2947998046875], [-83.36204528808594, -30.458934783935547], [-95.08776092529297, -55.207984924316406], [-87.04963684082031, -417.9577331542969], [-243.69473266601562, -148.3374481201172], [-89.02690124511719, -59.212379455566406], [-116.4237289428711, -174.11105346679688], [-77.69630432128906, -107.82561492919922], [-51.04228591918945, -162.70603942871094], [-124.31094360351562, -223.0582275390625], [-88.00308990478516, -102.05838775634766], [-55.35978317260742, -78.96900177001953], [-54.18411636352539, -85.18994140625], [-97.28614807128906, -116.18742370605469], [-19.123157501220703, -36.39382553100586], [-121.52664184570312, -344.4810791015625], [-82.57038879394531, -150.3588409423828], [-138.315185546875, -86.40487670898438], [-216.76473999023438, -165.13597106933594], [-61.723846435546875, -115.53362274169922], [-133.678466796875, -46.740867614746094], [-114.97523498535156, -68.26846313476562], [-200.04336547851562, -323.42498779296875], [-69.50634002685547, -91.24147033691406], [-75.00933837890625, -39.1868896484375], [-69.55421447753906, -34.106204986572266], [-155.580078125, -87.47068786621094], [-75.68710327148438, -74.83562469482422], [-65.78680419921875, -83.39823150634766], [-37.10816955566406, -268.01605224609375], [-150.97276306152344, -183.07431030273438], [-32.707275390625, -104.80632781982422], [-83.4047622680664, -68.49341583251953], [-194.41134643554688, -146.1111602783203], [-28.495689392089844, -182.0738983154297], [-88.09051513671875, -116.68241882324219], [-340.5729064941406, -171.5576171875], [-58.37220764160156, -127.72589111328125], [-209.2403564453125, -92.19393157958984], [-147.57415771484375, -90.95906829833984], [-58.67716598510742, -57.384033203125], [-118.45459747314453, -181.14129638671875], [-22.38202476501465, -47.43539047241211], [-141.9550323486328, -136.6359405517578], [-89.39537048339844, -21.942045211791992], [-37.95063018798828, -368.81903076171875], [-83.90691375732422, -60.351261138916016], [-35.07112121582031, -99.09059143066406]], "train_probs": [1.0, 0.9999999999994907, 4.100736647033119e-46, 2.152245095596687e-42, 0.08105937875311275, 1.1604596421413708e-13, 1.0, 1.5676119608456498e-47, 4.86994407190539e-05, 1.0, 0.9999986844771147, 1.0, 1.7543332967141472e-32, 1.0, 6.226289756778863e-46, 1.0, 0.9999999785929584, 1.626199124964882e-35, 1.0, 1.0792031894867006e-57, 1.0, 0.9999999945997851, 0.00010909355428164495, 5.4098574958924335e-34, 1.0, 1.0, 0.9999999993925622, 1.0, 7.532107695776399e-05, 1.0, 1.0, 1.0, 1.4788937556374422e-34, 1.0, 2.04306179496954e-10, 1.0, 1.0, 1.0, 0.9999986536348588, 1.0353035500979645e-15, 0.00863992928756298, 1.964687879595977e-63, 6.063433931103183e-08, 0.9999647786296953, 1.574654194986801e-32, 0.9534165448395923, 7.693769648605678e-19, 1.275023583150825e-32, 1.0, 2.4916985492560005e-21, 1.8427545497987668e-26, 1.062017860866144e-27, 1.0, 1.0579643473513204e-23, 4.7910791240915476e-18, 1.0, 3.862402348071113e-42, 1.1264650097428805e-13, 1.0, 0.9999999999999177, 1.0, 1.0, 0.9999992132054194, 0.9999999999441984, 0.9999999999999657, 0.999999993815846, 0.9999999684176702, 1.0, 1.0, 2.8552182955481103e-23, 3.783646465192735e-23, 1.0, 1.7517833945877806e-38, 5.194057077431341e-21, 1.0, 0.9999999996364595, 2.770181267076495e-16, 4.0283303984945573e-16, 2.6331017687809467e-30, 0.2991227843383309, 0.9999999775376963, 1.0, 0.9999999999999886, 1.0, 3.342599778983028e-07, 1.055590995771844e-21, 1.0, 0.9999999999996175, 3.959063767314005e-74, 1.0, 1.4702241570779258e-51, 2.584515100484893e-25, 0.21532302700133066, 1.0, 0.9999999999868339, 0.0048733336713992345, 5.074497565804491e-30, 1.0, 5.887217083720604e-11, 1.0], "test_labels": [], "test_logprobs": [], "test_probs": []}}