{"0": {"train_labels": [0, 0, 1, 1, 1, 1, 0, 1, 0, 0, 0, 0, 1, 0, 1, 0, 0, 1, 0, 1, 0, 0, 0, 1, 0, 1, 1, 0, 1, 0, 0, 0, 1, 0, 1, 0, 1, 0, 0, 0, 0, 1, 0, 1, 1, 0, 1, 1, 0, 1, 1, 1, 0, 1, 1, 0, 1, 1, 0, 0, 0, 0, 0, 1, 0, 0, 1, 0, 0, 1, 0, 0, 1, 1, 0, 0, 1, 1, 0, 0, 1, 0, 0, 0, 0, 1, 0, 0, 1, 0, 1, 1, 1, 0, 1, 0, 1, 0, 1, 0], "train_logprobs": [[-8.98202133178711, -63.451377868652344], [-52.062355041503906, -110.91352844238281], [-134.12351989746094, -1.501995325088501], [-136.5854034423828, -22.626588821411133], [-138.0196533203125, -43.92816925048828], [-108.4688491821289, -47.074771881103516], [-25.53740692138672, -58.656490325927734], [-129.80026245117188, -39.87635803222656], [-42.282718658447266, -58.79068374633789], [-138.70782470703125, -185.12469482421875], [-87.28246307373047, -152.2610321044922], [-6.796298027038574, -76.86820983886719], [-89.04012298583984, -12.39991569519043], [-39.98257827758789, -147.55735778808594], [-211.18324279785156, -92.26225280761719], [-16.734163284301758, -53.901756286621094], [-148.28321838378906, -295.30609130859375], [-99.97144317626953, -44.45282745361328], [-18.285463333129883, -113.78620910644531], [-133.16390991210938, -14.714559555053711], [-139.1875457763672, -158.3660888671875], [-5.038617134094238, -35.9708251953125], [-8.104470252990723, -40.617679595947266], [-155.76731872558594, -53.677978515625], [-10.846799850463867, -36.02517318725586], [-27.265012741088867, -17.55868148803711], [-10.082514762878418, -2.3348195552825928], [-1.3566474914550781, -238.30978393554688], [-50.81250762939453, -0.38642215728759766], [-105.05967712402344, -138.43759155273438], [-0.921447217464447, -235.80226135253906], [-20.432659149169922, -123.59749603271484], [-105.0831069946289, -67.09455871582031], [-34.0804557800293, -138.09146118164062], [-74.56847381591797, -47.471466064453125], [-7.2560954093933105, -71.54168701171875], [-101.36981201171875, -92.52486419677734], [-24.880889892578125, -272.59161376953125], [-3.3684463500976562, -44.33925247192383], [-9.573188781738281, -33.169307708740234], [-12.957046508789062, -39.47651290893555], [-185.40089416503906, -7.4850544929504395], [-4.463736534118652, -37.514530181884766], [-63.81733703613281, -28.981029510498047], [-39.71885299682617, -16.29661750793457], [-110.88748168945312, -132.64813232421875], [-60.628543853759766, -14.020051956176758], [-108.56809997558594, -20.410215377807617], [-113.62205505371094, -204.493408203125], [-59.458106994628906, -34.50144958496094], [-122.99015808105469, -60.79988098144531], [-115.18486785888672, -34.012062072753906], [-19.71739387512207, -41.999385833740234], [-74.65760803222656, -10.07658863067627], [-83.89117431640625, -49.53411102294922], [-64.23746490478516, -370.6628723144531], [-236.940673828125, -100.01365661621094], [-76.48615264892578, -4.301253318786621], [-77.94601440429688, -140.79200744628906], [-37.66474151611328, -60.35155487060547], [-36.07614517211914, -38.30038070678711], [-96.8952407836914, -277.3661193847656], [-45.1622314453125, -65.96732330322266], [-19.01226043701172, -13.790022850036621], [-6.107424736022949, -60.18208694458008], [-81.15772247314453, -102.08586120605469], [-13.929346084594727, -11.508434295654297], [-114.34556579589844, -316.5470275878906], [-15.845026016235352, -138.31497192382812], [-79.40978240966797, -14.571547508239746], [-131.81678771972656, -151.6263885498047], [-40.115028381347656, -79.169189453125], [-81.9649658203125, -33.49359893798828], [-85.7138442993164, -44.58747863769531], [-110.68663787841797, -337.73931884765625], [-42.479793548583984, -82.71459197998047], [-73.55663299560547, -6.634521007537842], [-62.787296295166016, -0.11594999581575394], [-76.025390625, -86.46629333496094], [-22.78512954711914, -55.99610137939453], [-68.58268737792969, -26.954208374023438], [-6.168757915496826, -267.8003845214844], [-111.18836975097656, -176.52940368652344], [-10.43393611907959, -33.92242431640625], [-20.33655548095703, -48.44928741455078], [-208.15335083007812, -63.97607421875], [-7.47223424911499, -165.6761474609375], [-44.607398986816406, -45.66313171386719], [-342.6094665527344, -149.18499755859375], [-42.79016876220703, -105.25166320800781], [-188.5839385986328, -15.763385772705078], [-124.70297241210938, -40.43681335449219], [-13.404882431030273, -1.1622307300567627], [-28.01331901550293, -143.68711853027344], [-10.595074653625488, -3.030853271484375], [-44.49977111816406, -148.81834411621094], [-29.927724838256836, -7.843071460723877], [-7.449273586273193, -338.2813720703125], [-49.09188461303711, -43.932220458984375], [-15.712078094482422, -34.38425064086914]], "train_probs": [1.0, 1.0, 2.530484588315587e-58, 3.2234107198346255e-50, 1.3695808483683427e-41, 2.17215597201589e-27, 0.9999999999999958, 8.841878029098272e-40, 0.9999999322854767, 1.0, 1.0, 1.0, 5.19494413637151e-34, 1.0, 2.255642478998519e-52, 0.9999999999999999, 1.0, 7.736981327760077e-25, 1.0, 3.614937182777489e-52, 0.9999999953133281, 0.9999999999999633, 0.9999999999999925, 4.604292289206196e-45, 0.999999999988381, 6.089301123272034e-05, 0.00043155014172816084, 1.0, 1.2595903811231675e-22, 0.9999999999999969, 1.0, 1.0, 3.1752878894932876e-17, 1.0, 1.7057644439233328e-12, 1.0, 0.00014408719619441796, 1.0, 1.0, 0.9999999999434627, 0.9999999999969609, 5.396753566789298e-78, 0.9999999999999957, 7.426494636453779e-16, 6.72747934900641e-11, 0.9999999996456197, 5.730455693878377e-21, 5.170317139952026e-39, 1.0, 1.4503118659215888e-11, 9.797286937379997e-28, 5.585967009906744e-36, 0.9999999997895961, 8.970561711867547e-29, 1.199270075677333e-15, 1.0, 3.414695650683547e-60, 4.471945933030717e-32, 1.0, 0.9999999998596404, 0.902404856952559, 1.0, 0.9999999990785677, 0.005366290839212893, 1.0, 0.9999999991852491, 0.08159190479096858, 1.0, 1.0, 6.93605240806509e-29, 0.9999999975065557, 1.0, 8.895140919504308e-22, 1.3773564034224968e-18, 1.0, 1.0, 8.631694206440143e-30, 6.055919990763227e-28, 0.9999707880276975, 0.9999999999999961, 8.336452473434201e-19, 1.0, 1.0, 0.9999999999370379, 0.9999999999993824, 2.4244004271835848e-63, 1.0, 0.7418742197280668, 9.927055519341552e-85, 1.0, 8.810236125891501e-76, 2.533215344911466e-37, 4.8203861385832906e-06, 1.0, 0.0005184121743463733, 1.0, 2.563048965991351e-10, 1.0, 0.005710827465616705, 0.9999999922236018], "test_labels": [], "test_logprobs": [], "test_probs": []}}