{"0": {"train_labels": [0, 0, 1, 1, 1, 1, 0, 1, 1, 0, 1, 0, 1, 0, 1, 0, 0, 1, 0, 1, 0, 0, 1, 1, 0, 0, 0, 0, 1, 0, 0, 0, 1, 0, 1, 0, 0, 0, 0, 1, 0, 1, 1, 1, 1, 0, 1, 1, 0, 1, 1, 1, 0, 1, 1, 0, 1, 1, 0, 0, 0, 0, 0, 0, 0, 0, 0, 0, 0, 1, 1, 0, 1, 1, 0, 0, 1, 1, 1, 1, 0, 0, 0, 0, 0, 1, 0, 0, 1, 0, 1, 1, 0, 0, 0, 1, 1, 0, 1, 0], "train_logprobs": [[-39.10957336425781, -99.53547668457031], [-88.67351531982422, -115.79646301269531], [-171.90133666992188, -71.31983947753906], [-157.6420440673828, -86.27474975585938], [-147.57308959960938, -146.2805938720703], [-148.34201049804688, -127.51681518554688], [-70.7730941772461, -129.0681610107422], [-183.43936157226562, -57.77643966674805], [-102.78645324707031, -94.88520050048828], [-143.7315216064453, -222.16607666015625], [-176.02769470214844, -175.581298828125], [-42.18037796020508, -86.35940551757812], [-115.08919525146484, -34.57612228393555], [-32.73001480102539, -182.4414520263672], [-249.04776000976562, -148.00689697265625], [-37.7064323425293, -82.28614807128906], [-323.49493408203125, -331.02630615234375], [-145.10488891601562, -91.02291870117188], [-43.55546951293945, -119.326171875], [-180.7167205810547, -33.715755462646484], [-165.54261779785156, -223.30319213867188], [-50.003517150878906, -73.99225616455078], [-54.903892517089844, -47.52460479736328], [-207.8478240966797, -118.11820220947266], [-40.857574462890625, -96.74784851074219], [-85.9471664428711, -109.12075805664062], [-16.140541076660156, -43.624656677246094], [-67.5736083984375, -248.7868194580078], [-77.86312866210938, -55.31612777709961], [-125.11042785644531, -171.66323852539062], [-30.919158935546875, -243.56076049804688], [-54.47657012939453, -155.61106872558594], [-170.06243896484375, -94.5536117553711], [-142.03028869628906, -191.68023681640625], [-126.16544342041016, -106.59740447998047], [-17.380603790283203, -81.82721710205078], [-146.2788848876953, -229.69912719726562], [-50.56509017944336, -268.19488525390625], [-63.09452438354492, -100.58183288574219], [-97.4489974975586, -57.882774353027344], [-77.94247436523438, -78.4387435913086], [-221.01202392578125, -59.645408630371094], [-87.23672485351562, -66.9696273803711], [-92.40774536132812, -86.75277709960938], [-127.77201843261719, -90.68244171142578], [-135.8360595703125, -138.7779541015625], [-90.03768920898438, -35.61155319213867], [-138.6637420654297, -50.01917266845703], [-105.89234161376953, -296.8240661621094], [-116.16649627685547, -61.76982879638672], [-160.08828735351562, -126.04948425292969], [-154.71437072753906, -68.58313751220703], [-40.5701904296875, -200.86891174316406], [-87.28325653076172, -33.73346710205078], [-105.18099212646484, -65.5855941772461], [-84.92276000976562, -428.4710388183594], [-261.2284851074219, -158.5143585205078], [-110.04745483398438, -73.64215850830078], [-132.8055419921875, -200.78590393066406], [-69.69336700439453, -129.21717834472656], [-78.06007385253906, -187.24557495117188], [-133.4812469482422, -243.392578125], [-94.26612854003906, -99.96051788330078], [-43.755958557128906, -95.76307678222656], [-53.8166389465332, -99.93372344970703], [-109.44392395019531, -124.92761993408203], [-30.689285278320312, -48.74026870727539], [-145.13438415527344, -354.8051452636719], [-73.66345977783203, -137.28079223632812], [-162.44081115722656, -82.71659088134766], [-227.8211669921875, -192.58856201171875], [-81.59662628173828, -133.77767944335938], [-154.76641845703125, -58.81417465209961], [-150.1356964111328, -94.99169158935547], [-219.88644409179688, -342.8985595703125], [-86.92000579833984, -117.95829772949219], [-85.9439697265625, -41.90159606933594], [-72.76741027832031, -43.916378021240234], [-155.7701873779297, -98.65522766113281], [-110.4279556274414, -94.98757934570312], [-74.33859252929688, -100.09257507324219], [-62.983577728271484, -285.2189025878906], [-158.1711883544922, -206.5035858154297], [-37.714378356933594, -121.06008911132812], [-87.76915740966797, -103.45870971679688], [-204.7236785888672, -154.4347381591797], [-55.30990982055664, -200.85992431640625], [-87.59618377685547, -144.0715789794922], [-338.23828125, -180.20965576171875], [-84.76742553710938, -164.52020263671875], [-211.27587890625, -105.79024505615234], [-160.34840393066406, -105.3968505859375], [-45.50025177001953, -59.043418884277344], [-106.48170471191406, -223.00494384765625], [-39.13975524902344, -54.96339416503906], [-157.87796020507812, -155.13279724121094], [-89.3748779296875, -19.059303283691406], [-50.041473388671875, -379.029541015625], [-100.57331085205078, -93.09532165527344], [-43.6364860534668, -116.40663146972656]], "train_probs": [1.0, 0.9999999999983379, 2.0797483469599054e-44, 1.0129264041973092e-31, 0.2154306826166468, 9.030932387582745e-10, 1.0, 2.6624805055642463e-55, 0.0003701423274793148, 1.0, 0.39021802020312235, 1.0, 1.0804798924035459e-35, 1.0, 1.313743971766345e-44, 1.0, 0.9994642848255235, 3.254608581639602e-24, 1.0, 1.4397663352169658e-64, 1.0, 0.9999999999618212, 0.0006236560332681817, 1.0737924625457888e-39, 1.0, 0.9999999999137346, 0.9999999999988418, 1.0, 1.6142170571173633e-10, 1.0, 1.0, 1.0, 1.6103972043277464e-33, 1.0, 3.1747436640148025e-09, 1.0, 1.0, 1.0, 1.0, 6.555527122809689e-18, 0.6215821857575478, 8.30556944438719e-71, 1.5780160006858079e-09, 0.0034878763110310876, 7.801920019165868e-17, 0.9498790002443412, 2.306903652048185e-24, 3.177990979833752e-39, 1.0, 2.3758962895972663e-24, 1.6486772410732118e-15, 3.923563584192465e-38, 1.0, 5.541431180054449e-24, 6.367033895700909e-18, 1.0, 2.4650265982905347e-45, 1.5466095719808497e-16, 1.0, 1.0, 1.0, 1.0, 0.9966464925682265, 1.0, 1.0, 0.9999998114110715, 0.9999999855270354, 1.0, 1.0, 2.3779956735756116e-35, 4.996594135527719e-16, 1.0, 2.1304433440695185e-42, 1.125286207626697e-24, 1.0, 0.9999999999999669, 7.458305194299582e-20, 2.952268777382238e-13, 1.5677909777787385e-25, 1.9693807875142845e-07, 0.9999999999934658, 1.0, 1.0, 1.0, 0.9999998464980338, 1.444743238536346e-22, 1.0, 1.0, 2.339052489399954e-69, 1.0, 1.5423086660245338e-46, 1.3640918380870249e-24, 0.9999986869638455, 1.0, 0.9999998657603297, 0.06036040980299432, 2.899572281043079e-31, 1.0, 0.0005650736789093496, 1.0], "test_labels": [], "test_logprobs": [], "test_probs": []}}