{"0": {"0": {"chosen": -21.387300491333008, "rejected": -5.897673606872559}, "1": {"chosen": -15.87880802154541, "rejected": -23.458576202392578}, "2": {"chosen": -38.493656158447266, "rejected": -254.62127685546875}, "3": {"chosen": -18.879558563232422, "rejected": -23.857322692871094}, "4": {"chosen": -36.132362365722656, "rejected": -180.21548461914062}, "5": {"chosen": -121.65635681152344, "rejected": -180.67588806152344}, "6": {"chosen": -105.94807434082031, "rejected": -29.145143508911133}, "7": {"chosen": -10.725433349609375, "rejected": -26.220491409301758}, "8": {"chosen": -14.539778709411621, "rejected": -59.359806060791016}, "9": {"chosen": -9.330794334411621, "rejected": -335.4376525878906}, "10": {"chosen": -21.715518951416016, "rejected": -23.628244400024414}, "11": {"chosen": -29.141183853149414, "rejected": -315.01171875}, "12": {"chosen": -30.46157455444336, "rejected": -10.154006958007812}, "13": {"chosen": -104.18545532226562, "rejected": -45.24335479736328}, "14": {"chosen": -43.65340042114258, "rejected": -27.879459381103516}, "15": {"chosen": -19.68044090270996, "rejected": -32.554359436035156}, "16": {"chosen": -68.2366943359375, "rejected": -280.8452453613281}, "17": {"chosen": -56.588050842285156, "rejected": -37.84146499633789}, "18": {"chosen": -219.21060180664062, "rejected": -86.71747589111328}, "19": {"chosen": -80.9461441040039, "rejected": -41.91028594970703}, "20": {"chosen": -55.766563415527344, "rejected": -33.53806686401367}, "21": {"chosen": -27.323429107666016, "rejected": -14.754263877868652}, "22": {"chosen": -52.00115966796875, "rejected": -19.428848266601562}, "23": {"chosen": -14.285999298095703, "rejected": -61.46372604370117}, "24": {"chosen": -50.208473205566406, "rejected": -15.813392639160156}, "25": {"chosen": -115.59416961669922, "rejected": -15.177106857299805}, "26": {"chosen": -29.634906768798828, "rejected": -68.29414367675781}, "27": {"chosen": -199.38153076171875, "rejected": -146.56602478027344}, "28": {"chosen": -80.33645629882812, "rejected": -32.34300231933594}, "29": {"chosen": -11.080293655395508, "rejected": -117.16253662109375}, "30": {"chosen": -44.99179458618164, "rejected": -18.13732147216797}, "31": {"chosen": -113.0936050415039, "rejected": -181.80282592773438}, "32": {"chosen": -51.360992431640625, "rejected": -47.1817741394043}, "33": {"chosen": -79.44453430175781, "rejected": -26.4368896484375}, "34": {"chosen": -202.47666931152344, "rejected": -47.97673416137695}, "35": {"chosen": -64.089111328125, "rejected": -90.11207580566406}, "36": {"chosen": -24.703453063964844, "rejected": -167.21841430664062}, "37": {"chosen": -30.064599990844727, "rejected": -100.6902847290039}, "38": {"chosen": -20.700166702270508, "rejected": -387.1770935058594}, "39": {"chosen": -16.496536254882812, "rejected": -135.1177978515625}, "40": {"chosen": -54.00989532470703, "rejected": -86.91580963134766}, "41": {"chosen": -132.64048767089844, "rejected": -63.34355545043945}, "42": {"chosen": -98.58030700683594, "rejected": -63.220890045166016}, "43": {"chosen": -108.52096557617188, "rejected": -48.52781677246094}, "44": {"chosen": -252.6763916015625, "rejected": -362.53033447265625}, "45": {"chosen": -124.45994567871094, "rejected": -350.3791809082031}, "46": {"chosen": -159.6239013671875, "rejected": -111.77672576904297}, "47": {"chosen": -75.85906219482422, "rejected": -134.09056091308594}, "48": {"chosen": -35.99163055419922, "rejected": -25.330167770385742}, "49": {"chosen": -126.50985717773438, "rejected": -31.940181732177734}, "50": {"chosen": -98.99269104003906, "rejected": -45.880767822265625}, "51": {"chosen": -23.056665420532227, "rejected": -29.57792091369629}, "52": {"chosen": -14.339019775390625, "rejected": -33.52593994140625}, "53": {"chosen": -355.6585388183594, "rejected": -108.77994537353516}, "54": {"chosen": -24.53774070739746, "rejected": -254.00819396972656}, "55": {"chosen": -31.95793914794922, "rejected": -142.1415252685547}, "56": {"chosen": -41.81852340698242, "rejected": -264.30224609375}, "57": {"chosen": -16.252426147460938, "rejected": -16.337608337402344}, "58": {"chosen": -100.06590270996094, "rejected": -163.9732666015625}, "59": {"chosen": -62.56915283203125, "rejected": -26.063472747802734}, "60": {"chosen": -21.31033706665039, "rejected": -35.41543960571289}, "61": {"chosen": -88.62615966796875, "rejected": -52.0806884765625}, "62": {"chosen": -158.11705017089844, "rejected": -109.93782043457031}, "63": {"chosen": -71.89105224609375, "rejected": -26.538909912109375}, "64": {"chosen": -183.36480712890625, "rejected": -182.31361389160156}, "65": {"chosen": -53.09344482421875, "rejected": -139.7499237060547}, "66": {"chosen": -19.003236770629883, "rejected": -65.7055435180664}, "67": {"chosen": -18.039344787597656, "rejected": -83.55875396728516}, "68": {"chosen": -146.28268432617188, "rejected": -205.31764221191406}, "69": {"chosen": -21.197021484375, "rejected": -17.416343688964844}, "70": {"chosen": -24.137441635131836, "rejected": -27.899951934814453}, "71": {"chosen": -44.5682487487793, "rejected": -208.458251953125}, "72": {"chosen": -22.065898895263672, "rejected": -193.45750427246094}, "73": {"chosen": -2.7885043621063232, "rejected": -6.71311616897583}, "74": {"chosen": -54.16282272338867, "rejected": -29.657350540161133}, "75": {"chosen": -37.51720428466797, "rejected": -470.3346252441406}, "76": {"chosen": -15.371342658996582, "rejected": -10.474021911621094}, "77": {"chosen": -104.62068176269531, "rejected": -104.33517456054688}, "78": {"chosen": -69.46371459960938, "rejected": -45.742183685302734}, "79": {"chosen": -130.90196228027344, "rejected": -20.04220962524414}, "80": {"chosen": -6.973075866699219, "rejected": -12.983489036560059}, "81": {"chosen": -41.42448425292969, "rejected": -24.767932891845703}, "82": {"chosen": -26.886545181274414, "rejected": -29.54121208190918}, "83": {"chosen": -91.91020202636719, "rejected": -174.86404418945312}, "84": {"chosen": -44.17390441894531, "rejected": -33.328392028808594}, "85": {"chosen": -46.051307678222656, "rejected": -271.14666748046875}, "86": {"chosen": -136.40367126464844, "rejected": -42.29766845703125}, "87": {"chosen": -3.77455997467041, "rejected": -68.93370056152344}, "88": {"chosen": -45.59254837036133, "rejected": -126.70590209960938}, "89": {"chosen": -55.42679214477539, "rejected": -73.74638366699219}, "90": {"chosen": -36.601036071777344, "rejected": -55.14825439453125}, "91": {"chosen": -60.39647674560547, "rejected": -47.52674865722656}, "92": {"chosen": -22.150409698486328, "rejected": -39.25053405761719}, "93": {"chosen": -104.21097564697266, "rejected": -105.7772445678711}, "94": {"chosen": -4.292516231536865, "rejected": -15.52581787109375}, "95": {"chosen": -10.191370010375977, "rejected": -93.85792541503906}, "96": {"chosen": -19.24283790588379, "rejected": -14.340569496154785}, "97": {"chosen": -101.0320053100586, "rejected": -84.81583404541016}, "98": {"chosen": -15.553118705749512, "rejected": -61.5601806640625}, "99": {"chosen": -78.05724334716797, "rejected": -45.311561584472656}}}