{"0": {"train_labels": [0, 0, 1, 1, 0, 1, 0, 1, 1, 0, 0, 0, 1, 0, 1, 0, 0, 1, 0, 1, 0, 0, 1, 1, 0, 0, 0, 0, 1, 0, 0, 0, 1, 0, 1, 0, 0, 0, 0, 1, 1, 1, 1, 0, 1, 0, 1, 1, 0, 1, 1, 1, 0, 1, 1, 0, 1, 1, 0, 0, 0, 0, 0, 0, 0, 0, 1, 0, 0, 1, 1, 0, 1, 1, 0, 0, 1, 1, 1, 0, 1, 0, 0, 0, 1, 1, 0, 0, 1, 0, 1, 1, 0, 0, 0, 0, 1, 0, 1, 0], "train_logprobs": [[-16.4699649810791, -63.223472595214844], [-63.5425910949707, -97.81726837158203], [-134.0159454345703, -31.677753448486328], [-125.7158432006836, -31.848342895507812], [-104.53829956054688, -115.12254333496094], [-118.528564453125, -95.45323944091797], [-44.75320816040039, -83.86122131347656], [-137.58370971679688, -38.81391525268555], [-70.53728485107422, -65.25841522216797], [-121.06727600097656, -161.13534545898438], [-141.91928100585938, -157.4678955078125], [-16.198713302612305, -64.80622100830078], [-78.58380126953125, -8.078017234802246], [-33.14274978637695, -138.262451171875], [-189.48663330078125, -98.42890167236328], [-18.414823532104492, -49.89801788330078], [-257.75445556640625, -276.3337707519531], [-121.14877319335938, -58.432098388671875], [-27.394760131835938, -99.62046813964844], [-148.22288513183594, -22.194507598876953], [-137.82179260253906, -196.7822265625], [-16.793840408325195, -49.9775390625], [-40.989158630371094, -36.057796478271484], [-163.5623779296875, -100.37030792236328], [-20.98624610900879, -51.912193298339844], [-34.33616256713867, -78.58011627197266], [-7.296473503112793, -21.364360809326172], [-44.57136917114258, -197.3389129638672], [-50.760650634765625, -30.691377639770508], [-93.2425308227539, -140.29600524902344], [-19.41506004333496, -208.67633056640625], [-45.818092346191406, -123.12318420410156], [-135.39736938476562, -63.644020080566406], [-105.40709686279297, -142.0428009033203], [-77.75831604003906, -62.24130630493164], [-5.9730224609375, -61.14936828613281], [-107.59846496582031, -180.7138671875], [-34.092124938964844, -246.77149963378906], [-22.146055221557617, -43.58979797363281], [-48.57728958129883, -30.770353317260742], [-47.428619384765625, -43.958580017089844], [-186.25143432617188, -40.87565231323242], [-57.04457473754883, -34.12324905395508], [-62.43991470336914, -71.25006866455078], [-80.53961181640625, -33.15763473510742], [-107.62285614013672, -116.19888305664062], [-62.750274658203125, -23.514638900756836], [-112.68315887451172, -31.991140365600586], [-98.38105010986328, -280.6336364746094], [-86.08076477050781, -31.54137420654297], [-133.2877197265625, -64.26345825195312], [-105.53414154052734, -39.339141845703125], [-24.2347412109375, -137.97796630859375], [-73.07449340820312, -15.236702919006348], [-78.85899353027344, -43.5744743347168], [-57.227081298828125, -368.78253173828125], [-220.07444763183594, -109.04540252685547], [-75.7734146118164, -54.92374801635742], [-81.38896179199219, -152.2796173095703], [-40.904232025146484, -72.12696838378906], [-42.74245071411133, -146.85140991210938], [-97.52693176269531, -216.9985809326172], [-54.401519775390625, -75.08916473388672], [-26.913982391357422, -58.006065368652344], [-39.30926513671875, -63.508934020996094], [-75.44987487792969, -101.13343811035156], [-19.727018356323242, -19.324426651000977], [-106.73101043701172, -330.62713623046875], [-52.64031982421875, -132.7545928955078], [-95.28245544433594, -51.59389114379883], [-191.216064453125, -153.00631713867188], [-46.482666015625, -85.90770721435547], [-96.04886627197266, -32.7322883605957], [-95.10503387451172, -45.358665466308594], [-174.65037536621094, -290.58660888671875], [-47.901668548583984, -75.73834991455078], [-68.34549713134766, -25.945693969726562], [-55.13761520385742, -22.78797149658203], [-134.8711395263672, -80.82777404785156], [-61.408958435058594, -70.87692260742188], [-65.18328094482422, -62.0865478515625], [-29.105464935302734, -239.06716918945312], [-136.80303955078125, -161.86993408203125], [-17.819772720336914, -94.47086334228516], [-55.763328552246094, -54.654293060302734], [-180.8319549560547, -129.69140625], [-31.60015296936035, -159.13710021972656], [-61.33274841308594, -100.72561645507812], [-306.34356689453125, -156.9099884033203], [-45.604305267333984, -100.66752624511719], [-188.85430908203125, -62.37627410888672], [-126.56730651855469, -67.9128646850586], [-20.12252426147461, -26.565845489501953], [-80.6323471069336, -145.48780822753906], [-12.76863956451416, -32.05165100097656], [-125.3399658203125, -125.69092559814453], [-47.62303924560547, -13.896038055419922], [-21.600299835205078, -321.62060546875], [-63.48981475830078, -49.14857482910156], [-20.762083053588867, -74.45976257324219]], "train_probs": [1.0, 0.9999999999999988, 3.589946136574984e-45, 1.7134150900355666e-41, 0.9999746889395492, 9.517298244061184e-11, 1.0, 1.272984997856428e-43, 0.005072330676410229, 1.0, 0.999999823265049, 1.0, 2.3973257567775654e-31, 1.0, 2.8453101895217384e-40, 0.9999999999999788, 0.9999999914669178, 5.787542710364802e-28, 1.0, 1.8474431124217867e-55, 1.0, 0.9999999999999961, 0.007164959265267388, 3.5977641983358167e-28, 0.9999999999999629, 1.0, 0.9999992230486361, 1.0, 1.923204566969493e-09, 1.0, 1.0, 1.0, 6.885196496776908e-32, 0.9999999999999999, 1.8240982100668702e-07, 1.0, 1.0, 1.0, 0.99999999951348, 1.8473357416447078e-08, 0.030176829322753708, 7.313075707424746e-64, 1.1101834214647354e-10, 0.9998508119788077, 2.6440448150870094e-21, 0.9998114628468262, 9.12388697281064e-18, 9.034448112348187e-36, 1.0, 2.0598881143255295e-24, 1.0547368612611534e-30, 1.7859812820122413e-29, 1.0, 7.609686145528579e-26, 4.743817979308276e-16, 1.0, 6.035293291097391e-49, 8.812616021396059e-10, 1.0, 0.9999999999999725, 1.0, 1.0, 0.9999999989637371, 0.9999999999999687, 0.9999999999690816, 0.9999999999929893, 0.40068981440546136, 1.0, 1.0, 1.0624233375824961e-19, 2.5451746348391985e-17, 1.0, 3.1765785581411975e-28, 2.4855740469150462e-22, 1.0, 0.9999999999991859, 3.8547787226065215e-19, 8.927466853582618e-15, 3.382708612915337e-24, 0.9999227173793838, 0.043242212962699096, 1.0, 0.9999999999870106, 1.0, 0.248050746400242, 6.165125127293821e-23, 1.0, 1.0, 1.2642164882412984e-65, 1.0, 1.1783853353294734e-55, 3.362788647442059e-26, 0.9984114141753754, 1.0, 0.9999999957782303, 0.5868503031763201, 2.251902027627389e-15, 1.0, 5.911237087829956e-07, 1.0], "test_labels": [], "test_logprobs": [], "test_probs": []}}