{"0": {"train_labels": [0, 0, 1, 1, 0, 0, 0, 1, 1, 0, 0, 0, 1, 0, 1, 0, 0, 1, 0, 1, 0, 0, 1, 1, 0, 0, 0, 0, 1, 0, 0, 0, 1, 0, 1, 0, 0, 0, 0, 1, 1, 1, 1, 0, 1, 0, 1, 1, 0, 1, 1, 1, 0, 1, 1, 0, 1, 1, 0, 0, 0, 0, 0, 0, 0, 0, 1, 0, 0, 1, 1, 0, 1, 1, 0, 0, 1, 1, 1, 0, 1, 0, 0, 0, 0, 1, 0, 0, 1, 0, 1, 1, 0, 0, 0, 0, 1, 0, 1, 0], "train_logprobs": [[-8.420215606689453, -51.096920013427734], [-55.3290901184082, -96.71293640136719], [-114.86048126220703, -22.81424903869629], [-123.46844482421875, -22.37386131286621], [-96.76334381103516, -98.12049865722656], [-90.9719467163086, -94.00897216796875], [-26.117820739746094, -85.2046890258789], [-126.13664245605469, -36.40030288696289], [-67.60050201416016, -53.202449798583984], [-115.89791107177734, -153.02012634277344], [-136.9224853515625, -145.91290283203125], [-12.154057502746582, -60.83568572998047], [-72.82606506347656, -6.226802825927734], [-35.211856842041016, -118.55908203125], [-178.69918823242188, -83.31240844726562], [-13.358145713806152, -45.502655029296875], [-215.31314086914062, -254.87002563476562], [-104.23345947265625, -43.5997314453125], [-16.16973876953125, -99.05229949951172], [-133.0336456298828, -16.629817962646484], [-144.7444305419922, -193.48985290527344], [-8.146324157714844, -38.07877731323242], [-34.81415939331055, -25.7803955078125], [-138.65162658691406, -88.65892791748047], [-21.716808319091797, -31.348106384277344], [-34.55398941040039, -81.01873016357422], [-10.379313468933105, -25.189414978027344], [-45.9871826171875, -181.64508056640625], [-44.34236145019531, -7.413626670837402], [-81.4039535522461, -122.78564453125], [-6.8713579177856445, -176.741943359375], [-33.7377815246582, -121.09922790527344], [-136.1328125, -51.536888122558594], [-83.28491973876953, -118.41845703125], [-75.4234619140625, -46.43347930908203], [-8.26850700378418, -51.42148971557617], [-91.02372741699219, -161.6324920654297], [-22.219741821289062, -237.97686767578125], [-12.519808769226074, -32.260650634765625], [-34.738304138183594, -30.11307144165039], [-51.55494689941406, -33.02134704589844], [-182.91140747070312, -33.418670654296875], [-58.487892150878906, -35.23210906982422], [-56.508419036865234, -62.15803146362305], [-65.53070068359375, -18.743661880493164], [-93.52781677246094, -102.64710998535156], [-65.50013732910156, -13.697601318359375], [-107.14285278320312, -21.2464599609375], [-92.48370361328125, -276.4946594238281], [-77.71295166015625, -26.563547134399414], [-122.81737518310547, -60.467872619628906], [-102.31193542480469, -32.500240325927734], [-16.842321395874023, -124.53910064697266], [-69.61802673339844, -14.116376876831055], [-79.60421752929688, -40.64276123046875], [-52.05186080932617, -342.40118408203125], [-200.59521484375, -92.4981460571289], [-69.79902648925781, -47.660099029541016], [-73.20378112792969, -135.11538696289062], [-32.72428512573242, -58.67802810668945], [-32.559532165527344, -142.61305236816406], [-87.31771087646484, -214.76654052734375], [-43.92158889770508, -64.41813659667969], [-21.99237632751465, -35.17955780029297], [-27.30486488342285, -60.83453369140625], [-75.0367431640625, -88.0909652709961], [-14.881217956542969, -10.722867012023926], [-96.5352554321289, -326.5109558105469], [-34.60053253173828, -126.11309051513672], [-84.92872619628906, -41.96417236328125], [-149.89443969726562, -144.5431671142578], [-35.201881408691406, -67.5292739868164], [-70.0709228515625, -25.28364372253418], [-94.7023696899414, -35.6025390625], [-158.9422607421875, -294.6293029785156], [-37.568199157714844, -64.66413879394531], [-56.49153137207031, -27.168581008911133], [-50.44895935058594, -6.081650257110596], [-125.74726867675781, -77.24180603027344], [-50.19126892089844, -60.052127838134766], [-66.85478210449219, -40.37006378173828], [-25.40484619140625, -233.2115936279297], [-120.53038787841797, -162.28697204589844], [-6.713863372802734, -79.37645721435547], [-33.15422821044922, -47.435386657714844], [-170.70338439941406, -120.09911346435547], [-16.809267044067383, -155.39096069335938], [-45.364418029785156, -72.26980590820312], [-293.0738525390625, -125.82260131835938], [-31.90937614440918, -89.3695068359375], [-164.9803924560547, -52.75041961669922], [-119.63235473632812, -74.61066436767578], [-7.178438186645508, -11.236739158630371], [-73.81167602539062, -128.8373565673828], [-7.944172382354736, -31.32176971435547], [-109.22605895996094, -126.72428131103516], [-41.87578582763672, -12.334894180297852], [-9.00168228149414, -309.4741516113281], [-48.467247009277344, -34.905181884765625], [-11.29871654510498, -73.60225677490234]], "train_probs": [1.0, 1.0, 1.0588373814671064e-40, 1.2450311882242944e-44, 0.7952968965489688, 0.9542190613641556, 1.0, 1.0666032408600856e-39, 5.584767916707058e-07, 0.9999999999999999, 0.9998754174576244, 1.0, 1.1920868888039752e-29, 1.0, 3.7501435550402293e-42, 0.999999999999989, 1.0, 4.646292006314276e-27, 1.0, 2.7955030582100125e-51, 1.0, 0.9999999999999, 0.00011929833433445932, 1.9428838238092823e-22, 0.9999343625213859, 1.0, 0.9999996301254264, 1.0, 9.163349717679573e-17, 1.0, 1.0, 1.0, 1.8216160803741109e-37, 0.9999999999999996, 2.569274604331871e-13, 1.0, 1.0, 1.0, 0.9999999973290773, 0.009706239540573916, 8.932229024066542e-09, 1.191596766418725e-65, 7.945875124886809e-11, 0.9964934587644803, 4.7934392007794295e-21, 0.9998904799301234, 3.18012698416082e-23, 4.962157924308501e-38, 1.0, 6.110768930307815e-23, 8.355166084925437e-28, 4.79916902885491e-31, 1.0, 7.869365749633277e-25, 1.2002024874139285e-17, 1.0, 1.1325034039875473e-47, 2.427649414304146e-10, 1.0, 0.999999999994649, 1.0, 1.0, 0.9999999987455238, 0.9999981255276421, 0.9999999999999972, 0.9999978589715236, 0.01539267826507509, 1.0, 1.0, 2.191448923309828e-19, 0.004719730931539883, 0.9999999999999908, 3.5410480082219695e-20, 2.154118929219396e-26, 1.0, 0.9999999999982924, 1.841638833819341e-13, 5.3891774489722055e-20, 8.596966421836975e-22, 0.9999478252080937, 3.1465379759249447e-12, 1.0, 1.0, 1.0, 0.999999372272119, 1.0540091284080969e-22, 1.0, 0.999999999997934, 2.310492182515092e-73, 1.0, 1.8161097572240563e-49, 2.801098022571764e-20, 0.9830151201168902, 1.0, 0.9999999999296542, 0.9999999748453328, 1.480995595953763e-13, 1.0, 1.288455410793686e-06, 1.0], "test_labels": [], "test_logprobs": [], "test_probs": []}}