{"0": {"0": {"chosen": -21.493480682373047, "rejected": -7.526034832000732}, "1": {"chosen": -15.40670394897461, "rejected": -23.978464126586914}, "2": {"chosen": -37.50417709350586, "rejected": -255.4046173095703}, "3": {"chosen": -20.14605140686035, "rejected": -26.674293518066406}, "4": {"chosen": -38.54608917236328, "rejected": -179.34300231933594}, "5": {"chosen": -121.92431640625, "rejected": -183.7008819580078}, "6": {"chosen": -104.67640686035156, "rejected": -28.477994918823242}, "7": {"chosen": -11.349513053894043, "rejected": -23.638368606567383}, "8": {"chosen": -17.00508689880371, "rejected": -56.32709503173828}, "9": {"chosen": -9.12263298034668, "rejected": -337.0980224609375}, "10": {"chosen": -21.41958236694336, "rejected": -21.41887855529785}, "11": {"chosen": -29.168292999267578, "rejected": -309.6057434082031}, "12": {"chosen": -31.94135856628418, "rejected": -11.236984252929688}, "13": {"chosen": -105.44921112060547, "rejected": -45.97597122192383}, "14": {"chosen": -44.14411926269531, "rejected": -28.26854705810547}, "15": {"chosen": -21.02229118347168, "rejected": -30.476016998291016}, "16": {"chosen": -70.5753402709961, "rejected": -282.8372802734375}, "17": {"chosen": -58.38492965698242, "rejected": -37.85136032104492}, "18": {"chosen": -217.3561553955078, "rejected": -87.04357147216797}, "19": {"chosen": -80.27239227294922, "rejected": -42.214195251464844}, "20": {"chosen": -54.9468879699707, "rejected": -32.301639556884766}, "21": {"chosen": -26.725093841552734, "rejected": -15.781270027160645}, "22": {"chosen": -52.45719909667969, "rejected": -19.423255920410156}, "23": {"chosen": -14.297313690185547, "rejected": -57.38387680053711}, "24": {"chosen": -49.82741165161133, "rejected": -16.376615524291992}, "25": {"chosen": -112.93683624267578, "rejected": -16.601640701293945}, "26": {"chosen": -31.59203338623047, "rejected": -67.98656463623047}, "27": {"chosen": -197.8804931640625, "rejected": -144.8152313232422}, "28": {"chosen": -80.7094497680664, "rejected": -31.574731826782227}, "29": {"chosen": -11.767620086669922, "rejected": -114.3969497680664}, "30": {"chosen": -45.75023651123047, "rejected": -18.446022033691406}, "31": {"chosen": -111.1784439086914, "rejected": -183.79373168945312}, "32": {"chosen": -47.38232421875, "rejected": -44.72427749633789}, "33": {"chosen": -78.9067611694336, "rejected": -26.17099952697754}, "34": {"chosen": -202.60597229003906, "rejected": -47.00371170043945}, "35": {"chosen": -62.8685302734375, "rejected": -89.15267944335938}, "36": {"chosen": -25.227279663085938, "rejected": -165.9514923095703}, "37": {"chosen": -28.9527530670166, "rejected": -101.33760070800781}, "38": {"chosen": -20.506765365600586, "rejected": -388.88128662109375}, "39": {"chosen": -16.43115997314453, "rejected": -136.35435485839844}, "40": {"chosen": -52.90918731689453, "rejected": -87.46231842041016}, "41": {"chosen": -131.11952209472656, "rejected": -65.06932067871094}, "42": {"chosen": -98.34796905517578, "rejected": -63.478416442871094}, "43": {"chosen": -107.21847534179688, "rejected": -48.44972610473633}, "44": {"chosen": -250.97698974609375, "rejected": -363.1656494140625}, "45": {"chosen": -124.3149185180664, "rejected": -353.73492431640625}, "46": {"chosen": -161.78094482421875, "rejected": -113.94206237792969}, "47": {"chosen": -76.97454833984375, "rejected": -136.117919921875}, "48": {"chosen": -35.81973648071289, "rejected": -24.982690811157227}, "49": {"chosen": -126.5418701171875, "rejected": -31.114791870117188}, "50": {"chosen": -101.24140930175781, "rejected": -44.474021911621094}, "51": {"chosen": -21.45436668395996, "rejected": -25.94473648071289}, "52": {"chosen": -13.446035385131836, "rejected": -33.86775588989258}, "53": {"chosen": -354.6640930175781, "rejected": -109.02101135253906}, "54": {"chosen": -25.150516510009766, "rejected": -255.91505432128906}, "55": {"chosen": -33.03345489501953, "rejected": -142.4949951171875}, "56": {"chosen": -40.27684020996094, "rejected": -264.76763916015625}, "57": {"chosen": -17.568748474121094, "rejected": -14.568093299865723}, "58": {"chosen": -101.1025161743164, "rejected": -164.66749572753906}, "59": {"chosen": -64.1087417602539, "rejected": -28.44094467163086}, "60": {"chosen": -21.776426315307617, "rejected": -34.48996353149414}, "61": {"chosen": -86.8620376586914, "rejected": -53.43457794189453}, "62": {"chosen": -158.2678985595703, "rejected": -108.77336120605469}, "63": {"chosen": -69.92657470703125, "rejected": -27.832672119140625}, "64": {"chosen": -183.9946746826172, "rejected": -183.20693969726562}, "65": {"chosen": -52.39568328857422, "rejected": -140.26463317871094}, "66": {"chosen": -19.961814880371094, "rejected": -67.61813354492188}, "67": {"chosen": -17.722736358642578, "rejected": -83.7677001953125}, "68": {"chosen": -144.4543914794922, "rejected": -206.58270263671875}, "69": {"chosen": -21.530498504638672, "rejected": -17.14122200012207}, "70": {"chosen": -24.82620620727539, "rejected": -27.420000076293945}, "71": {"chosen": -45.00442886352539, "rejected": -209.1980438232422}, "72": {"chosen": -21.51850128173828, "rejected": -190.27012634277344}, "73": {"chosen": -3.1129167079925537, "rejected": -8.02789306640625}, "74": {"chosen": -55.057640075683594, "rejected": -29.509592056274414}, "75": {"chosen": -37.639530181884766, "rejected": -468.14410400390625}, "76": {"chosen": -15.665719985961914, "rejected": -12.602113723754883}, "77": {"chosen": -107.15426635742188, "rejected": -102.09232330322266}, "78": {"chosen": -68.73796081542969, "rejected": -45.40203094482422}, "79": {"chosen": -130.77816772460938, "rejected": -19.93089485168457}, "80": {"chosen": -7.60774040222168, "rejected": -15.249092102050781}, "81": {"chosen": -40.6236572265625, "rejected": -26.749242782592773}, "82": {"chosen": -25.715904235839844, "rejected": -26.47410774230957}, "83": {"chosen": -92.82887268066406, "rejected": -174.67794799804688}, "84": {"chosen": -43.325626373291016, "rejected": -32.76018524169922}, "85": {"chosen": -44.074119567871094, "rejected": -271.83697509765625}, "86": {"chosen": -138.62440490722656, "rejected": -42.03524398803711}, "87": {"chosen": -4.709716320037842, "rejected": -74.035888671875}, "88": {"chosen": -42.86868667602539, "rejected": -129.56419372558594}, "89": {"chosen": -55.521148681640625, "rejected": -73.70489501953125}, "90": {"chosen": -39.86817169189453, "rejected": -52.72581100463867}, "91": {"chosen": -62.730079650878906, "rejected": -46.679161071777344}, "92": {"chosen": -22.819721221923828, "rejected": -39.345333099365234}, "93": {"chosen": -105.71630096435547, "rejected": -107.41644287109375}, "94": {"chosen": -4.375497817993164, "rejected": -15.554644584655762}, "95": {"chosen": -10.909710884094238, "rejected": -94.60686492919922}, "96": {"chosen": -19.58768081665039, "rejected": -12.868013381958008}, "97": {"chosen": -100.01131439208984, "rejected": -84.63981628417969}, "98": {"chosen": -14.728880882263184, "rejected": -63.69179153442383}, "99": {"chosen": -78.11698913574219, "rejected": -43.903350830078125}}}