{"0": {"0": {"chosen": -21.424341201782227, "rejected": -6.294062614440918}, "1": {"chosen": -16.022119522094727, "rejected": -24.385988235473633}, "2": {"chosen": -37.66944885253906, "rejected": -256.5809631347656}, "3": {"chosen": -20.046680450439453, "rejected": -26.095640182495117}, "4": {"chosen": -38.10808181762695, "rejected": -181.79306030273438}, "5": {"chosen": -121.35191345214844, "rejected": -182.38372802734375}, "6": {"chosen": -105.79194641113281, "rejected": -28.43385887145996}, "7": {"chosen": -11.226818084716797, "rejected": -25.281448364257812}, "8": {"chosen": -16.18307113647461, "rejected": -57.18851852416992}, "9": {"chosen": -9.696069717407227, "rejected": -338.688720703125}, "10": {"chosen": -20.283193588256836, "rejected": -23.44850730895996}, "11": {"chosen": -28.36369514465332, "rejected": -315.621337890625}, "12": {"chosen": -30.330188751220703, "rejected": -10.813116073608398}, "13": {"chosen": -104.45562744140625, "rejected": -47.86568069458008}, "14": {"chosen": -41.970458984375, "rejected": -26.58257484436035}, "15": {"chosen": -20.751766204833984, "rejected": -33.24513244628906}, "16": {"chosen": -70.63351440429688, "rejected": -283.1194763183594}, "17": {"chosen": -57.744998931884766, "rejected": -36.37863540649414}, "18": {"chosen": -219.9217529296875, "rejected": -86.72776794433594}, "19": {"chosen": -83.08080291748047, "rejected": -43.350460052490234}, "20": {"chosen": -56.053916931152344, "rejected": -32.467506408691406}, "21": {"chosen": -26.427156448364258, "rejected": -15.339813232421875}, "22": {"chosen": -52.277191162109375, "rejected": -19.17034339904785}, "23": {"chosen": -15.298125267028809, "rejected": -59.69859313964844}, "24": {"chosen": -50.972816467285156, "rejected": -16.014501571655273}, "25": {"chosen": -114.60405731201172, "rejected": -14.72970962524414}, "26": {"chosen": -31.222875595092773, "rejected": -68.39299774169922}, "27": {"chosen": -198.82005310058594, "rejected": -147.0954132080078}, "28": {"chosen": -80.7531967163086, "rejected": -32.26165008544922}, "29": {"chosen": -12.284076690673828, "rejected": -116.55135345458984}, "30": {"chosen": -45.23783493041992, "rejected": -18.37323570251465}, "31": {"chosen": -113.16687774658203, "rejected": -180.7491455078125}, "32": {"chosen": -50.73320007324219, "rejected": -48.145301818847656}, "33": {"chosen": -79.55707550048828, "rejected": -26.199411392211914}, "34": {"chosen": -203.33848571777344, "rejected": -47.72950744628906}, "35": {"chosen": -64.02472686767578, "rejected": -89.18062591552734}, "36": {"chosen": -24.69759750366211, "rejected": -167.69735717773438}, "37": {"chosen": -30.18347930908203, "rejected": -100.47445678710938}, "38": {"chosen": -20.712583541870117, "rejected": -388.3038330078125}, "39": {"chosen": -16.193359375, "rejected": -134.31680297851562}, "40": {"chosen": -54.66228103637695, "rejected": -86.9107894897461}, "41": {"chosen": -133.1063995361328, "rejected": -63.75160217285156}, "42": {"chosen": -98.19951629638672, "rejected": -62.95757293701172}, "43": {"chosen": -108.65367889404297, "rejected": -47.74547576904297}, "44": {"chosen": -251.83432006835938, "rejected": -364.31817626953125}, "45": {"chosen": -125.3978271484375, "rejected": -352.14825439453125}, "46": {"chosen": -161.1190643310547, "rejected": -114.41250610351562}, "47": {"chosen": -76.45117950439453, "rejected": -136.43116760253906}, "48": {"chosen": -36.59970474243164, "rejected": -25.358718872070312}, "49": {"chosen": -127.38103485107422, "rejected": -32.42253112792969}, "50": {"chosen": -98.84835052490234, "rejected": -45.05120849609375}, "51": {"chosen": -22.148618698120117, "rejected": -28.587366104125977}, "52": {"chosen": -16.002689361572266, "rejected": -34.7153205871582}, "53": {"chosen": -357.5080871582031, "rejected": -108.54499053955078}, "54": {"chosen": -23.33977508544922, "rejected": -254.49566650390625}, "55": {"chosen": -29.724716186523438, "rejected": -141.88754272460938}, "56": {"chosen": -41.651737213134766, "rejected": -263.2207336425781}, "57": {"chosen": -17.579992294311523, "rejected": -16.747034072875977}, "58": {"chosen": -99.88821411132812, "rejected": -164.44639587402344}, "59": {"chosen": -65.08006286621094, "rejected": -27.663143157958984}, "60": {"chosen": -21.640884399414062, "rejected": -35.706809997558594}, "61": {"chosen": -88.47093963623047, "rejected": -52.775482177734375}, "62": {"chosen": -161.32339477539062, "rejected": -109.34388732910156}, "63": {"chosen": -68.38665008544922, "rejected": -28.209369659423828}, "64": {"chosen": -185.6673583984375, "rejected": -186.10447692871094}, "65": {"chosen": -52.54893493652344, "rejected": -140.89520263671875}, "66": {"chosen": -19.78510284423828, "rejected": -67.99057006835938}, "67": {"chosen": -17.51961326599121, "rejected": -82.60663604736328}, "68": {"chosen": -145.005615234375, "rejected": -207.56341552734375}, "69": {"chosen": -19.208234786987305, "rejected": -16.496036529541016}, "70": {"chosen": -23.885696411132812, "rejected": -27.743165969848633}, "71": {"chosen": -43.9513053894043, "rejected": -209.69505310058594}, "72": {"chosen": -22.350955963134766, "rejected": -192.44667053222656}, "73": {"chosen": -2.6421594619750977, "rejected": -7.495683670043945}, "74": {"chosen": -54.717140197753906, "rejected": -30.189620971679688}, "75": {"chosen": -38.2568244934082, "rejected": -471.1098327636719}, "76": {"chosen": -16.960189819335938, "rejected": -13.340719223022461}, "77": {"chosen": -106.09447479248047, "rejected": -103.68112182617188}, "78": {"chosen": -69.59848022460938, "rejected": -46.44881820678711}, "79": {"chosen": -132.58815002441406, "rejected": -21.38381004333496}, "80": {"chosen": -6.728652477264404, "rejected": -12.70169448852539}, "81": {"chosen": -41.43561935424805, "rejected": -25.0488338470459}, "82": {"chosen": -26.733726501464844, "rejected": -29.65009307861328}, "83": {"chosen": -92.64055633544922, "rejected": -174.87445068359375}, "84": {"chosen": -44.399173736572266, "rejected": -32.275840759277344}, "85": {"chosen": -45.55752944946289, "rejected": -273.96710205078125}, "86": {"chosen": -136.8658447265625, "rejected": -44.0312614440918}, "87": {"chosen": -4.019475936889648, "rejected": -73.56695556640625}, "88": {"chosen": -44.68377685546875, "rejected": -128.1876983642578}, "89": {"chosen": -53.84589385986328, "rejected": -72.2146987915039}, "90": {"chosen": -38.74916458129883, "rejected": -55.07109832763672}, "91": {"chosen": -61.135047912597656, "rejected": -46.147315979003906}, "92": {"chosen": -22.5289306640625, "rejected": -39.67213439941406}, "93": {"chosen": -103.53694152832031, "rejected": -108.41989135742188}, "94": {"chosen": -4.029529571533203, "rejected": -15.789281845092773}, "95": {"chosen": -11.078980445861816, "rejected": -95.08766174316406}, "96": {"chosen": -20.061246871948242, "rejected": -14.217378616333008}, "97": {"chosen": -99.85651397705078, "rejected": -82.93895721435547}, "98": {"chosen": -16.448654174804688, "rejected": -63.563194274902344}, "99": {"chosen": -77.11690521240234, "rejected": -44.37980270385742}}}