{"0": {"train_labels": [0, 0, 1, 1, 0, 1, 0, 1, 1, 0, 0, 0, 1, 0, 1, 0, 0, 1, 0, 1, 0, 0, 1, 1, 0, 0, 0, 0, 1, 0, 0, 0, 1, 0, 1, 0, 0, 0, 0, 1, 1, 1, 1, 0, 1, 0, 1, 1, 0, 1, 1, 1, 0, 1, 1, 0, 1, 1, 0, 0, 0, 0, 0, 0, 0, 0, 1, 0, 0, 1, 1, 0, 1, 1, 0, 0, 1, 1, 1, 0, 1, 0, 0, 0, 1, 1, 0, 0, 1, 0, 1, 1, 0, 0, 0, 0, 1, 0, 1, 0], "train_logprobs": [[-14.756393432617188, -60.27738571166992], [-66.43365478515625, -98.63550567626953], [-135.79156494140625, -29.98626708984375], [-132.8916473388672, -32.8687629699707], [-109.6330337524414, -117.15919494628906], [-120.73550415039062, -98.81294250488281], [-46.1811408996582, -91.46015167236328], [-139.72596740722656, -38.13904571533203], [-69.48345184326172, -66.6655044555664], [-121.59445190429688, -163.8179168701172], [-141.9427490234375, -153.77366638183594], [-17.203929901123047, -63.78550338745117], [-81.01644897460938, -6.414834022521973], [-33.62718963623047, -139.04151916503906], [-186.81759643554688, -100.60467529296875], [-21.04146385192871, -48.96141052246094], [-254.99420166015625, -281.4061279296875], [-119.11968231201172, -61.053260803222656], [-30.33977508544922, -96.6392593383789], [-147.8718719482422, -20.1264591217041], [-135.5426483154297, -194.4256134033203], [-17.931795120239258, -52.55559158325195], [-41.54452133178711, -35.396549224853516], [-170.99253845214844, -102.70417785644531], [-25.418481826782227, -45.80653381347656], [-38.08626937866211, -84.70645141601562], [-7.118356704711914, -23.668209075927734], [-46.731388092041016, -200.45028686523438], [-47.79076385498047, -29.591419219970703], [-92.77088928222656, -140.87164306640625], [-17.96084976196289, -207.7405548095703], [-50.51494598388672, -123.30892944335938], [-138.56092834472656, -66.51602172851562], [-104.08663177490234, -142.710693359375], [-80.58473205566406, -65.33338165283203], [-7.347769737243652, -63.851661682128906], [-107.0784683227539, -183.0781707763672], [-36.69200897216797, -253.0176544189453], [-23.934951782226562, -47.35423278808594], [-51.92878341674805, -27.667367935180664], [-46.698944091796875, -44.208740234375], [-187.1714324951172, -33.579410552978516], [-59.085968017578125, -34.354740142822266], [-67.1205825805664, -77.8071060180664], [-71.66043090820312, -29.509113311767578], [-106.62561798095703, -119.76948547363281], [-65.49237060546875, -20.775028228759766], [-113.32406616210938, -30.93990707397461], [-100.59305572509766, -281.8914794921875], [-100.29470825195312, -33.48164749145508], [-135.352783203125, -62.219482421875], [-111.5741195678711, -41.27481460571289], [-24.932920455932617, -137.37506103515625], [-74.42558288574219, -11.87581729888916], [-77.59673309326172, -45.378990173339844], [-62.19858932495117, -365.6657409667969], [-223.60842895507812, -106.90913391113281], [-86.26586151123047, -60.72099304199219], [-81.37777709960938, -156.3112030029297], [-40.82425308227539, -71.08415222167969], [-43.945594787597656, -153.3389892578125], [-103.88172912597656, -221.02529907226562], [-54.67229080200195, -75.31263732910156], [-22.688806533813477, -48.76513671875], [-40.8988037109375, -63.910743713378906], [-77.20984649658203, -100.95491790771484], [-20.89600944519043, -19.157073974609375], [-106.94271850585938, -332.9469299316406], [-46.10725784301758, -136.247802734375], [-94.08953857421875, -47.7166748046875], [-193.17295837402344, -163.5040283203125], [-47.39243698120117, -83.67872619628906], [-88.95159912109375, -32.83356475830078], [-98.11821746826172, -52.72639846801758], [-176.59872436523438, -295.2817687988281], [-51.3560791015625, -77.32196807861328], [-66.4671630859375, -26.655658721923828], [-57.082950592041016, -18.868011474609375], [-134.8988800048828, -81.47041320800781], [-62.74445724487305, -74.0516128540039], [-65.85493469238281, -63.87511444091797], [-29.89811897277832, -241.28286743164062], [-130.77740478515625, -162.0033721923828], [-19.034818649291992, -98.58438110351562], [-56.31331253051758, -53.96936798095703], [-181.97752380371094, -132.43743896484375], [-37.00836181640625, -162.66329956054688], [-59.658287048339844, -102.02661895751953], [-305.4052734375, -158.2727813720703], [-44.66226577758789, -102.08201599121094], [-182.55247497558594, -52.35404586791992], [-124.87149810791016, -69.25821685791016], [-19.972028732299805, -23.056795120239258], [-74.28982543945312, -148.7729949951172], [-15.012454986572266, -35.84275817871094], [-125.76217651367188, -126.61640930175781], [-43.913002014160156, -9.346478462219238], [-25.461076736450195, -315.36236572265625], [-63.99485397338867, -51.222171783447266], [-20.883934020996094, -79.97819519042969]], "train_probs": [1.0, 0.9999999999999897, 1.1203223161289257e-46, 3.635911088256708e-44, 0.9994614875012854, 3.014063849032064e-10, 1.0, 7.609576294331379e-45, 0.05636200307238235, 1.0, 0.999992723966073, 1.0, 3.989608543603216e-33, 1.0, 3.615797324055284e-38, 0.9999999999992509, 0.9999999999966158, 6.054434078017422e-26, 1.0, 3.3179674484568843e-56, 1.0, 0.999999999999999, 0.0021332521393332793, 2.2016172283829747e-30, 0.9999999986017606, 1.0, 0.9999999350632707, 1.0, 1.2477427220172449e-08, 1.0, 1.0, 1.0, 5.143924757529832e-32, 1.0, 2.3791541139709892e-07, 1.0, 1.0, 1.0, 0.9999999999325261, 2.90670617459636e-11, 0.07654778578904921, 1.97620687656282e-67, 1.8170388092567357e-11, 0.999977149699462, 4.942143630864343e-19, 0.9999980425529321, 3.797562764399189e-20, 1.6634674675388723e-36, 1.0, 9.626233514598939e-30, 1.7322518241192944e-32, 2.947133257221895e-31, 1.0, 6.838832411430298e-28, 1.0186196047004386e-14, 1.0, 2.0803677869909432e-51, 8.05386939943216e-12, 1.0, 0.9999999999999278, 1.0, 1.0, 0.9999999989135459, 0.9999999999952663, 0.9999999998985992, 0.9999999999512869, 0.14944820003235193, 1.0, 1.0, 7.253058074731036e-21, 1.3030089347913033e-13, 0.9999999999999999, 4.248614637108737e-25, 1.934565705399172e-20, 1.0, 0.9999999999947136, 5.129598083818035e-18, 2.531994832662215e-17, 6.256215408668152e-24, 0.9999877154464505, 0.12133800049367947, 1.0, 0.9999999999999726, 1.0, 0.08754829695809008, 3.0550232620141433e-22, 1.0, 1.0, 1.262323267448808e-64, 1.0, 2.854569926322423e-57, 7.038155090737188e-25, 0.9562599816206955, 1.0, 0.9999999991015078, 0.7014543118786475, 9.726342594484788e-16, 1.0, 2.8372223585027946e-06, 1.0], "test_labels": [], "test_logprobs": [], "test_probs": []}}