{"0": {"train_labels": [0, 0, 1, 1, 1, 1, 0, 1, 1, 0, 0, 0, 1, 0, 1, 0, 0, 1, 0, 1, 0, 0, 1, 1, 1, 0, 0, 0, 1, 0, 0, 0, 1, 0, 1, 0, 0, 0, 0, 1, 1, 1, 1, 0, 1, 0, 1, 1, 0, 1, 1, 1, 0, 1, 1, 0, 1, 1, 0, 0, 0, 0, 0, 0, 0, 0, 0, 0, 0, 1, 1, 0, 1, 1, 0, 0, 1, 1, 1, 1, 0, 0, 0, 0, 0, 1, 0, 0, 1, 0, 1, 1, 1, 0, 0, 0, 1, 0, 1, 0], "train_logprobs": [[-10.929742813110352, -77.90470886230469], [-83.16533660888672, -113.3160171508789], [-129.85382080078125, -37.10438919067383], [-161.89283752441406, -40.587791442871094], [-124.98026275634766, -112.75054168701172], [-122.95060729980469, -99.3351821899414], [-63.21125793457031, -123.982666015625], [-153.70750427246094, -43.99577713012695], [-85.87257385253906, -73.43104553222656], [-141.77549743652344, -163.9940185546875], [-150.53622436523438, -165.33595275878906], [-23.91398048400879, -85.51282501220703], [-102.35977172851562, -7.956693649291992], [-38.94158172607422, -165.91302490234375], [-196.81898498535156, -111.25761413574219], [-18.5504150390625, -53.39569854736328], [-254.44161987304688, -290.4147033691406], [-126.90884399414062, -63.50849914550781], [-36.50254821777344, -98.62381744384766], [-180.11070251464844, -37.521053314208984], [-139.85568237304688, -221.03536987304688], [-11.585149765014648, -61.55263137817383], [-44.91791915893555, -42.80111312866211], [-174.64927673339844, -114.20673370361328], [-27.123760223388672, -26.6337833404541], [-55.25434494018555, -98.59980773925781], [-11.087417602539062, -19.466510772705078], [-70.6280288696289, -226.0074920654297], [-43.71894454956055, -37.13849639892578], [-109.62113952636719, -140.8253936767578], [-14.322427749633789, -212.8126678466797], [-44.869998931884766, -121.78209686279297], [-159.0164031982422, -68.3133773803711], [-116.10423278808594, -154.75927734375], [-108.40238189697266, -83.97480010986328], [-10.425006866455078, -63.45348358154297], [-121.22589874267578, -197.05093383789062], [-42.362430572509766, -262.7323913574219], [-25.354555130004883, -61.416194915771484], [-73.5359115600586, -34.864627838134766], [-55.610599517822266, -48.523658752441406], [-199.7817840576172, -42.91789245605469], [-71.7281494140625, -48.44375991821289], [-87.44952392578125, -95.56405639648438], [-84.1368408203125, -37.57558059692383], [-117.52119445800781, -125.48529052734375], [-90.6414794921875, -29.203876495361328], [-144.69139099121094, -24.43267250061035], [-104.63386535644531, -300.8754577636719], [-110.55779266357422, -32.320552825927734], [-143.12754821777344, -72.32202911376953], [-132.18051147460938, -51.39954376220703], [-29.866727828979492, -131.75], [-86.75138092041016, -14.587325096130371], [-82.53314208984375, -50.62714385986328], [-72.94068145751953, -396.54925537109375], [-226.15367126464844, -122.03865814208984], [-91.44723510742188, -67.84576416015625], [-86.00911712646484, -177.70693969726562], [-42.3431396484375, -88.80591583251953], [-31.907928466796875, -158.92630004882812], [-103.628662109375, -227.03785705566406], [-50.259056091308594, -83.50994873046875], [-36.289100646972656, -75.12189483642578], [-38.402435302734375, -72.08422088623047], [-98.26570129394531, -116.39175415039062], [-17.000202178955078, -17.91880226135254], [-114.5309066772461, -355.8555603027344], [-52.46520233154297, -160.15628051757812], [-124.612548828125, -48.24110794067383], [-190.71348571777344, -173.74452209472656], [-60.126747131347656, -83.95967864990234], [-97.0950698852539, -42.99477767944336], [-120.20060729980469, -67.9041748046875], [-171.36221313476562, -304.63580322265625], [-66.03501892089844, -90.79562377929688], [-69.10237884521484, -29.31704330444336], [-67.47457122802734, -6.9534759521484375], [-149.2572021484375, -90.81048583984375], [-74.25907135009766, -72.10430145263672], [-69.36003112792969, -74.13072204589844], [-30.802053451538086, -246.2162628173828], [-134.8788299560547, -190.29881286621094], [-12.56808853149414, -112.3048095703125], [-51.82237243652344, -72.72618865966797], [-189.2196807861328, -144.96116638183594], [-50.798194885253906, -179.8253173828125], [-63.491676330566406, -101.3392333984375], [-312.8201599121094, -165.45913696289062], [-54.26029586791992, -121.29354858398438], [-218.54873657226562, -64.371826171875], [-141.74266052246094, -97.64030456542969], [-16.43618392944336, -15.764520645141602], [-88.99589538574219, -196.56683349609375], [-15.260701179504395, -36.61259460449219], [-129.86318969726562, -145.8019561767578], [-38.68986892700195, -18.71868324279785], [-34.304481506347656, -354.99078369140625], [-65.36871337890625, -59.14302062988281], [-29.706409454345703, -83.02210235595703]], "train_probs": [1.0, 0.9999999999999195, 5.241235236182754e-41, 2.0791597528916227e-53, 4.883121199593928e-06, 5.5456337865412384e-11, 1.0, 2.253213278916842e-48, 3.951037831704988e-06, 0.9999999997758086, 0.9999996262687076, 1.0, 1.0029149738302158e-41, 1.0, 6.936953381860065e-38, 0.9999999999999992, 0.9999999999999998, 2.9213263868063462e-28, 1.0, 1.1860477547958005e-62, 1.0, 1.0, 0.10747406299853815, 5.6251886260827905e-27, 0.3798990134618865, 1.0, 0.9997704346367637, 1.0, 0.001385305734472474, 0.9999999999999719, 1.0, 1.0, 4.056732724177154e-40, 1.0, 2.4617050898544532e-11, 1.0, 1.0, 1.0, 0.9999999999999999, 1.6042604297868786e-17, 0.0008352525974071337, 7.496826630174076e-69, 7.721792506204778e-11, 0.9997009296074897, 6.007608381430881e-21, 0.9996523949841679, 2.0796394014847912e-27, 5.919733541989283e-53, 1.0, 1.0519581415797817e-34, 1.7764531762208875e-31, 8.265544715421035e-36, 1.0, 4.56613517122594e-32, 1.391236711300545e-14, 1.0, 6.073294172629364e-46, 5.623560901432848e-11, 1.0, 1.0, 1.0, 1.0, 0.9999999999999963, 1.0, 0.9999999999999977, 0.9999999865737336, 0.7147567769910471, 1.0, 1.0, 6.796802454739583e-34, 4.270440904363045e-08, 0.999999999955384, 3.1955206300175907e-24, 1.9406532510600813e-23, 1.0, 0.9999999999823557, 5.265605444182477e-18, 5.20022677368401e-27, 4.1391734131834386e-26, 0.10388633471741236, 0.9915966910974554, 1.0, 1.0, 1.0, 0.9999999991651893, 6.008574038483912e-20, 1.0, 1.0, 1.0044327983124126e-64, 1.0, 1.1010792445410304e-67, 7.024091639332127e-20, 0.33812450372099306, 1.0, 0.9999999994666767, 0.9999998803585638, 2.1214082788468356e-09, 1.0, 0.001974048540083246, 1.0], "test_labels": [], "test_logprobs": [], "test_probs": []}}