{"0": {"train_labels": [0, 0, 1, 1, 0, 1, 0, 1, 1, 0, 0, 0, 1, 0, 1, 0, 0, 1, 0, 1, 0, 0, 1, 1, 0, 0, 0, 0, 1, 0, 0, 0, 1, 0, 1, 0, 0, 0, 0, 1, 1, 1, 1, 0, 1, 0, 1, 1, 0, 1, 1, 1, 0, 1, 1, 0, 1, 1, 0, 0, 0, 0, 0, 0, 0, 0, 1, 0, 0, 1, 1, 0, 1, 1, 0, 0, 1, 1, 1, 0, 1, 0, 0, 0, 1, 1, 0, 0, 1, 0, 1, 1, 0, 0, 0, 1, 1, 0, 1, 0], "train_logprobs": [[-15.943203926086426, -64.84013366699219], [-61.47758483886719, -98.67051696777344], [-134.58804321289062, -28.97614288330078], [-129.86788940429688, -36.803043365478516], [-105.29793548583984, -116.7626953125], [-119.71061706542969, -94.70779418945312], [-46.66614532470703, -90.01922607421875], [-139.0028533935547, -37.85128402709961], [-66.94440460205078, -66.02411651611328], [-122.60081481933594, -157.4451141357422], [-143.72201538085938, -156.0997314453125], [-18.497589111328125, -61.63787841796875], [-82.69740295410156, -8.5616455078125], [-33.815792083740234, -139.94125366210938], [-190.97747802734375, -100.71182250976562], [-19.860130310058594, -49.67982864379883], [-255.1723175048828, -277.4764404296875], [-118.65314483642578, -57.420433044433594], [-33.38140106201172, -96.22386169433594], [-149.02732849121094, -20.861764907836914], [-138.72494506835938, -193.25296020507812], [-19.06185531616211, -51.10426330566406], [-40.20556640625, -34.4381103515625], [-162.44705200195312, -99.5316162109375], [-25.660282135009766, -52.37641906738281], [-38.879112243652344, -82.21063995361328], [-9.994731903076172, -22.297956466674805], [-44.51437759399414, -196.62747192382812], [-52.67173385620117, -31.05874252319336], [-95.01631164550781, -143.45262145996094], [-22.93661117553711, -205.92845153808594], [-50.94550323486328, -131.88174438476562], [-136.87376403808594, -64.20442199707031], [-105.68791198730469, -144.0962371826172], [-79.67431640625, -61.61553955078125], [-7.241760730743408, -61.31151580810547], [-113.42452239990234, -187.81829833984375], [-35.77983474731445, -248.12513732910156], [-23.48601531982422, -47.37561798095703], [-48.27481460571289, -34.449005126953125], [-46.304325103759766, -43.353782653808594], [-190.57859802246094, -43.14725875854492], [-58.38527297973633, -33.717735290527344], [-64.88970947265625, -74.19609069824219], [-80.1520767211914, -38.066192626953125], [-103.9683609008789, -118.53681182861328], [-68.35629272460938, -22.90334129333496], [-117.47322082519531, -28.531721115112305], [-97.08096313476562, -277.7971496582031], [-84.43717956542969, -32.94740676879883], [-136.69107055664062, -71.83554077148438], [-112.01033782958984, -40.800785064697266], [-25.972578048706055, -134.6307373046875], [-73.40876770019531, -15.248382568359375], [-77.73175048828125, -43.92904281616211], [-57.59190368652344, -364.7493896484375], [-219.00828552246094, -109.19682312011719], [-80.3149185180664, -57.43068313598633], [-88.11026000976562, -150.6195526123047], [-37.6638069152832, -73.05167388916016], [-48.303428649902344, -151.46707153320312], [-101.03089904785156, -220.54425048828125], [-55.75059509277344, -72.45693969726562], [-28.21978759765625, -61.12461471557617], [-42.425315856933594, -67.1663818359375], [-78.48014831542969, -100.28754425048828], [-21.78130340576172, -19.709768295288086], [-110.58438110351562, -331.92822265625], [-48.90599060058594, -129.8912353515625], [-101.96497344970703, -55.00252914428711], [-187.25111389160156, -157.38330078125], [-46.51163864135742, -87.19073486328125], [-98.51274108886719, -32.2669563293457], [-93.71879577636719, -43.96161651611328], [-175.9205322265625, -293.74847412109375], [-47.52109146118164, -79.1550064086914], [-69.55579376220703, -26.480371475219727], [-57.383663177490234, -23.54975700378418], [-136.65966796875, -82.85990142822266], [-60.85774230957031, -71.81475830078125], [-66.6496353149414, -58.82229995727539], [-29.479867935180664, -240.88414001464844], [-129.85255432128906, -160.52508544921875], [-20.527313232421875, -92.55254364013672], [-58.10459899902344, -56.352169036865234], [-180.31765747070312, -131.6625213623047], [-39.09141540527344, -167.3068389892578], [-60.09857177734375, -102.07205963134766], [-306.3757629394531, -152.5810546875], [-50.02210235595703, -108.20919036865234], [-188.1978759765625, -61.56220626831055], [-128.77993774414062, -75.51432800292969], [-22.131803512573242, -29.419750213623047], [-76.96449279785156, -148.5074462890625], [-13.617613792419434, -33.45364761352539], [-126.16015625, -123.6013412475586], [-50.65869903564453, -14.77828598022461], [-28.494647979736328, -316.6822509765625], [-59.716033935546875, -52.480430603027344], [-24.034507751464844, -74.5687026977539]], "train_probs": [1.0, 1.0, 1.3593599284772547e-46, 3.823410303406766e-41, 0.9999895066655856, 1.3848795203576337e-11, 1.0, 1.1760657117842726e-44, 0.2848991984401829, 0.9999999999999992, 0.999995788620433, 1.0, 6.356962204951377e-33, 1.0, 6.282375681537416e-40, 0.999999999999888, 0.9999999997942013, 2.552531773182653e-27, 1.0, 2.179731326089258e-56, 1.0, 0.9999999999999879, 0.0031179520787044815, 4.7443138313038905e-28, 0.9999999999975036, 1.0, 0.9999954629298728, 1.0, 4.1076849467852007e-10, 1.0, 1.0, 1.0, 2.75489942281652e-32, 1.0, 1.4360608927126777e-08, 1.0, 1.0, 1.0, 0.9999999999578423, 9.897529518812844e-07, 0.049710880120888694, 9.362307432709863e-65, 1.9365312044962993e-11, 0.9999091655613656, 5.276339984752421e-19, 0.9999995290205613, 1.819843354823904e-20, 2.3615517323666715e-39, 1.0, 4.3478624878621586e-23, 6.817125565459249e-29, 1.1859985973747322e-31, 1.0, 5.511447462361763e-26, 2.0877119860519813e-15, 1.0, 2.0393315067233532e-48, 1.1521336230121429e-10, 1.0, 0.9999999999999996, 1.0, 1.0, 0.9999999444701242, 0.9999999999999949, 0.9999999999820076, 0.9999999996618042, 0.11189439751408997, 1.0, 1.0, 4.022254826324926e-21, 1.0680057223944905e-13, 1.0, 1.697544741351195e-29, 2.4588476017576745e-22, 1.0, 0.9999999999999817, 1.9614705644456178e-19, 2.02358404958018e-15, 4.315769721361994e-24, 0.9999825650444327, 0.0003985275353483937, 1.0, 0.9999999999999523, 1.0, 0.1477409708334207, 7.40189417811232e-22, 1.0, 1.0, 1.6136407777848236e-67, 1.0, 1.0065316451824137e-55, 7.362742537028757e-24, 0.9993167366524252, 1.0, 0.9999999975716015, 0.07183651311784621, 2.614174666212479e-16, 1.0, 0.0007199537777470562, 1.0], "test_labels": [], "test_logprobs": [], "test_probs": []}}