{"0": {"0": {"chosen": -21.313247680664062, "rejected": -6.7007246017456055}, "1": {"chosen": -15.160404205322266, "rejected": -24.53791618347168}, "2": {"chosen": -39.07535934448242, "rejected": -255.19091796875}, "3": {"chosen": -19.7998104095459, "rejected": -25.18459701538086}, "4": {"chosen": -38.00047302246094, "rejected": -182.06678771972656}, "5": {"chosen": -122.69853973388672, "rejected": -182.887451171875}, "6": {"chosen": -105.95700073242188, "rejected": -28.650524139404297}, "7": {"chosen": -11.321311950683594, "rejected": -22.919635772705078}, "8": {"chosen": -16.026962280273438, "rejected": -57.37091827392578}, "9": {"chosen": -9.207777976989746, "rejected": -338.8918151855469}, "10": {"chosen": -22.476085662841797, "rejected": -25.198511123657227}, "11": {"chosen": -29.16168975830078, "rejected": -314.9662780761719}, "12": {"chosen": -31.533538818359375, "rejected": -11.422325134277344}, "13": {"chosen": -104.63853454589844, "rejected": -46.46072769165039}, "14": {"chosen": -43.86460876464844, "rejected": -27.772314071655273}, "15": {"chosen": -20.51873779296875, "rejected": -32.23563766479492}, "16": {"chosen": -68.99876403808594, "rejected": -283.586181640625}, "17": {"chosen": -57.70109558105469, "rejected": -35.81537628173828}, "18": {"chosen": -220.0618133544922, "rejected": -87.91249084472656}, "19": {"chosen": -82.50064086914062, "rejected": -44.06394958496094}, "20": {"chosen": -54.64554214477539, "rejected": -32.29121398925781}, "21": {"chosen": -24.862642288208008, "rejected": -14.40825080871582}, "22": {"chosen": -52.085262298583984, "rejected": -19.64263153076172}, "23": {"chosen": -15.871387481689453, "rejected": -60.277767181396484}, "24": {"chosen": -50.087158203125, "rejected": -15.719380378723145}, "25": {"chosen": -115.37664031982422, "rejected": -16.066457748413086}, "26": {"chosen": -31.211910247802734, "rejected": -69.14310455322266}, "27": {"chosen": -201.01718139648438, "rejected": -147.23019409179688}, "28": {"chosen": -82.57025909423828, "rejected": -32.160614013671875}, "29": {"chosen": -12.460025787353516, "rejected": -117.0119857788086}, "30": {"chosen": -44.53805160522461, "rejected": -18.25376319885254}, "31": {"chosen": -110.66949462890625, "rejected": -181.9436492919922}, "32": {"chosen": -48.511474609375, "rejected": -44.40138244628906}, "33": {"chosen": -80.16188049316406, "rejected": -26.937435150146484}, "34": {"chosen": -206.2559814453125, "rejected": -49.3436279296875}, "35": {"chosen": -64.64623260498047, "rejected": -90.22232818603516}, "36": {"chosen": -26.81275177001953, "rejected": -166.3472137451172}, "37": {"chosen": -30.03209114074707, "rejected": -101.80876922607422}, "38": {"chosen": -21.110393524169922, "rejected": -387.18487548828125}, "39": {"chosen": -16.909896850585938, "rejected": -135.88412475585938}, "40": {"chosen": -54.09955596923828, "rejected": -90.8376693725586}, "41": {"chosen": -132.9210205078125, "rejected": -64.94296264648438}, "42": {"chosen": -98.24852752685547, "rejected": -63.94837951660156}, "43": {"chosen": -107.80406188964844, "rejected": -48.58143615722656}, "44": {"chosen": -254.5030517578125, "rejected": -366.2311706542969}, "45": {"chosen": -124.85620880126953, "rejected": -353.6225280761719}, "46": {"chosen": -160.27944946289062, "rejected": -114.46793365478516}, "47": {"chosen": -78.76235961914062, "rejected": -136.24685668945312}, "48": {"chosen": -37.40650939941406, "rejected": -25.418197631835938}, "49": {"chosen": -128.43287658691406, "rejected": -31.797740936279297}, "50": {"chosen": -101.11648559570312, "rejected": -45.39803695678711}, "51": {"chosen": -22.719905853271484, "rejected": -29.02166748046875}, "52": {"chosen": -17.572490692138672, "rejected": -33.17381286621094}, "53": {"chosen": -355.1882019042969, "rejected": -108.24653625488281}, "54": {"chosen": -28.548660278320312, "rejected": -256.19439697265625}, "55": {"chosen": -31.688138961791992, "rejected": -141.7103271484375}, "56": {"chosen": -41.46027374267578, "rejected": -263.3185119628906}, "57": {"chosen": -18.146345138549805, "rejected": -16.652116775512695}, "58": {"chosen": -100.33779907226562, "rejected": -164.13815307617188}, "59": {"chosen": -67.42961120605469, "rejected": -29.607200622558594}, "60": {"chosen": -22.434789657592773, "rejected": -35.519081115722656}, "61": {"chosen": -88.82048034667969, "rejected": -55.14210510253906}, "62": {"chosen": -158.76451110839844, "rejected": -109.99109649658203}, "63": {"chosen": -71.1324234008789, "rejected": -29.31097412109375}, "64": {"chosen": -186.80316162109375, "rejected": -182.78915405273438}, "65": {"chosen": -53.84359359741211, "rejected": -142.53240966796875}, "66": {"chosen": -20.67087173461914, "rejected": -69.23653411865234}, "67": {"chosen": -18.34308624267578, "rejected": -82.92022705078125}, "68": {"chosen": -147.228759765625, "rejected": -207.78173828125}, "69": {"chosen": -22.64065170288086, "rejected": -18.240596771240234}, "70": {"chosen": -23.505014419555664, "rejected": -28.336957931518555}, "71": {"chosen": -46.7913932800293, "rejected": -211.43748474121094}, "72": {"chosen": -22.456043243408203, "rejected": -193.28402709960938}, "73": {"chosen": -3.0150578022003174, "rejected": -7.631685256958008}, "74": {"chosen": -54.98783874511719, "rejected": -30.78709602355957}, "75": {"chosen": -38.20875930786133, "rejected": -471.35809326171875}, "76": {"chosen": -16.87616729736328, "rejected": -12.605609893798828}, "77": {"chosen": -106.66039276123047, "rejected": -102.83999633789062}, "78": {"chosen": -69.25584411621094, "rejected": -47.950401306152344}, "79": {"chosen": -130.96353149414062, "rejected": -20.133037567138672}, "80": {"chosen": -7.797450065612793, "rejected": -13.988195419311523}, "81": {"chosen": -40.79035949707031, "rejected": -26.116378784179688}, "82": {"chosen": -27.370370864868164, "rejected": -29.72857093811035}, "83": {"chosen": -94.95014953613281, "rejected": -176.6192626953125}, "84": {"chosen": -43.40092468261719, "rejected": -33.40306854248047}, "85": {"chosen": -45.929176330566406, "rejected": -271.5971984863281}, "86": {"chosen": -137.9263916015625, "rejected": -42.113380432128906}, "87": {"chosen": -4.881312370300293, "rejected": -73.967041015625}, "88": {"chosen": -45.427391052246094, "rejected": -127.09712219238281}, "89": {"chosen": -55.762123107910156, "rejected": -73.11783599853516}, "90": {"chosen": -39.41939163208008, "rejected": -54.69140625}, "91": {"chosen": -63.88177490234375, "rejected": -46.15576171875}, "92": {"chosen": -23.580636978149414, "rejected": -39.44623565673828}, "93": {"chosen": -103.48759460449219, "rejected": -107.28965759277344}, "94": {"chosen": -5.459309101104736, "rejected": -15.825357437133789}, "95": {"chosen": -10.786476135253906, "rejected": -94.31331634521484}, "96": {"chosen": -22.552499771118164, "rejected": -15.420452117919922}, "97": {"chosen": -101.33118438720703, "rejected": -85.23812866210938}, "98": {"chosen": -15.400012969970703, "rejected": -64.10690307617188}, "99": {"chosen": -78.62818145751953, "rejected": -44.11229705810547}}}