{"0": {"train_labels": [0, 0, 1, 1, 1, 1, 0, 1, 0, 0, 0, 0, 1, 0, 1, 0, 0, 1, 0, 1, 0, 0, 1, 1, 0, 0, 1, 0, 0, 0, 0, 0, 1, 0, 1, 0, 0, 0, 0, 1, 1, 1, 1, 0, 1, 0, 1, 1, 0, 1, 1, 1, 0, 1, 1, 0, 1, 1, 0, 0, 0, 0, 1, 0, 0, 0, 0, 0, 0, 1, 1, 0, 1, 1, 0, 0, 1, 1, 1, 0, 0, 0, 0, 0, 1, 1, 0, 0, 1, 0, 1, 1, 0, 0, 0, 0, 1, 0, 1, 0], "train_logprobs": [[-27.63987922668457, -94.3116455078125], [-74.84780883789062, -107.70956420898438], [-157.65907287597656, -62.06230163574219], [-159.7544403076172, -54.1660041809082], [-137.3175048828125, -121.04861450195312], [-130.4864501953125, -113.65583801269531], [-63.24237060546875, -141.5015411376953], [-174.0201873779297, -54.098838806152344], [-96.38516235351562, -99.62034606933594], [-137.1216583251953, -201.60458374023438], [-153.02688598632812, -160.90771484375], [-48.20846939086914, -83.44924926757812], [-101.13619995117188, -11.134111404418945], [-33.744632720947266, -180.315185546875], [-215.29747009277344, -127.83808898925781], [-32.458091735839844, -69.01013946533203], [-268.1875915527344, -292.3053283691406], [-142.88119506835938, -80.59125518798828], [-63.587867736816406, -136.40036010742188], [-175.7670440673828, -42.351070404052734], [-153.5145263671875, -251.88919067382812], [-38.44103240966797, -47.61663055419922], [-52.85273742675781, -44.7646598815918], [-199.47459411621094, -126.09151458740234], [-36.8863639831543, -62.89216613769531], [-56.20072937011719, -92.69287109375], [-27.286577224731445, -22.795167922973633], [-70.91859436035156, -224.28860473632812], [-49.689788818359375, -52.108909606933594], [-140.68411254882812, -171.0045928955078], [-31.084827423095703, -210.7305450439453], [-80.31947326660156, -144.511474609375], [-176.55714416503906, -77.92337799072266], [-152.06732177734375, -171.83106994628906], [-114.10098266601562, -87.68832397460938], [-18.23287582397461, -75.55972290039062], [-137.74896240234375, -219.49996948242188], [-47.447486877441406, -275.0724182128906], [-28.972675323486328, -66.78492736816406], [-106.19774627685547, -51.74851989746094], [-70.31751251220703, -63.26103210449219], [-208.96603393554688, -61.572425842285156], [-71.08008575439453, -47.67344665527344], [-98.89688110351562, -105.36392211914062], [-118.50189971923828, -55.67861557006836], [-124.85814666748047, -134.2514190673828], [-78.77603149414062, -28.663026809692383], [-145.23692321777344, -63.20964431762695], [-99.71915435791016, -289.9961853027344], [-90.8648452758789, -47.154476165771484], [-170.7571258544922, -97.04934692382812], [-134.98919677734375, -53.36935806274414], [-42.35052490234375, -172.20741271972656], [-98.53943634033203, -37.073577880859375], [-103.95506286621094, -64.91120147705078], [-111.65376281738281, -406.95751953125], [-253.32257080078125, -122.66138458251953], [-105.943603515625, -83.65593719482422], [-134.16233825683594, -206.18679809570312], [-51.70439910888672, -117.43435668945312], [-68.19084167480469, -166.80332946777344], [-122.00885009765625, -219.97500610351562], [-89.79920196533203, -89.36672973632812], [-53.48360061645508, -99.41889190673828], [-71.77619171142578, -74.73706817626953], [-102.31607818603516, -107.13163757324219], [-21.506662368774414, -24.22643280029297], [-134.83956909179688, -358.29595947265625], [-60.97770690917969, -147.35665893554688], [-168.12184143066406, -79.39228820800781], [-207.09588623046875, -194.62542724609375], [-71.05691528320312, -131.57791137695312], [-118.66620635986328, -49.510902404785156], [-130.4044952392578, -62.24143600463867], [-211.37139892578125, -360.8357238769531], [-86.71768951416016, -114.87559509277344], [-80.39124298095703, -34.10514450073242], [-71.89260864257812, -17.88665771484375], [-166.46031188964844, -103.09837341308594], [-84.70215606689453, -85.6060791015625], [-72.17119598388672, -78.2511215209961], [-48.28843307495117, -275.07403564453125], [-122.11869812011719, -185.762451171875], [-29.764266967773438, -104.94509887695312], [-82.27975463867188, -80.39640045166016], [-194.2348175048828, -145.7106170654297], [-67.30824279785156, -190.44107055664062], [-83.99375915527344, -132.0039825439453], [-326.28790283203125, -160.93753051757812], [-62.708709716796875, -132.75340270996094], [-195.95603942871094, -91.25077819824219], [-172.1495361328125, -103.99779510498047], [-37.79298782348633, -40.7623405456543], [-84.14817810058594, -181.71994018554688], [-29.921602249145508, -56.44133758544922], [-135.2344512939453, -147.28753662109375], [-60.23302459716797, -29.870853424072266], [-50.40013122558594, -359.3955078125], [-70.43238067626953, -60.1024284362793], [-36.32839584350586, -102.9184799194336]], "train_probs": [1.0, 0.9999999999999948, 3.039833260868991e-42, 1.3916333803219344e-46, 8.600241438336583e-08, 4.90408490692571e-08, 1.0, 8.295069954225406e-53, 0.962137045376294, 1.0, 0.9996222230839389, 0.9999999999999996, 8.176916904350419e-40, 1.0, 1.0396170563091567e-38, 0.9999999999999998, 0.9999999999664416, 8.867941752578904e-28, 1.0, 1.1433490632098294e-58, 1.0, 0.9998964754395577, 0.00030708539859970925, 1.3493775971633632e-32, 0.9999999999949204, 0.9999999999999999, 0.011080684360250675, 1.0, 0.9182737865842027, 0.9999999999999319, 1.0, 1.0, 1.458477122297078e-43, 0.9999999973895629, 3.3816454971927025e-12, 1.0, 1.0, 1.0, 1.0, 2.254246684146507e-24, 0.0008610638980378059, 9.722307149353308e-65, 6.833226230342983e-11, 0.9984485939440207, 5.202287614237823e-28, 0.9999167244591294, 1.7226561301952556e-22, 2.3768698848249758e-36, 1.0, 1.0395081377196774e-19, 9.752553402308074e-33, 3.5723535389482246e-36, 1.0, 2.0217006261780705e-27, 1.1052650735182071e-17, 1.0, 1.797081719709713e-57, 2.0921340235194375e-10, 1.0, 1.0, 1.0, 1.0, 0.39353614088928796, 1.0, 0.9507750303218203, 0.991962437592851, 0.9381832211448605, 1.0, 1.0, 2.9190709682899534e-39, 3.838369761621728e-06, 1.0, 9.25194618467816e-31, 2.4955110932076776e-30, 1.0, 0.9999999999994096, 7.910480079356e-21, 3.511668582403136e-24, 3.0357063350543993e-28, 0.7117550198063165, 0.9977168775330334, 1.0, 1.0, 1.0, 0.13200407953906598, 8.437378080838749e-22, 1.0, 1.0, 1.5461289896340255e-72, 1.0, 3.3657574934473125e-46, 2.5239162482809416e-30, 0.9511702226817417, 1.0, 0.9999999999969618, 0.9999941734829444, 6.51443268706173e-14, 1.0, 3.263958050574353e-05, 1.0], "test_labels": [], "test_logprobs": [], "test_probs": []}}