{"0": {"0": {"chosen": -20.004409790039062, "rejected": -5.457272529602051}, "1": {"chosen": -15.2880277633667, "rejected": -24.1849422454834}, "2": {"chosen": -37.844581604003906, "rejected": -251.57920837402344}, "3": {"chosen": -17.11534309387207, "rejected": -21.882917404174805}, "4": {"chosen": -38.4499397277832, "rejected": -180.41468811035156}, "5": {"chosen": -122.61984252929688, "rejected": -180.60194396972656}, "6": {"chosen": -104.6865463256836, "rejected": -28.14733123779297}, "7": {"chosen": -11.598222732543945, "rejected": -26.67923927307129}, "8": {"chosen": -16.040822982788086, "rejected": -56.82350158691406}, "9": {"chosen": -8.869492530822754, "rejected": -337.4623718261719}, "10": {"chosen": -20.200895309448242, "rejected": -23.850933074951172}, "11": {"chosen": -27.451251983642578, "rejected": -313.9256591796875}, "12": {"chosen": -30.69150161743164, "rejected": -10.274117469787598}, "13": {"chosen": -103.23380279541016, "rejected": -45.74582290649414}, "14": {"chosen": -42.656532287597656, "rejected": -26.766584396362305}, "15": {"chosen": -19.602924346923828, "rejected": -31.305747985839844}, "16": {"chosen": -69.66453552246094, "rejected": -281.1851501464844}, "17": {"chosen": -56.275264739990234, "rejected": -34.49867630004883}, "18": {"chosen": -219.8212890625, "rejected": -81.12670135498047}, "19": {"chosen": -80.42967224121094, "rejected": -42.091156005859375}, "20": {"chosen": -53.828086853027344, "rejected": -30.708724975585938}, "21": {"chosen": -25.26068687438965, "rejected": -15.145354270935059}, "22": {"chosen": -51.902462005615234, "rejected": -19.759742736816406}, "23": {"chosen": -14.311723709106445, "rejected": -57.227378845214844}, "24": {"chosen": -50.13554763793945, "rejected": -15.567264556884766}, "25": {"chosen": -113.90428161621094, "rejected": -14.56590461730957}, "26": {"chosen": -31.4149227142334, "rejected": -67.54718017578125}, "27": {"chosen": -196.50628662109375, "rejected": -146.66883850097656}, "28": {"chosen": -80.33551025390625, "rejected": -31.83540916442871}, "29": {"chosen": -11.571938514709473, "rejected": -115.37495422363281}, "30": {"chosen": -44.52935028076172, "rejected": -17.52523422241211}, "31": {"chosen": -112.05209350585938, "rejected": -181.199462890625}, "32": {"chosen": -49.758888244628906, "rejected": -45.55213165283203}, "33": {"chosen": -78.25675964355469, "rejected": -24.787891387939453}, "34": {"chosen": -204.92611694335938, "rejected": -48.63264846801758}, "35": {"chosen": -63.580894470214844, "rejected": -88.89615631103516}, "36": {"chosen": -25.157875061035156, "rejected": -166.6189422607422}, "37": {"chosen": -28.81290626525879, "rejected": -99.88675689697266}, "38": {"chosen": -20.904176712036133, "rejected": -387.8520202636719}, "39": {"chosen": -16.423789978027344, "rejected": -130.38595581054688}, "40": {"chosen": -55.734771728515625, "rejected": -88.21012115478516}, "41": {"chosen": -134.13258361816406, "rejected": -63.42439270019531}, "42": {"chosen": -93.8461685180664, "rejected": -60.885215759277344}, "43": {"chosen": -103.9919204711914, "rejected": -46.87879943847656}, "44": {"chosen": -251.707275390625, "rejected": -364.64801025390625}, "45": {"chosen": -123.62059020996094, "rejected": -352.439208984375}, "46": {"chosen": -160.29110717773438, "rejected": -114.09463500976562}, "47": {"chosen": -78.51160430908203, "rejected": -136.7881317138672}, "48": {"chosen": -34.980709075927734, "rejected": -24.61508560180664}, "49": {"chosen": -127.34599304199219, "rejected": -29.969831466674805}, "50": {"chosen": -98.66507720947266, "rejected": -44.57947540283203}, "51": {"chosen": -21.91082000732422, "rejected": -27.479217529296875}, "52": {"chosen": -15.921836853027344, "rejected": -33.244503021240234}, "53": {"chosen": -357.71282958984375, "rejected": -107.18374633789062}, "54": {"chosen": -25.403518676757812, "rejected": -254.34967041015625}, "55": {"chosen": -28.945457458496094, "rejected": -141.2498016357422}, "56": {"chosen": -40.99501037597656, "rejected": -264.20440673828125}, "57": {"chosen": -17.38566017150879, "rejected": -13.80577564239502}, "58": {"chosen": -98.89459991455078, "rejected": -162.15200805664062}, "59": {"chosen": -64.51577758789062, "rejected": -26.26395606994629}, "60": {"chosen": -21.219411849975586, "rejected": -36.38235092163086}, "61": {"chosen": -88.42981719970703, "rejected": -54.16184997558594}, "62": {"chosen": -158.0833740234375, "rejected": -107.55020904541016}, "63": {"chosen": -67.323486328125, "rejected": -26.90345001220703}, "64": {"chosen": -182.67208862304688, "rejected": -183.07382202148438}, "65": {"chosen": -52.399200439453125, "rejected": -140.62632751464844}, "66": {"chosen": -19.554412841796875, "rejected": -65.31514739990234}, "67": {"chosen": -17.123455047607422, "rejected": -81.3253173828125}, "68": {"chosen": -146.48121643066406, "rejected": -206.90406799316406}, "69": {"chosen": -18.471847534179688, "rejected": -16.60800552368164}, "70": {"chosen": -23.430891036987305, "rejected": -26.914093017578125}, "71": {"chosen": -45.85200119018555, "rejected": -209.91648864746094}, "72": {"chosen": -22.429983139038086, "rejected": -188.3912811279297}, "73": {"chosen": -2.4362878799438477, "rejected": -7.534642219543457}, "74": {"chosen": -55.007476806640625, "rejected": -29.64333724975586}, "75": {"chosen": -38.02652359008789, "rejected": -471.35919189453125}, "76": {"chosen": -15.177618980407715, "rejected": -9.922220230102539}, "77": {"chosen": -104.21243286132812, "rejected": -101.32026672363281}, "78": {"chosen": -70.15277862548828, "rejected": -45.70685958862305}, "79": {"chosen": -130.37014770507812, "rejected": -19.938405990600586}, "80": {"chosen": -6.761025428771973, "rejected": -12.370201110839844}, "81": {"chosen": -41.300167083740234, "rejected": -24.273563385009766}, "82": {"chosen": -25.519145965576172, "rejected": -28.981475830078125}, "83": {"chosen": -90.59144592285156, "rejected": -173.99111938476562}, "84": {"chosen": -43.86052703857422, "rejected": -32.10337448120117}, "85": {"chosen": -44.73997116088867, "rejected": -271.680419921875}, "86": {"chosen": -137.7355194091797, "rejected": -40.64303207397461}, "87": {"chosen": -3.209233283996582, "rejected": -72.99736785888672}, "88": {"chosen": -41.498497009277344, "rejected": -126.34768676757812}, "89": {"chosen": -54.54572296142578, "rejected": -73.0618896484375}, "90": {"chosen": -38.30853271484375, "rejected": -54.84867858886719}, "91": {"chosen": -62.15824890136719, "rejected": -47.062767028808594}, "92": {"chosen": -21.91621208190918, "rejected": -39.27418518066406}, "93": {"chosen": -104.85041809082031, "rejected": -106.42247009277344}, "94": {"chosen": -3.8722047805786133, "rejected": -15.387164115905762}, "95": {"chosen": -10.394938468933105, "rejected": -94.53750610351562}, "96": {"chosen": -20.746259689331055, "rejected": -13.42770767211914}, "97": {"chosen": -98.1103744506836, "rejected": -83.06629180908203}, "98": {"chosen": -15.500200271606445, "rejected": -63.74565887451172}, "99": {"chosen": -75.82757568359375, "rejected": -42.676021575927734}}}