{"0": {"train_labels": [0, 0, 1, 1, 1, 1, 0, 1, 1, 0, 0, 0, 1, 0, 1, 0, 0, 1, 0, 1, 0, 0, 1, 1, 0, 0, 0, 0, 1, 0, 0, 0, 1, 0, 1, 0, 0, 0, 0, 1, 1, 1, 1, 0, 1, 0, 1, 1, 0, 1, 1, 1, 0, 1, 1, 0, 1, 1, 0, 0, 0, 0, 0, 0, 0, 0, 1, 0, 0, 1, 1, 0, 1, 1, 0, 0, 1, 1, 1, 0, 1, 0, 0, 0, 0, 1, 0, 0, 1, 0, 1, 1, 0, 0, 0, 0, 1, 0, 1, 0], "train_logprobs": [[-10.718316078186035, -59.68074417114258], [-55.898136138916016, -95.22869110107422], [-131.38101196289062, -24.813831329345703], [-135.9105682373047, -30.751867294311523], [-108.6514892578125, -107.89678955078125], [-115.40496826171875, -96.53146362304688], [-42.08293914794922, -101.86115264892578], [-141.22303771972656, -41.543792724609375], [-71.23419189453125, -62.64255142211914], [-120.90982818603516, -158.8612060546875], [-141.201171875, -150.3737030029297], [-18.737018585205078, -67.99744415283203], [-88.99091339111328, -5.0007758140563965], [-33.29219055175781, -139.8103485107422], [-183.74623107910156, -94.67689514160156], [-19.3122501373291, -47.320003509521484], [-245.8954315185547, -275.53466796875], [-120.99937438964844, -57.62442398071289], [-40.66344451904297, -109.97030639648438], [-161.3716583251953, -26.43368148803711], [-136.65914916992188, -208.96420288085938], [-19.895776748657227, -46.00026321411133], [-40.7564582824707, -35.89548110961914], [-162.65704345703125, -101.03927612304688], [-28.209022521972656, -42.76871109008789], [-44.27159881591797, -83.77517700195312], [-17.28424072265625, -23.41059684753418], [-44.69515609741211, -196.67202758789062], [-50.427581787109375, -30.034305572509766], [-93.00006866455078, -139.05499267578125], [-24.076169967651367, -190.6999053955078], [-54.033023834228516, -132.70445251464844], [-139.14105224609375, -66.41337585449219], [-104.462646484375, -144.47434997558594], [-81.54768371582031, -56.40996551513672], [-8.313777923583984, -63.222599029541016], [-104.06053161621094, -181.9451141357422], [-35.82161331176758, -252.10003662109375], [-18.4735107421875, -40.81808853149414], [-57.40663146972656, -33.53672409057617], [-47.090152740478516, -43.23180389404297], [-184.37823486328125, -38.72297668457031], [-56.09794998168945, -36.85171127319336], [-66.3326416015625, -74.57154846191406], [-76.89900207519531, -30.018821716308594], [-104.3315200805664, -110.44307708740234], [-66.32672882080078, -18.360313415527344], [-120.57833862304688, -39.684837341308594], [-95.17185974121094, -277.70989990234375], [-88.66963958740234, -32.89582824707031], [-139.0094757080078, -79.8528060913086], [-121.08238220214844, -39.65520095825195], [-22.22783851623535, -129.18447875976562], [-81.70970153808594, -16.849735260009766], [-79.44363403320312, -44.8604621887207], [-70.58258819580078, -363.48687744140625], [-220.3748779296875, -112.9648666381836], [-79.52549743652344, -53.558738708496094], [-84.58442687988281, -157.39434814453125], [-44.00068283081055, -78.46319580078125], [-53.50790023803711, -148.71127319335938], [-94.85647583007812, -212.4185791015625], [-63.276039123535156, -72.82707214355469], [-33.66060256958008, -65.36754608154297], [-42.20241928100586, -63.92453384399414], [-82.3531494140625, -96.9368896484375], [-23.545591354370117, -22.906028747558594], [-113.726318359375, -333.84429931640625], [-48.65542984008789, -122.5966567993164], [-100.96810150146484, -50.50250244140625], [-180.46534729003906, -157.1599578857422], [-49.66715621948242, -82.71709442138672], [-77.11093139648438, -31.89715576171875], [-95.7546157836914, -42.71110534667969], [-174.36953735351562, -296.6550598144531], [-52.83123779296875, -80.00141143798828], [-67.10956573486328, -24.25274658203125], [-58.67926788330078, -23.949871063232422], [-133.87525939941406, -84.68480682373047], [-60.01861572265625, -73.53742218017578], [-64.5819320678711, -53.89097595214844], [-30.57256507873535, -239.0224609375], [-129.46954345703125, -164.94451904296875], [-19.848377227783203, -90.84159088134766], [-54.56559371948242, -60.4854621887207], [-179.24542236328125, -134.19488525390625], [-45.951446533203125, -170.39923095703125], [-59.07436752319336, -95.82447052001953], [-303.42071533203125, -147.265869140625], [-49.10228729248047, -101.96286010742188], [-177.151123046875, -65.45989990234375], [-134.98391723632812, -78.8650131225586], [-18.45616912841797, -26.701759338378906], [-67.98587799072266, -147.1835479736328], [-16.19913101196289, -34.153953552246094], [-120.76981353759766, -125.66423797607422], [-42.83911895751953, -16.812057495117188], [-34.50101089477539, -318.39910888671875], [-60.967193603515625, -44.730674743652344], [-23.445995330810547, -73.44947814941406]], "train_probs": [1.0, 1.0, 5.229516033478294e-47, 2.138732437745027e-46, 0.31979812167987515, 6.358300927622144e-09, 1.0, 5.126889277576937e-44, 0.00018561682190357915, 1.0, 0.9998961574736293, 1.0, 3.338464142722898e-37, 1.0, 2.0781595894434546e-39, 0.9999999999993139, 0.9999999999998658, 2.996461806799359e-28, 1.0, 2.4956361071909594e-59, 1.0, 0.9999999999953978, 0.007683421952211126, 1.7367754023497813e-27, 0.9999995248755386, 1.0, 0.9978202351367359, 1.0, 1.3909536916190815e-09, 1.0, 1.0, 1.0, 2.598791642749935e-32, 1.0, 1.2101179355295511e-11, 1.0, 1.0, 1.0, 0.9999999998023609, 4.299628586520261e-11, 0.020666689441303288, 5.5299997642768024e-64, 4.3799053916292e-09, 0.9997358968993612, 4.367132407197443e-21, 0.9977878085507984, 1.4738404537871603e-21, 7.385820888842868e-36, 1.0, 5.994341761396865e-25, 2.035095611127616e-26, 4.331362267165142e-36, 1.0, 6.786948425983386e-29, 9.565756052549333e-16, 1.0, 2.2512555419274337e-47, 5.281775910732464e-12, 1.0, 0.9999999999999989, 1.0, 1.0, 0.9999288773100827, 0.9999999999999829, 0.9999999996316967, 0.999999536166738, 0.34534541941302843, 1.0, 1.0, 1.2107899354423777e-22, 7.56132635481826e-11, 0.9999999999999957, 2.3115683304966728e-20, 9.19382253417235e-24, 1.0, 0.9999999999984146, 2.4407310718892037e-19, 8.264462268189892e-16, 4.33369042074398e-22, 0.999998654584678, 2.2749238964871954e-05, 1.0, 0.9999999999999997, 1.0, 0.9973216394935218, 2.7214497931800647e-20, 1.0, 0.9999999999999999, 1.5233930734698415e-68, 1.0, 3.1125627187088313e-49, 4.244921006881165e-25, 0.9997376556459479, 1.0, 0.9999999840661897, 0.9925674387245572, 4.97268359691673e-12, 1.0, 8.883199491941794e-08, 1.0], "test_labels": [], "test_logprobs": [], "test_probs": []}}