{"0": {"0": {"chosen": -20.750972747802734, "rejected": -5.715526103973389}, "1": {"chosen": -14.94662094116211, "rejected": -22.528406143188477}, "2": {"chosen": -41.27509307861328, "rejected": -253.0201416015625}, "3": {"chosen": -17.635189056396484, "rejected": -22.674158096313477}, "4": {"chosen": -39.20240783691406, "rejected": -178.6283416748047}, "5": {"chosen": -121.88894653320312, "rejected": -179.10813903808594}, "6": {"chosen": -105.1028823852539, "rejected": -29.11263656616211}, "7": {"chosen": -10.441276550292969, "rejected": -23.912220001220703}, "8": {"chosen": -15.795915603637695, "rejected": -58.314056396484375}, "9": {"chosen": -9.15282154083252, "rejected": -338.2606506347656}, "10": {"chosen": -22.530174255371094, "rejected": -24.103439331054688}, "11": {"chosen": -28.47144317626953, "rejected": -313.4518127441406}, "12": {"chosen": -30.646272659301758, "rejected": -10.915830612182617}, "13": {"chosen": -102.25874328613281, "rejected": -47.882568359375}, "14": {"chosen": -42.27076721191406, "rejected": -26.9256591796875}, "15": {"chosen": -21.418004989624023, "rejected": -34.386234283447266}, "16": {"chosen": -68.4845199584961, "rejected": -281.29827880859375}, "17": {"chosen": -57.06849670410156, "rejected": -35.111846923828125}, "18": {"chosen": -217.31822204589844, "rejected": -83.10710144042969}, "19": {"chosen": -80.78167724609375, "rejected": -42.03297424316406}, "20": {"chosen": -55.50672149658203, "rejected": -31.778575897216797}, "21": {"chosen": -24.3848819732666, "rejected": -13.531085014343262}, "22": {"chosen": -51.805179595947266, "rejected": -19.64738655090332}, "23": {"chosen": -15.356292724609375, "rejected": -59.254554748535156}, "24": {"chosen": -50.82056427001953, "rejected": -14.257902145385742}, "25": {"chosen": -115.53315734863281, "rejected": -15.12975025177002}, "26": {"chosen": -30.103858947753906, "rejected": -67.61241149902344}, "27": {"chosen": -199.21084594726562, "rejected": -147.19363403320312}, "28": {"chosen": -80.66219329833984, "rejected": -30.465436935424805}, "29": {"chosen": -12.100696563720703, "rejected": -117.2498550415039}, "30": {"chosen": -44.90724182128906, "rejected": -17.870630264282227}, "31": {"chosen": -112.00982666015625, "rejected": -179.64308166503906}, "32": {"chosen": -49.69023513793945, "rejected": -46.487361907958984}, "33": {"chosen": -80.24646759033203, "rejected": -26.470869064331055}, "34": {"chosen": -203.78079223632812, "rejected": -46.74653625488281}, "35": {"chosen": -63.77667999267578, "rejected": -88.37808227539062}, "36": {"chosen": -25.36966323852539, "rejected": -167.05538940429688}, "37": {"chosen": -29.61294174194336, "rejected": -100.3223876953125}, "38": {"chosen": -21.149559020996094, "rejected": -385.32684326171875}, "39": {"chosen": -16.93862533569336, "rejected": -134.02035522460938}, "40": {"chosen": -54.66895294189453, "rejected": -87.61366271972656}, "41": {"chosen": -134.26358032226562, "rejected": -62.91847229003906}, "42": {"chosen": -96.59634399414062, "rejected": -60.23689270019531}, "43": {"chosen": -104.98453521728516, "rejected": -47.42594528198242}, "44": {"chosen": -250.34849548339844, "rejected": -363.9555358886719}, "45": {"chosen": -124.02659606933594, "rejected": -350.4977722167969}, "46": {"chosen": -159.82293701171875, "rejected": -113.13634490966797}, "47": {"chosen": -77.38970184326172, "rejected": -135.37210083007812}, "48": {"chosen": -35.86660385131836, "rejected": -25.163448333740234}, "49": {"chosen": -127.37823486328125, "rejected": -30.38927459716797}, "50": {"chosen": -99.69111633300781, "rejected": -44.609188079833984}, "51": {"chosen": -21.05657958984375, "rejected": -28.83930778503418}, "52": {"chosen": -15.878253936767578, "rejected": -32.4765625}, "53": {"chosen": -352.8673400878906, "rejected": -107.13960266113281}, "54": {"chosen": -26.051498413085938, "rejected": -252.3654327392578}, "55": {"chosen": -31.005430221557617, "rejected": -140.356689453125}, "56": {"chosen": -40.78593063354492, "rejected": -263.4142150878906}, "57": {"chosen": -17.705976486206055, "rejected": -15.089134216308594}, "58": {"chosen": -99.96846008300781, "rejected": -161.7525177001953}, "59": {"chosen": -64.59777069091797, "rejected": -29.20917320251465}, "60": {"chosen": -20.99734115600586, "rejected": -33.37855529785156}, "61": {"chosen": -87.599609375, "rejected": -52.920021057128906}, "62": {"chosen": -158.35250854492188, "rejected": -109.83700561523438}, "63": {"chosen": -70.44856262207031, "rejected": -28.22991943359375}, "64": {"chosen": -185.0469970703125, "rejected": -183.7079620361328}, "65": {"chosen": -52.181549072265625, "rejected": -139.80845642089844}, "66": {"chosen": -19.449609756469727, "rejected": -65.5167465209961}, "67": {"chosen": -17.502260208129883, "rejected": -79.89948272705078}, "68": {"chosen": -143.84994506835938, "rejected": -204.97305297851562}, "69": {"chosen": -20.011926651000977, "rejected": -15.545398712158203}, "70": {"chosen": -23.231218338012695, "rejected": -26.057395935058594}, "71": {"chosen": -44.56773376464844, "rejected": -209.31060791015625}, "72": {"chosen": -22.53143310546875, "rejected": -190.7926788330078}, "73": {"chosen": -2.8487839698791504, "rejected": -7.397988796234131}, "74": {"chosen": -53.69584274291992, "rejected": -29.57842445373535}, "75": {"chosen": -38.983299255371094, "rejected": -467.06475830078125}, "76": {"chosen": -15.380660057067871, "rejected": -11.943486213684082}, "77": {"chosen": -106.37226867675781, "rejected": -102.44956970214844}, "78": {"chosen": -67.69336700439453, "rejected": -47.079795837402344}, "79": {"chosen": -132.77658081054688, "rejected": -19.42327880859375}, "80": {"chosen": -6.858073711395264, "rejected": -12.062116622924805}, "81": {"chosen": -40.34062957763672, "rejected": -25.616960525512695}, "82": {"chosen": -26.392932891845703, "rejected": -29.793821334838867}, "83": {"chosen": -91.3397216796875, "rejected": -173.6266326904297}, "84": {"chosen": -43.93014144897461, "rejected": -32.08768081665039}, "85": {"chosen": -46.027042388916016, "rejected": -272.0800476074219}, "86": {"chosen": -135.6523895263672, "rejected": -41.47062301635742}, "87": {"chosen": -4.582189559936523, "rejected": -70.4913558959961}, "88": {"chosen": -44.45647048950195, "rejected": -124.04020690917969}, "89": {"chosen": -54.321048736572266, "rejected": -70.35655212402344}, "90": {"chosen": -38.80917739868164, "rejected": -52.78500747680664}, "91": {"chosen": -61.181190490722656, "rejected": -44.279544830322266}, "92": {"chosen": -22.522768020629883, "rejected": -39.00025939941406}, "93": {"chosen": -104.03091430664062, "rejected": -105.4442367553711}, "94": {"chosen": -4.4366326332092285, "rejected": -14.25723934173584}, "95": {"chosen": -10.993162155151367, "rejected": -93.89815521240234}, "96": {"chosen": -21.22112274169922, "rejected": -14.877481460571289}, "97": {"chosen": -98.89234924316406, "rejected": -82.54446411132812}, "98": {"chosen": -15.157238006591797, "rejected": -62.64136505126953}, "99": {"chosen": -77.75398254394531, "rejected": -44.34938049316406}}}