{"0": {"train_labels": [0, 0, 1, 1, 0, 1, 0, 1, 1, 0, 0, 0, 1, 0, 1, 0, 0, 1, 0, 1, 0, 0, 1, 1, 0, 0, 0, 0, 1, 0, 0, 0, 1, 0, 1, 0, 0, 0, 0, 1, 1, 1, 1, 0, 1, 0, 1, 1, 0, 1, 1, 1, 0, 1, 1, 0, 1, 1, 0, 0, 0, 0, 0, 0, 0, 0, 0, 0, 0, 1, 1, 0, 1, 1, 0, 0, 1, 1, 1, 0, 0, 0, 0, 0, 0, 1, 0, 0, 1, 0, 1, 1, 0, 0, 0, 0, 1, 0, 1, 0], "train_logprobs": [[-25.928213119506836, -74.33538818359375], [-78.6294174194336, -106.97901153564453], [-134.82717895507812, -37.014896392822266], [-156.3133544921875, -54.6039924621582], [-118.92271423339844, -122.33967590332031], [-126.65764617919922, -103.10931396484375], [-61.43655776977539, -102.05702209472656], [-147.37225341796875, -39.801544189453125], [-85.3477554321289, -71.89350891113281], [-128.31472778320312, -177.01239013671875], [-140.7659454345703, -160.61753845214844], [-19.683948516845703, -81.51303100585938], [-95.18203735351562, -10.148542404174805], [-39.152442932128906, -164.3555908203125], [-207.0833740234375, -113.33960723876953], [-25.88692855834961, -50.339473724365234], [-267.8283386230469, -304.1735534667969], [-139.92237854003906, -61.568214416503906], [-23.01422882080078, -109.96085357666016], [-178.3123321533203, -27.12331771850586], [-161.56060791015625, -228.61428833007812], [-28.22329330444336, -67.21424102783203], [-49.339088439941406, -46.573482513427734], [-190.47198486328125, -118.8533706665039], [-28.77183723449707, -48.61680603027344], [-52.04251480102539, -115.40771484375], [-7.0673675537109375, -26.243398666381836], [-56.328948974609375, -206.424560546875], [-63.87624740600586, -32.91183090209961], [-103.6737060546875, -143.9903564453125], [-24.24485206604004, -233.34942626953125], [-42.16741943359375, -131.75552368164062], [-162.0019073486328, -78.0280532836914], [-115.8510513305664, -166.3003692626953], [-92.78801727294922, -91.42598724365234], [-7.1050310134887695, -64.79854583740234], [-120.10999298095703, -188.3531036376953], [-39.312923431396484, -252.38027954101562], [-37.23923873901367, -71.81211853027344], [-51.950870513916016, -36.32853698730469], [-56.000091552734375, -45.10398864746094], [-206.44052124023438, -44.70071029663086], [-75.1759262084961, -41.57075119018555], [-62.492393493652344, -86.67330932617188], [-110.86738586425781, -42.392642974853516], [-129.56396484375, -129.7958526611328], [-93.85496520996094, -38.24093246459961], [-132.1634521484375, -40.2680778503418], [-98.8441162109375, -293.13690185546875], [-101.19288635253906, -35.725425720214844], [-140.15322875976562, -77.77307891845703], [-112.21536254882812, -53.027259826660156], [-26.366851806640625, -153.47476196289062], [-87.42145538330078, -23.468637466430664], [-89.2190170288086, -48.439971923828125], [-65.62574768066406, -397.11492919921875], [-238.3714599609375, -130.25283813476562], [-96.2869644165039, -67.29379272460938], [-84.88362884521484, -175.53057861328125], [-52.73110580444336, -86.3108139038086], [-49.71788787841797, -161.56646728515625], [-112.96546936035156, -248.96214294433594], [-58.88973617553711, -85.00068664550781], [-26.70625877380371, -57.035377502441406], [-41.85389709472656, -71.58036041259766], [-90.1816635131836, -110.99657440185547], [-18.617969512939453, -28.885528564453125], [-127.24513244628906, -357.3974304199219], [-55.95550537109375, -157.9216766357422], [-120.86992645263672, -70.24861145019531], [-209.06214904785156, -171.58705139160156], [-60.44178771972656, -91.04121398925781], [-116.22492980957031, -33.86268615722656], [-120.26195526123047, -66.64315032958984], [-187.58761596679688, -319.30670166015625], [-64.83186340332031, -88.4266357421875], [-72.41618347167969, -31.238418579101562], [-57.96976852416992, -38.88469314575195], [-151.24789428710938, -87.57106018066406], [-80.20046997070312, -83.13755798339844], [-60.57230758666992, -82.44216918945312], [-37.649314880371094, -260.0101623535156], [-149.8590850830078, -188.9656982421875], [-31.95248794555664, -116.3124008178711], [-66.56974792480469, -74.19032287597656], [-184.35458374023438, -144.50759887695312], [-28.335840225219727, -178.54293823242188], [-68.90422058105469, -113.51934814453125], [-327.88323974609375, -172.0861053466797], [-63.164772033691406, -120.5006332397461], [-199.39414978027344, -69.4759521484375], [-141.3823699951172, -86.29344177246094], [-27.15139389038086, -52.33073043823242], [-109.86639404296875, -191.2869415283203], [-16.495437622070312, -40.31150817871094], [-138.54969787597656, -140.5338134765625], [-70.14093017578125, -25.974607467651367], [-35.22805404663086, -352.13983154296875], [-78.29163360595703, -56.60210037231445], [-37.06342697143555, -89.09254455566406]], "train_probs": [1.0, 0.9999999999995126, 3.3163886553717344e-43, 6.732638751516482e-45, 0.9682304446683992, 5.930472020159957e-11, 1.0, 1.9170549767846373e-47, 1.4351402818592806e-06, 1.0, 0.999999997609093, 1.0, 1.17604073965347e-37, 1.0, 1.93909627728346e-41, 0.9999999999759899, 0.9999999999999999, 9.358772430083902e-35, 1.0, 2.184969135443337e-66, 1.0, 1.0, 0.05921131322727225, 7.878273485447182e-32, 0.9999999975932023, 1.0, 0.9999999953015403, 1.0, 3.567177967896567e-14, 1.0, 1.0, 1.0, 3.393271077720856e-37, 1.0, 0.2039105674204615, 1.0, 1.0, 1.0, 0.9999999999999991, 1.6417487097215385e-07, 1.8529964464264107e-05, 5.718637964677516e-71, 2.5436533555939882e-15, 0.9999999999684963, 1.82724597281617e-30, 0.5577135714985634, 7.032867936718874e-25, 1.2312493944245654e-40, 1.0, 3.696945967071075e-29, 8.102987027480909e-28, 1.9721211624096816e-26, 1.0, 1.6812956004814945e-28, 1.9493316474199626e-18, 1.0, 1.1083556765705347e-47, 2.561094015550117e-13, 1.0, 0.9999999999999974, 1.0, 1.0, 0.9999999999954274, 0.9999999999999327, 0.999999999999877, 0.9999999990875711, 0.9999652591313444, 1.0, 1.0, 1.0361967546567816e-22, 5.306056609661694e-17, 0.9999999999999486, 1.7003254866008272e-36, 5.1718853861650476e-24, 1.0, 0.9999999999433865, 1.3083499738016923e-18, 5.145849427788484e-09, 2.215655945074144e-28, 0.9496496718073093, 0.9999999996822835, 1.0, 1.0, 1.0, 0.9995099803623905, 4.9507882712114535e-18, 1.0, 1.0, 2.1785334568008906e-68, 1.0, 3.777840948586003e-57, 1.1890016544853788e-24, 0.9999999999883922, 1.0, 0.9999999999546255, 0.8791192042002531, 6.588852143308656e-20, 1.0, 3.8050064860227164e-10, 1.0], "test_labels": [], "test_logprobs": [], "test_probs": []}}