{"0": {"0": {"chosen": -20.68830680847168, "rejected": -5.360523223876953}, "1": {"chosen": -14.861068725585938, "rejected": -22.75845718383789}, "2": {"chosen": -38.81977081298828, "rejected": -253.1988067626953}, "3": {"chosen": -17.330984115600586, "rejected": -22.072147369384766}, "4": {"chosen": -38.24360656738281, "rejected": -176.41917419433594}, "5": {"chosen": -121.33336639404297, "rejected": -181.9645538330078}, "6": {"chosen": -104.24109649658203, "rejected": -28.50977325439453}, "7": {"chosen": -12.268218994140625, "rejected": -28.499778747558594}, "8": {"chosen": -16.20902442932129, "rejected": -57.745765686035156}, "9": {"chosen": -9.894598007202148, "rejected": -338.76153564453125}, "10": {"chosen": -17.698129653930664, "rejected": -21.148237228393555}, "11": {"chosen": -29.264572143554688, "rejected": -312.5096740722656}, "12": {"chosen": -30.69241714477539, "rejected": -10.971389770507812}, "13": {"chosen": -103.48385620117188, "rejected": -44.69637680053711}, "14": {"chosen": -42.76590347290039, "rejected": -27.53137969970703}, "15": {"chosen": -19.13885498046875, "rejected": -29.75115203857422}, "16": {"chosen": -68.46171569824219, "rejected": -279.89947509765625}, "17": {"chosen": -56.25642013549805, "rejected": -35.314205169677734}, "18": {"chosen": -218.91757202148438, "rejected": -79.03803253173828}, "19": {"chosen": -81.72659301757812, "rejected": -39.17531204223633}, "20": {"chosen": -54.96701431274414, "rejected": -30.690603256225586}, "21": {"chosen": -24.43834686279297, "rejected": -14.172039031982422}, "22": {"chosen": -53.37471008300781, "rejected": -20.360525131225586}, "23": {"chosen": -14.02960205078125, "rejected": -59.82512283325195}, "24": {"chosen": -52.9379997253418, "rejected": -13.240958213806152}, "25": {"chosen": -113.85971069335938, "rejected": -14.827783584594727}, "26": {"chosen": -30.4984130859375, "rejected": -67.373291015625}, "27": {"chosen": -194.89825439453125, "rejected": -148.51953125}, "28": {"chosen": -80.65304565429688, "rejected": -30.330230712890625}, "29": {"chosen": -13.159863471984863, "rejected": -117.21138000488281}, "30": {"chosen": -45.95606231689453, "rejected": -17.482479095458984}, "31": {"chosen": -115.33355712890625, "rejected": -179.88327026367188}, "32": {"chosen": -47.7825813293457, "rejected": -46.198814392089844}, "33": {"chosen": -80.45665740966797, "rejected": -24.413127899169922}, "34": {"chosen": -202.7119598388672, "rejected": -46.99286651611328}, "35": {"chosen": -64.1672134399414, "rejected": -88.13943481445312}, "36": {"chosen": -25.63230323791504, "rejected": -165.26333618164062}, "37": {"chosen": -28.61040687561035, "rejected": -100.01883697509766}, "38": {"chosen": -21.454914093017578, "rejected": -389.5116271972656}, "39": {"chosen": -18.22515106201172, "rejected": -128.92921447753906}, "40": {"chosen": -57.35323715209961, "rejected": -85.41995239257812}, "41": {"chosen": -132.7443389892578, "rejected": -64.2248306274414}, "42": {"chosen": -89.73645782470703, "rejected": -61.50920486450195}, "43": {"chosen": -107.06814575195312, "rejected": -48.07971954345703}, "44": {"chosen": -250.15806579589844, "rejected": -363.2335205078125}, "45": {"chosen": -123.5267333984375, "rejected": -348.12750244140625}, "46": {"chosen": -158.5686492919922, "rejected": -112.78933715820312}, "47": {"chosen": -79.96923828125, "rejected": -135.11410522460938}, "48": {"chosen": -36.48616027832031, "rejected": -24.801244735717773}, "49": {"chosen": -127.23013305664062, "rejected": -29.61716079711914}, "50": {"chosen": -96.88444519042969, "rejected": -42.44403076171875}, "51": {"chosen": -22.473115921020508, "rejected": -29.361337661743164}, "52": {"chosen": -17.391124725341797, "rejected": -30.890872955322266}, "53": {"chosen": -356.349365234375, "rejected": -103.0800552368164}, "54": {"chosen": -23.828868865966797, "rejected": -257.84613037109375}, "55": {"chosen": -29.755077362060547, "rejected": -137.40318298339844}, "56": {"chosen": -41.940189361572266, "rejected": -261.0252990722656}, "57": {"chosen": -18.409204483032227, "rejected": -14.927774429321289}, "58": {"chosen": -98.58219909667969, "rejected": -156.7564697265625}, "59": {"chosen": -63.14474868774414, "rejected": -28.82894515991211}, "60": {"chosen": -24.033832550048828, "rejected": -35.9643669128418}, "61": {"chosen": -87.58389282226562, "rejected": -50.62128829956055}, "62": {"chosen": -158.3763427734375, "rejected": -104.72633361816406}, "63": {"chosen": -71.12725067138672, "rejected": -29.95565414428711}, "64": {"chosen": -177.4970703125, "rejected": -184.6397247314453}, "65": {"chosen": -52.23528289794922, "rejected": -136.56503295898438}, "66": {"chosen": -19.078149795532227, "rejected": -69.12745666503906}, "67": {"chosen": -18.30605697631836, "rejected": -80.35722351074219}, "68": {"chosen": -144.43203735351562, "rejected": -204.47747802734375}, "69": {"chosen": -20.209636688232422, "rejected": -17.621408462524414}, "70": {"chosen": -22.76433563232422, "rejected": -27.53940200805664}, "71": {"chosen": -46.00859832763672, "rejected": -210.15380859375}, "72": {"chosen": -22.028615951538086, "rejected": -189.82958984375}, "73": {"chosen": -2.510187864303589, "rejected": -7.712642192840576}, "74": {"chosen": -54.955074310302734, "rejected": -28.62612533569336}, "75": {"chosen": -36.816429138183594, "rejected": -466.21435546875}, "76": {"chosen": -15.870748519897461, "rejected": -11.033585548400879}, "77": {"chosen": -103.0467758178711, "rejected": -97.36608123779297}, "78": {"chosen": -67.241455078125, "rejected": -46.59141159057617}, "79": {"chosen": -128.6974334716797, "rejected": -18.298503875732422}, "80": {"chosen": -7.139854431152344, "rejected": -11.355079650878906}, "81": {"chosen": -38.41697692871094, "rejected": -27.69272804260254}, "82": {"chosen": -25.490924835205078, "rejected": -28.471105575561523}, "83": {"chosen": -89.60623931884766, "rejected": -174.3620147705078}, "84": {"chosen": -46.79595947265625, "rejected": -33.820438385009766}, "85": {"chosen": -47.75305938720703, "rejected": -266.6949768066406}, "86": {"chosen": -136.09817504882812, "rejected": -41.18401336669922}, "87": {"chosen": -4.199601173400879, "rejected": -71.47478485107422}, "88": {"chosen": -42.82418441772461, "rejected": -125.49278259277344}, "89": {"chosen": -53.663055419921875, "rejected": -73.12043762207031}, "90": {"chosen": -38.00689697265625, "rejected": -53.670936584472656}, "91": {"chosen": -64.24407958984375, "rejected": -45.496604919433594}, "92": {"chosen": -22.518522262573242, "rejected": -39.56476974487305}, "93": {"chosen": -102.15087127685547, "rejected": -106.59696960449219}, "94": {"chosen": -3.860991954803467, "rejected": -16.640443801879883}, "95": {"chosen": -11.520450592041016, "rejected": -95.87511444091797}, "96": {"chosen": -18.704607009887695, "rejected": -12.388303756713867}, "97": {"chosen": -97.48542022705078, "rejected": -84.10462951660156}, "98": {"chosen": -15.838884353637695, "rejected": -63.6224250793457}, "99": {"chosen": -76.42440032958984, "rejected": -41.99126052856445}}}