{"0": {"0": {"chosen": -20.14293098449707, "rejected": -6.288259506225586}, "1": {"chosen": -14.910643577575684, "rejected": -23.50979995727539}, "2": {"chosen": -38.835670471191406, "rejected": -252.355224609375}, "3": {"chosen": -19.79353904724121, "rejected": -25.664255142211914}, "4": {"chosen": -38.13581466674805, "rejected": -176.51272583007812}, "5": {"chosen": -122.85577392578125, "rejected": -183.7518310546875}, "6": {"chosen": -104.76097869873047, "rejected": -29.944772720336914}, "7": {"chosen": -11.425477027893066, "rejected": -26.773508071899414}, "8": {"chosen": -15.62055492401123, "rejected": -55.95599365234375}, "9": {"chosen": -9.74174690246582, "rejected": -337.97015380859375}, "10": {"chosen": -18.926666259765625, "rejected": -23.845869064331055}, "11": {"chosen": -29.124114990234375, "rejected": -311.4558410644531}, "12": {"chosen": -30.731369018554688, "rejected": -11.186319351196289}, "13": {"chosen": -104.20922088623047, "rejected": -47.80856704711914}, "14": {"chosen": -43.74907302856445, "rejected": -27.933616638183594}, "15": {"chosen": -19.31007194519043, "rejected": -32.832393646240234}, "16": {"chosen": -68.72632598876953, "rejected": -281.06158447265625}, "17": {"chosen": -56.6616325378418, "rejected": -35.829010009765625}, "18": {"chosen": -221.4449920654297, "rejected": -83.01142120361328}, "19": {"chosen": -81.06257629394531, "rejected": -41.731300354003906}, "20": {"chosen": -55.780677795410156, "rejected": -34.077659606933594}, "21": {"chosen": -27.741758346557617, "rejected": -14.263580322265625}, "22": {"chosen": -52.105712890625, "rejected": -19.830448150634766}, "23": {"chosen": -16.685991287231445, "rejected": -59.704803466796875}, "24": {"chosen": -50.862403869628906, "rejected": -14.034061431884766}, "25": {"chosen": -110.37035369873047, "rejected": -13.942956924438477}, "26": {"chosen": -30.96012306213379, "rejected": -65.45316314697266}, "27": {"chosen": -197.7842254638672, "rejected": -149.3978271484375}, "28": {"chosen": -79.50399017333984, "rejected": -31.835783004760742}, "29": {"chosen": -12.205151557922363, "rejected": -117.72462463378906}, "30": {"chosen": -44.03875732421875, "rejected": -17.845643997192383}, "31": {"chosen": -113.46821594238281, "rejected": -181.3304901123047}, "32": {"chosen": -46.28566360473633, "rejected": -47.19545364379883}, "33": {"chosen": -79.42196655273438, "rejected": -25.302692413330078}, "34": {"chosen": -202.9468536376953, "rejected": -47.39404296875}, "35": {"chosen": -63.58604431152344, "rejected": -88.27276611328125}, "36": {"chosen": -25.50210952758789, "rejected": -164.08645629882812}, "37": {"chosen": -29.522335052490234, "rejected": -99.60549926757812}, "38": {"chosen": -21.07480239868164, "rejected": -387.0230407714844}, "39": {"chosen": -17.441848754882812, "rejected": -133.16464233398438}, "40": {"chosen": -57.080623626708984, "rejected": -85.97883605957031}, "41": {"chosen": -135.65017700195312, "rejected": -64.20682525634766}, "42": {"chosen": -98.06605529785156, "rejected": -64.4717788696289}, "43": {"chosen": -106.90972900390625, "rejected": -47.634307861328125}, "44": {"chosen": -252.20066833496094, "rejected": -363.5956726074219}, "45": {"chosen": -124.26837158203125, "rejected": -348.11474609375}, "46": {"chosen": -159.11770629882812, "rejected": -110.67487335205078}, "47": {"chosen": -77.2645034790039, "rejected": -135.19070434570312}, "48": {"chosen": -34.62800979614258, "rejected": -24.52072525024414}, "49": {"chosen": -129.52491760253906, "rejected": -32.99295425415039}, "50": {"chosen": -99.96800994873047, "rejected": -44.696319580078125}, "51": {"chosen": -23.352109909057617, "rejected": -28.602031707763672}, "52": {"chosen": -17.253576278686523, "rejected": -34.353050231933594}, "53": {"chosen": -356.8199462890625, "rejected": -107.97093963623047}, "54": {"chosen": -23.186777114868164, "rejected": -254.3437957763672}, "55": {"chosen": -31.33531951904297, "rejected": -140.8343963623047}, "56": {"chosen": -41.26174545288086, "rejected": -263.7254333496094}, "57": {"chosen": -18.63620948791504, "rejected": -14.83558177947998}, "58": {"chosen": -99.44324493408203, "rejected": -162.95635986328125}, "59": {"chosen": -65.48323059082031, "rejected": -26.032012939453125}, "60": {"chosen": -20.594985961914062, "rejected": -36.35887908935547}, "61": {"chosen": -88.55060577392578, "rejected": -53.61530685424805}, "62": {"chosen": -156.83883666992188, "rejected": -108.49396514892578}, "63": {"chosen": -74.57337951660156, "rejected": -30.517366409301758}, "64": {"chosen": -178.61395263671875, "rejected": -184.64132690429688}, "65": {"chosen": -55.45051574707031, "rejected": -140.25094604492188}, "66": {"chosen": -20.5913143157959, "rejected": -69.69258117675781}, "67": {"chosen": -17.446704864501953, "rejected": -83.01333618164062}, "68": {"chosen": -147.6953125, "rejected": -206.33616638183594}, "69": {"chosen": -22.01410675048828, "rejected": -17.581398010253906}, "70": {"chosen": -23.151111602783203, "rejected": -27.822322845458984}, "71": {"chosen": -44.22560119628906, "rejected": -205.7584991455078}, "72": {"chosen": -21.64063262939453, "rejected": -191.04212951660156}, "73": {"chosen": -2.6442716121673584, "rejected": -7.23674201965332}, "74": {"chosen": -54.62619400024414, "rejected": -30.76287269592285}, "75": {"chosen": -38.602752685546875, "rejected": -465.5503845214844}, "76": {"chosen": -16.137310028076172, "rejected": -11.16596508026123}, "77": {"chosen": -105.94368743896484, "rejected": -102.36925506591797}, "78": {"chosen": -67.93827056884766, "rejected": -44.979820251464844}, "79": {"chosen": -128.51002502441406, "rejected": -18.81880760192871}, "80": {"chosen": -7.454703330993652, "rejected": -13.285293579101562}, "81": {"chosen": -41.081504821777344, "rejected": -25.14205551147461}, "82": {"chosen": -26.781600952148438, "rejected": -31.051868438720703}, "83": {"chosen": -91.55740356445312, "rejected": -173.8944854736328}, "84": {"chosen": -44.47349166870117, "rejected": -33.00383758544922}, "85": {"chosen": -46.442848205566406, "rejected": -269.2010498046875}, "86": {"chosen": -136.5100860595703, "rejected": -42.10922622680664}, "87": {"chosen": -3.7672500610351562, "rejected": -71.03646850585938}, "88": {"chosen": -45.32852554321289, "rejected": -125.86957550048828}, "89": {"chosen": -56.11789321899414, "rejected": -74.02542114257812}, "90": {"chosen": -37.71242141723633, "rejected": -54.8386344909668}, "91": {"chosen": -61.5941047668457, "rejected": -46.56559753417969}, "92": {"chosen": -22.32118797302246, "rejected": -38.72492218017578}, "93": {"chosen": -103.8171157836914, "rejected": -105.11228942871094}, "94": {"chosen": -5.3166961669921875, "rejected": -16.59969711303711}, "95": {"chosen": -11.345035552978516, "rejected": -93.93170928955078}, "96": {"chosen": -20.485305786132812, "rejected": -13.598966598510742}, "97": {"chosen": -98.72600555419922, "rejected": -84.22486114501953}, "98": {"chosen": -14.883715629577637, "rejected": -63.87006378173828}, "99": {"chosen": -75.64861297607422, "rejected": -43.41570281982422}}}