{"0": {"0": {"chosen": -20.858619689941406, "rejected": -5.4734721183776855}, "1": {"chosen": -14.923580169677734, "rejected": -23.905872344970703}, "2": {"chosen": -38.52281951904297, "rejected": -253.28305053710938}, "3": {"chosen": -17.351234436035156, "rejected": -23.178585052490234}, "4": {"chosen": -36.91395950317383, "rejected": -177.0773468017578}, "5": {"chosen": -119.9485092163086, "rejected": -180.841552734375}, "6": {"chosen": -105.17789459228516, "rejected": -28.08173179626465}, "7": {"chosen": -12.103679656982422, "rejected": -29.05254364013672}, "8": {"chosen": -15.636916160583496, "rejected": -58.38718032836914}, "9": {"chosen": -9.691471099853516, "rejected": -338.27301025390625}, "10": {"chosen": -20.114049911499023, "rejected": -23.609161376953125}, "11": {"chosen": -29.68893051147461, "rejected": -314.05511474609375}, "12": {"chosen": -31.591766357421875, "rejected": -10.085318565368652}, "13": {"chosen": -102.73189544677734, "rejected": -46.90522766113281}, "14": {"chosen": -43.29159164428711, "rejected": -27.34602165222168}, "15": {"chosen": -20.14649772644043, "rejected": -31.524986267089844}, "16": {"chosen": -69.2267837524414, "rejected": -280.3836364746094}, "17": {"chosen": -56.3759765625, "rejected": -34.149845123291016}, "18": {"chosen": -219.49362182617188, "rejected": -82.12924194335938}, "19": {"chosen": -80.9933090209961, "rejected": -39.884429931640625}, "20": {"chosen": -54.11675262451172, "rejected": -32.28981018066406}, "21": {"chosen": -26.232398986816406, "rejected": -13.645824432373047}, "22": {"chosen": -52.02989959716797, "rejected": -20.063674926757812}, "23": {"chosen": -14.65570068359375, "rejected": -58.96763229370117}, "24": {"chosen": -53.283164978027344, "rejected": -14.5270357131958}, "25": {"chosen": -112.8195571899414, "rejected": -14.548348426818848}, "26": {"chosen": -30.670656204223633, "rejected": -67.19111633300781}, "27": {"chosen": -200.52908325195312, "rejected": -146.6120147705078}, "28": {"chosen": -78.44667053222656, "rejected": -30.324750900268555}, "29": {"chosen": -12.569961547851562, "rejected": -118.149658203125}, "30": {"chosen": -45.521236419677734, "rejected": -17.397672653198242}, "31": {"chosen": -113.05309295654297, "rejected": -181.06399536132812}, "32": {"chosen": -48.54275131225586, "rejected": -46.33861541748047}, "33": {"chosen": -80.23200988769531, "rejected": -25.949419021606445}, "34": {"chosen": -202.9987030029297, "rejected": -47.236019134521484}, "35": {"chosen": -63.792701721191406, "rejected": -88.2814712524414}, "36": {"chosen": -25.12510871887207, "rejected": -167.50946044921875}, "37": {"chosen": -29.348133087158203, "rejected": -100.93450927734375}, "38": {"chosen": -20.56153678894043, "rejected": -387.9665832519531}, "39": {"chosen": -17.456451416015625, "rejected": -130.9306640625}, "40": {"chosen": -56.564796447753906, "rejected": -84.9749755859375}, "41": {"chosen": -132.06378173828125, "rejected": -63.491153717041016}, "42": {"chosen": -96.39857482910156, "rejected": -60.83897018432617}, "43": {"chosen": -107.4654541015625, "rejected": -48.346473693847656}, "44": {"chosen": -252.62359619140625, "rejected": -362.8362121582031}, "45": {"chosen": -125.11006927490234, "rejected": -350.69537353515625}, "46": {"chosen": -158.7952423095703, "rejected": -113.5556411743164}, "47": {"chosen": -74.48412322998047, "rejected": -135.17323303222656}, "48": {"chosen": -34.532684326171875, "rejected": -25.039819717407227}, "49": {"chosen": -125.981689453125, "rejected": -30.576080322265625}, "50": {"chosen": -97.65754699707031, "rejected": -44.95822525024414}, "51": {"chosen": -22.328643798828125, "rejected": -26.776329040527344}, "52": {"chosen": -16.872764587402344, "rejected": -32.18864059448242}, "53": {"chosen": -358.0687561035156, "rejected": -106.71650695800781}, "54": {"chosen": -23.739763259887695, "rejected": -254.6809539794922}, "55": {"chosen": -29.739046096801758, "rejected": -140.50668334960938}, "56": {"chosen": -40.868736267089844, "rejected": -262.81146240234375}, "57": {"chosen": -18.100589752197266, "rejected": -17.16039276123047}, "58": {"chosen": -99.30472564697266, "rejected": -160.60935974121094}, "59": {"chosen": -66.57389831542969, "rejected": -26.735809326171875}, "60": {"chosen": -21.284719467163086, "rejected": -34.09072494506836}, "61": {"chosen": -88.03679656982422, "rejected": -51.55476760864258}, "62": {"chosen": -158.5050811767578, "rejected": -109.44942474365234}, "63": {"chosen": -70.11811828613281, "rejected": -29.327255249023438}, "64": {"chosen": -182.2125701904297, "rejected": -183.04391479492188}, "65": {"chosen": -54.535667419433594, "rejected": -136.7844696044922}, "66": {"chosen": -20.250667572021484, "rejected": -69.05144500732422}, "67": {"chosen": -17.298721313476562, "rejected": -79.79428100585938}, "68": {"chosen": -145.10269165039062, "rejected": -207.0661163330078}, "69": {"chosen": -21.941051483154297, "rejected": -16.77681541442871}, "70": {"chosen": -22.393362045288086, "rejected": -27.10580825805664}, "71": {"chosen": -44.12370300292969, "rejected": -207.6920928955078}, "72": {"chosen": -23.524198532104492, "rejected": -189.12901306152344}, "73": {"chosen": -2.5987157821655273, "rejected": -6.878634929656982}, "74": {"chosen": -53.32048034667969, "rejected": -29.74269676208496}, "75": {"chosen": -36.12053298950195, "rejected": -462.61785888671875}, "76": {"chosen": -17.30910873413086, "rejected": -10.880128860473633}, "77": {"chosen": -105.63307189941406, "rejected": -102.77745819091797}, "78": {"chosen": -67.9966812133789, "rejected": -45.990196228027344}, "79": {"chosen": -127.54957580566406, "rejected": -18.184892654418945}, "80": {"chosen": -7.613476753234863, "rejected": -11.66778564453125}, "81": {"chosen": -39.75295639038086, "rejected": -26.329978942871094}, "82": {"chosen": -25.91897201538086, "rejected": -31.596830368041992}, "83": {"chosen": -91.60347747802734, "rejected": -173.60482788085938}, "84": {"chosen": -43.19158172607422, "rejected": -33.500484466552734}, "85": {"chosen": -47.405452728271484, "rejected": -272.3138427734375}, "86": {"chosen": -137.26113891601562, "rejected": -42.22450256347656}, "87": {"chosen": -3.5087058544158936, "rejected": -72.29020690917969}, "88": {"chosen": -43.745906829833984, "rejected": -126.7455062866211}, "89": {"chosen": -54.84198760986328, "rejected": -72.69223022460938}, "90": {"chosen": -37.91191101074219, "rejected": -54.273250579833984}, "91": {"chosen": -59.31201171875, "rejected": -47.231163024902344}, "92": {"chosen": -22.153919219970703, "rejected": -38.4165153503418}, "93": {"chosen": -103.80001831054688, "rejected": -104.41297149658203}, "94": {"chosen": -4.593574047088623, "rejected": -17.848777770996094}, "95": {"chosen": -11.243144989013672, "rejected": -93.5682144165039}, "96": {"chosen": -20.426612854003906, "rejected": -13.193340301513672}, "97": {"chosen": -98.43733978271484, "rejected": -84.0951156616211}, "98": {"chosen": -15.998486518859863, "rejected": -64.2652587890625}, "99": {"chosen": -77.0331039428711, "rejected": -44.709808349609375}}}