{"0": {"train_labels": [0, 0, 1, 1, 0, 1, 0, 1, 1, 0, 0, 0, 1, 0, 1, 0, 0, 1, 0, 1, 0, 0, 1, 1, 0, 0, 0, 0, 1, 0, 0, 0, 1, 0, 1, 0, 0, 0, 0, 1, 1, 1, 1, 0, 1, 0, 1, 1, 0, 1, 1, 1, 0, 1, 1, 0, 1, 1, 0, 0, 0, 0, 0, 0, 0, 0, 1, 0, 0, 1, 1, 0, 1, 1, 0, 0, 1, 1, 1, 0, 1, 0, 0, 0, 0, 1, 0, 0, 1, 0, 1, 1, 0, 0, 0, 0, 1, 0, 1, 0], "train_logprobs": [[-10.614350318908691, -52.265045166015625], [-54.89626693725586, -94.96564483642578], [-123.56289672851562, -24.398916244506836], [-114.77291870117188, -21.336822509765625], [-95.55839538574219, -102.0016860961914], [-91.958740234375, -90.8221206665039], [-31.77181625366211, -86.48836517333984], [-125.43928527832031, -38.67135238647461], [-65.74024963378906, -52.64612579345703], [-109.91631317138672, -147.13327026367188], [-133.74476623535156, -145.36703491210938], [-12.159772872924805, -63.05033493041992], [-74.78724670410156, -5.202201843261719], [-35.748435974121094, -125.80965423583984], [-177.3105926513672, -83.38870239257812], [-13.737263679504395, -45.15411376953125], [-220.4341278076172, -254.39236450195312], [-106.43218231201172, -45.02961730957031], [-15.26054573059082, -93.62611389160156], [-130.60223388671875, -20.347373962402344], [-133.62448120117188, -189.87957763671875], [-11.562509536743164, -38.91878128051758], [-35.62138748168945, -24.845563888549805], [-138.41796875, -85.9579849243164], [-20.310758590698242, -30.240890502929688], [-36.63153076171875, -81.69673156738281], [-12.883018493652344, -24.17782211303711], [-45.487144470214844, -193.32664489746094], [-46.15056610107422, -7.642345905303955], [-82.0636215209961, -126.64299011230469], [-11.854012489318848, -187.6043701171875], [-30.95468521118164, -121.81259155273438], [-136.5796356201172, -53.97589111328125], [-86.15061950683594, -120.76380157470703], [-74.6552963256836, -45.258731842041016], [-7.993360996246338, -51.060302734375], [-92.16937255859375, -163.76992797851562], [-23.041927337646484, -233.6905059814453], [-14.299028396606445, -33.63175582885742], [-40.86335754394531, -32.677650451660156], [-48.05867004394531, -33.54116439819336], [-176.4833526611328, -35.5065803527832], [-54.27165222167969, -33.45939636230469], [-60.33727264404297, -63.30436325073242], [-66.81560516357422, -22.05055809020996], [-95.21241760253906, -101.11308288574219], [-67.07417297363281, -15.92618179321289], [-106.12422180175781, -18.43804931640625], [-97.48784637451172, -273.75537109375], [-79.95352172851562, -29.464611053466797], [-127.41954040527344, -64.29557800292969], [-109.2811050415039, -31.275638580322266], [-16.311540603637695, -122.82096862792969], [-71.66461181640625, -14.813949584960938], [-77.65821075439453, -39.25181579589844], [-51.57420349121094, -332.3448791503906], [-202.61587524414062, -91.01934814453125], [-68.74432373046875, -46.130149841308594], [-75.73945617675781, -133.35174560546875], [-33.6593132019043, -63.6224365234375], [-35.7603759765625, -135.07791137695312], [-87.20154571533203, -206.64013671875], [-43.202579498291016, -59.36241912841797], [-24.770706176757812, -39.67892074584961], [-25.025360107421875, -59.933982849121094], [-74.3797607421875, -90.8100814819336], [-16.22112274169922, -11.506747245788574], [-103.478271484375, -323.9831237792969], [-38.921897888183594, -124.77740478515625], [-90.30896759033203, -43.397457122802734], [-156.57264709472656, -150.801025390625], [-35.8889274597168, -69.61077117919922], [-76.6170425415039, -24.022552490234375], [-94.90234375, -36.388648986816406], [-162.56553649902344, -290.5393371582031], [-34.608097076416016, -64.32374572753906], [-58.06732940673828, -26.891315460205078], [-50.92376708984375, -7.53366756439209], [-128.28602600097656, -74.4771499633789], [-53.978363037109375, -57.444515228271484], [-69.0265884399414, -40.441062927246094], [-25.235172271728516, -231.27163696289062], [-128.18394470214844, -164.10386657714844], [-10.501556396484375, -83.79773712158203], [-34.874942779541016, -47.50033950805664], [-172.37522888183594, -120.04077911376953], [-22.35841941833496, -154.94302368164062], [-43.55156707763672, -76.9451904296875], [-290.1433410644531, -128.86729431152344], [-31.04344940185547, -87.75927734375], [-175.24917602539062, -57.75246047973633], [-126.70503234863281, -71.79757690429688], [-7.788856029510498, -10.472844123840332], [-74.68284606933594, -124.4668197631836], [-8.463468551635742, -29.963096618652344], [-113.75426483154297, -124.53787231445312], [-44.42954635620117, -12.50250244140625], [-15.53845500946045, -302.39306640625], [-53.28358840942383, -38.900428771972656], [-13.717711448669434, -75.88114166259766]], "train_probs": [1.0, 1.0, 8.582829242854718e-44, 2.637661215645773e-41, 0.9984113657718615, 0.24294155291317931, 1.0, 2.075704557696907e-38, 2.0572798732284943e-06, 1.0, 0.999991035853338, 1.0, 6.02003469128211e-31, 1.0, 1.6227115624333825e-41, 0.9999999999999772, 0.9999999999999982, 2.15379738202578e-27, 1.0, 1.3089490186760657e-48, 1.0, 0.9999999999986837, 2.0898263436224717e-05, 1.6478531395727813e-23, 0.9999513169966714, 1.0, 0.9999875627686622, 1.0, 1.8883933442298273e-17, 1.0, 1.0, 1.0, 1.3355174783128047e-36, 0.999999999999999, 1.7109379437880923e-13, 1.0, 1.0, 1.0, 0.9999999959829878, 0.0002785297559054519, 4.955953145424515e-07, 5.950667851934313e-62, 9.148547007200708e-10, 0.951065050461429, 3.620654412802163e-20, 0.9972698511996743, 6.119411663224869e-23, 8.286652943972646e-39, 1.0, 1.1828909156593444e-22, 3.851336386666084e-28, 1.3263445512948729e-34, 1.0, 2.0420722342981612e-25, 2.0908101499095246e-17, 1.0, 3.421716949440867e-49, 1.5093468998808963e-10, 1.0, 0.999999999999903, 1.0, 1.0, 0.9999999040884789, 0.9999996646915239, 0.9999999999999993, 0.9999999268183267, 0.008885797991764616, 1.0, 1.0, 4.232430800547251e-21, 0.0031050310434506657, 0.9999999999999977, 1.440466598146833e-23, 3.871018515293088e-26, 1.0, 0.9999999999998758, 2.886882948099402e-14, 1.4319214897404163e-19, 4.2766337548496606e-24, 0.9697091998376691, 3.8500290596294034e-13, 1.0, 0.9999999999999998, 1.0, 0.999996712555412, 1.868259727944006e-23, 1.0, 0.9999999999999969, 9.0929087331421e-71, 1.0, 9.371838516119279e-52, 1.4255914603775695e-24, 0.9360751803553483, 1.0, 0.9999999995399234, 0.9999792637715204, 1.3622631357505343e-14, 1.0, 5.668561867340213e-07, 1.0], "test_labels": [], "test_logprobs": [], "test_probs": []}}