{"0": {"train_labels": [0, 0, 1, 1, 0, 1, 0, 1, 0, 0, 0, 0, 1, 0, 1, 0, 0, 1, 0, 1, 0, 0, 1, 1, 0, 0, 0, 0, 1, 0, 0, 0, 1, 0, 1, 0, 0, 0, 0, 1, 1, 1, 1, 0, 1, 0, 1, 1, 0, 1, 1, 1, 0, 1, 1, 0, 1, 1, 0, 0, 0, 0, 0, 0, 0, 0, 1, 0, 0, 1, 1, 0, 1, 1, 0, 0, 1, 1, 1, 0, 1, 0, 0, 0, 0, 1, 0, 0, 1, 0, 1, 1, 0, 0, 0, 1, 1, 0, 1, 0], "train_logprobs": [[-14.901887893676758, -67.96903991699219], [-58.58376693725586, -95.83651733398438], [-131.55828857421875, -28.91924476623535], [-127.21192932128906, -31.405071258544922], [-106.41421508789062, -120.79179382324219], [-118.92323303222656, -100.02372741699219], [-44.737823486328125, -96.6557846069336], [-142.83607482910156, -43.03474044799805], [-65.92047119140625, -68.72523498535156], [-121.42306518554688, -159.96072387695312], [-143.0885009765625, -154.72755432128906], [-21.234758377075195, -68.46099090576172], [-79.94668579101562, -7.145172119140625], [-31.9075927734375, -143.72589111328125], [-185.9686737060547, -97.70323181152344], [-20.989717483520508, -53.5421028137207], [-254.44354248046875, -276.8817443847656], [-116.64271545410156, -57.473548889160156], [-41.22845458984375, -97.82083129882812], [-158.85972595214844, -19.276906967163086], [-135.77322387695312, -199.94859313964844], [-16.67746353149414, -51.574928283691406], [-40.56510925292969, -32.51554870605469], [-165.98187255859375, -100.03787994384766], [-25.178638458251953, -52.8431282043457], [-44.96430587768555, -82.27986907958984], [-11.942933082580566, -23.25876235961914], [-43.48483657836914, -198.84011840820312], [-49.00125503540039, -27.257022857666016], [-92.36441802978516, -138.7433624267578], [-18.41507911682129, -206.24473571777344], [-57.04835510253906, -134.34890747070312], [-147.18838500976562, -66.18516540527344], [-105.42823028564453, -140.66729736328125], [-81.16588592529297, -64.51307678222656], [-6.751663684844971, -62.96320343017578], [-110.32939147949219, -186.33428955078125], [-36.88336944580078, -251.0222930908203], [-21.238771438598633, -43.637046813964844], [-58.78732681274414, -33.980621337890625], [-47.131282806396484, -44.2591667175293], [-186.8542938232422, -37.838680267333984], [-63.30375671386719, -37.233131408691406], [-69.5693130493164, -75.87843322753906], [-78.64775848388672, -36.063106536865234], [-104.59075164794922, -116.64978790283203], [-70.58822631835938, -27.81336212158203], [-118.91191101074219, -28.502595901489258], [-96.21571350097656, -278.6124267578125], [-85.65205383300781, -31.574016571044922], [-143.9043731689453, -74.03448486328125], [-116.9666748046875, -39.95924758911133], [-26.364585876464844, -141.19677734375], [-75.8582763671875, -13.804764747619629], [-76.22193908691406, -44.393028259277344], [-64.19342041015625, -361.9510803222656], [-225.63095092773438, -113.65538024902344], [-80.12074279785156, -59.67540740966797], [-87.80986785888672, -156.48733520507812], [-40.69935607910156, -76.20304107666016], [-54.15711212158203, -151.8678436279297], [-99.16395568847656, -218.72071838378906], [-57.6043701171875, -75.54129791259766], [-25.998777389526367, -60.65689468383789], [-44.42973327636719, -62.743038177490234], [-80.50150299072266, -99.07662200927734], [-22.593170166015625, -20.602725982666016], [-112.03108215332031, -333.7202453613281], [-50.62567901611328, -127.68266296386719], [-102.90070343017578, -52.16547393798828], [-189.0146942138672, -157.25595092773438], [-44.26639175415039, -82.4996337890625], [-91.35198211669922, -31.87716293334961], [-92.87371063232422, -45.621307373046875], [-179.15380859375, -291.43524169921875], [-47.949363708496094, -80.29348754882812], [-65.654296875, -25.504728317260742], [-56.787044525146484, -20.60402488708496], [-134.19837951660156, -81.40702819824219], [-63.00692367553711, -71.75239562988281], [-64.41063690185547, -58.48985290527344], [-30.93500518798828, -244.40582275390625], [-130.29452514648438, -168.16647338867188], [-16.916902542114258, -91.82994842529297], [-54.69373321533203, -57.300559997558594], [-177.34979248046875, -133.20626831054688], [-45.314308166503906, -166.02508544921875], [-59.19807434082031, -101.03327178955078], [-303.6850280761719, -152.05125427246094], [-46.86086654663086, -103.75733947753906], [-187.17640686035156, -63.30619430541992], [-133.01513671875, -79.6170425415039], [-20.846588134765625, -26.922048568725586], [-75.63227844238281, -154.12100219726562], [-13.648222923278809, -34.91096115112305], [-127.03153228759766, -127.02249145507812], [-46.422428131103516, -13.789007186889648], [-32.664127349853516, -329.9589538574219], [-62.664085388183594, -49.712615966796875], [-22.505464553833008, -76.7309341430664]], "train_probs": [1.0, 1.0, 2.6572330556133967e-45, 2.463827026703884e-42, 0.999999429971402, 6.195109655170378e-09, 1.0, 4.537652058907808e-44, 0.9429327083375254, 1.0, 0.9999911850565708, 1.0, 2.4138169804977627e-32, 1.0, 4.6430743963078135e-39, 0.9999999999999927, 0.9999999998200247, 2.0098213809109046e-26, 1.0, 2.398567508390982e-61, 1.0, 0.9999999999999993, 0.0003191403005886294, 2.29555600485541e-29, 0.999999999999033, 1.0, 0.9999878215365305, 1.0, 3.6024665075485384e-10, 1.0, 1.0, 1.0, 6.618334441099153e-36, 0.9999999999999996, 5.85837078738108e-08, 1.0, 1.0, 1.0, 0.9999999998126936, 1.6849409995107628e-11, 0.05354930349084749, 1.9201772292961884e-65, 4.760705210556805e-12, 0.9981836715637384, 3.204207595997372e-19, 0.9999942080529616, 2.6491863897191945e-19, 5.441684210707254e-40, 1.0, 3.267434008203911e-24, 4.527860703884784e-31, 3.598315956745545e-34, 1.0, 1.1233169727486181e-27, 1.502725522419704e-14, 1.0, 2.3422192514908134e-49, 1.3203943572107249e-09, 1.0, 0.9999999999999997, 1.0, 1.0, 0.9999999837784919, 0.999999999999999, 0.999999988866474, 0.9999999914310362, 0.120209877949788, 1.0, 1.0, 9.246338604978602e-23, 1.6119554637946245e-14, 1.0, 1.4805197884005958e-26, 3.009830285443599e-21, 1.0, 0.999999999999991, 3.6581703430704126e-18, 1.9315868165388092e-16, 1.1830617962192494e-23, 0.9998408448622231, 0.0026759160749874372, 1.0, 1.0, 1.0, 0.9312996495103795, 6.740793783073735e-20, 1.0, 1.0, 1.400518232077035e-66, 1.0, 1.5990064486121228e-54, 6.44914816478624e-24, 0.9977066837935334, 1.0, 0.9999999994169442, 0.4977398072651453, 6.721796470291091e-15, 1.0, 2.3727242411435546e-06, 1.0], "test_labels": [], "test_logprobs": [], "test_probs": []}}