{"0": {"0": {"chosen": -21.690048217773438, "rejected": -6.792657375335693}, "1": {"chosen": -15.044584274291992, "rejected": -23.13321876525879}, "2": {"chosen": -38.7471923828125, "rejected": -255.36575317382812}, "3": {"chosen": -18.45197105407715, "rejected": -23.135692596435547}, "4": {"chosen": -36.76408386230469, "rejected": -180.49742126464844}, "5": {"chosen": -122.56529235839844, "rejected": -182.96163940429688}, "6": {"chosen": -105.57682037353516, "rejected": -29.17534637451172}, "7": {"chosen": -10.302153587341309, "rejected": -22.21283721923828}, "8": {"chosen": -15.776130676269531, "rejected": -58.36366271972656}, "9": {"chosen": -10.100898742675781, "rejected": -337.859130859375}, "10": {"chosen": -20.366050720214844, "rejected": -23.475597381591797}, "11": {"chosen": -29.21953010559082, "rejected": -313.3475646972656}, "12": {"chosen": -31.282270431518555, "rejected": -9.983569145202637}, "13": {"chosen": -107.92904663085938, "rejected": -46.73906707763672}, "14": {"chosen": -43.31783676147461, "rejected": -28.828275680541992}, "15": {"chosen": -20.688880920410156, "rejected": -33.241249084472656}, "16": {"chosen": -67.87134552001953, "rejected": -277.72637939453125}, "17": {"chosen": -58.073734283447266, "rejected": -37.33027648925781}, "18": {"chosen": -223.05661010742188, "rejected": -86.2243423461914}, "19": {"chosen": -81.68878936767578, "rejected": -41.1467170715332}, "20": {"chosen": -52.487403869628906, "rejected": -31.934968948364258}, "21": {"chosen": -25.710411071777344, "rejected": -14.959419250488281}, "22": {"chosen": -51.888763427734375, "rejected": -20.05728530883789}, "23": {"chosen": -14.940350532531738, "rejected": -60.57400894165039}, "24": {"chosen": -51.935646057128906, "rejected": -15.651424407958984}, "25": {"chosen": -114.50144958496094, "rejected": -16.187271118164062}, "26": {"chosen": -30.95775604248047, "rejected": -68.24977111816406}, "27": {"chosen": -197.97377014160156, "rejected": -146.88365173339844}, "28": {"chosen": -79.67733001708984, "rejected": -32.291015625}, "29": {"chosen": -12.146592140197754, "rejected": -118.85272979736328}, "30": {"chosen": -44.99198913574219, "rejected": -18.365930557250977}, "31": {"chosen": -110.18406677246094, "rejected": -181.18556213378906}, "32": {"chosen": -48.18570327758789, "rejected": -43.58549118041992}, "33": {"chosen": -79.66495513916016, "rejected": -27.33837890625}, "34": {"chosen": -203.4084930419922, "rejected": -47.8748779296875}, "35": {"chosen": -63.550743103027344, "rejected": -89.33518981933594}, "36": {"chosen": -25.1440372467041, "rejected": -165.23069763183594}, "37": {"chosen": -30.270870208740234, "rejected": -102.21265411376953}, "38": {"chosen": -20.926265716552734, "rejected": -386.4952697753906}, "39": {"chosen": -16.15740394592285, "rejected": -133.36585998535156}, "40": {"chosen": -55.654640197753906, "rejected": -90.15949249267578}, "41": {"chosen": -134.9248046875, "rejected": -63.950416564941406}, "42": {"chosen": -96.71821594238281, "rejected": -61.78192901611328}, "43": {"chosen": -107.93778991699219, "rejected": -47.22200393676758}, "44": {"chosen": -253.55079650878906, "rejected": -363.8096923828125}, "45": {"chosen": -126.72740173339844, "rejected": -351.30548095703125}, "46": {"chosen": -158.0207061767578, "rejected": -113.61725616455078}, "47": {"chosen": -77.55043029785156, "rejected": -132.85304260253906}, "48": {"chosen": -36.69357681274414, "rejected": -26.068660736083984}, "49": {"chosen": -126.59356689453125, "rejected": -31.66934585571289}, "50": {"chosen": -97.70034790039062, "rejected": -45.117000579833984}, "51": {"chosen": -23.047090530395508, "rejected": -28.89566421508789}, "52": {"chosen": -16.675363540649414, "rejected": -33.231502532958984}, "53": {"chosen": -355.047119140625, "rejected": -107.68040466308594}, "54": {"chosen": -25.011947631835938, "rejected": -253.16615295410156}, "55": {"chosen": -30.506269454956055, "rejected": -142.06117248535156}, "56": {"chosen": -41.27947998046875, "rejected": -263.03204345703125}, "57": {"chosen": -16.972122192382812, "rejected": -16.82081413269043}, "58": {"chosen": -99.6920394897461, "rejected": -162.90269470214844}, "59": {"chosen": -65.33728790283203, "rejected": -26.918807983398438}, "60": {"chosen": -21.65831184387207, "rejected": -33.193336486816406}, "61": {"chosen": -91.1286392211914, "rejected": -53.7247314453125}, "62": {"chosen": -161.40065002441406, "rejected": -108.58519744873047}, "63": {"chosen": -68.38699340820312, "rejected": -27.875329971313477}, "64": {"chosen": -184.99795532226562, "rejected": -184.62713623046875}, "65": {"chosen": -53.17033386230469, "rejected": -139.08462524414062}, "66": {"chosen": -20.41986846923828, "rejected": -68.67940521240234}, "67": {"chosen": -18.244993209838867, "rejected": -81.38990020751953}, "68": {"chosen": -145.3183135986328, "rejected": -207.92318725585938}, "69": {"chosen": -20.164148330688477, "rejected": -16.088642120361328}, "70": {"chosen": -23.755516052246094, "rejected": -27.580568313598633}, "71": {"chosen": -45.04267883300781, "rejected": -206.94619750976562}, "72": {"chosen": -22.11965560913086, "rejected": -189.4139862060547}, "73": {"chosen": -3.0125229358673096, "rejected": -7.320463180541992}, "74": {"chosen": -52.96760940551758, "rejected": -29.534584045410156}, "75": {"chosen": -38.70039367675781, "rejected": -468.35809326171875}, "76": {"chosen": -16.897403717041016, "rejected": -12.05704116821289}, "77": {"chosen": -106.88162994384766, "rejected": -102.84828186035156}, "78": {"chosen": -68.81945037841797, "rejected": -44.27576446533203}, "79": {"chosen": -132.90658569335938, "rejected": -20.449024200439453}, "80": {"chosen": -7.399735450744629, "rejected": -13.18423080444336}, "81": {"chosen": -41.99858474731445, "rejected": -27.53117561340332}, "82": {"chosen": -27.150836944580078, "rejected": -31.147825241088867}, "83": {"chosen": -91.206787109375, "rejected": -174.50282287597656}, "84": {"chosen": -44.69141387939453, "rejected": -34.40749740600586}, "85": {"chosen": -48.388946533203125, "rejected": -272.26763916015625}, "86": {"chosen": -136.0520782470703, "rejected": -42.0688591003418}, "87": {"chosen": -4.039912223815918, "rejected": -73.78024291992188}, "88": {"chosen": -45.092777252197266, "rejected": -127.62250518798828}, "89": {"chosen": -52.11935043334961, "rejected": -72.70919799804688}, "90": {"chosen": -39.41523742675781, "rejected": -53.35169982910156}, "91": {"chosen": -63.767295837402344, "rejected": -47.79718017578125}, "92": {"chosen": -23.326213836669922, "rejected": -40.20829391479492}, "93": {"chosen": -102.78363037109375, "rejected": -108.33306121826172}, "94": {"chosen": -4.209409713745117, "rejected": -14.822945594787598}, "95": {"chosen": -10.949969291687012, "rejected": -93.99172973632812}, "96": {"chosen": -20.28843879699707, "rejected": -15.28738021850586}, "97": {"chosen": -101.21930694580078, "rejected": -84.89977264404297}, "98": {"chosen": -16.103960037231445, "rejected": -62.01005172729492}, "99": {"chosen": -77.66399383544922, "rejected": -44.11069869995117}}}