{"0": {"0": {"chosen": -19.06439208984375, "rejected": -6.186999797821045}, "1": {"chosen": -13.017215728759766, "rejected": -22.56178855895996}, "2": {"chosen": -36.939727783203125, "rejected": -259.3516845703125}, "3": {"chosen": -17.152563095092773, "rejected": -21.931568145751953}, "4": {"chosen": -36.91227722167969, "rejected": -186.3396759033203}, "5": {"chosen": -126.43370819091797, "rejected": -179.72088623046875}, "6": {"chosen": -100.82400512695312, "rejected": -23.221778869628906}, "7": {"chosen": -12.416290283203125, "rejected": -27.77373504638672}, "8": {"chosen": -14.888233184814453, "rejected": -59.02716064453125}, "9": {"chosen": -8.19282054901123, "rejected": -340.43212890625}, "10": {"chosen": -18.171972274780273, "rejected": -22.020036697387695}, "11": {"chosen": -27.014131546020508, "rejected": -307.8272705078125}, "12": {"chosen": -30.368160247802734, "rejected": -8.750750541687012}, "13": {"chosen": -100.6346664428711, "rejected": -42.86117172241211}, "14": {"chosen": -40.641754150390625, "rejected": -27.681793212890625}, "15": {"chosen": -17.396831512451172, "rejected": -26.64032745361328}, "16": {"chosen": -71.20288848876953, "rejected": -277.9645690917969}, "17": {"chosen": -54.583099365234375, "rejected": -33.19919967651367}, "18": {"chosen": -218.9749298095703, "rejected": -80.61417388916016}, "19": {"chosen": -80.0521240234375, "rejected": -36.64175033569336}, "20": {"chosen": -53.95757293701172, "rejected": -32.75517654418945}, "21": {"chosen": -21.55015754699707, "rejected": -11.512212753295898}, "22": {"chosen": -51.88837814331055, "rejected": -21.553272247314453}, "23": {"chosen": -10.561413764953613, "rejected": -57.56444549560547}, "24": {"chosen": -46.868370056152344, "rejected": -12.250386238098145}, "25": {"chosen": -108.06231689453125, "rejected": -9.522872924804688}, "26": {"chosen": -29.363176345825195, "rejected": -68.07867431640625}, "27": {"chosen": -201.8326416015625, "rejected": -142.6918487548828}, "28": {"chosen": -74.35733032226562, "rejected": -26.24974250793457}, "29": {"chosen": -8.634223937988281, "rejected": -113.20952606201172}, "30": {"chosen": -45.34077835083008, "rejected": -19.47570037841797}, "31": {"chosen": -109.96222686767578, "rejected": -175.97015380859375}, "32": {"chosen": -45.93548583984375, "rejected": -38.387508392333984}, "33": {"chosen": -76.33466339111328, "rejected": -24.91023063659668}, "34": {"chosen": -201.77027893066406, "rejected": -48.05047607421875}, "35": {"chosen": -62.31739807128906, "rejected": -86.8851318359375}, "36": {"chosen": -26.471450805664062, "rejected": -171.57330322265625}, "37": {"chosen": -27.732955932617188, "rejected": -97.69415283203125}, "38": {"chosen": -21.164247512817383, "rejected": -382.53594970703125}, "39": {"chosen": -14.269491195678711, "rejected": -130.79698181152344}, "40": {"chosen": -55.770713806152344, "rejected": -86.1299819946289}, "41": {"chosen": -131.3527374267578, "rejected": -64.56150817871094}, "42": {"chosen": -96.41625213623047, "rejected": -64.61349487304688}, "43": {"chosen": -102.5810546875, "rejected": -47.95881271362305}, "44": {"chosen": -255.32379150390625, "rejected": -352.16778564453125}, "45": {"chosen": -124.01182556152344, "rejected": -349.11566162109375}, "46": {"chosen": -164.39390563964844, "rejected": -112.7719955444336}, "47": {"chosen": -73.65816497802734, "rejected": -133.82266235351562}, "48": {"chosen": -31.82850456237793, "rejected": -24.369550704956055}, "49": {"chosen": -121.86064147949219, "rejected": -28.9908447265625}, "50": {"chosen": -94.8822021484375, "rejected": -44.7630615234375}, "51": {"chosen": -21.973609924316406, "rejected": -26.291175842285156}, "52": {"chosen": -17.149072647094727, "rejected": -31.104068756103516}, "53": {"chosen": -360.93804931640625, "rejected": -105.96378326416016}, "54": {"chosen": -21.191875457763672, "rejected": -265.8170166015625}, "55": {"chosen": -30.070728302001953, "rejected": -137.747802734375}, "56": {"chosen": -42.03871154785156, "rejected": -270.7594299316406}, "57": {"chosen": -15.401137351989746, "rejected": -13.247255325317383}, "58": {"chosen": -101.6846694946289, "rejected": -164.09695434570312}, "59": {"chosen": -60.35673522949219, "rejected": -26.332752227783203}, "60": {"chosen": -19.456161499023438, "rejected": -35.36640930175781}, "61": {"chosen": -88.19207763671875, "rejected": -52.56324005126953}, "62": {"chosen": -158.3611297607422, "rejected": -102.40288543701172}, "63": {"chosen": -68.79671478271484, "rejected": -23.867046356201172}, "64": {"chosen": -176.56192016601562, "rejected": -172.74267578125}, "65": {"chosen": -50.13593673706055, "rejected": -134.07855224609375}, "66": {"chosen": -17.74542808532715, "rejected": -65.16100311279297}, "67": {"chosen": -17.713930130004883, "rejected": -80.09119415283203}, "68": {"chosen": -142.36793518066406, "rejected": -205.923583984375}, "69": {"chosen": -20.346023559570312, "rejected": -16.19963836669922}, "70": {"chosen": -23.554609298706055, "rejected": -29.554683685302734}, "71": {"chosen": -42.42271423339844, "rejected": -207.05859375}, "72": {"chosen": -23.070077896118164, "rejected": -184.36488342285156}, "73": {"chosen": -3.8340201377868652, "rejected": -8.142901420593262}, "74": {"chosen": -57.326393127441406, "rejected": -28.781478881835938}, "75": {"chosen": -35.26881408691406, "rejected": -466.9783935546875}, "76": {"chosen": -17.070064544677734, "rejected": -9.235671043395996}, "77": {"chosen": -106.01851654052734, "rejected": -103.24242401123047}, "78": {"chosen": -70.58085632324219, "rejected": -45.15494918823242}, "79": {"chosen": -123.72530364990234, "rejected": -19.081209182739258}, "80": {"chosen": -8.599581718444824, "rejected": -8.595020294189453}, "81": {"chosen": -41.10811233520508, "rejected": -25.762096405029297}, "82": {"chosen": -23.15859603881836, "rejected": -25.64971160888672}, "83": {"chosen": -87.14995574951172, "rejected": -179.05496215820312}, "84": {"chosen": -42.68212890625, "rejected": -33.55400848388672}, "85": {"chosen": -43.89847946166992, "rejected": -257.8760681152344}, "86": {"chosen": -137.4763946533203, "rejected": -38.892791748046875}, "87": {"chosen": -3.442366600036621, "rejected": -72.81303405761719}, "88": {"chosen": -43.46035385131836, "rejected": -126.54216003417969}, "89": {"chosen": -52.58871078491211, "rejected": -71.97613525390625}, "90": {"chosen": -40.11455535888672, "rejected": -53.131954193115234}, "91": {"chosen": -54.56409454345703, "rejected": -44.17143249511719}, "92": {"chosen": -20.424245834350586, "rejected": -40.79544448852539}, "93": {"chosen": -104.42765808105469, "rejected": -106.69007110595703}, "94": {"chosen": -4.1647562980651855, "rejected": -17.132949829101562}, "95": {"chosen": -7.865183353424072, "rejected": -90.68450164794922}, "96": {"chosen": -16.270906448364258, "rejected": -11.296070098876953}, "97": {"chosen": -102.681884765625, "rejected": -85.16140747070312}, "98": {"chosen": -13.640833854675293, "rejected": -63.415523529052734}, "99": {"chosen": -75.95198059082031, "rejected": -42.6044807434082}}}