{"0": {"train_labels": [0, 0, 1, 1, 0, 1, 0, 1, 1, 0, 0, 0, 1, 0, 1, 0, 0, 1, 0, 1, 0, 0, 1, 1, 0, 0, 0, 0, 1, 0, 0, 0, 1, 0, 1, 0, 0, 0, 0, 1, 1, 1, 1, 0, 1, 0, 1, 1, 0, 1, 1, 1, 0, 1, 1, 0, 1, 1, 0, 0, 0, 0, 0, 0, 0, 0, 1, 0, 0, 1, 1, 0, 1, 1, 0, 0, 1, 1, 1, 0, 1, 0, 0, 0, 0, 1, 0, 0, 1, 0, 1, 1, 0, 0, 0, 0, 1, 0, 1, 0], "train_logprobs": [[-13.92048454284668, -61.13739776611328], [-60.92316818237305, -95.73187255859375], [-130.78402709960938, -27.67072105407715], [-130.40968322753906, -31.302276611328125], [-108.39208221435547, -116.35550689697266], [-118.75173950195312, -95.48812866210938], [-41.73286056518555, -95.85929107666016], [-140.6519012451172, -39.24158477783203], [-70.39777374267578, -65.80125427246094], [-124.33273315429688, -158.43280029296875], [-140.60165405273438, -152.189208984375], [-18.806486129760742, -64.96794128417969], [-82.49241638183594, -7.084023952484131], [-33.05067443847656, -140.5535430908203], [-184.65359497070312, -97.83039855957031], [-18.95718765258789, -49.06221008300781], [-250.67413330078125, -275.72076416015625], [-115.97712707519531, -55.576629638671875], [-36.34339904785156, -96.74031829833984], [-157.0441436767578, -20.97652816772461], [-133.5941162109375, -198.254638671875], [-18.92637062072754, -50.62297821044922], [-41.448936462402344, -35.2769889831543], [-166.9500274658203, -100.65135955810547], [-24.642370223999023, -47.871665954589844], [-44.416236877441406, -78.46949768066406], [-10.905985832214355, -21.587326049804688], [-44.39326095581055, -195.53878784179688], [-49.05217742919922, -29.31915855407715], [-92.6819076538086, -140.0200958251953], [-18.624210357666016, -202.6463165283203], [-55.1489143371582, -130.70069885253906], [-137.66244506835938, -64.63803100585938], [-105.10029602050781, -140.80735778808594], [-79.56982421875, -63.73210906982422], [-6.597305774688721, -60.6077880859375], [-104.40568542480469, -181.06727600097656], [-36.02712631225586, -251.44374084472656], [-20.955379486083984, -42.19075012207031], [-55.75108337402344, -29.8145809173584], [-46.217918395996094, -45.207969665527344], [-183.8033447265625, -37.698917388916016], [-57.82537841796875, -34.3253288269043], [-65.04513549804688, -75.7777099609375], [-74.30447387695312, -31.7428035736084], [-104.79348754882812, -116.49211883544922], [-67.45549774169922, -22.894495010375977], [-117.07775115966797, -29.042797088623047], [-96.94166564941406, -279.1109619140625], [-88.27191925048828, -30.407718658447266], [-136.3297119140625, -70.71150207519531], [-114.20767211914062, -39.446250915527344], [-24.402002334594727, -138.0059051513672], [-74.61312866210938, -13.483956336975098], [-77.36906433105469, -44.352142333984375], [-65.65824127197266, -357.2719421386719], [-220.52963256835938, -112.78060913085938], [-84.73262023925781, -58.314979553222656], [-83.59951782226562, -155.3612823486328], [-38.76409149169922, -73.5020523071289], [-49.974822998046875, -152.19387817382812], [-98.67237854003906, -216.91915893554688], [-58.27953338623047, -73.44620513916016], [-26.738739013671875, -62.714599609375], [-38.97193145751953, -63.81949234008789], [-81.3179931640625, -100.04444122314453], [-21.875913619995117, -20.9848575592041], [-110.2823257446289, -329.7534484863281], [-50.68545913696289, -127.78021240234375], [-97.77255249023438, -52.55429458618164], [-188.77684020996094, -157.6972198486328], [-44.41817092895508, -81.92315673828125], [-87.46864318847656, -32.514564514160156], [-92.64126586914062, -44.50668716430664], [-168.06167602539062, -291.26177978515625], [-49.775691986083984, -78.82612609863281], [-66.10125732421875, -24.932104110717773], [-55.60783004760742, -22.384737014770508], [-132.71316528320312, -83.63780975341797], [-62.62518310546875, -72.76775360107422], [-65.7766342163086, -57.858673095703125], [-28.649309158325195, -239.8281707763672], [-127.1773910522461, -161.0636444091797], [-17.108699798583984, -91.07804107666016], [-54.96649932861328, -57.19667053222656], [-179.64529418945312, -134.75985717773438], [-42.93622970581055, -165.74224853515625], [-57.88037872314453, -100.37702941894531], [-303.2817687988281, -147.9617156982422], [-45.607425689697266, -101.53748321533203], [-181.65310668945312, -63.569602966308594], [-131.405029296875, -72.3924560546875], [-19.164709091186523, -25.404630661010742], [-75.91838836669922, -149.08740234375], [-15.1202974319458, -35.16463088989258], [-126.8764419555664, -129.0518035888672], [-45.19879150390625, -14.682472229003906], [-31.144744873046875, -320.5748596191406], [-58.73222351074219, -47.27534103393555], [-19.874313354492188, -77.18777465820312]], "train_probs": [1.0, 0.9999999999999992, 1.6537131263385366e-45, 9.082390923588799e-44, 0.999652161609621, 7.88391953411046e-11, 1.0, 9.079441822647172e-45, 0.009986153259751985, 0.9999999999999984, 0.9999907192130346, 1.0, 1.7805381310906487e-33, 1.0, 1.9641058874141004e-38, 0.9999999999999157, 0.9999999999867448, 5.866745638045004e-27, 1.0, 8.064648043275951e-60, 1.0, 0.9999999999999829, 0.0020828201307972337, 1.6101056357522854e-29, 0.9999999999184085, 0.9999999999999983, 0.9999770309565802, 1.0, 2.6918991793541054e-09, 1.0, 1.0, 1.0, 1.9315231978121402e-32, 0.9999999999999997, 1.3236331865145446e-07, 1.0, 1.0, 1.0, 0.999999999400767, 5.444024903465355e-12, 0.2669898844108226, 3.529014360515891e-64, 6.223835968216573e-11, 0.999978178095194, 3.278698233350165e-19, 0.9999916948901811, 4.4401987038302846e-20, 5.846624906688869e-39, 1.0, 7.411344195842472e-26, 3.179607806701234e-29, 3.400378895242008e-33, 1.0, 2.8309863534102644e-27, 4.580711785995616e-15, 1.0, 1.603960580220819e-47, 3.3648400545609653e-12, 1.0, 0.9999999999999991, 1.0, 1.0, 0.9999997410606601, 0.9999999999999999, 0.999999999983825, 0.9999999926344202, 0.2908919416447902, 1.0, 1.0, 2.3012304446658833e-20, 3.179013538308386e-14, 1.0, 1.3606514025502584e-24, 1.24571323828751e-21, 1.0, 0.9999999999997581, 1.3196657177421656e-18, 3.727297208705948e-15, 4.862324015399481e-22, 0.9999606340710138, 0.0003640114632650579, 1.0, 0.9999999999999981, 1.0, 0.9029263661042025, 3.209980454434474e-20, 1.0, 1.0, 3.5104113453165842e-68, 1.0, 5.21177825122965e-52, 2.3505261005097527e-26, 0.9980537866760858, 1.0, 0.9999999980282284, 0.898015055408199, 5.583813841221617e-14, 1.0, 1.0576319629240782e-05, 1.0], "test_labels": [], "test_logprobs": [], "test_probs": []}}