{"0": {"train_labels": [0, 0, 1, 1, 0, 0, 0, 1, 1, 0, 0, 0, 1, 0, 1, 0, 0, 1, 0, 1, 0, 0, 1, 1, 0, 0, 0, 0, 1, 0, 0, 0, 1, 0, 1, 0, 0, 0, 0, 1, 1, 1, 1, 1, 1, 0, 1, 1, 0, 1, 1, 1, 0, 1, 1, 0, 1, 1, 0, 0, 0, 0, 0, 0, 0, 0, 1, 0, 0, 1, 1, 0, 1, 1, 0, 0, 1, 1, 1, 0, 1, 0, 0, 0, 0, 1, 0, 0, 1, 0, 1, 1, 0, 0, 0, 0, 1, 0, 1, 0], "train_logprobs": [[-10.80787467956543, -49.84721755981445], [-51.76139831542969, -94.03265380859375], [-118.77894592285156, -22.456396102905273], [-116.1155776977539, -21.596715927124023], [-95.32475280761719, -101.88308715820312], [-90.92459869384766, -91.03399658203125], [-30.924503326416016, -86.24317932128906], [-125.49949645996094, -39.08497619628906], [-65.69351196289062, -52.34866714477539], [-108.54971313476562, -145.96759033203125], [-133.509521484375, -144.96875], [-13.172417640686035, -65.13996887207031], [-74.12415313720703, -6.147243976593018], [-35.278690338134766, -124.65327453613281], [-176.07469177246094, -84.54460144042969], [-13.018054008483887, -44.42729187011719], [-219.41319274902344, -255.45895385742188], [-105.32758331298828, -45.658714294433594], [-15.353615760803223, -93.00123596191406], [-132.428955078125, -19.81698989868164], [-134.03396606445312, -191.25015258789062], [-11.707955360412598, -41.69256591796875], [-35.465858459472656, -24.28057861328125], [-138.9003448486328, -85.17515563964844], [-20.799049377441406, -29.75680923461914], [-37.29072570800781, -79.89107513427734], [-13.080076217651367, -23.110342025756836], [-43.755619049072266, -191.63487243652344], [-44.649147033691406, -7.336538314819336], [-80.95162963867188, -125.25313568115234], [-11.540250778198242, -188.52786254882812], [-31.983076095581055, -118.04769134521484], [-134.2714080810547, -51.961124420166016], [-84.9173583984375, -119.65933227539062], [-73.07026672363281, -47.04600143432617], [-7.660126686096191, -50.831085205078125], [-87.61922454833984, -159.64369201660156], [-23.25271987915039, -233.15301513671875], [-14.814741134643555, -31.230300903320312], [-41.07807540893555, -29.103435516357422], [-48.02473068237305, -33.48288345336914], [-175.85018920898438, -33.2373046875], [-55.38732147216797, -34.51858139038086], [-61.578216552734375, -61.245628356933594], [-64.25611877441406, -20.311767578125], [-95.77545166015625, -100.4405746459961], [-66.2313461303711, -14.169767379760742], [-105.11054992675781, -19.96177864074707], [-97.6546630859375, -272.72906494140625], [-79.47128295898438, -27.137691497802734], [-126.93531799316406, -64.01424407958984], [-107.13550567626953, -31.267671585083008], [-16.280839920043945, -123.12396240234375], [-71.02674102783203, -14.846238136291504], [-76.97389221191406, -39.113929748535156], [-52.982505798339844, -330.99322509765625], [-202.5508270263672, -91.68873596191406], [-68.46810150146484, -45.622581481933594], [-72.55626678466797, -132.84085083007812], [-34.344146728515625, -62.852996826171875], [-36.68888473510742, -134.01065063476562], [-86.65003204345703, -203.89889526367188], [-42.03936004638672, -59.55526351928711], [-27.162267684936523, -41.2292594909668], [-25.084211349487305, -60.452205657958984], [-75.07769012451172, -89.13706970214844], [-14.901667594909668, -11.216893196105957], [-100.79266357421875, -323.2110290527344], [-42.1778450012207, -124.58427429199219], [-87.64115142822266, -45.103416442871094], [-154.83554077148438, -149.5104217529297], [-36.130638122558594, -68.8448257446289], [-75.96173095703125, -23.8998966217041], [-93.7612533569336, -35.84523010253906], [-159.35699462890625, -285.63702392578125], [-35.44308090209961, -65.17147827148438], [-56.45726776123047, -26.686466217041016], [-50.8076057434082, -5.238828659057617], [-126.7467041015625, -76.67333984375], [-53.103851318359375, -56.45405960083008], [-65.94879150390625, -41.23259735107422], [-25.736684799194336, -228.08279418945312], [-129.561279296875, -165.78456115722656], [-9.479945182800293, -85.04544067382812], [-33.942626953125, -47.42628860473633], [-172.2440948486328, -119.89859008789062], [-21.96223258972168, -154.48048400878906], [-41.992095947265625, -75.47769165039062], [-288.71966552734375, -127.92668914794922], [-31.501924514770508, -87.64540100097656], [-174.14205932617188, -57.383140563964844], [-125.92955780029297, -71.70278930664062], [-6.627242565155029, -10.815835952758789], [-75.7569351196289, -126.39861297607422], [-8.885588645935059, -29.852428436279297], [-112.24154663085938, -124.92354583740234], [-44.7801399230957, -12.988301277160645], [-15.116419792175293, -304.6937255859375], [-52.358306884765625, -36.820953369140625], [-14.08108901977539, -75.50651550292969]], "train_probs": [1.0, 1.0, 1.4711201034979574e-42, 8.932641350826041e-42, 0.9985837625284428, 0.5273222283429088, 1.0, 2.955634267926044e-38, 1.601057164366916e-06, 1.0, 0.9999894484634828, 1.0, 3.006100215327455e-30, 1.0, 1.774135723009418e-40, 0.9999999999999771, 0.9999999999999999, 1.2193810565229507e-26, 1.0, 1.2394954197730727e-49, 1.0, 0.9999999999999049, 1.3876778545789729e-05, 4.649933985690168e-24, 0.9998712822561749, 1.0, 0.9999559554904024, 1.0, 6.242232320191056e-17, 1.0, 1.0, 1.0, 1.791009964826472e-36, 0.9999999999999992, 4.986607538807529e-12, 1.0, 1.0, 1.0, 0.9999999257300822, 6.301983110965743e-06, 4.836773848624207e-07, 1.158807250904748e-62, 8.646121572635047e-10, 0.4176110088341938, 8.226417840275804e-20, 0.9906697829618945, 2.4543903200174142e-23, 1.0479932601975345e-37, 1.0, 1.86986395649275e-23, 4.717640074082416e-28, 1.1246523634283815e-33, 1.0, 3.9913296991284563e-25, 3.610997743936554e-17, 1.0, 7.131905802979161e-49, 1.197613600221821e-10, 1.0, 0.9999999999995842, 1.0, 1.0, 0.9999999752861864, 0.9999992223525648, 0.9999999999999997, 0.9999992164103516, 0.024488116119677248, 1.0, 1.0, 3.358121638633931e-19, 0.00484419120810111, 0.9999999999999938, 2.4537630955204751e-23, 7.037050810604402e-26, 1.0, 0.9999999999998772, 1.1768067953664104e-13, 1.6208079760056736e-20, 1.7923144761090545e-22, 0.9661116556552422, 1.8445620353214694e-11, 1.0, 0.9999999999999998, 1.0, 0.9999986064596648, 1.8477198734911726e-23, 1.0, 0.9999999999999972, 1.4740004958854063e-70, 1.0, 1.9599539547447376e-51, 2.8158769432324374e-24, 0.9850590141528522, 1.0, 0.9999999992161784, 0.9999968934641063, 1.5594803487330736e-14, 1.0, 1.7873640854743963e-07, 1.0], "test_labels": [], "test_logprobs": [], "test_probs": []}}