{"0": {"0": {"chosen": -21.960649490356445, "rejected": -7.860668182373047}, "1": {"chosen": -14.477912902832031, "rejected": -26.412235260009766}, "2": {"chosen": -39.35250473022461, "rejected": -261.30670166015625}, "3": {"chosen": -18.525890350341797, "rejected": -23.02162742614746}, "4": {"chosen": -39.38448715209961, "rejected": -187.914306640625}, "5": {"chosen": -132.9659423828125, "rejected": -183.23817443847656}, "6": {"chosen": -99.75995635986328, "rejected": -25.47683334350586}, "7": {"chosen": -13.760309219360352, "rejected": -29.520116806030273}, "8": {"chosen": -18.223310470581055, "rejected": -62.445743560791016}, "9": {"chosen": -10.7655668258667, "rejected": -341.2299499511719}, "10": {"chosen": -21.716066360473633, "rejected": -24.27156639099121}, "11": {"chosen": -30.89740753173828, "rejected": -312.0826721191406}, "12": {"chosen": -32.43801498413086, "rejected": -11.352533340454102}, "13": {"chosen": -102.83842468261719, "rejected": -46.94273376464844}, "14": {"chosen": -42.133216857910156, "rejected": -30.791881561279297}, "15": {"chosen": -21.97707748413086, "rejected": -30.70411491394043}, "16": {"chosen": -71.57447814941406, "rejected": -280.4132080078125}, "17": {"chosen": -58.99847412109375, "rejected": -35.66630935668945}, "18": {"chosen": -221.7145233154297, "rejected": -81.85845947265625}, "19": {"chosen": -81.53694152832031, "rejected": -32.92368698120117}, "20": {"chosen": -58.982215881347656, "rejected": -36.83462142944336}, "21": {"chosen": -24.785123825073242, "rejected": -14.099597930908203}, "22": {"chosen": -54.16594314575195, "rejected": -23.287355422973633}, "23": {"chosen": -15.415050506591797, "rejected": -60.77648162841797}, "24": {"chosen": -50.40924835205078, "rejected": -17.856107711791992}, "25": {"chosen": -112.2545394897461, "rejected": -12.809313774108887}, "26": {"chosen": -33.922271728515625, "rejected": -74.71968078613281}, "27": {"chosen": -208.8228302001953, "rejected": -145.41824340820312}, "28": {"chosen": -80.2221908569336, "rejected": -28.91895866394043}, "29": {"chosen": -12.78547477722168, "rejected": -126.29917907714844}, "30": {"chosen": -46.87687301635742, "rejected": -22.060924530029297}, "31": {"chosen": -109.86881256103516, "rejected": -181.12814331054688}, "32": {"chosen": -47.74755859375, "rejected": -40.32548141479492}, "33": {"chosen": -80.81068420410156, "rejected": -26.35000228881836}, "34": {"chosen": -206.72386169433594, "rejected": -51.430545806884766}, "35": {"chosen": -63.701297760009766, "rejected": -90.18482971191406}, "36": {"chosen": -26.747940063476562, "rejected": -174.26524353027344}, "37": {"chosen": -29.748437881469727, "rejected": -98.77436065673828}, "38": {"chosen": -23.937076568603516, "rejected": -385.8683776855469}, "39": {"chosen": -18.482152938842773, "rejected": -133.86451721191406}, "40": {"chosen": -59.11285400390625, "rejected": -86.53166198730469}, "41": {"chosen": -132.18411254882812, "rejected": -65.41102600097656}, "42": {"chosen": -97.77299499511719, "rejected": -64.48408508300781}, "43": {"chosen": -103.23480224609375, "rejected": -50.268775939941406}, "44": {"chosen": -258.3227844238281, "rejected": -359.19964599609375}, "45": {"chosen": -125.81947326660156, "rejected": -349.9958190917969}, "46": {"chosen": -171.05943298339844, "rejected": -114.02033233642578}, "47": {"chosen": -76.91836547851562, "rejected": -131.85377502441406}, "48": {"chosen": -33.998897552490234, "rejected": -27.662269592285156}, "49": {"chosen": -123.39102172851562, "rejected": -32.804141998291016}, "50": {"chosen": -96.47113037109375, "rejected": -45.87041091918945}, "51": {"chosen": -25.27297019958496, "rejected": -29.511329650878906}, "52": {"chosen": -20.37928009033203, "rejected": -32.48181915283203}, "53": {"chosen": -365.68548583984375, "rejected": -111.97313690185547}, "54": {"chosen": -22.086631774902344, "rejected": -263.47210693359375}, "55": {"chosen": -36.74938201904297, "rejected": -142.31777954101562}, "56": {"chosen": -44.046451568603516, "rejected": -271.2173156738281}, "57": {"chosen": -16.569908142089844, "rejected": -15.025106430053711}, "58": {"chosen": -103.20719909667969, "rejected": -167.23460388183594}, "59": {"chosen": -67.11199951171875, "rejected": -29.67967987060547}, "60": {"chosen": -22.68379783630371, "rejected": -39.812400817871094}, "61": {"chosen": -90.56204986572266, "rejected": -53.40910339355469}, "62": {"chosen": -158.99172973632812, "rejected": -106.51437377929688}, "63": {"chosen": -71.24593353271484, "rejected": -25.623899459838867}, "64": {"chosen": -177.40406799316406, "rejected": -180.0503387451172}, "65": {"chosen": -56.84422302246094, "rejected": -137.53768920898438}, "66": {"chosen": -21.947134017944336, "rejected": -71.1998291015625}, "67": {"chosen": -19.427339553833008, "rejected": -81.8094482421875}, "68": {"chosen": -145.5379638671875, "rejected": -208.61476135253906}, "69": {"chosen": -24.655193328857422, "rejected": -18.38504981994629}, "70": {"chosen": -27.445348739624023, "rejected": -33.23323059082031}, "71": {"chosen": -44.0018196105957, "rejected": -210.38111877441406}, "72": {"chosen": -25.04422950744629, "rejected": -189.28057861328125}, "73": {"chosen": -6.313656806945801, "rejected": -9.819620132446289}, "74": {"chosen": -58.35653305053711, "rejected": -32.39325714111328}, "75": {"chosen": -38.723907470703125, "rejected": -466.7190856933594}, "76": {"chosen": -18.670879364013672, "rejected": -13.252225875854492}, "77": {"chosen": -108.51620483398438, "rejected": -104.3676528930664}, "78": {"chosen": -71.92024993896484, "rejected": -45.708274841308594}, "79": {"chosen": -125.06111145019531, "rejected": -19.932687759399414}, "80": {"chosen": -10.457844734191895, "rejected": -10.782508850097656}, "81": {"chosen": -41.480743408203125, "rejected": -27.150484085083008}, "82": {"chosen": -25.61079978942871, "rejected": -29.48784828186035}, "83": {"chosen": -91.03502655029297, "rejected": -182.42617797851562}, "84": {"chosen": -46.532188415527344, "rejected": -37.80614471435547}, "85": {"chosen": -44.30864715576172, "rejected": -260.6309509277344}, "86": {"chosen": -143.38116455078125, "rejected": -40.654579162597656}, "87": {"chosen": -5.442710876464844, "rejected": -75.34968566894531}, "88": {"chosen": -43.99232482910156, "rejected": -129.05999755859375}, "89": {"chosen": -56.18815231323242, "rejected": -71.38417053222656}, "90": {"chosen": -41.63947677612305, "rejected": -55.69978332519531}, "91": {"chosen": -55.551185607910156, "rejected": -51.377052307128906}, "92": {"chosen": -18.647476196289062, "rejected": -42.149044036865234}, "93": {"chosen": -105.72228240966797, "rejected": -107.47491455078125}, "94": {"chosen": -7.955126762390137, "rejected": -18.998106002807617}, "95": {"chosen": -11.710715293884277, "rejected": -93.71044158935547}, "96": {"chosen": -20.357425689697266, "rejected": -14.531805992126465}, "97": {"chosen": -103.51600646972656, "rejected": -89.41690063476562}, "98": {"chosen": -16.69892120361328, "rejected": -68.68733215332031}, "99": {"chosen": -78.8182601928711, "rejected": -46.396305084228516}}}