{"0": {"train_labels": [0, 0, 1, 1, 1, 1, 0, 1, 1, 0, 0, 0, 1, 0, 1, 0, 0, 1, 0, 1, 0, 0, 0, 1, 0, 0, 0, 0, 1, 0, 0, 0, 1, 0, 1, 0, 0, 0, 0, 1, 1, 1, 1, 0, 1, 0, 1, 1, 0, 1, 1, 1, 0, 1, 1, 0, 1, 1, 0, 0, 0, 0, 0, 0, 0, 1, 0, 0, 0, 1, 1, 0, 1, 1, 0, 0, 1, 1, 1, 0, 0, 0, 0, 0, 0, 1, 0, 0, 1, 0, 1, 1, 0, 0, 0, 0, 1, 0, 1, 0], "train_logprobs": [[-40.59583282470703, -104.78632354736328], [-100.4281234741211, -122.47238159179688], [-138.0142822265625, -46.799095153808594], [-171.76388549804688, -71.82035827636719], [-142.3893585205078, -140.36631774902344], [-150.6109619140625, -130.2286376953125], [-81.15398406982422, -117.19547271728516], [-173.65965270996094, -55.09356689453125], [-138.95663452148438, -90.51668548583984], [-151.155517578125, -209.19468688964844], [-146.52818298339844, -162.74339294433594], [-20.21411895751953, -115.66864776611328], [-152.343017578125, -8.238292694091797], [-51.09135818481445, -173.11537170410156], [-213.28347778320312, -122.25809478759766], [-39.41737365722656, -65.59346771240234], [-290.5555725097656, -329.05743408203125], [-173.14878845214844, -76.39022064208984], [-22.348783493041992, -130.72483825683594], [-214.78041076660156, -40.66102600097656], [-186.81565856933594, -274.76458740234375], [-32.86079025268555, -87.9132080078125], [-54.50098419189453, -60.807838439941406], [-229.64198303222656, -139.78045654296875], [-37.043113708496094, -69.84053802490234], [-69.29208374023438, -113.48270416259766], [-15.889566421508789, -52.36756134033203], [-78.18136596679688, -224.63150024414062], [-70.57762145996094, -43.959930419921875], [-112.9189453125, -158.9896697998047], [-24.83867835998535, -263.93133544921875], [-55.022682189941406, -144.95140075683594], [-171.2449951171875, -91.42672729492188], [-151.69686889648438, -187.4906005859375], [-123.54663848876953, -105.38306427001953], [-9.740917205810547, -81.20944213867188], [-128.3616485595703, -211.80174255371094], [-43.43625259399414, -260.87469482421875], [-50.22477340698242, -89.78202056884766], [-81.41798400878906, -46.582977294921875], [-66.04544067382812, -53.34711456298828], [-223.52578735351562, -54.3436279296875], [-83.27149963378906, -53.36299514770508], [-72.99697875976562, -79.95668029785156], [-143.94972229003906, -51.118709564208984], [-141.1271209716797, -143.15744018554688], [-112.80951690673828, -56.849891662597656], [-161.0284423828125, -36.30672073364258], [-104.92829132080078, -293.3602600097656], [-123.50395202636719, -46.64059829711914], [-162.3530731201172, -108.01566314697266], [-154.64474487304688, -78.07701873779297], [-51.56542205810547, -186.1688690185547], [-112.9937515258789, -34.806663513183594], [-96.0552978515625, -59.811798095703125], [-82.60795593261719, -456.48394775390625], [-251.79324340820312, -147.7499237060547], [-94.72259521484375, -76.26908874511719], [-115.99014282226562, -198.90188598632812], [-60.47460174560547, -96.42176818847656], [-54.656471252441406, -184.6985626220703], [-130.28831481933594, -287.0884704589844], [-62.42285919189453, -91.8935775756836], [-40.868133544921875, -75.7496337890625], [-40.86967468261719, -85.71087646484375], [-119.49787139892578, -108.19357299804688], [-24.745193481445312, -28.502464294433594], [-135.06752014160156, -370.04876708984375], [-81.96119689941406, -165.81910705566406], [-136.4875946044922, -86.36429595947266], [-234.4880828857422, -193.76919555664062], [-77.65145111083984, -110.70933532714844], [-120.58882141113281, -37.086936950683594], [-152.9306182861328, -88.22183227539062], [-198.74473571777344, -344.3000183105469], [-78.23003387451172, -95.09111022949219], [-84.35104370117188, -29.747756958007812], [-85.71346282958984, -36.88256072998047], [-162.94491577148438, -124.27169799804688], [-86.47245788574219, -89.98193359375], [-72.48385620117188, -101.26048278808594], [-36.12413024902344, -280.3820495605469], [-170.86032104492188, -231.51492309570312], [-31.340435028076172, -129.55465698242188], [-70.8563232421875, -93.50235748291016], [-207.92062377929688, -186.10330200195312], [-26.51140594482422, -194.4862060546875], [-77.31591796875, -130.57583618164062], [-349.92333984375, -181.8061065673828], [-77.09505462646484, -138.7988739013672], [-231.74502563476562, -106.88872528076172], [-177.81829833984375, -128.82968139648438], [-29.19695281982422, -48.35223388671875], [-139.9658203125, -209.78665161132812], [-24.70057487487793, -44.8221321105957], [-156.61314392089844, -162.29637145996094], [-107.36750030517578, -45.08634567260742], [-24.86284637451172, -373.93829345703125], [-92.52320861816406, -74.89588928222656], [-58.930580139160156, -118.43698120117188]], "train_probs": [1.0, 0.9999999997331296, 2.4307908255190214e-40, 3.936204247756941e-44, 0.11680493450204939, 1.406271135842571e-09, 0.9999999999999998, 3.2166454160791172e-52, 9.179043545164733e-22, 1.0, 0.9999999092547812, 1.0, 2.6068327393081e-63, 1.0, 2.938856982098729e-40, 0.9999999999957158, 1.0, 9.512352229193376e-43, 1.0, 2.4038756809544162e-76, 1.0, 1.0, 0.9981795587247243, 9.41098129685471e-40, 0.9999999999999942, 1.0, 0.9999999999999998, 1.0, 2.754759315205579e-12, 1.0, 1.0, 1.0, 2.1645455515724474e-35, 0.9999999999999998, 1.2931828592666822e-08, 1.0, 1.0, 1.0, 1.0, 7.436161394021631e-16, 3.0562277403456037e-06, 3.3505933773913854e-74, 1.0254194237937751e-13, 0.9990515205812845, 4.830626101608682e-41, 0.8839438291811437, 4.977869960235289e-25, 6.824086360403822e-55, 1.0, 4.155943309689504e-34, 2.520941035777173e-24, 5.585461306665892e-34, 1.0, 1.106061103766174e-34, 1.8182267847191933e-16, 1.0, 6.52469739297427e-46, 9.677071819515221e-09, 1.0, 0.9999999999999998, 1.0, 1.0, 0.9999999999998411, 0.9999999999999993, 1.0, 1.2319702835343593e-05, 0.9771852906753816, 1.0, 1.0, 1.705014134702948e-22, 2.070198186140716e-18, 0.9999999999999956, 5.43991796249524e-37, 7.894621352070971e-29, 1.0, 0.9999999524306126, 1.9323859611551784e-24, 6.208814315658076e-22, 1.6011607059533354e-17, 0.9709561826359763, 0.9999999999996819, 1.0, 1.0, 1.0, 0.9999999998537983, 3.3485558129078094e-10, 1.0, 1.0, 9.718814103265946e-74, 1.0, 5.964825258592733e-55, 5.302906691113558e-22, 0.9999999952030286, 1.0, 0.9999999981747653, 0.9966089793366368, 8.946192039171814e-28, 1.0, 2.210815353903987e-08, 1.0], "test_labels": [], "test_logprobs": [], "test_probs": []}}