{"0": {"train_labels": [0, 0, 1, 1, 0, 0, 0, 1, 1, 0, 0, 0, 1, 0, 1, 0, 0, 1, 0, 1, 0, 0, 1, 1, 0, 0, 0, 0, 1, 0, 0, 0, 1, 0, 1, 0, 0, 0, 0, 1, 1, 1, 1, 1, 1, 0, 1, 1, 0, 1, 1, 1, 0, 1, 1, 0, 1, 1, 0, 0, 0, 0, 0, 0, 0, 0, 1, 0, 0, 1, 1, 0, 1, 1, 0, 0, 1, 1, 1, 0, 1, 0, 0, 0, 0, 1, 0, 0, 1, 0, 1, 1, 0, 0, 0, 0, 1, 0, 1, 0], "train_logprobs": [[-9.335326194763184, -51.63055419921875], [-51.80643844604492, -95.57677459716797], [-121.93242645263672, -21.467559814453125], [-122.09568786621094, -22.861549377441406], [-95.97941589355469, -100.80604553222656], [-90.92176818847656, -91.58706665039062], [-30.725418090820312, -87.30955505371094], [-127.00978088378906, -38.733856201171875], [-66.40736389160156, -52.587074279785156], [-110.94605255126953, -147.39573669433594], [-135.41307067871094, -145.6728515625], [-14.726522445678711, -63.76303482055664], [-76.03849792480469, -6.327733516693115], [-34.47868347167969, -126.91477966308594], [-176.7696533203125, -83.03417205810547], [-13.75485897064209, -44.92498016357422], [-223.2729034423828, -254.05929565429688], [-107.20882415771484, -45.58695983886719], [-17.387340545654297, -97.40150451660156], [-135.04293823242188, -21.36709213256836], [-135.4134521484375, -195.8228302001953], [-11.12443733215332, -40.349613189697266], [-34.07468795776367, -23.307369232177734], [-139.2158660888672, -85.10717010498047], [-20.938026428222656, -30.231536865234375], [-37.80159378051758, -82.56764221191406], [-13.209477424621582, -22.84796905517578], [-45.36285400390625, -194.68174743652344], [-45.98972702026367, -7.520539283752441], [-82.9981918334961, -125.78453826904297], [-12.4547119140625, -185.22557067871094], [-32.608612060546875, -122.91845703125], [-137.17076110839844, -52.36763000488281], [-85.14188385009766, -119.3011474609375], [-75.90807342529297, -46.319889068603516], [-7.945434093475342, -53.23011779785156], [-90.99067687988281, -161.6553497314453], [-23.25282859802246, -233.19827270507812], [-14.5841703414917, -31.507095336914062], [-41.286468505859375, -30.619840621948242], [-48.51174545288086, -33.35795974731445], [-171.68115234375, -34.02891159057617], [-55.497161865234375, -34.242183685302734], [-61.88759994506836, -61.502288818359375], [-64.3387451171875, -19.62372398376465], [-96.69471740722656, -100.31385040283203], [-66.68331909179688, -13.11240291595459], [-108.69229125976562, -22.23427391052246], [-96.90222930908203, -273.71832275390625], [-82.90386962890625, -27.83837127685547], [-129.07992553710938, -65.18842315673828], [-112.82483673095703, -32.418087005615234], [-16.979990005493164, -121.6982192993164], [-73.82886505126953, -14.834601402282715], [-77.59391021728516, -39.42474365234375], [-52.76506042480469, -334.8946533203125], [-201.8612518310547, -94.28514862060547], [-69.08622741699219, -44.96989440917969], [-74.80824279785156, -135.13238525390625], [-34.68118667602539, -66.08308410644531], [-35.40523910522461, -133.83102416992188], [-87.77302551269531, -207.43539428710938], [-44.9671516418457, -58.78462600708008], [-26.48044204711914, -40.395084381103516], [-27.513784408569336, -60.42820739746094], [-76.11609649658203, -91.12295532226562], [-15.250984191894531, -11.509303092956543], [-101.879150390625, -322.6269226074219], [-38.38323211669922, -122.8369140625], [-89.70856475830078, -42.45946502685547], [-153.6987762451172, -150.4029541015625], [-37.007781982421875, -68.9521713256836], [-70.96179962158203, -24.837038040161133], [-92.77303314208984, -36.57020950317383], [-160.8877410888672, -290.5], [-34.69302749633789, -65.19619750976562], [-57.03849792480469, -26.189361572265625], [-53.916015625, -7.391688823699951], [-126.58354187011719, -76.8419189453125], [-53.60820770263672, -57.7761116027832], [-66.5035629272461, -41.276580810546875], [-26.330856323242188, -230.4379119873047], [-127.88886260986328, -164.88735961914062], [-10.492643356323242, -85.53716278076172], [-34.382225036621094, -49.97170639038086], [-173.182861328125, -119.60420989990234], [-20.89600372314453, -156.7235870361328], [-42.67567825317383, -76.78207397460938], [-290.30401611328125, -129.46878051757812], [-31.144207000732422, -87.88064575195312], [-172.71322631835938, -60.74900817871094], [-128.99354553222656, -73.88031005859375], [-8.614692687988281, -12.588912963867188], [-73.6211929321289, -124.73588562011719], [-9.33578109741211, -30.171558380126953], [-112.89996337890625, -125.98575592041016], [-38.467960357666016, -14.176859855651855], [-14.033187866210938, -304.7086486816406], [-53.06406021118164, -36.06880187988281], [-13.550442695617676, -70.80813598632812]], "train_probs": [1.0, 1.0, 2.3370219632238195e-44, 8.001312597979457e-44, 0.9920502212854793, 0.6604496081362045, 1.0, 4.5946562532941175e-39, 9.952313571692507e-07, 0.9999999999999999, 0.9999649878668996, 1.0, 5.308840632064198e-31, 1.0, 1.95522944661634e-41, 0.9999999999999709, 0.9999999999999574, 1.729674416064768e-27, 1.0, 4.277670346550481e-50, 1.0, 0.9999999999997969, 2.1076754598686728e-05, 3.168778707778802e-24, 0.9999079890027048, 1.0, 0.9999348329640007, 1.0, 1.9635593955002367e-17, 1.0, 1.0, 1.0, 1.4807035364067184e-37, 0.9999999999999987, 1.4125856964242858e-13, 1.0, 1.0, 1.0, 0.999999955283579, 2.330946180796338e-05, 2.6229763464421907e-07, 1.6534513432197006e-60, 5.875979381796108e-10, 0.40484655923422896, 3.806388070348123e-20, 0.9738938906852229, 5.425586781223018e-24, 2.8298287134212494e-38, 1.0, 1.2171887297121096e-24, 1.7876112357895831e-28, 1.2016895554874861e-35, 1.0, 2.3939596895032607e-26, 2.6505840606460837e-17, 1.0, 1.9067422551952012e-47, 3.36054450225532e-11, 1.0, 0.9999999999999769, 1.0, 1.0, 0.9999990019628763, 0.9999990943774595, 0.999999999999995, 0.9999996961887235, 0.02316486729924799, 1.0, 1.0, 3.019789785246068e-21, 0.03571479274088961, 0.9999999999999866, 9.295453144904055e-21, 3.903227152375953e-25, 1.0, 0.9999999999999434, 4.003043510312967e-14, 6.2336382529085075e-21, 2.4973973286960033e-22, 0.9847514356207501, 1.1067789015976338e-11, 1.0, 0.9999999999999999, 1.0, 0.9999998303420563, 5.38378039807487e-24, 1.0, 0.9999999999999986, 1.4130082098049154e-70, 1.0, 2.3689608925939842e-49, 1.1604487203693776e-24, 0.9815527468715596, 1.0, 0.9999999991064128, 0.9999979255087519, 2.8216886587522126e-11, 1.0, 4.1596143724970894e-08, 1.0], "test_labels": [], "test_logprobs": [], "test_probs": []}}