{"0": {"0": {"chosen": -21.60923194885254, "rejected": -5.634459495544434}, "1": {"chosen": -16.538896560668945, "rejected": -23.561906814575195}, "2": {"chosen": -39.97683334350586, "rejected": -255.9576416015625}, "3": {"chosen": -18.40727424621582, "rejected": -23.72283172607422}, "4": {"chosen": -39.1744270324707, "rejected": -177.56492614746094}, "5": {"chosen": -121.66165161132812, "rejected": -180.76806640625}, "6": {"chosen": -105.32615661621094, "rejected": -29.832088470458984}, "7": {"chosen": -12.61678409576416, "rejected": -26.90169334411621}, "8": {"chosen": -15.995861053466797, "rejected": -56.67161560058594}, "9": {"chosen": -10.128168106079102, "rejected": -339.376220703125}, "10": {"chosen": -19.501449584960938, "rejected": -24.119815826416016}, "11": {"chosen": -29.321327209472656, "rejected": -311.2710266113281}, "12": {"chosen": -31.0841007232666, "rejected": -11.208297729492188}, "13": {"chosen": -102.99833679199219, "rejected": -46.723838806152344}, "14": {"chosen": -42.04848861694336, "rejected": -26.757036209106445}, "15": {"chosen": -20.56873321533203, "rejected": -33.82643127441406}, "16": {"chosen": -71.8911361694336, "rejected": -285.4253845214844}, "17": {"chosen": -58.298561096191406, "rejected": -36.27437973022461}, "18": {"chosen": -219.17752075195312, "rejected": -85.01370239257812}, "19": {"chosen": -81.498291015625, "rejected": -44.06167221069336}, "20": {"chosen": -56.96696853637695, "rejected": -32.27637481689453}, "21": {"chosen": -26.78137969970703, "rejected": -14.748897552490234}, "22": {"chosen": -52.614742279052734, "rejected": -19.87890625}, "23": {"chosen": -15.691041946411133, "rejected": -59.16904830932617}, "24": {"chosen": -50.72246170043945, "rejected": -15.19999885559082}, "25": {"chosen": -115.94680786132812, "rejected": -15.804224967956543}, "26": {"chosen": -30.827686309814453, "rejected": -67.65737915039062}, "27": {"chosen": -198.12530517578125, "rejected": -146.82493591308594}, "28": {"chosen": -79.16714477539062, "rejected": -32.257999420166016}, "29": {"chosen": -12.907792091369629, "rejected": -116.53889465332031}, "30": {"chosen": -45.55387496948242, "rejected": -17.776317596435547}, "31": {"chosen": -113.86837768554688, "rejected": -179.7003631591797}, "32": {"chosen": -50.229427337646484, "rejected": -47.545326232910156}, "33": {"chosen": -81.91568756103516, "rejected": -27.402326583862305}, "34": {"chosen": -203.1368408203125, "rejected": -47.29313659667969}, "35": {"chosen": -63.32534408569336, "rejected": -89.54063415527344}, "36": {"chosen": -24.872467041015625, "rejected": -166.70721435546875}, "37": {"chosen": -29.831546783447266, "rejected": -101.11453247070312}, "38": {"chosen": -21.38401222229004, "rejected": -387.18359375}, "39": {"chosen": -17.53937530517578, "rejected": -131.23825073242188}, "40": {"chosen": -55.98119354248047, "rejected": -87.10734558105469}, "41": {"chosen": -134.56646728515625, "rejected": -65.85643005371094}, "42": {"chosen": -95.86305236816406, "rejected": -59.05649185180664}, "43": {"chosen": -106.6395263671875, "rejected": -46.84986114501953}, "44": {"chosen": -251.2949676513672, "rejected": -366.3348388671875}, "45": {"chosen": -122.92355346679688, "rejected": -349.0355224609375}, "46": {"chosen": -159.6394805908203, "rejected": -113.75238800048828}, "47": {"chosen": -78.59475708007812, "rejected": -134.27635192871094}, "48": {"chosen": -36.04783248901367, "rejected": -25.56163215637207}, "49": {"chosen": -127.68546295166016, "rejected": -31.839859008789062}, "50": {"chosen": -100.85907745361328, "rejected": -45.81549072265625}, "51": {"chosen": -22.885068893432617, "rejected": -28.753814697265625}, "52": {"chosen": -16.32426643371582, "rejected": -34.8148307800293}, "53": {"chosen": -354.699462890625, "rejected": -107.46609497070312}, "54": {"chosen": -24.332956314086914, "rejected": -255.945556640625}, "55": {"chosen": -30.421348571777344, "rejected": -139.55133056640625}, "56": {"chosen": -42.108768463134766, "rejected": -264.5783996582031}, "57": {"chosen": -17.1580753326416, "rejected": -16.75630760192871}, "58": {"chosen": -98.25424194335938, "rejected": -161.89871215820312}, "59": {"chosen": -65.78369140625, "rejected": -28.03790855407715}, "60": {"chosen": -22.123329162597656, "rejected": -35.288299560546875}, "61": {"chosen": -88.2015380859375, "rejected": -53.695030212402344}, "62": {"chosen": -161.597900390625, "rejected": -109.9298095703125}, "63": {"chosen": -70.38780212402344, "rejected": -30.352169036865234}, "64": {"chosen": -186.20791625976562, "rejected": -184.66493225097656}, "65": {"chosen": -54.42998123168945, "rejected": -140.77923583984375}, "66": {"chosen": -19.40895652770996, "rejected": -68.838134765625}, "67": {"chosen": -18.372379302978516, "rejected": -81.19673919677734}, "68": {"chosen": -146.45460510253906, "rejected": -207.23355102539062}, "69": {"chosen": -20.531030654907227, "rejected": -17.594966888427734}, "70": {"chosen": -23.85386085510254, "rejected": -27.24705696105957}, "71": {"chosen": -46.34220886230469, "rejected": -210.36961364746094}, "72": {"chosen": -23.625999450683594, "rejected": -191.69984436035156}, "73": {"chosen": -2.6809844970703125, "rejected": -7.320520401000977}, "74": {"chosen": -53.936100006103516, "rejected": -29.783369064331055}, "75": {"chosen": -37.77831268310547, "rejected": -466.9827880859375}, "76": {"chosen": -16.240493774414062, "rejected": -12.238615989685059}, "77": {"chosen": -105.9833755493164, "rejected": -103.1814193725586}, "78": {"chosen": -70.15533447265625, "rejected": -47.26747512817383}, "79": {"chosen": -130.36526489257812, "rejected": -19.23145294189453}, "80": {"chosen": -7.553654670715332, "rejected": -13.327138900756836}, "81": {"chosen": -40.54326629638672, "rejected": -25.76776123046875}, "82": {"chosen": -26.54375648498535, "rejected": -29.82106590270996}, "83": {"chosen": -92.14835357666016, "rejected": -174.40341186523438}, "84": {"chosen": -44.460655212402344, "rejected": -33.05290603637695}, "85": {"chosen": -47.25955581665039, "rejected": -272.93634033203125}, "86": {"chosen": -136.7958221435547, "rejected": -42.95648956298828}, "87": {"chosen": -4.735158443450928, "rejected": -71.742919921875}, "88": {"chosen": -43.41680145263672, "rejected": -126.10484313964844}, "89": {"chosen": -55.37270736694336, "rejected": -73.09420776367188}, "90": {"chosen": -36.56092071533203, "rejected": -53.290565490722656}, "91": {"chosen": -63.20357131958008, "rejected": -46.990196228027344}, "92": {"chosen": -22.186912536621094, "rejected": -39.58984375}, "93": {"chosen": -102.17669677734375, "rejected": -106.87431335449219}, "94": {"chosen": -4.84463357925415, "rejected": -16.030057907104492}, "95": {"chosen": -11.556819915771484, "rejected": -94.6271743774414}, "96": {"chosen": -20.659038543701172, "rejected": -14.288249015808105}, "97": {"chosen": -100.83800506591797, "rejected": -84.53162384033203}, "98": {"chosen": -16.58004379272461, "rejected": -63.582672119140625}, "99": {"chosen": -77.98999786376953, "rejected": -44.74885559082031}}}