{"0": {"train_labels": [0, 0, 1, 1, 0, 1, 0, 1, 1, 0, 1, 0, 1, 0, 1, 0, 0, 1, 0, 1, 0, 0, 1, 1, 1, 0, 0, 0, 1, 0, 0, 0, 1, 0, 1, 0, 0, 0, 0, 1, 1, 1, 1, 1, 1, 0, 1, 1, 0, 1, 1, 1, 0, 1, 1, 0, 1, 1, 0, 0, 0, 0, 0, 0, 0, 0, 1, 0, 0, 1, 1, 0, 1, 1, 0, 0, 1, 1, 1, 0, 1, 0, 0, 0, 0, 1, 0, 0, 1, 0, 1, 1, 0, 0, 0, 0, 1, 0, 1, 0], "train_logprobs": [[-9.570239067077637, -111.09297180175781], [-112.93810272216797, -171.73497009277344], [-197.69821166992188, -39.56415939331055], [-263.6871032714844, -41.71788787841797], [-206.0374298095703, -224.61097717285156], [-183.62969970703125, -178.80198669433594], [-42.188541412353516, -136.5181884765625], [-248.8424835205078, -59.43492889404297], [-154.25279235839844, -117.85086059570312], [-298.958740234375, -329.1751403808594], [-300.89508056640625, -291.1360778808594], [-31.225318908691406, -131.48638916015625], [-179.70562744140625, -3.7498302459716797], [-55.5666618347168, -209.83688354492188], [-366.4381103515625, -166.70330810546875], [-31.29701805114746, -98.72703552246094], [-420.24969482421875, -525.1761474609375], [-226.18206787109375, -100.84217834472656], [-21.05253028869629, -230.44923400878906], [-219.50640869140625, -31.253080368041992], [-221.86416625976562, -360.228515625], [-8.754348754882812, -66.28472900390625], [-94.7835464477539, -68.53288269042969], [-328.167236328125, -197.26519775390625], [-52.84882354736328, -40.32331848144531], [-49.134849548339844, -173.35838317871094], [-19.288429260253906, -64.8037109375], [-87.1225357055664, -334.39056396484375], [-124.62136840820312, -15.19522476196289], [-159.3177032470703, -243.0921173095703], [-21.65999412536621, -313.0136413574219], [-31.669328689575195, -191.17152404785156], [-279.0478820800781, -146.29263305664062], [-186.90066528320312, -313.30682373046875], [-140.6306610107422, -99.96318054199219], [-17.52271270751953, -92.893310546875], [-167.34555053710938, -304.9779052734375], [-33.71650695800781, -475.94500732421875], [-30.11573600769043, -84.80323791503906], [-70.744384765625, -60.143798828125], [-152.902587890625, -82.70372772216797], [-352.3233337402344, -71.61906433105469], [-100.56361389160156, -58.874752044677734], [-103.22773742675781, -101.1194839477539], [-128.98130798339844, -57.84728240966797], [-154.0071563720703, -223.34713745117188], [-126.06742858886719, -40.615238189697266], [-196.20469665527344, -35.856712341308594], [-194.8832244873047, -501.7523498535156], [-209.44625854492188, -62.130126953125], [-206.20249938964844, -136.7306671142578], [-225.23822021484375, -52.006961822509766], [-61.464385986328125, -253.08241271972656], [-130.6183624267578, -26.792964935302734], [-168.6945037841797, -109.31494140625], [-119.48097229003906, -649.4979858398438], [-437.6537170410156, -206.34133911132812], [-124.808837890625, -74.94876098632812], [-146.41554260253906, -291.8885803222656], [-52.89675521850586, -105.62374877929688], [-52.90918731689453, -279.86639404296875], [-183.8454132080078, -398.00640869140625], [-82.42835235595703, -129.75497436523438], [-35.600982666015625, -80.86109161376953], [-64.12255859375, -129.1140594482422], [-180.68707275390625, -185.69508361816406], [-37.0555419921875, -19.409358978271484], [-203.011474609375, -654.2691040039062], [-96.46990966796875, -236.79061889648438], [-191.11692810058594, -72.63351440429688], [-318.86761474609375, -303.8997802734375], [-110.92185974121094, -165.66500854492188], [-137.6761016845703, -38.813777923583984], [-199.06710815429688, -95.2033462524414], [-231.26553344726562, -627.3046875], [-63.997886657714844, -131.16500854492188], [-116.43942260742188, -60.36145782470703], [-115.51415252685547, -18.544069290161133], [-232.98785400390625, -158.73419189453125], [-106.75292205810547, -110.64794921875], [-124.1335678100586, -79.13484954833984], [-58.95901107788086, -503.97137451171875], [-235.0513153076172, -290.4949035644531], [-18.567651748657227, -161.78782653808594], [-68.56116485595703, -103.94229125976562], [-321.685791015625, -271.51263427734375], [-56.412437438964844, -301.88848876953125], [-115.23258209228516, -191.53106689453125], [-582.1380615234375, -267.5669250488281], [-78.28616333007812, -207.23080444335938], [-377.7998046875, -100.06010437011719], [-226.0619659423828, -154.93792724609375], [-17.45587730407715, -40.158180236816406], [-136.15994262695312, -220.1324005126953], [-15.919949531555176, -39.367095947265625], [-225.41278076171875, -268.8583068847656], [-76.81331634521484, -40.33740234375], [-18.033212661743164, -568.734375], [-125.26959228515625, -69.1668701171875], [-26.396453857421875, -137.53549194335938]], "train_probs": [1.0, 1.0, 2.105007731349722e-69, 3.981022227330012e-97, 0.9999999914175582, 0.007941239151962046, 1.0, 5.512444055398644e-83, 1.551822001160025e-16, 0.9999999999999246, 5.776887303859844e-05, 1.0, 3.831494611683442e-77, 1.0, 1.8041703466791922e-87, 1.0, 1.0, 3.6777111490321336e-55, 1.0, 1.7483094669407961e-82, 1.0, 1.0, 3.9763223466148695e-12, 1.4124301428722922e-57, 3.632793310004402e-06, 1.0, 1.0, 1.0, 2.9979862625765446e-48, 1.0, 1.0, 1.0, 2.213746591053966e-58, 1.0, 2.1794034774145633e-18, 1.0, 1.0, 1.0, 1.0, 2.4900794718314714e-05, 3.258535021138807e-31, 1.235050594063534e-122, 7.847970159606157e-19, 0.10829721107044499, 1.279043213648476e-31, 1.0, 7.737225297265579e-38, 2.3001450717464597e-70, 1.0, 1.050550549720526e-64, 6.741656103483371e-31, 5.84279147664041e-76, 1.0, 8.11339813786653e-46, 1.6284848455448394e-26, 1.0, 3.4858658460093445e-101, 2.218419802087366e-22, 1.0, 1.0, 1.0, 1.0, 1.0, 1.0, 1.0, 0.9933601958405123, 2.169502130634584e-08, 1.0, 1.0, 3.4938739656201206e-52, 3.1590168709384855e-07, 1.0, 1.160481769878028e-43, 7.8080275369894e-46, 1.0, 1.0, 4.422311583774937e-25, 7.698886916022364e-43, 5.6499458408859705e-33, 0.9800627578490997, 2.866189932548449e-20, 1.0, 1.0, 1.0, 0.9999999999999996, 1.6220897832577478e-22, 1.0, 1.0, 2.4181946891957974e-137, 1.0, 2.394312024991993e-121, 1.2918808587600167e-31, 0.9999999998617978, 1.0, 0.9999999999343803, 1.0, 1.4411587628830722e-16, 1.0, 4.314170876245243e-25, 1.0], "test_labels": [], "test_logprobs": [], "test_probs": []}}