{"0": {"train_labels": [0, 0, 1, 1, 0, 0, 0, 1, 1, 0, 0, 0, 1, 0, 1, 0, 0, 1, 0, 1, 0, 0, 1, 1, 0, 0, 0, 0, 1, 0, 0, 0, 1, 0, 1, 0, 0, 0, 0, 1, 1, 1, 1, 0, 1, 0, 1, 1, 0, 1, 1, 1, 0, 1, 1, 0, 1, 1, 0, 0, 0, 0, 0, 0, 0, 0, 1, 0, 0, 1, 1, 0, 1, 1, 0, 0, 1, 1, 1, 0, 1, 0, 0, 0, 0, 1, 0, 0, 1, 0, 1, 1, 0, 0, 0, 0, 1, 0, 1, 0], "train_logprobs": [[-9.014402389526367, -48.41315460205078], [-55.44395065307617, -96.62915802001953], [-115.00749206542969, -22.781736373901367], [-119.82118225097656, -21.804323196411133], [-95.79048156738281, -99.14156341552734], [-92.55034637451172, -92.80669403076172], [-26.85860252380371, -87.3096694946289], [-125.35021209716797, -36.677799224853516], [-67.040771484375, -52.231727600097656], [-114.1737289428711, -154.49525451660156], [-138.301025390625, -145.3125], [-13.068687438964844, -61.80430603027344], [-72.65135955810547, -6.224282741546631], [-35.024505615234375, -118.48312377929688], [-179.2904815673828, -83.68771362304688], [-12.915830612182617, -45.529048919677734], [-216.45526123046875, -256.325927734375], [-99.9749526977539, -43.16365432739258], [-16.23539161682129, -96.82485961914062], [-132.5267791748047, -17.300918579101562], [-140.49229431152344, -190.74594116210938], [-8.3812837600708, -40.435325622558594], [-34.697723388671875, -24.393966674804688], [-138.89842224121094, -88.94866180419922], [-21.405864715576172, -30.566974639892578], [-35.1207275390625, -80.6047134399414], [-12.532386779785156, -28.251800537109375], [-45.47895812988281, -180.58984375], [-43.46728515625, -7.869505405426025], [-82.48682403564453, -124.38407897949219], [-7.710812568664551, -175.9184112548828], [-34.902896881103516, -123.38104248046875], [-135.74732971191406, -52.469146728515625], [-83.42230224609375, -120.7715072631836], [-76.09324645996094, -45.09423065185547], [-8.018293380737305, -51.78293228149414], [-91.24711608886719, -160.32171630859375], [-22.031530380249023, -238.94839477539062], [-11.941356658935547, -29.78134536743164], [-37.23466873168945, -29.84480857849121], [-50.88234329223633, -33.67693328857422], [-185.42819213867188, -32.40846252441406], [-58.40064239501953, -35.09708023071289], [-57.459495544433594, -61.28208541870117], [-62.9443359375, -19.63052749633789], [-93.8633804321289, -102.66323852539062], [-66.9090347290039, -14.9896240234375], [-105.603271484375, -20.619312286376953], [-92.55854034423828, -275.722412109375], [-79.13358306884766, -28.506126403808594], [-124.13653564453125, -60.360801696777344], [-102.4549560546875, -29.528352737426758], [-17.231258392333984, -126.66490173339844], [-70.39144134521484, -14.123748779296875], [-80.24568176269531, -40.63292694091797], [-56.402915954589844, -341.281005859375], [-200.39352416992188, -93.26103210449219], [-68.56967163085938, -47.32617950439453], [-72.77314758300781, -133.22645568847656], [-33.12926483154297, -58.76137161254883], [-35.11484146118164, -142.8209228515625], [-86.34415435791016, -212.84002685546875], [-43.41487503051758, -62.91775894165039], [-23.532207489013672, -36.524681091308594], [-27.935070037841797, -60.32295227050781], [-73.54212188720703, -86.7047119140625], [-15.231376647949219, -10.32108211517334], [-96.71373748779297, -325.24322509765625], [-36.66508483886719, -126.85830688476562], [-89.63987731933594, -42.7903938293457], [-151.84097290039062, -146.39927673339844], [-34.573577880859375, -67.73921203613281], [-71.18547058105469, -26.076187133789062], [-95.65322875976562, -36.78758239746094], [-158.20291137695312, -292.6846008300781], [-36.76360321044922, -63.965980529785156], [-56.914241790771484, -27.502227783203125], [-51.19629669189453, -7.057802677154541], [-124.67912292480469, -77.1957778930664], [-50.13998031616211, -59.287776947021484], [-66.96722412109375, -40.766117095947266], [-25.633033752441406, -232.07293701171875], [-123.30287170410156, -162.3227996826172], [-7.813774108886719, -79.1222152709961], [-33.463104248046875, -46.81330871582031], [-169.54901123046875, -120.60144805908203], [-20.784414291381836, -156.29293823242188], [-45.381290435791016, -72.1450424194336], [-293.36529541015625, -127.56900787353516], [-32.36971664428711, -89.34752655029297], [-167.33242797851562, -54.53691101074219], [-123.01611328125, -70.71687316894531], [-7.776367664337158, -13.255974769592285], [-76.35769653320312, -130.35800170898438], [-7.916042327880859, -31.138748168945312], [-110.01544189453125, -128.6709442138672], [-41.511009216308594, -12.95829963684082], [-12.728672981262207, -301.31842041015625], [-48.83306884765625, -35.221534729003906], [-11.422690391540527, -73.24915313720703]], "train_probs": [1.0, 1.0, 8.848368760892401e-41, 2.7028315458674053e-43, 0.9661402444868222, 0.5637382538055682, 1.0, 3.090725195435091e-39, 3.7026596895107086e-07, 1.0, 0.9990993336516781, 1.0, 1.4160777192884857e-29, 1.0, 3.0216588280966274e-42, 0.9999999999999931, 1.0, 2.1240591565816826e-25, 1.0, 9.079137026781989e-51, 1.0, 0.999999999999988, 3.35058596237169e-05, 2.0281247727424582e-22, 0.9998949647936084, 1.0, 0.9999998510140613, 1.0, 3.4680127558908726e-16, 1.0, 1.0, 1.0, 6.803692349450919e-37, 1.0, 3.4458668343338663e-14, 1.0, 1.0, 1.0, 0.9999999821272517, 0.0006171012512963995, 3.3712065485974296e-08, 3.5024811464933104e-67, 7.575155343304651e-11, 0.978597022204519, 1.545439484249528e-19, 0.9998492682568313, 2.829348387274474e-23, 1.2357638028815076e-37, 1.0, 1.0298522865389399e-22, 2.0070152256919527e-28, 2.1299950559080703e-32, 1.0, 3.6580666089985773e-25, 6.2574756445538756e-18, 1.0, 2.971322991430167e-47, 5.943860290690438e-10, 1.0, 0.999999999992619, 1.0, 1.0, 0.9999999966115184, 0.9999977225994606, 0.9999999999999913, 0.9999980788602879, 0.007316393073863701, 1.0, 1.0, 4.503268483912139e-21, 0.0043134426312285545, 0.9999999999999961, 2.5661800020316275e-20, 2.722542143851695e-26, 1.0, 0.9999999999984648, 1.6847079095907998e-13, 6.77478644435753e-20, 2.3891601944931748e-21, 0.9998935572290584, 4.178340218546e-12, 1.0, 1.0, 1.0, 0.9999984075009726, 5.525141591422824e-22, 1.0, 0.9999999999976196, 9.898906059000795e-73, 1.0, 1.0316429091696702e-49, 1.9352122812916802e-23, 0.9958463565868132, 1.0, 0.9999999999178689, 0.9999999920928808, 3.9784672396499535e-13, 1.0, 1.2262677576338393e-06, 1.0], "test_labels": [], "test_logprobs": [], "test_probs": []}}