{"0": {"train_labels": [0, 0, 1, 1, 0, 1, 0, 1, 1, 0, 0, 0, 1, 0, 1, 0, 0, 1, 0, 1, 0, 0, 1, 1, 0, 0, 0, 0, 1, 0, 0, 0, 1, 0, 1, 0, 0, 0, 0, 1, 1, 1, 1, 0, 1, 0, 1, 1, 0, 1, 1, 1, 0, 1, 1, 0, 1, 1, 0, 0, 0, 0, 0, 0, 0, 0, 1, 0, 0, 1, 1, 0, 1, 1, 0, 0, 1, 1, 1, 0, 1, 0, 0, 0, 0, 1, 0, 0, 1, 0, 1, 1, 0, 0, 0, 0, 1, 0, 1, 0], "train_logprobs": [[-12.197916030883789, -58.74989318847656], [-59.16741180419922, -97.4115219116211], [-128.2490692138672, -27.33016014099121], [-130.30078125, -27.69813346862793], [-104.55449676513672, -104.81097412109375], [-114.4754638671875, -98.1837158203125], [-40.104469299316406, -87.53558349609375], [-143.81356811523438, -39.853729248046875], [-68.97763061523438, -65.27848815917969], [-120.56364440917969, -158.18637084960938], [-141.3695068359375, -153.56671142578125], [-13.415480613708496, -62.47885513305664], [-79.73721313476562, -4.465253829956055], [-33.65921401977539, -138.81300354003906], [-185.06809997558594, -96.72663879394531], [-20.552616119384766, -51.02094650268555], [-246.18045043945312, -277.3067932128906], [-124.00955963134766, -56.0716438293457], [-34.14229965209961, -102.69295501708984], [-150.8519744873047, -17.21523666381836], [-127.50000762939453, -200.92010498046875], [-11.458565711975098, -46.51573944091797], [-41.53483963012695, -37.816322326660156], [-166.03868103027344, -100.2186050415039], [-25.187610626220703, -37.42194366455078], [-36.318050384521484, -80.86430358886719], [-14.162382125854492, -18.869802474975586], [-39.645057678222656, -194.7617645263672], [-49.7744255065918, -29.29125213623047], [-91.14916229248047, -138.01844787597656], [-20.919361114501953, -189.97874450683594], [-39.97437286376953, -127.6683120727539], [-139.59808349609375, -59.442161560058594], [-102.17340087890625, -143.1038818359375], [-79.50757598876953, -55.183494567871094], [-8.70674991607666, -64.66290283203125], [-107.3755874633789, -181.9497833251953], [-35.405601501464844, -249.3978271484375], [-21.03648567199707, -49.17597961425781], [-48.85614013671875, -29.632911682128906], [-47.704647064208984, -43.923980712890625], [-174.9019775390625, -37.98764419555664], [-59.538719177246094, -35.239871978759766], [-68.64859008789062, -75.1473617553711], [-83.83841705322266, -27.464908599853516], [-104.95906066894531, -113.38725280761719], [-66.1772689819336, -19.05661392211914], [-115.311767578125, -30.6446533203125], [-100.14665985107422, -278.5112609863281], [-92.09440612792969, -30.7564697265625], [-142.49363708496094, -70.7625732421875], [-110.27996826171875, -44.19239044189453], [-21.863243103027344, -121.94413757324219], [-73.40982818603516, -16.340604782104492], [-79.3947982788086, -44.96619415283203], [-57.46833419799805, -361.9141540527344], [-220.81471252441406, -107.06114196777344], [-86.56653594970703, -56.86463928222656], [-80.48834228515625, -157.7149200439453], [-39.14960861206055, -76.3844223022461], [-42.352394104003906, -144.23171997070312], [-95.40081787109375, -213.84005737304688], [-60.15673828125, -78.51917266845703], [-27.87087059020996, -58.649227142333984], [-38.85451889038086, -63.36212158203125], [-82.18246459960938, -98.61842346191406], [-20.442211151123047, -17.253149032592773], [-108.14028930664062, -336.2921447753906], [-51.78715133666992, -127.33729553222656], [-98.59526062011719, -48.555992126464844], [-173.21055603027344, -156.8892059326172], [-51.216339111328125, -86.04283905029297], [-84.98301696777344, -31.273792266845703], [-95.92206573486328, -43.110816955566406], [-170.85733032226562, -303.6338195800781], [-49.09515380859375, -78.04933166503906], [-65.4050521850586, -25.192459106445312], [-54.23762893676758, -20.505098342895508], [-126.21002197265625, -82.44384002685547], [-58.3133544921875, -71.71797943115234], [-67.2388687133789, -57.02050018310547], [-28.39716339111328, -238.99295043945312], [-118.14440155029297, -157.09518432617188], [-19.40372657775879, -91.13935852050781], [-56.13814926147461, -60.390647888183594], [-180.07333374023438, -129.43499755859375], [-28.597087860107422, -163.2545166015625], [-55.93366241455078, -90.14036560058594], [-304.05511474609375, -149.25021362304688], [-45.10936737060547, -100.57218170166016], [-177.40017700195312, -60.58115768432617], [-127.53897094726562, -81.91177368164062], [-17.491235733032227, -22.727529525756836], [-71.14146423339844, -144.92481994628906], [-11.434829711914062, -33.987220764160156], [-125.85345458984375, -126.32011413574219], [-38.22428894042969, -13.98725414276123], [-17.302330017089844, -318.08013916015625], [-56.50495910644531, -42.65411376953125], [-21.90709114074707, -78.54664611816406]], "train_probs": [1.0, 1.0, 1.484139315728366e-44, 2.7557273078664652e-45, 0.5637701515550979, 8.405889684041021e-08, 1.0, 7.092766135719668e-46, 0.024147220452811022, 1.0, 0.9999949554879803, 1.0, 2.0408140328920488e-33, 1.0, 4.3031936017929596e-39, 0.9999999999999414, 0.9999999999999697, 3.1256335161782014e-30, 1.0, 9.16858221573185e-59, 1.0, 0.9999999999999993, 0.023694853766553118, 2.5983891830718857e-29, 0.999995139347642, 1.0, 0.991052739444911, 1.0, 1.271366702207553e-09, 1.0, 1.0, 1.0, 1.5442777398629476e-35, 1.0, 2.730144674209786e-11, 1.0, 1.0, 1.0, 0.9999999999993986, 4.481856589481364e-09, 0.02229890650533148, 3.4582830449957564e-60, 2.799914341579518e-11, 0.9984969754325295, 3.2907610870774105e-25, 0.9997814314212551, 3.43367766755847e-21, 1.6964438089911268e-37, 1.0, 2.2975908316758912e-27, 7.040358787719505e-32, 1.9885184759104472e-29, 1.0, 1.641161004459201e-25, 1.1164703870568648e-15, 1.0, 3.957783289131087e-50, 1.2607534790032005e-13, 1.0, 1.0, 1.0, 1.0, 0.999999989400239, 0.999999999999957, 0.9999999999772761, 0.9999999272297729, 0.03957941574092974, 1.0, 1.0, 1.8544785514761783e-22, 8.16070501947335e-08, 0.9999999999999992, 4.72476361408602e-24, 1.1597545171381611e-23, 1.0, 0.9999999999997337, 3.434730945631665e-18, 2.2394847140613863e-15, 9.830796064856192e-20, 0.9999984918494319, 3.649245528018725e-05, 1.0, 1.0, 1.0, 0.9859709764858189, 1.0187087197166062e-22, 1.0, 0.9999999999999986, 5.876052544817199e-68, 1.0, 1.8456295246536548e-51, 1.528832839453666e-20, 0.9947082148310021, 1.0, 0.999999999839446, 0.6145928115833253, 2.978444621710072e-11, 1.0, 9.652812742265785e-07, 1.0], "test_labels": [], "test_logprobs": [], "test_probs": []}}