{"0": {"0": {"chosen": -21.388553619384766, "rejected": -6.598813056945801}, "1": {"chosen": -15.074813842773438, "rejected": -23.466476440429688}, "2": {"chosen": -37.66725158691406, "rejected": -256.187255859375}, "3": {"chosen": -19.20787811279297, "rejected": -24.880056381225586}, "4": {"chosen": -38.44926452636719, "rejected": -178.7424774169922}, "5": {"chosen": -120.75060272216797, "rejected": -181.00228881835938}, "6": {"chosen": -105.71937561035156, "rejected": -29.904003143310547}, "7": {"chosen": -11.613682746887207, "rejected": -26.93893051147461}, "8": {"chosen": -15.888336181640625, "rejected": -57.37565231323242}, "9": {"chosen": -9.198166847229004, "rejected": -335.631103515625}, "10": {"chosen": -22.052854537963867, "rejected": -22.361648559570312}, "11": {"chosen": -27.834369659423828, "rejected": -314.0143737792969}, "12": {"chosen": -30.98509979248047, "rejected": -10.891438484191895}, "13": {"chosen": -106.02912902832031, "rejected": -45.938385009765625}, "14": {"chosen": -43.13267517089844, "rejected": -27.60625457763672}, "15": {"chosen": -20.058542251586914, "rejected": -32.479591369628906}, "16": {"chosen": -67.93292236328125, "rejected": -282.4519348144531}, "17": {"chosen": -58.539093017578125, "rejected": -34.51321792602539}, "18": {"chosen": -220.14077758789062, "rejected": -84.26058959960938}, "19": {"chosen": -82.03227233886719, "rejected": -42.170928955078125}, "20": {"chosen": -54.971492767333984, "rejected": -32.25331497192383}, "21": {"chosen": -26.580429077148438, "rejected": -14.727685928344727}, "22": {"chosen": -52.14955139160156, "rejected": -20.129838943481445}, "23": {"chosen": -15.322515487670898, "rejected": -59.87146759033203}, "24": {"chosen": -51.01297378540039, "rejected": -15.30960464477539}, "25": {"chosen": -113.12300109863281, "rejected": -15.521102905273438}, "26": {"chosen": -30.775171279907227, "rejected": -67.2499771118164}, "27": {"chosen": -195.4578857421875, "rejected": -147.64683532714844}, "28": {"chosen": -78.72227478027344, "rejected": -31.119552612304688}, "29": {"chosen": -11.764643669128418, "rejected": -116.73698425292969}, "30": {"chosen": -45.209434509277344, "rejected": -18.583084106445312}, "31": {"chosen": -110.12226867675781, "rejected": -180.61598205566406}, "32": {"chosen": -47.83915710449219, "rejected": -46.72933578491211}, "33": {"chosen": -78.59254455566406, "rejected": -28.351099014282227}, "34": {"chosen": -202.42727661132812, "rejected": -47.77001190185547}, "35": {"chosen": -63.55759811401367, "rejected": -89.0586929321289}, "36": {"chosen": -25.865541458129883, "rejected": -165.36441040039062}, "37": {"chosen": -28.45052146911621, "rejected": -99.6253890991211}, "38": {"chosen": -20.9489803314209, "rejected": -388.8282165527344}, "39": {"chosen": -17.239221572875977, "rejected": -132.536376953125}, "40": {"chosen": -54.56931686401367, "rejected": -85.30020141601562}, "41": {"chosen": -132.7941131591797, "rejected": -64.88301849365234}, "42": {"chosen": -97.58487701416016, "rejected": -62.91672897338867}, "43": {"chosen": -104.66175079345703, "rejected": -47.50014877319336}, "44": {"chosen": -250.40975952148438, "rejected": -364.8135986328125}, "45": {"chosen": -123.62539672851562, "rejected": -350.48553466796875}, "46": {"chosen": -160.19754028320312, "rejected": -112.11653900146484}, "47": {"chosen": -76.4442138671875, "rejected": -133.98374938964844}, "48": {"chosen": -36.14336395263672, "rejected": -24.888216018676758}, "49": {"chosen": -126.6157455444336, "rejected": -31.908164978027344}, "50": {"chosen": -98.91613006591797, "rejected": -45.069602966308594}, "51": {"chosen": -22.834972381591797, "rejected": -28.244672775268555}, "52": {"chosen": -16.910764694213867, "rejected": -32.83840560913086}, "53": {"chosen": -355.2930603027344, "rejected": -106.64404296875}, "54": {"chosen": -24.896610260009766, "rejected": -253.50628662109375}, "55": {"chosen": -30.395626068115234, "rejected": -139.1925048828125}, "56": {"chosen": -41.5217399597168, "rejected": -262.5423583984375}, "57": {"chosen": -17.33601951599121, "rejected": -15.44802188873291}, "58": {"chosen": -98.6576156616211, "rejected": -159.7520751953125}, "59": {"chosen": -63.031639099121094, "rejected": -28.74060821533203}, "60": {"chosen": -21.424575805664062, "rejected": -35.45935821533203}, "61": {"chosen": -88.20417022705078, "rejected": -53.56291198730469}, "62": {"chosen": -155.95166015625, "rejected": -109.57774353027344}, "63": {"chosen": -69.51657104492188, "rejected": -29.63322639465332}, "64": {"chosen": -181.87159729003906, "rejected": -183.4838104248047}, "65": {"chosen": -51.952972412109375, "rejected": -138.56088256835938}, "66": {"chosen": -20.150819778442383, "rejected": -68.01545715332031}, "67": {"chosen": -18.392343521118164, "rejected": -82.7285385131836}, "68": {"chosen": -145.11386108398438, "rejected": -206.9214324951172}, "69": {"chosen": -20.976282119750977, "rejected": -17.973873138427734}, "70": {"chosen": -23.895273208618164, "rejected": -27.499263763427734}, "71": {"chosen": -44.864994049072266, "rejected": -206.8981170654297}, "72": {"chosen": -22.262897491455078, "rejected": -191.27865600585938}, "73": {"chosen": -2.5156736373901367, "rejected": -7.410277843475342}, "74": {"chosen": -53.97206115722656, "rejected": -28.9021053314209}, "75": {"chosen": -37.901153564453125, "rejected": -465.8173828125}, "76": {"chosen": -16.133424758911133, "rejected": -11.771404266357422}, "77": {"chosen": -105.51637268066406, "rejected": -101.8387451171875}, "78": {"chosen": -69.3773193359375, "rejected": -47.38272476196289}, "79": {"chosen": -129.71206665039062, "rejected": -20.121366500854492}, "80": {"chosen": -7.102523326873779, "rejected": -13.14908218383789}, "81": {"chosen": -41.10871505737305, "rejected": -26.395668029785156}, "82": {"chosen": -26.514488220214844, "rejected": -30.17263412475586}, "83": {"chosen": -91.54676055908203, "rejected": -175.1298828125}, "84": {"chosen": -44.038246154785156, "rejected": -32.95164489746094}, "85": {"chosen": -46.703392028808594, "rejected": -267.51416015625}, "86": {"chosen": -136.7814483642578, "rejected": -41.979801177978516}, "87": {"chosen": -4.162905216217041, "rejected": -72.11457824707031}, "88": {"chosen": -44.13688278198242, "rejected": -125.60813903808594}, "89": {"chosen": -53.99560546875, "rejected": -72.80777740478516}, "90": {"chosen": -37.52617263793945, "rejected": -54.173274993896484}, "91": {"chosen": -62.86753463745117, "rejected": -46.521480560302734}, "92": {"chosen": -21.8369140625, "rejected": -39.74464416503906}, "93": {"chosen": -102.67786407470703, "rejected": -105.1911849975586}, "94": {"chosen": -5.330930709838867, "rejected": -16.509151458740234}, "95": {"chosen": -11.092011451721191, "rejected": -94.48127746582031}, "96": {"chosen": -20.84203338623047, "rejected": -13.126964569091797}, "97": {"chosen": -98.76592254638672, "rejected": -84.27931213378906}, "98": {"chosen": -15.530481338500977, "rejected": -63.066219329833984}, "99": {"chosen": -76.54220581054688, "rejected": -43.259300231933594}}}