{"0": {"0": {"chosen": -19.641067504882812, "rejected": -5.202611923217773}, "1": {"chosen": -13.269582748413086, "rejected": -22.551715850830078}, "2": {"chosen": -39.91172790527344, "rejected": -252.7014923095703}, "3": {"chosen": -16.98135757446289, "rejected": -23.086864471435547}, "4": {"chosen": -39.49150085449219, "rejected": -177.173828125}, "5": {"chosen": -121.8613052368164, "rejected": -181.12884521484375}, "6": {"chosen": -103.47160339355469, "rejected": -29.2808837890625}, "7": {"chosen": -11.669010162353516, "rejected": -26.28357696533203}, "8": {"chosen": -15.90788459777832, "rejected": -57.51599884033203}, "9": {"chosen": -9.468347549438477, "rejected": -336.76824951171875}, "10": {"chosen": -22.607330322265625, "rejected": -26.04799461364746}, "11": {"chosen": -29.609500885009766, "rejected": -313.0959167480469}, "12": {"chosen": -30.280757904052734, "rejected": -11.259151458740234}, "13": {"chosen": -104.60685729980469, "rejected": -46.51627731323242}, "14": {"chosen": -43.29270935058594, "rejected": -28.450485229492188}, "15": {"chosen": -20.05349349975586, "rejected": -32.09593963623047}, "16": {"chosen": -70.01235961914062, "rejected": -281.45611572265625}, "17": {"chosen": -58.06919479370117, "rejected": -32.31988525390625}, "18": {"chosen": -222.04917907714844, "rejected": -79.73826599121094}, "19": {"chosen": -80.548095703125, "rejected": -42.37848663330078}, "20": {"chosen": -54.62024688720703, "rejected": -33.261566162109375}, "21": {"chosen": -24.259740829467773, "rejected": -12.773151397705078}, "22": {"chosen": -52.02287292480469, "rejected": -20.696308135986328}, "23": {"chosen": -15.977653503417969, "rejected": -59.89065170288086}, "24": {"chosen": -52.24909591674805, "rejected": -15.397212982177734}, "25": {"chosen": -113.23475646972656, "rejected": -12.645291328430176}, "26": {"chosen": -31.74768829345703, "rejected": -66.82361602783203}, "27": {"chosen": -197.1890869140625, "rejected": -147.29783630371094}, "28": {"chosen": -80.29119110107422, "rejected": -31.017963409423828}, "29": {"chosen": -12.680994033813477, "rejected": -116.51477813720703}, "30": {"chosen": -44.616512298583984, "rejected": -18.59849739074707}, "31": {"chosen": -114.2830810546875, "rejected": -179.50302124023438}, "32": {"chosen": -48.68972396850586, "rejected": -45.59524154663086}, "33": {"chosen": -78.45159912109375, "rejected": -25.665122985839844}, "34": {"chosen": -203.9976043701172, "rejected": -47.45171356201172}, "35": {"chosen": -63.973812103271484, "rejected": -88.63189697265625}, "36": {"chosen": -26.544857025146484, "rejected": -166.28289794921875}, "37": {"chosen": -27.9897403717041, "rejected": -99.45992279052734}, "38": {"chosen": -20.527446746826172, "rejected": -387.33648681640625}, "39": {"chosen": -16.586654663085938, "rejected": -129.82009887695312}, "40": {"chosen": -56.023223876953125, "rejected": -86.67657470703125}, "41": {"chosen": -136.32669067382812, "rejected": -62.465450286865234}, "42": {"chosen": -94.27088928222656, "rejected": -60.93203353881836}, "43": {"chosen": -103.96576690673828, "rejected": -47.019927978515625}, "44": {"chosen": -251.4021759033203, "rejected": -363.1999206542969}, "45": {"chosen": -122.56826782226562, "rejected": -349.2776184082031}, "46": {"chosen": -157.78030395507812, "rejected": -111.93919372558594}, "47": {"chosen": -79.85423278808594, "rejected": -135.83299255371094}, "48": {"chosen": -34.7375373840332, "rejected": -25.244962692260742}, "49": {"chosen": -128.06300354003906, "rejected": -30.59783935546875}, "50": {"chosen": -98.56794738769531, "rejected": -44.91604232788086}, "51": {"chosen": -23.28475570678711, "rejected": -27.96166229248047}, "52": {"chosen": -18.27425765991211, "rejected": -30.208799362182617}, "53": {"chosen": -356.56536865234375, "rejected": -105.96131896972656}, "54": {"chosen": -23.836179733276367, "rejected": -253.3504638671875}, "55": {"chosen": -28.555618286132812, "rejected": -138.01004028320312}, "56": {"chosen": -40.95143508911133, "rejected": -261.86175537109375}, "57": {"chosen": -17.905811309814453, "rejected": -13.092938423156738}, "58": {"chosen": -98.6198501586914, "rejected": -160.0980682373047}, "59": {"chosen": -64.83639526367188, "rejected": -26.619842529296875}, "60": {"chosen": -19.812715530395508, "rejected": -34.791908264160156}, "61": {"chosen": -89.13505554199219, "rejected": -54.46916580200195}, "62": {"chosen": -159.60696411132812, "rejected": -108.56983947753906}, "63": {"chosen": -69.63432312011719, "rejected": -28.32669448852539}, "64": {"chosen": -180.4719696044922, "rejected": -185.49839782714844}, "65": {"chosen": -51.275447845458984, "rejected": -139.4574737548828}, "66": {"chosen": -19.787418365478516, "rejected": -68.27286529541016}, "67": {"chosen": -17.60163116455078, "rejected": -80.66819763183594}, "68": {"chosen": -145.51156616210938, "rejected": -209.0652618408203}, "69": {"chosen": -19.189207077026367, "rejected": -17.514299392700195}, "70": {"chosen": -23.780912399291992, "rejected": -27.241222381591797}, "71": {"chosen": -46.030006408691406, "rejected": -209.67147827148438}, "72": {"chosen": -22.802778244018555, "rejected": -188.43475341796875}, "73": {"chosen": -2.463596820831299, "rejected": -7.475665092468262}, "74": {"chosen": -53.669002532958984, "rejected": -29.43863296508789}, "75": {"chosen": -39.543792724609375, "rejected": -466.8712158203125}, "76": {"chosen": -17.412363052368164, "rejected": -11.983439445495605}, "77": {"chosen": -105.26820373535156, "rejected": -102.20877838134766}, "78": {"chosen": -67.82178497314453, "rejected": -46.35207748413086}, "79": {"chosen": -129.85313415527344, "rejected": -17.4439697265625}, "80": {"chosen": -8.226537704467773, "rejected": -10.687734603881836}, "81": {"chosen": -41.86299133300781, "rejected": -25.20384979248047}, "82": {"chosen": -26.36479949951172, "rejected": -30.06264877319336}, "83": {"chosen": -89.2694091796875, "rejected": -172.60107421875}, "84": {"chosen": -46.314186096191406, "rejected": -33.44102478027344}, "85": {"chosen": -50.741737365722656, "rejected": -269.86279296875}, "86": {"chosen": -138.62599182128906, "rejected": -43.088226318359375}, "87": {"chosen": -3.606411933898926, "rejected": -72.88964080810547}, "88": {"chosen": -45.02326965332031, "rejected": -123.78912353515625}, "89": {"chosen": -53.75556182861328, "rejected": -70.39787292480469}, "90": {"chosen": -38.18741989135742, "rejected": -53.99299621582031}, "91": {"chosen": -61.988651275634766, "rejected": -45.0099983215332}, "92": {"chosen": -21.713787078857422, "rejected": -38.930362701416016}, "93": {"chosen": -103.6778564453125, "rejected": -104.5799331665039}, "94": {"chosen": -4.229082107543945, "rejected": -15.949186325073242}, "95": {"chosen": -11.74365234375, "rejected": -95.85641479492188}, "96": {"chosen": -22.797182083129883, "rejected": -13.744817733764648}, "97": {"chosen": -98.82814025878906, "rejected": -84.02728271484375}, "98": {"chosen": -16.023569107055664, "rejected": -64.59772491455078}, "99": {"chosen": -76.5571060180664, "rejected": -42.65168762207031}}}