{"0": {"0": {"chosen": -19.423656463623047, "rejected": -5.4345574378967285}, "1": {"chosen": -13.960994720458984, "rejected": -23.500656127929688}, "2": {"chosen": -36.70297622680664, "rejected": -254.3409881591797}, "3": {"chosen": -16.721778869628906, "rejected": -23.377897262573242}, "4": {"chosen": -36.17134094238281, "rejected": -178.99594116210938}, "5": {"chosen": -119.18158721923828, "rejected": -179.0142364501953}, "6": {"chosen": -103.43423461914062, "rejected": -26.853050231933594}, "7": {"chosen": -11.362141609191895, "rejected": -24.963714599609375}, "8": {"chosen": -16.11096954345703, "rejected": -56.206905364990234}, "9": {"chosen": -8.584957122802734, "rejected": -337.0210876464844}, "10": {"chosen": -21.422534942626953, "rejected": -24.84747314453125}, "11": {"chosen": -27.935035705566406, "rejected": -312.89300537109375}, "12": {"chosen": -29.810894012451172, "rejected": -10.399215698242188}, "13": {"chosen": -103.70645904541016, "rejected": -44.848873138427734}, "14": {"chosen": -42.18703079223633, "rejected": -26.59735870361328}, "15": {"chosen": -19.00189781188965, "rejected": -29.256872177124023}, "16": {"chosen": -70.80088806152344, "rejected": -282.2132873535156}, "17": {"chosen": -57.94867706298828, "rejected": -33.25480651855469}, "18": {"chosen": -220.33969116210938, "rejected": -83.114013671875}, "19": {"chosen": -80.12792205810547, "rejected": -41.3738899230957}, "20": {"chosen": -55.389644622802734, "rejected": -31.767982482910156}, "21": {"chosen": -22.459566116333008, "rejected": -12.742192268371582}, "22": {"chosen": -51.27375411987305, "rejected": -19.99654769897461}, "23": {"chosen": -15.078428268432617, "rejected": -58.99515151977539}, "24": {"chosen": -49.66028594970703, "rejected": -15.49580192565918}, "25": {"chosen": -114.04103088378906, "rejected": -13.002662658691406}, "26": {"chosen": -31.212221145629883, "rejected": -66.68073272705078}, "27": {"chosen": -196.5620574951172, "rejected": -144.6707763671875}, "28": {"chosen": -80.31922149658203, "rejected": -31.108409881591797}, "29": {"chosen": -11.41372299194336, "rejected": -113.29802703857422}, "30": {"chosen": -44.230621337890625, "rejected": -17.882434844970703}, "31": {"chosen": -112.07379150390625, "rejected": -178.6657257080078}, "32": {"chosen": -47.12839126586914, "rejected": -43.692996978759766}, "33": {"chosen": -77.68799591064453, "rejected": -25.148170471191406}, "34": {"chosen": -203.89939880371094, "rejected": -48.118263244628906}, "35": {"chosen": -63.813934326171875, "rejected": -88.1092758178711}, "36": {"chosen": -25.036174774169922, "rejected": -165.21170043945312}, "37": {"chosen": -27.996620178222656, "rejected": -98.79595184326172}, "38": {"chosen": -21.079256057739258, "rejected": -387.16522216796875}, "39": {"chosen": -15.659988403320312, "rejected": -131.31556701660156}, "40": {"chosen": -53.496089935302734, "rejected": -87.57752990722656}, "41": {"chosen": -135.34307861328125, "rejected": -62.79914093017578}, "42": {"chosen": -94.64080810546875, "rejected": -60.71617889404297}, "43": {"chosen": -104.01544189453125, "rejected": -46.964420318603516}, "44": {"chosen": -252.0182342529297, "rejected": -360.8168029785156}, "45": {"chosen": -123.5657730102539, "rejected": -352.7845458984375}, "46": {"chosen": -159.7034912109375, "rejected": -113.41897583007812}, "47": {"chosen": -76.846435546875, "rejected": -134.91737365722656}, "48": {"chosen": -34.989349365234375, "rejected": -24.69064712524414}, "49": {"chosen": -125.4700698852539, "rejected": -29.55704116821289}, "50": {"chosen": -97.34691619873047, "rejected": -43.87894821166992}, "51": {"chosen": -21.403682708740234, "rejected": -27.14909553527832}, "52": {"chosen": -17.47450065612793, "rejected": -30.583576202392578}, "53": {"chosen": -357.3046875, "rejected": -106.38175201416016}, "54": {"chosen": -23.818748474121094, "rejected": -252.6943817138672}, "55": {"chosen": -27.84953498840332, "rejected": -138.9450225830078}, "56": {"chosen": -39.673423767089844, "rejected": -261.782958984375}, "57": {"chosen": -17.259145736694336, "rejected": -12.569740295410156}, "58": {"chosen": -99.15577697753906, "rejected": -160.6836700439453}, "59": {"chosen": -62.95107650756836, "rejected": -27.70151710510254}, "60": {"chosen": -20.65534210205078, "rejected": -35.64369201660156}, "61": {"chosen": -88.22346496582031, "rejected": -54.05145263671875}, "62": {"chosen": -158.5917510986328, "rejected": -107.10346984863281}, "63": {"chosen": -67.73783111572266, "rejected": -24.398632049560547}, "64": {"chosen": -181.22235107421875, "rejected": -185.06002807617188}, "65": {"chosen": -51.750953674316406, "rejected": -139.7780303955078}, "66": {"chosen": -18.805349349975586, "rejected": -64.41255950927734}, "67": {"chosen": -16.741374969482422, "rejected": -81.28146362304688}, "68": {"chosen": -146.93936157226562, "rejected": -206.1410675048828}, "69": {"chosen": -17.86348533630371, "rejected": -16.085886001586914}, "70": {"chosen": -22.946746826171875, "rejected": -27.214054107666016}, "71": {"chosen": -42.91193389892578, "rejected": -209.6112060546875}, "72": {"chosen": -21.024492263793945, "rejected": -186.3791961669922}, "73": {"chosen": -2.3403687477111816, "rejected": -6.696406841278076}, "74": {"chosen": -54.71742630004883, "rejected": -29.239643096923828}, "75": {"chosen": -35.686283111572266, "rejected": -468.1645812988281}, "76": {"chosen": -15.779211044311523, "rejected": -10.492683410644531}, "77": {"chosen": -105.53682708740234, "rejected": -99.62765502929688}, "78": {"chosen": -69.29642486572266, "rejected": -46.784183502197266}, "79": {"chosen": -127.42345428466797, "rejected": -17.676471710205078}, "80": {"chosen": -7.263377666473389, "rejected": -10.998730659484863}, "81": {"chosen": -40.22087478637695, "rejected": -25.1710205078125}, "82": {"chosen": -25.749305725097656, "rejected": -27.914011001586914}, "83": {"chosen": -90.40908813476562, "rejected": -174.2329559326172}, "84": {"chosen": -43.350425720214844, "rejected": -30.651710510253906}, "85": {"chosen": -47.033023834228516, "rejected": -270.5009460449219}, "86": {"chosen": -139.2412567138672, "rejected": -44.394920349121094}, "87": {"chosen": -3.5519156455993652, "rejected": -72.7034683227539}, "88": {"chosen": -42.35305404663086, "rejected": -124.69319152832031}, "89": {"chosen": -53.66548156738281, "rejected": -70.51875305175781}, "90": {"chosen": -37.77913284301758, "rejected": -53.562835693359375}, "91": {"chosen": -62.45305633544922, "rejected": -43.243247985839844}, "92": {"chosen": -21.75688934326172, "rejected": -38.80769348144531}, "93": {"chosen": -101.26686096191406, "rejected": -106.20072937011719}, "94": {"chosen": -3.4598352909088135, "rejected": -15.184094429016113}, "95": {"chosen": -11.138980865478516, "rejected": -94.42953491210938}, "96": {"chosen": -21.485017776489258, "rejected": -12.584753036499023}, "97": {"chosen": -98.93090057373047, "rejected": -83.80810546875}, "98": {"chosen": -14.994881629943848, "rejected": -62.87403106689453}, "99": {"chosen": -76.32659912109375, "rejected": -41.50400924682617}}}