{"0": {"train_labels": [0, 0, 1, 1, 0, 1, 0, 1, 1, 0, 1, 0, 1, 0, 1, 0, 0, 1, 0, 1, 0, 0, 1, 1, 1, 0, 0, 0, 1, 0, 0, 0, 1, 0, 1, 0, 0, 0, 0, 1, 1, 1, 1, 1, 1, 0, 1, 1, 0, 1, 1, 1, 0, 1, 1, 0, 1, 1, 0, 0, 0, 0, 0, 0, 0, 0, 1, 0, 0, 1, 1, 0, 1, 1, 0, 0, 1, 1, 1, 0, 1, 0, 0, 0, 0, 1, 0, 0, 1, 0, 1, 1, 0, 0, 0, 0, 1, 0, 1, 0], "train_logprobs": [[-9.575342178344727, -109.6600341796875], [-112.84782409667969, -171.24713134765625], [-198.50645446777344, -39.42455291748047], [-264.5244140625, -41.64335632324219], [-206.66867065429688, -224.1011505126953], [-183.69508361816406, -178.21868896484375], [-41.84833908081055, -136.01943969726562], [-247.85464477539062, -58.90985870361328], [-153.94790649414062, -116.98716735839844], [-299.313232421875, -328.9324645996094], [-300.89080810546875, -290.31585693359375], [-31.75623893737793, -130.71768188476562], [-178.55255126953125, -3.4106154441833496], [-55.5373649597168, -209.924072265625], [-366.3747253417969, -165.53195190429688], [-31.047664642333984, -98.47074890136719], [-419.82562255859375, -524.6648559570312], [-226.85635375976562, -100.80615234375], [-20.850940704345703, -227.47406005859375], [-219.76126098632812, -31.315885543823242], [-219.8822021484375, -359.94500732421875], [-8.677942276000977, -66.34204864501953], [-94.55668640136719, -68.36466217041016], [-329.430908203125, -197.13002014160156], [-52.80210876464844, -39.699981689453125], [-49.28322982788086, -172.77903747558594], [-20.516979217529297, -65.43739318847656], [-87.06568908691406, -332.0146484375], [-125.1628189086914, -15.176337242126465], [-158.69483947753906, -242.44326782226562], [-21.55268669128418, -312.5974426269531], [-31.98936653137207, -191.97869873046875], [-278.6175537109375, -146.18507385253906], [-185.38784790039062, -315.608154296875], [-141.21739196777344, -98.33045959472656], [-17.563255310058594, -93.47332000732422], [-167.04319763183594, -304.6884460449219], [-33.818416595458984, -477.0069580078125], [-30.1187744140625, -84.32130432128906], [-71.23553466796875, -59.909332275390625], [-153.20254516601562, -82.828857421875], [-349.7433166503906, -71.52316284179688], [-99.98816680908203, -59.255802154541016], [-103.06491088867188, -101.62775421142578], [-128.7564239501953, -57.79484176635742], [-154.1786346435547, -222.8216552734375], [-125.6692123413086, -40.201904296875], [-195.10955810546875, -35.66193389892578], [-194.9390869140625, -501.435791015625], [-211.32444763183594, -61.755653381347656], [-206.2495880126953, -135.94618225097656], [-224.95748901367188, -51.67072677612305], [-61.76289749145508, -252.23504638671875], [-131.09683227539062, -26.46484375], [-168.41961669921875, -109.53134155273438], [-121.01589965820312, -647.7739868164062], [-438.82550048828125, -205.74403381347656], [-124.84333801269531, -74.81494140625], [-146.12481689453125, -292.4112854003906], [-52.673744201660156, -106.47673797607422], [-53.10253143310547, -278.0457763671875], [-184.10614013671875, -396.8619079589844], [-82.5031967163086, -129.64634704589844], [-35.97373580932617, -81.08332061767578], [-64.59750366210938, -129.10366821289062], [-180.8779754638672, -185.40489196777344], [-37.23008346557617, -19.26791000366211], [-203.15939331054688, -652.468017578125], [-97.18458557128906, -236.85800170898438], [-190.81036376953125, -73.37167358398438], [-317.4225769042969, -302.4549560546875], [-110.90512084960938, -165.18179321289062], [-137.5618133544922, -38.67203140258789], [-198.8887939453125, -95.17131042480469], [-229.80789184570312, -627.8677368164062], [-64.12834167480469, -130.83522033691406], [-116.98635864257812, -60.38131332397461], [-114.55116271972656, -18.448158264160156], [-231.33071899414062, -159.15939331054688], [-106.34770202636719, -111.06910705566406], [-124.13674926757812, -79.14057922363281], [-59.11735153198242, -502.62109375], [-234.79473876953125, -291.552490234375], [-18.36652374267578, -161.97015380859375], [-68.1409912109375, -103.6382827758789], [-321.43145751953125, -270.9209899902344], [-55.890628814697266, -302.1041259765625], [-116.11827087402344, -192.19479370117188], [-582.925048828125, -267.9588317871094], [-77.9831771850586, -207.4440460205078], [-376.07513427734375, -100.6947021484375], [-225.22218322753906, -155.8361358642578], [-17.098995208740234, -39.705589294433594], [-135.05398559570312, -219.14096069335938], [-16.056560516357422, -39.49819564819336], [-225.1582489013672, -268.947509765625], [-76.43624114990234, -40.6214714050293], [-18.25833511352539, -566.928955078125], [-124.97270202636719, -69.67377471923828], [-27.686967849731445, -138.2819366455078]], "train_probs": [1.0, 1.0, 8.158456195020015e-70, 1.5995083186327464e-97, 0.9999999731360308, 0.004166952557823447, 1.0, 8.756328067791763e-83, 8.874725853665839e-17, 0.999999999999863, 2.5547356267676914e-05, 1.0, 8.646169021858034e-77, 1.0, 5.957880195863345e-88, 1.0, 1.0, 1.8075614987142328e-55, 1.0, 1.4428238250948453e-82, 1.0, 1.0, 4.216464096380197e-12, 3.487019403248238e-58, 2.0408807234827015e-06, 1.0, 1.0, 1.0, 1.7118981722920634e-48, 1.0, 1.0, 1.0, 3.0570657028124035e-58, 1.0, 2.368328409476442e-19, 1.0, 1.0, 1.0, 1.0, 1.2052789326465615e-05, 2.735871791074065e-31, 1.4808887935159604e-121, 2.0424846233004436e-18, 0.1919860395815292, 1.519764971633775e-31, 1.0, 7.62113637639481e-38, 5.659481629009227e-70, 1.0, 1.1043277669276304e-65, 2.9350724009347227e-31, 5.527329734889756e-76, 1.0, 3.621635619320505e-46, 2.6616261520483983e-26, 1.0, 5.942992596235707e-102, 1.874750229140078e-22, 1.0, 1.0, 1.0, 1.0, 1.0, 1.0, 1.0, 0.9893017213108973, 1.581711148230824e-08, 1.0, 1.0, 9.931729679444709e-52, 3.159691781620028e-07, 1.0, 1.1290505370589024e-43, 9.037935344450785e-46, 1.0, 1.0, 2.610605028738552e-25, 1.83229531276184e-42, 4.533060381127125e-32, 0.9911758967451432, 2.873502922264615e-20, 1.0, 1.0, 1.0, 0.9999999999999996, 1.1576643877769582e-22, 1.0, 1.0, 1.6289582485299306e-137, 1.0, 2.5339491899584527e-120, 7.345519382639185e-31, 0.9999999998479169, 1.0, 0.9999999999340177, 1.0, 2.7915353329744057e-16, 1.0, 9.63786891931185e-25, 1.0], "test_labels": [], "test_logprobs": [], "test_probs": []}}