{"0": {"train_labels": [0, 0, 1, 1, 1, 1, 0, 1, 0, 0, 0, 0, 1, 0, 1, 0, 0, 1, 0, 1, 0, 0, 0, 1, 0, 1, 1, 0, 1, 0, 0, 0, 1, 0, 1, 0, 1, 0, 0, 0, 0, 1, 0, 1, 1, 0, 1, 1, 0, 1, 1, 1, 0, 1, 1, 0, 1, 1, 0, 0, 0, 0, 0, 1, 0, 0, 1, 0, 0, 1, 0, 0, 1, 1, 0, 0, 1, 1, 0, 0, 1, 0, 0, 0, 0, 1, 0, 0, 1, 0, 1, 1, 1, 0, 1, 0, 1, 0, 1, 0], "train_logprobs": [[-9.20619010925293, -62.67082977294922], [-52.7573127746582, -110.9494857788086], [-133.70498657226562, -1.4479353427886963], [-136.00318908691406, -22.700265884399414], [-138.74566650390625, -43.5772819519043], [-107.85096740722656, -47.52703857421875], [-25.946170806884766, -59.00434494018555], [-130.13841247558594, -39.943851470947266], [-42.81040954589844, -58.650691986083984], [-138.69239807128906, -186.0012969970703], [-86.8640365600586, -152.29608154296875], [-7.166909694671631, -76.86541748046875], [-88.004638671875, -12.395755767822266], [-39.64189147949219, -147.24130249023438], [-210.5856475830078, -92.54319763183594], [-16.60051918029785, -54.615299224853516], [-148.11019897460938, -294.57977294921875], [-99.85299682617188, -43.75783920288086], [-18.307559967041016, -113.10871887207031], [-132.8904266357422, -14.658524513244629], [-138.28164672851562, -156.36524963378906], [-5.072816371917725, -36.65534973144531], [-7.944063663482666, -40.43605422973633], [-155.79306030273438, -54.14208984375], [-10.959898948669434, -35.742130279541016], [-27.47064971923828, -17.821090698242188], [-10.752605438232422, -2.516745090484619], [-1.248026967048645, -238.29627990722656], [-50.36761474609375, -0.37270864844322205], [-105.24644470214844, -139.02389526367188], [-0.96888667345047, -237.60415649414062], [-20.545822143554688, -123.03030395507812], [-104.71112823486328, -68.20504760742188], [-34.325374603271484, -138.96148681640625], [-74.79327392578125, -49.03532791137695], [-7.1214728355407715, -71.65003967285156], [-101.56864929199219, -92.72637176513672], [-24.55543327331543, -272.39666748046875], [-3.3157827854156494, -45.24393844604492], [-9.364742279052734, -32.9737663269043], [-12.969269752502441, -39.654850006103516], [-187.41091918945312, -7.141563415527344], [-4.301455497741699, -37.21137619018555], [-63.79847717285156, -28.983882904052734], [-39.69206619262695, -16.32137107849121], [-111.44660186767578, -132.11448669433594], [-61.47207260131836, -14.150068283081055], [-107.95228576660156, -21.3148250579834], [-113.69606018066406, -205.01531982421875], [-58.9922981262207, -34.852420806884766], [-122.60833740234375, -60.899688720703125], [-114.90064239501953, -34.037864685058594], [-20.11798858642578, -41.413055419921875], [-75.04615783691406, -9.825723648071289], [-83.78694152832031, -49.191673278808594], [-64.76215362548828, -371.919921875], [-236.7557830810547, -100.17591857910156], [-75.83181762695312, -4.160233020782471], [-78.16304016113281, -140.6970977783203], [-36.04444122314453, -61.26043701171875], [-37.77244567871094, -38.309505462646484], [-97.14188385009766, -276.47332763671875], [-45.75947189331055, -65.06977844238281], [-19.55812644958496, -12.908934593200684], [-6.022246360778809, -60.81703186035156], [-81.42940521240234, -102.87186431884766], [-13.961949348449707, -11.54246711730957], [-113.92233276367188, -315.9789123535156], [-16.26756477355957, -138.4164581298828], [-80.95892333984375, -15.565144538879395], [-132.47943115234375, -151.94497680664062], [-39.604618072509766, -79.73764038085938], [-82.12620544433594, -33.43429183959961], [-85.86319732666016, -44.40016174316406], [-111.04435729980469, -337.3291320800781], [-42.40839385986328, -82.0302505493164], [-73.3379898071289, -6.831976413726807], [-61.290245056152344, -0.13385283946990967], [-72.35919189453125, -84.91372680664062], [-23.04079246520996, -55.584197998046875], [-69.07682037353516, -27.52640151977539], [-6.015822410583496, -267.2607421875], [-110.83797454833984, -176.16098022460938], [-10.344980239868164, -34.0866813659668], [-20.454294204711914, -48.68510437011719], [-208.12118530273438, -63.82499694824219], [-7.473871231079102, -165.52340698242188], [-44.611209869384766, -46.00788497924805], [-342.3975830078125, -150.0443115234375], [-42.951690673828125, -105.40914154052734], [-188.89512634277344, -15.68584156036377], [-121.29792022705078, -40.899967193603516], [-13.038070678710938, -1.232748031616211], [-28.129314422607422, -144.90908813476562], [-10.476152420043945, -3.2191123962402344], [-44.61939239501953, -148.6896209716797], [-29.726940155029297, -8.021114349365234], [-8.589540481567383, -336.8620300292969], [-49.374629974365234, -43.86970520019531], [-15.806550025939941, -34.26578140258789]], "train_probs": [1.0, 1.0, 3.6432792326300814e-58, 6.211059213536887e-50, 4.6654736122680126e-42, 6.33359925869228e-27, 0.9999999999999957, 6.745278071482652e-40, 0.9999998679760607, 1.0, 1.0, 1.0, 1.4570664954097684e-33, 1.0, 5.430194129079617e-52, 1.0, 1.0, 4.346929359882909e-25, 1.0, 4.493009359399588e-52, 0.9999999859915193, 0.9999999999999808, 0.9999999999999922, 7.137472526142005e-45, 0.9999999999827331, 6.444982957357131e-05, 0.0002649087074422643, 1.0, 1.9385997773365007e-22, 0.9999999999999978, 1.0, 1.0, 1.398333066548509e-16, 1.0, 6.508279278335649e-12, 1.0, 0.0001444724090170789, 1.0, 1.0, 0.9999999999441875, 0.9999999999974261, 5.128773632460349e-79, 0.9999999999999949, 7.589511429955937e-16, 7.083307139396511e-11, 0.9999999989430568, 2.807466947517259e-21, 2.3649877096275485e-38, 1.0, 3.2823469615052014e-11, 1.5858948611787958e-27, 7.616261540486925e-36, 0.9999999994354921, 4.732878160235328e-29, 9.450741824700635e-16, 1.0, 4.8319063425276e-60, 7.471818198829789e-32, 1.0, 0.99999999998881, 0.6311281838569079, 1.0, 0.9999999958919055, 0.0012933932512649848, 1.0, 0.9999999995128549, 0.08169909232180675, 1.0, 1.0, 3.979630181917808e-29, 0.9999999964826067, 1.0, 7.134616077434155e-22, 9.836315337740926e-19, 1.0, 1.0, 1.3085953413552905e-29, 2.7549665312288414e-27, 0.9999964711497241, 0.9999999999999927, 9.013269795149597e-19, 1.0, 1.0, 0.9999999999511224, 0.999999999999451, 2.1525915839631462e-63, 1.0, 0.8016557485574277, 2.8975812206510018e-84, 1.0, 5.972599651515896e-76, 1.212307079336149e-35, 7.464664195919105e-06, 1.0, 0.0007046953560824838, 1.0, 3.743515427794303e-10, 1.0, 0.004050223468380881, 0.9999999903781703], "test_labels": [], "test_logprobs": [], "test_probs": []}}