{"0": {"train_labels": [0, 0, 1, 1, 1, 1, 0, 1, 1, 0, 0, 0, 1, 0, 1, 0, 0, 1, 0, 1, 0, 0, 1, 1, 0, 0, 0, 0, 0, 0, 0, 0, 1, 0, 1, 0, 0, 0, 0, 1, 1, 1, 1, 0, 1, 0, 1, 1, 0, 1, 1, 1, 0, 1, 1, 0, 1, 1, 0, 0, 0, 0, 0, 0, 0, 0, 0, 0, 0, 1, 1, 0, 1, 1, 0, 0, 1, 1, 1, 1, 0, 0, 0, 0, 0, 1, 0, 0, 1, 0, 1, 1, 1, 0, 0, 0, 1, 0, 1, 0], "train_logprobs": [[-36.11455535888672, -94.95205688476562], [-111.61481475830078, -126.32492065429688], [-187.9764404296875, -52.55115509033203], [-175.34706115722656, -86.29702758789062], [-181.50181579589844, -151.36509704589844], [-142.9958953857422, -132.44895935058594], [-92.28689575195312, -149.21932983398438], [-168.78256225585938, -57.42866897583008], [-127.88925170898438, -112.068115234375], [-151.2665557861328, -239.43154907226562], [-170.57846069335938, -176.96755981445312], [-63.3818473815918, -94.35145568847656], [-147.83331298828125, -17.197593688964844], [-45.06463623046875, -187.6558837890625], [-254.86912536621094, -179.24337768554688], [-35.470272064208984, -81.85712432861328], [-313.99639892578125, -355.5699157714844], [-144.2675018310547, -86.93241882324219], [-60.57931900024414, -139.93954467773438], [-246.8292999267578, -57.95112609863281], [-181.59384155273438, -252.11898803710938], [-70.55361938476562, -77.7438735961914], [-69.1087875366211, -65.44964599609375], [-237.0782470703125, -133.98036193847656], [-40.39122772216797, -78.77433776855469], [-78.98980712890625, -117.92871856689453], [-11.950804710388184, -45.735496520996094], [-97.55247497558594, -280.8126220703125], [-63.15602111816406, -69.07240295410156], [-164.7720184326172, -188.5544891357422], [-25.030820846557617, -258.41998291015625], [-87.35977172851562, -138.08865356445312], [-200.68203735351562, -90.31697082519531], [-152.50619506835938, -193.5999298095703], [-133.82887268066406, -125.58929443359375], [-19.48157501220703, -102.33293151855469], [-145.15785217285156, -230.53140258789062], [-62.80937576293945, -288.2770080566406], [-67.98318481445312, -114.6866455078125], [-106.76666259765625, -64.41795349121094], [-77.3299560546875, -76.66333770751953], [-249.27294921875, -54.822174072265625], [-83.13717651367188, -78.44386291503906], [-117.61226654052734, -117.62181854248047], [-154.1583709716797, -90.18366241455078], [-138.56427001953125, -171.86209106445312], [-110.53724670410156, -49.74110412597656], [-147.30393981933594, -57.396697998046875], [-140.28285217285156, -342.072998046875], [-141.21612548828125, -79.75443267822266], [-174.58804321289062, -121.4006118774414], [-146.0550079345703, -73.4436264038086], [-45.88535690307617, -214.44224548339844], [-98.60479736328125, -20.56942367553711], [-103.47776794433594, -74.62579345703125], [-104.56693267822266, -444.2681884765625], [-297.5858154296875, -159.50283813476562], [-124.42117309570312, -75.819580078125], [-161.00437927246094, -233.52362060546875], [-68.10649871826172, -139.3082733154297], [-76.41857147216797, -203.55886840820312], [-161.29251098632812, -269.9201965332031], [-109.49004364013672, -140.08412170410156], [-54.22755813598633, -85.48249053955078], [-64.56146240234375, -114.81958770751953], [-108.1268539428711, -137.9153289794922], [-33.65729522705078, -50.79255676269531], [-146.45082092285156, -388.015869140625], [-88.60050964355469, -170.80203247070312], [-188.777099609375, -97.820068359375], [-251.99974060058594, -212.80715942382812], [-89.05963897705078, -172.2564697265625], [-135.5631561279297, -56.4712028503418], [-161.65554809570312, -110.45880126953125], [-231.78372192382812, -380.05596923828125], [-84.87626647949219, -128.98423767089844], [-88.84577178955078, -45.69430923461914], [-97.88282775878906, -28.83168601989746], [-204.52346801757812, -111.08247375488281], [-108.6463394165039, -103.42835998535156], [-88.3119888305664, -111.69012451171875], [-43.58173370361328, -277.9205322265625], [-180.12081909179688, -211.2911376953125], [-41.61765670776367, -141.85494995117188], [-85.90251922607422, -96.87000274658203], [-236.65771484375, -152.50003051757812], [-61.52577590942383, -226.1790771484375], [-97.61695861816406, -161.37213134765625], [-386.2142028808594, -205.24574279785156], [-80.51221466064453, -144.76751708984375], [-249.111572265625, -93.11861419677734], [-174.02711486816406, -107.79915618896484], [-45.571693420410156, -39.42634582519531], [-119.6928939819336, -228.49270629882812], [-26.33978271484375, -56.94676971435547], [-148.42491149902344, -152.37559509277344], [-95.6946792602539, -21.74954605102539], [-53.61333465576172, -410.45086669921875], [-115.04841613769531, -82.14669799804688], [-42.519317626953125, -147.59072875976562]], "train_probs": [1.0, 0.9999995912271871, 1.5330131032256408e-59, 2.118662635749294e-39, 8.1618638176188e-14, 2.6273169550996077e-05, 1.0, 4.361326598004614e-49, 1.3457601783682907e-07, 1.0, 0.9983230481032287, 0.9999999999999645, 1.8434355941243037e-57, 1.0, 1.4326994444309331e-33, 1.0, 1.0, 1.2580266180021758e-25, 1.0, 9.359472109869155e-83, 1.0, 0.9992466704864099, 0.025107966579524025, 1.6794125386635015e-45, 1.0, 1.0, 0.9999999999999979, 1.0, 0.9973123098764523, 0.9999999999530751, 1.0, 1.0, 1.1723589732121114e-48, 1.0, 0.000263925891617227, 1.0, 1.0, 1.0, 1.0, 4.056853448460378e-19, 0.3392544624910238, 3.5571432256421004e-85, 0.009073218474615764, 0.5023879823315357, 1.6448908784106445e-28, 0.9999999999999964, 3.9497604547785794e-27, 8.990440970217934e-40, 1.0, 2.030139887505305e-27, 7.961448028242305e-24, 2.919292945618825e-32, 1.0, 1.2872645641695853e-34, 2.9494883706063725e-13, 1.0, 1.0747932147678173e-60, 7.809016505200604e-22, 1.0, 1.0, 1.0, 1.0, 0.9999999999999484, 0.9999999999999734, 1.0, 0.9999999999998843, 0.9999999638381656, 1.0, 1.0, 3.1467572236005838e-40, 9.525291242016888e-18, 1.0, 4.475083349785294e-35, 5.82821228502584e-23, 1.0, 1.0, 1.8178495052808396e-19, 1.0267629135932082e-30, 2.6247733515797865e-41, 0.005389066655989302, 0.999999999929692, 1.0, 0.999999999999971, 1.0, 0.9999827465903659, 2.8234629120945666e-37, 1.0, 1.0, 2.5491558458518215e-79, 1.0, 1.7910969524430312e-68, 1.7280766337407416e-29, 0.0021388462474068145, 1.0, 0.999999999999949, 0.981121703687432, 7.691954093115333e-33, 1.0, 5.140026603656015e-15, 1.0], "test_labels": [], "test_logprobs": [], "test_probs": []}}