{"0": {"train_labels": [0, 0, 1, 1, 1, 1, 0, 1, 0, 0, 0, 0, 1, 0, 1, 0, 0, 1, 0, 1, 0, 0, 0, 1, 0, 1, 1, 0, 1, 0, 0, 0, 1, 0, 1, 0, 1, 0, 0, 0, 0, 1, 0, 1, 1, 0, 1, 1, 0, 1, 1, 1, 0, 1, 1, 0, 1, 1, 0, 0, 0, 0, 0, 1, 0, 0, 1, 0, 0, 1, 0, 0, 1, 1, 0, 0, 1, 1, 0, 0, 1, 0, 0, 0, 0, 1, 0, 0, 1, 0, 1, 1, 1, 0, 1, 0, 1, 0, 1, 0], "train_logprobs": [[-8.964847564697266, -62.769676208496094], [-52.40103530883789, -110.91921997070312], [-133.58932495117188, -1.3818962574005127], [-136.16444396972656, -22.848798751831055], [-139.3542022705078, -43.53489685058594], [-108.70309448242188, -47.11252975463867], [-25.12207794189453, -58.74663162231445], [-130.290771484375, -40.11604309082031], [-42.06879425048828, -58.596336364746094], [-138.88040161132812, -185.2980499267578], [-86.87822723388672, -152.65740966796875], [-6.735754489898682, -76.71588897705078], [-88.58121490478516, -11.724283218383789], [-39.583160400390625, -147.04241943359375], [-210.98854064941406, -92.72898864746094], [-16.634729385375977, -54.37397003173828], [-147.8802032470703, -294.726806640625], [-100.02034759521484, -43.78147506713867], [-18.15436553955078, -113.06725311279297], [-132.7695770263672, -14.659101486206055], [-138.6627655029297, -155.69564819335938], [-5.111756324768066, -36.31787872314453], [-8.072200775146484, -40.554786682128906], [-155.57858276367188, -53.81195068359375], [-10.718269348144531, -35.68144226074219], [-27.174747467041016, -17.68967628479004], [-10.351762771606445, -2.397963047027588], [-1.3323148488998413, -239.2719268798828], [-50.724037170410156, -0.3622191250324249], [-104.53923034667969, -139.06959533691406], [-0.8023892045021057, -237.03948974609375], [-19.546295166015625, -122.56129455566406], [-105.50264739990234, -67.66536712646484], [-33.86562728881836, -138.75909423828125], [-74.38279724121094, -47.77513122558594], [-7.178735256195068, -71.55026245117188], [-101.05307006835938, -92.06182861328125], [-24.49108123779297, -272.38726806640625], [-3.3539137840270996, -44.03591537475586], [-9.36588191986084, -32.442352294921875], [-13.228382110595703, -39.319068908691406], [-185.50604248046875, -7.441546440124512], [-4.219509124755859, -37.182350158691406], [-63.682464599609375, -28.7572021484375], [-39.77913284301758, -16.75168228149414], [-110.21073913574219, -132.0679168701172], [-60.53049850463867, -13.901214599609375], [-109.62340545654297, -20.864273071289062], [-114.04228973388672, -205.0958709716797], [-58.95018005371094, -35.24386978149414], [-123.47401428222656, -60.15523147583008], [-115.16529846191406, -33.976905822753906], [-19.875694274902344, -41.18403244018555], [-74.95642852783203, -10.130165100097656], [-84.11969757080078, -49.05992126464844], [-64.78665924072266, -373.2772216796875], [-237.6427001953125, -100.3704605102539], [-75.79888153076172, -4.360905647277832], [-77.70144653320312, -140.7530517578125], [-37.22677230834961, -60.18747329711914], [-36.748836517333984, -37.890480041503906], [-96.92615509033203, -277.2998962402344], [-45.4290771484375, -64.92042541503906], [-19.084516525268555, -12.934438705444336], [-6.077131271362305, -60.876068115234375], [-81.028076171875, -101.4895248413086], [-14.143726348876953, -11.3410005569458], [-113.33761596679688, -315.3865966796875], [-15.62067699432373, -138.7230987548828], [-79.91693878173828, -15.065237998962402], [-133.0007781982422, -152.43287658691406], [-39.709556579589844, -79.65042877197266], [-82.32746887207031, -33.453304290771484], [-85.72991943359375, -45.20677947998047], [-110.5665512084961, -337.3831787109375], [-42.11053466796875, -82.4239501953125], [-72.97191619873047, -6.880741119384766], [-62.27079772949219, -0.10596373677253723], [-72.9404067993164, -84.8173828125], [-22.895835876464844, -55.54619216918945], [-68.9205322265625, -27.67079734802246], [-6.026052951812744, -268.30517578125], [-110.88484954833984, -177.66709899902344], [-10.147351264953613, -33.525390625], [-20.28786277770996, -48.37242889404297], [-207.08697509765625, -63.71132278442383], [-7.282695293426514, -165.76950073242188], [-44.53916549682617, -44.9597053527832], [-342.7919921875, -150.3140869140625], [-42.65838623046875, -104.88911437988281], [-189.02557373046875, -15.946432113647461], [-121.5316390991211, -41.2332763671875], [-12.657441139221191, -1.160062551498413], [-27.679439544677734, -143.42507934570312], [-10.55871295928955, -3.060828447341919], [-44.268436431884766, -149.1583251953125], [-29.714065551757812, -7.916687965393066], [-7.168832778930664, -340.7202453613281], [-49.66782760620117, -43.95439910888672], [-15.527719497680664, -34.621185302734375]], "train_probs": [1.0, 1.0, 3.8286287098719275e-58, 6.132542526927024e-50, 2.433348970815312e-42, 1.7846686773196307e-27, 0.9999999999999976, 6.880389929971178e-40, 0.9999999335982338, 1.0, 1.0, 1.0, 4.182718840471274e-34, 1.0, 4.370479959987247e-52, 1.0, 1.0, 3.7650261123350726e-25, 1.0, 5.0730859218480364e-52, 0.9999999599398086, 0.9999999999999719, 0.9999999999999922, 6.357893454579842e-45, 0.999999999985591, 7.597188980934057e-05, 0.0003512013024755045, 1.0, 1.3431988901278376e-22, 0.999999999999999, 1.0, 1.0, 3.693839039984427e-17, 1.0, 2.7825147365296597e-12, 1.0, 0.0001244799445769379, 1.0, 1.0, 0.9999999999049359, 0.9999999999953338, 4.6512742447625575e-78, 0.9999999999999951, 6.794401992452608e-16, 9.984016470460169e-11, 0.999999999678228, 5.612538135817101e-21, 2.8339917821073408e-39, 1.0, 5.063843351761678e-11, 3.169582251794127e-28, 5.499574406596037e-36, 0.9999999994429345, 7.019586190604648e-29, 5.939263772993538e-16, 1.0, 2.417819001077417e-60, 9.438028304806222e-32, 1.0, 0.9999999998932682, 0.7579812642125288, 1.0, 0.9999999965722037, 0.0021287744013641433, 1.0, 0.999999998700711, 0.057177056852829415, 1.0, 1.0, 6.843278393143635e-29, 0.9999999963629699, 1.0, 5.945933048382874e-22, 2.517815650515985e-18, 1.0, 1.0, 1.9813781094647802e-29, 1.0049758567815892e-27, 0.999993051487581, 0.9999999999999934, 1.2174966145976354e-18, 1.0, 1.0, 0.9999999999296852, 0.9999999999993646, 5.404373566002781e-63, 1.0, 0.6036124254340217, 2.558043064051235e-84, 1.0, 6.802739853922359e-76, 1.3392577235829194e-35, 1.015658042961977e-05, 1.0, 0.0005539486228492666, 1.0, 3.4160104779394675e-10, 1.0, 0.003290471556024744, 0.9999999948971457], "test_labels": [], "test_logprobs": [], "test_probs": []}}