{"0": {"0": {"chosen": -21.2573299407959, "rejected": -6.086935997009277}, "1": {"chosen": -14.448909759521484, "rejected": -22.88105010986328}, "2": {"chosen": -38.43740463256836, "rejected": -254.20916748046875}, "3": {"chosen": -19.977949142456055, "rejected": -24.58871078491211}, "4": {"chosen": -38.61959457397461, "rejected": -178.73403930664062}, "5": {"chosen": -122.03688049316406, "rejected": -180.68560791015625}, "6": {"chosen": -105.30609130859375, "rejected": -28.273157119750977}, "7": {"chosen": -11.3445405960083, "rejected": -25.092370986938477}, "8": {"chosen": -15.711502075195312, "rejected": -58.368507385253906}, "9": {"chosen": -9.490256309509277, "rejected": -337.1696472167969}, "10": {"chosen": -21.53213882446289, "rejected": -23.549144744873047}, "11": {"chosen": -27.646203994750977, "rejected": -315.33245849609375}, "12": {"chosen": -30.495220184326172, "rejected": -9.393299102783203}, "13": {"chosen": -105.75865936279297, "rejected": -47.24217987060547}, "14": {"chosen": -42.999149322509766, "rejected": -27.61688995361328}, "15": {"chosen": -19.8347225189209, "rejected": -32.6046028137207}, "16": {"chosen": -70.38855743408203, "rejected": -281.6544189453125}, "17": {"chosen": -56.912757873535156, "rejected": -35.858062744140625}, "18": {"chosen": -218.11642456054688, "rejected": -85.66822814941406}, "19": {"chosen": -80.607421875, "rejected": -41.40135955810547}, "20": {"chosen": -54.35173034667969, "rejected": -32.497222900390625}, "21": {"chosen": -25.95425796508789, "rejected": -14.259419441223145}, "22": {"chosen": -52.09642791748047, "rejected": -20.050249099731445}, "23": {"chosen": -14.207571029663086, "rejected": -60.15959548950195}, "24": {"chosen": -50.37165069580078, "rejected": -14.662074089050293}, "25": {"chosen": -116.3589096069336, "rejected": -14.451285362243652}, "26": {"chosen": -30.830081939697266, "rejected": -67.84391021728516}, "27": {"chosen": -196.80604553222656, "rejected": -146.129638671875}, "28": {"chosen": -80.5548095703125, "rejected": -31.07618522644043}, "29": {"chosen": -12.009525299072266, "rejected": -116.23780822753906}, "30": {"chosen": -45.07795333862305, "rejected": -17.759532928466797}, "31": {"chosen": -110.70272064208984, "rejected": -181.2100830078125}, "32": {"chosen": -48.915611267089844, "rejected": -46.24095153808594}, "33": {"chosen": -78.2953109741211, "rejected": -25.217641830444336}, "34": {"chosen": -203.18051147460938, "rejected": -48.42845153808594}, "35": {"chosen": -63.966434478759766, "rejected": -88.41146850585938}, "36": {"chosen": -25.946678161621094, "rejected": -165.79193115234375}, "37": {"chosen": -29.080677032470703, "rejected": -100.53376770019531}, "38": {"chosen": -20.32513427734375, "rejected": -387.434814453125}, "39": {"chosen": -15.196605682373047, "rejected": -132.1101837158203}, "40": {"chosen": -54.15634536743164, "rejected": -86.68270874023438}, "41": {"chosen": -132.638916015625, "rejected": -64.62539672851562}, "42": {"chosen": -97.09156799316406, "rejected": -64.021240234375}, "43": {"chosen": -106.30520629882812, "rejected": -47.7642707824707}, "44": {"chosen": -251.28567504882812, "rejected": -362.1854248046875}, "45": {"chosen": -123.84584045410156, "rejected": -352.3592529296875}, "46": {"chosen": -159.03793334960938, "rejected": -114.68712615966797}, "47": {"chosen": -77.03874206542969, "rejected": -134.5901641845703}, "48": {"chosen": -36.3321533203125, "rejected": -24.816667556762695}, "49": {"chosen": -127.18791961669922, "rejected": -30.57782745361328}, "50": {"chosen": -99.1805191040039, "rejected": -45.009864807128906}, "51": {"chosen": -22.770429611206055, "rejected": -27.106599807739258}, "52": {"chosen": -15.984550476074219, "rejected": -32.41204833984375}, "53": {"chosen": -356.3522644042969, "rejected": -106.13188934326172}, "54": {"chosen": -22.784088134765625, "rejected": -255.91683959960938}, "55": {"chosen": -30.244918823242188, "rejected": -140.18138122558594}, "56": {"chosen": -41.39495086669922, "rejected": -262.0113220214844}, "57": {"chosen": -17.7244873046875, "rejected": -15.196468353271484}, "58": {"chosen": -100.0943603515625, "rejected": -161.41400146484375}, "59": {"chosen": -64.58662414550781, "rejected": -27.06684112548828}, "60": {"chosen": -21.055089950561523, "rejected": -35.17443084716797}, "61": {"chosen": -89.59578704833984, "rejected": -52.967185974121094}, "62": {"chosen": -158.6182861328125, "rejected": -107.60978698730469}, "63": {"chosen": -68.76051330566406, "rejected": -29.21816635131836}, "64": {"chosen": -182.77784729003906, "rejected": -182.8253936767578}, "65": {"chosen": -56.14445877075195, "rejected": -137.36727905273438}, "66": {"chosen": -19.891582489013672, "rejected": -67.2919692993164}, "67": {"chosen": -17.81318473815918, "rejected": -83.21580505371094}, "68": {"chosen": -146.63470458984375, "rejected": -205.60523986816406}, "69": {"chosen": -20.791088104248047, "rejected": -18.16773796081543}, "70": {"chosen": -22.589208602905273, "rejected": -27.567127227783203}, "71": {"chosen": -43.4022331237793, "rejected": -208.45294189453125}, "72": {"chosen": -22.246702194213867, "rejected": -190.90557861328125}, "73": {"chosen": -2.7043347358703613, "rejected": -7.279372215270996}, "74": {"chosen": -55.952728271484375, "rejected": -29.63164710998535}, "75": {"chosen": -37.440155029296875, "rejected": -469.8044738769531}, "76": {"chosen": -16.369125366210938, "rejected": -11.563821792602539}, "77": {"chosen": -105.45024108886719, "rejected": -103.99272918701172}, "78": {"chosen": -68.55256652832031, "rejected": -46.89720916748047}, "79": {"chosen": -129.27398681640625, "rejected": -19.37765121459961}, "80": {"chosen": -6.7704668045043945, "rejected": -12.656858444213867}, "81": {"chosen": -41.04545593261719, "rejected": -25.211124420166016}, "82": {"chosen": -26.254234313964844, "rejected": -29.295522689819336}, "83": {"chosen": -91.42691802978516, "rejected": -173.9093017578125}, "84": {"chosen": -45.043052673339844, "rejected": -34.516357421875}, "85": {"chosen": -45.59387969970703, "rejected": -271.21490478515625}, "86": {"chosen": -135.57095336914062, "rejected": -41.15194320678711}, "87": {"chosen": -3.4335947036743164, "rejected": -73.03379821777344}, "88": {"chosen": -44.0526123046875, "rejected": -126.8243179321289}, "89": {"chosen": -53.873619079589844, "rejected": -72.47994995117188}, "90": {"chosen": -38.928104400634766, "rejected": -52.958656311035156}, "91": {"chosen": -61.426658630371094, "rejected": -45.898014068603516}, "92": {"chosen": -22.220853805541992, "rejected": -39.84157180786133}, "93": {"chosen": -103.66389465332031, "rejected": -107.30193328857422}, "94": {"chosen": -3.8098461627960205, "rejected": -15.816908836364746}, "95": {"chosen": -10.734269142150879, "rejected": -96.5412826538086}, "96": {"chosen": -20.273040771484375, "rejected": -13.701349258422852}, "97": {"chosen": -98.92201232910156, "rejected": -84.56716918945312}, "98": {"chosen": -15.686917304992676, "rejected": -63.20252227783203}, "99": {"chosen": -76.35040283203125, "rejected": -43.6497688293457}}}