{"0": {"train_labels": [0, 0, 1, 1, 1, 1, 0, 1, 0, 0, 0, 0, 1, 0, 1, 0, 0, 1, 0, 1, 0, 0, 1, 1, 0, 0, 1, 0, 1, 0, 0, 0, 1, 0, 1, 0, 0, 0, 0, 1, 1, 1, 1, 0, 1, 0, 1, 1, 0, 1, 1, 1, 0, 1, 1, 0, 1, 1, 0, 0, 0, 0, 0, 0, 0, 0, 0, 0, 0, 1, 1, 0, 1, 1, 0, 0, 1, 1, 1, 0, 0, 0, 0, 0, 1, 1, 0, 0, 1, 0, 1, 1, 0, 0, 0, 0, 1, 0, 1, 0], "train_logprobs": [[-26.655988693237305, -73.3783187866211], [-81.5915298461914, -109.15028381347656], [-141.1132354736328, -49.81735610961914], [-144.22509765625, -37.83625030517578], [-133.40628051757812, -116.6595687866211], [-135.71893310546875, -121.6529541015625], [-57.77684783935547, -138.8749237060547], [-184.65786743164062, -55.982337951660156], [-80.66036987304688, -88.9360122680664], [-161.75341796875, -218.90281677246094], [-153.22247314453125, -169.61358642578125], [-36.3804931640625, -84.77619934082031], [-97.93020629882812, -7.583378791809082], [-31.421117782592773, -192.66053771972656], [-210.27059936523438, -107.10169219970703], [-26.201440811157227, -65.83845520019531], [-265.402587890625, -306.4819641113281], [-148.50926208496094, -73.26842498779297], [-48.9825553894043, -126.94161987304688], [-201.2042694091797, -27.182458877563477], [-156.2270965576172, -257.3971862792969], [-32.23907470703125, -42.71800994873047], [-43.057491302490234, -34.99517059326172], [-201.8050537109375, -122.61650085449219], [-57.748130798339844, -82.37223052978516], [-51.751426696777344, -101.67840576171875], [-37.38274002075195, -35.17817687988281], [-77.55831909179688, -235.6954803466797], [-57.985191345214844, -44.16225814819336], [-114.2926025390625, -150.0596466064453], [-29.72280502319336, -224.01312255859375], [-95.22647857666016, -160.47061157226562], [-197.08428955078125, -82.04115295410156], [-141.73753356933594, -173.05218505859375], [-106.8746109008789, -88.25772857666016], [-26.579395294189453, -86.19161224365234], [-134.00502014160156, -212.66241455078125], [-41.51946258544922, -258.7570495605469], [-16.315248489379883, -73.67167663574219], [-83.08480834960938, -38.21812438964844], [-62.324275970458984, -52.34225845336914], [-210.3720245361328, -53.140811920166016], [-67.55494689941406, -42.24291229248047], [-101.39344787597656, -139.211669921875], [-99.62818908691406, -52.65913391113281], [-122.59319305419922, -136.1855010986328], [-94.58324432373047, -38.1245002746582], [-166.91844177246094, -45.65953826904297], [-110.4764404296875, -304.81988525390625], [-113.5265884399414, -49.84521484375], [-175.7084197998047, -124.81300354003906], [-134.95669555664062, -66.55865478515625], [-31.85549545288086, -165.3982696533203], [-98.01490020751953, -26.455821990966797], [-90.06425476074219, -56.76617431640625], [-104.59394836425781, -395.97308349609375], [-264.6417541503906, -130.68833923339844], [-111.40699005126953, -76.54934692382812], [-160.7704620361328, -217.6221466064453], [-61.454200744628906, -137.6650848388672], [-68.75299835205078, -157.35552978515625], [-124.30152893066406, -223.5319366455078], [-76.08053588867188, -105.14157104492188], [-48.68447494506836, -101.51787567138672], [-80.66302490234375, -85.67556762695312], [-105.03182220458984, -125.25031280517578], [-19.04698944091797, -20.453262329101562], [-137.28941345214844, -358.1986083984375], [-105.0521469116211, -162.72877502441406], [-144.2825469970703, -76.26791381835938], [-225.23626708984375, -221.30982971191406], [-50.654415130615234, -111.64289093017578], [-140.8193817138672, -56.13728713989258], [-113.16950988769531, -47.13972473144531], [-213.2479248046875, -348.173095703125], [-67.56104278564453, -121.0638198852539], [-73.42710876464844, -36.084842681884766], [-78.60356140136719, -23.263063430786133], [-160.70663452148438, -98.22476196289062], [-72.58091735839844, -80.54639434814453], [-73.22689819335938, -75.60240936279297], [-50.51430130004883, -271.2092590332031], [-138.27891540527344, -190.59774780273438], [-28.61533546447754, -108.03022766113281], [-81.13648986816406, -78.85616302490234], [-199.1193084716797, -133.32135009765625], [-98.562255859375, -211.88607788085938], [-88.81815338134766, -133.3379669189453], [-344.91888427734375, -166.2130889892578], [-64.8338851928711, -138.7515411376953], [-212.14781188964844, -88.05780029296875], [-170.11647033691406, -108.19480895996094], [-21.525394439697266, -35.01127243041992], [-102.2862319946289, -222.56658935546875], [-35.96748733520508, -48.71155548095703], [-140.6970672607422, -147.1411590576172], [-71.1516342163086, -19.417804718017578], [-77.09529876708984, -396.3688049316406], [-87.17788696289062, -53.9734001159668], [-21.653053283691406, -112.56177520751953]], "train_probs": [1.0, 0.9999999999989251, 2.242349849015089e-40, 6.25044098991715e-47, 5.333293472632833e-08, 7.784354364800707e-07, 1.0, 1.3089636636569867e-56, 0.9997454204016013, 1.0, 0.9999999238920688, 1.0, 5.7925708740946115e-40, 1.0, 1.5642743138090853e-45, 1.0, 1.0, 2.105327362427519e-33, 1.0, 2.6502567866633856e-76, 1.0, 0.9999718781404454, 0.00031509516487635616, 4.0630153636162976e-35, 0.999999999979775, 1.0, 0.09934146531690081, 1.0, 9.926038554318883e-07, 0.9999999999999998, 1.0, 1.0, 1.0899349908305805e-50, 0.9999999999999748, 8.218465431785799e-09, 1.0, 1.0, 1.0, 1.0, 3.2707453670223026e-20, 4.622158136940963e-05, 5.192206755893789e-69, 1.0165366575868703e-11, 1.0, 3.9957519212652814e-21, 0.9999987499278578, 3.0218924547610843e-25, 2.177345393237957e-53, 1.0, 2.2056207921004536e-28, 7.877738569352622e-23, 1.9729147510697897e-30, 1.0, 8.361557881995831e-32, 3.458019237992099e-15, 1.0, 6.679917048996169e-59, 7.269724246262956e-16, 1.0, 1.0, 1.0, 1.0, 0.9999999999997606, 1.0, 0.9933900199765756, 0.9999999983433868, 0.8031774146251563, 1.0, 1.0, 2.8948103839574337e-30, 0.019332660521094915, 1.0, 1.6712199468016112e-37, 2.106825981112938e-29, 1.0, 1.0, 6.059822432808066e-17, 9.2454298047802e-25, 7.319265967195404e-28, 0.9996528745012399, 0.9149407447728811, 1.0, 1.0, 1.0, 0.092765442321844, 2.656499617185165e-29, 1.0, 1.0, 2.4493972293494715e-78, 1.0, 1.2834906351942517e-54, 1.2816343941893083e-27, 0.9999986095447982, 1.0, 0.9999970804208107, 0.9984126358762451, 3.4063033461847724e-23, 1.0, 3.797297190431014e-15, 1.0], "test_labels": [], "test_logprobs": [], "test_probs": []}}