{"0": {"train_labels": [0, 0, 1, 1, 1, 1, 0, 1, 1, 0, 0, 0, 1, 0, 1, 0, 0, 1, 0, 1, 0, 0, 0, 1, 0, 0, 0, 0, 1, 0, 0, 0, 1, 0, 1, 0, 0, 0, 0, 1, 0, 1, 1, 1, 1, 0, 1, 1, 0, 1, 1, 1, 0, 1, 1, 0, 1, 1, 0, 0, 0, 0, 0, 0, 0, 0, 0, 0, 0, 1, 1, 0, 1, 1, 0, 0, 1, 1, 1, 1, 0, 0, 0, 0, 0, 1, 0, 0, 1, 0, 1, 1, 0, 0, 0, 1, 1, 0, 1, 0], "train_logprobs": [[-58.29338836669922, -91.82243347167969], [-106.68901062011719, -124.29112243652344], [-195.9077606201172, -93.72061157226562], [-173.02874755859375, -103.34391784667969], [-183.3073272705078, -161.210693359375], [-159.92884826660156, -138.191162109375], [-76.65767669677734, -144.47891235351562], [-197.14906311035156, -62.162071228027344], [-131.50502014160156, -110.99324035644531], [-170.75144958496094, -246.20179748535156], [-171.5227508544922, -193.66839599609375], [-51.30184555053711, -102.2096176147461], [-134.39634704589844, -26.130582809448242], [-36.385780334472656, -207.28387451171875], [-258.5845947265625, -181.69757080078125], [-42.81396484375, -94.17574310302734], [-327.2178649902344, -354.55328369140625], [-182.5030975341797, -111.91414642333984], [-56.29438018798828, -123.39395904541016], [-192.0382080078125, -37.035362243652344], [-172.96409606933594, -243.279052734375], [-58.08009719848633, -79.19900512695312], [-65.13298034667969, -72.22454833984375], [-238.0028533935547, -152.1616668701172], [-36.011383056640625, -104.84329986572266], [-103.32511138916016, -114.4006118774414], [-18.45535659790039, -62.53567123413086], [-68.09381103515625, -254.10205078125], [-87.76347351074219, -75.97702026367188], [-152.7752227783203, -199.88400268554688], [-35.212562561035156, -267.4008483886719], [-67.29034423828125, -146.02011108398438], [-195.27565002441406, -122.58651733398438], [-178.11875915527344, -226.35292053222656], [-141.68035888671875, -134.88922119140625], [-16.266653060913086, -111.81106567382812], [-163.61166381835938, -257.7332763671875], [-72.74456024169922, -294.3026123046875], [-66.40164184570312, -84.41194152832031], [-119.63257598876953, -59.4432373046875], [-83.98412322998047, -97.04103088378906], [-224.6417999267578, -64.1127700805664], [-95.90509033203125, -95.05933380126953], [-100.35816955566406, -97.39346313476562], [-152.6534423828125, -108.72151947021484], [-152.3793487548828, -161.84774780273438], [-107.12190246582031, -44.822792053222656], [-148.75527954101562, -62.099361419677734], [-131.370849609375, -346.2685546875], [-133.89236450195312, -75.45951080322266], [-169.95144653320312, -129.5458984375], [-175.43399047851562, -78.5575942993164], [-49.3023681640625, -238.99331665039062], [-108.8286361694336, -43.817481994628906], [-119.15857696533203, -83.08387756347656], [-103.197998046875, -451.47314453125], [-300.1326599121094, -195.79603576660156], [-117.14112854003906, -69.20396423339844], [-169.04840087890625, -226.7541961669922], [-82.92388916015625, -140.5773162841797], [-97.98509216308594, -209.5402069091797], [-162.47247314453125, -271.7248840332031], [-111.51871490478516, -111.90155029296875], [-52.98515319824219, -97.91706848144531], [-65.93516540527344, -113.8741455078125], [-113.95445251464844, -156.74949645996094], [-41.02619934082031, -61.079505920410156], [-197.58958435058594, -389.5897216796875], [-80.08197784423828, -159.789794921875], [-175.5535430908203, -85.53250885009766], [-256.98297119140625, -205.63430786132812], [-101.337646484375, -180.27174377441406], [-165.7864990234375, -65.2675552368164], [-167.5840301513672, -129.93142700195312], [-236.54812622070312, -381.2773132324219], [-102.09078216552734, -135.41928100585938], [-93.13038635253906, -54.94440841674805], [-89.09312438964844, -68.82888793945312], [-179.82293701171875, -110.675048828125], [-143.4211883544922, -101.77289581298828], [-81.51637268066406, -130.87681579589844], [-65.34056091308594, -296.59832763671875], [-187.77297973632812, -209.16920471191406], [-43.804988861083984, -135.9949951171875], [-90.36998748779297, -111.76446533203125], [-228.34671020507812, -174.45384216308594], [-51.578433990478516, -217.9127197265625], [-103.15396118164062, -167.4793701171875], [-375.09088134765625, -187.04962158203125], [-103.28060913085938, -188.384521484375], [-225.42691040039062, -113.18550109863281], [-176.04867553710938, -118.69090270996094], [-46.51628112792969, -59.03731918334961], [-113.35336303710938, -231.62701416015625], [-53.251461029052734, -54.541805267333984], [-176.01986694335938, -161.4855499267578], [-107.63953399658203, -25.88602066040039], [-73.09343719482422, -390.31201171875], [-120.9651870727539, -108.79362487792969], [-53.81172180175781, -131.33963012695312]], "train_probs": [0.9999999999999972, 0.9999999773274714, 4.1752746345942286e-45, 5.448324721667911e-31, 2.5325254806583564e-10, 3.6261256794055377e-10, 1.0, 2.3762618563383986e-59, 1.2355127307911728e-09, 1.0, 0.9999999997588604, 1.0, 9.567005267285194e-48, 1.0, 4.058726425149411e-34, 1.0, 0.9999999999986561, 2.206012907662004e-31, 1.0, 4.820803230134979e-68, 1.0, 0.9999999993267523, 0.9991686001726403, 5.243803062314076e-38, 1.0, 0.9999845130988017, 1.0, 1.0, 7.606854159961358e-06, 1.0, 1.0, 1.0, 2.7009141381124255e-32, 1.0, 0.001122428369130655, 1.0, 1.0, 1.0, 0.9999999849260793, 7.2460669119331e-27, 0.99999786471363, 1.9192349889632716e-70, 0.30032377896727463, 0.049046029714370505, 8.3292960706451e-20, 0.999922750977799, 8.78698976070745e-28, 2.321736535657901e-38, 1.0, 4.1969527200677344e-26, 2.8320011394787196e-18, 8.455040898575895e-43, 1.0, 5.8346455711826e-29, 2.1525691582012537e-16, 1.0, 4.8660870430904636e-46, 1.5175886280521916e-21, 1.0, 1.0, 1.0, 1.0, 0.5945567816567195, 1.0, 1.0, 1.0, 0.9999999980458423, 1.0, 1.0, 8.023457823635475e-40, 5.0067840799694115e-23, 1.0, 2.213998828418973e-44, 4.443060458671324e-17, 1.0, 0.9999999999999967, 2.6063965758237038e-17, 1.5825372052218193e-09, 9.320811532615003e-31, 8.172903451686895e-19, 1.0, 1.0, 0.9999999994898033, 1.0, 0.9999999994889113, 3.932102184492274e-24, 1.0, 1.0, 2.161317219964854e-82, 1.0, 1.7954582017248953e-49, 1.2298036195102243e-25, 0.9999963509427247, 1.0, 0.7842054493787604, 4.873333242542118e-07, 3.1253616722263455e-36, 1.0, 5.175537443571395e-06, 1.0], "test_labels": [], "test_logprobs": [], "test_probs": []}}