{"0": {"train_labels": [0, 0, 1, 1, 1, 1, 0, 1, 0, 0, 0, 0, 1, 0, 1, 0, 0, 1, 0, 1, 0, 0, 0, 1, 0, 1, 1, 0, 1, 0, 0, 0, 1, 0, 1, 0, 1, 0, 0, 0, 0, 1, 0, 1, 1, 0, 1, 1, 0, 1, 1, 1, 0, 1, 1, 0, 1, 1, 0, 0, 0, 0, 0, 1, 0, 0, 1, 0, 0, 1, 0, 0, 1, 1, 0, 0, 1, 1, 0, 0, 1, 0, 0, 0, 0, 1, 0, 0, 1, 0, 1, 1, 1, 0, 1, 0, 1, 0, 1, 0], "train_logprobs": [[-8.814615249633789, -61.96339797973633], [-52.48686599731445, -110.86397552490234], [-133.62332153320312, -1.3485416173934937], [-136.40530395507812, -22.511962890625], [-138.70162963867188, -43.46797561645508], [-108.35052490234375, -47.27602005004883], [-25.58283042907715, -58.44392013549805], [-130.11544799804688, -39.946693420410156], [-42.58311462402344, -58.51335906982422], [-138.88551330566406, -185.071044921875], [-86.64478302001953, -152.7030029296875], [-6.879931449890137, -77.05293273925781], [-88.32691955566406, -11.650734901428223], [-39.39378356933594, -147.15757751464844], [-210.84913635253906, -92.592529296875], [-16.570154190063477, -53.95765686035156], [-148.0391845703125, -294.6190185546875], [-99.87358856201172, -44.09944534301758], [-18.239381790161133, -113.01669311523438], [-132.53749084472656, -14.722943305969238], [-138.06285095214844, -155.485595703125], [-5.138059139251709, -36.230751037597656], [-7.9620842933654785, -40.31464767456055], [-155.80548095703125, -53.816097259521484], [-10.609020233154297, -35.662784576416016], [-26.917842864990234, -17.55926513671875], [-10.173175811767578, -2.464160919189453], [-1.2743887901306152, -238.81234741210938], [-50.397979736328125, -0.3516995310783386], [-105.06944274902344, -139.4904022216797], [-0.8234103918075562, -236.83212280273438], [-19.71172523498535, -123.01068115234375], [-105.06196594238281, -67.66162109375], [-34.07478713989258, -138.68215942382812], [-74.33731079101562, -47.980525970458984], [-7.1650261878967285, -71.81172943115234], [-100.76066589355469, -92.7083969116211], [-24.4896240234375, -272.3751220703125], [-3.3361246585845947, -44.04753494262695], [-9.390180587768555, -32.76167297363281], [-13.002291679382324, -39.586666107177734], [-186.44265747070312, -7.296351432800293], [-4.205500602722168, -37.02812957763672], [-63.85789108276367, -28.567378997802734], [-40.02327346801758, -16.578025817871094], [-110.80935668945312, -132.43675231933594], [-60.23166275024414, -14.007171630859375], [-109.34034729003906, -21.09763526916504], [-113.42201232910156, -204.8489990234375], [-59.03653335571289, -35.0708122253418], [-123.490966796875, -59.88795471191406], [-115.35436248779297, -33.94560623168945], [-19.842363357543945, -41.35918426513672], [-74.88166809082031, -10.012256622314453], [-83.49954986572266, -49.03527069091797], [-65.30641174316406, -373.8395690917969], [-237.74038696289062, -100.61389923095703], [-76.36405944824219, -4.330968856811523], [-77.8692626953125, -140.40280151367188], [-36.97346878051758, -60.3690185546875], [-37.26563262939453, -38.08866500854492], [-96.64750671386719, -276.3071594238281], [-45.31854248046875, -64.93936920166016], [-19.076744079589844, -12.716768264770508], [-6.0944013595581055, -60.94678497314453], [-80.68004608154297, -101.85713958740234], [-13.888420104980469, -11.402556419372559], [-113.83978271484375, -315.6134338378906], [-15.661827087402344, -137.3419647216797], [-80.48977661132812, -15.008277893066406], [-132.90003967285156, -152.49046325683594], [-39.91377258300781, -79.55447387695312], [-82.49754333496094, -33.3853645324707], [-85.81239318847656, -44.51530456542969], [-110.72111511230469, -336.6630859375], [-42.474517822265625, -82.53728485107422], [-73.01811981201172, -6.903979778289795], [-62.31802749633789, -0.10046794265508652], [-72.62130737304688, -85.48954010009766], [-22.982927322387695, -55.58913040161133], [-68.85740661621094, -27.428672790527344], [-5.99137020111084, -267.8778991699219], [-111.2339096069336, -177.1869659423828], [-10.11706829071045, -33.8524284362793], [-20.39866828918457, -48.95282745361328], [-207.19796752929688, -63.728515625], [-7.415863037109375, -165.66268920898438], [-44.5543212890625, -44.993202209472656], [-343.02081298828125, -150.528076171875], [-42.49005889892578, -104.871826171875], [-189.3280792236328, -15.875510215759277], [-121.48052215576172, -40.64567184448242], [-12.994416236877441, -1.1879801750183105], [-27.49239730834961, -144.00315856933594], [-10.539501190185547, -3.0961825847625732], [-44.798439025878906, -148.90017700195312], [-29.64088249206543, -7.826904773712158], [-7.066489219665527, -339.2450256347656], [-49.29792022705078, -43.8381462097168], [-15.602017402648926, -33.64905548095703]], "train_probs": [1.0, 1.0, 3.579257862141647e-58, 3.441521207940433e-50, 4.3706855950147286e-42, 2.9900576212689446e-27, 0.9999999999999946, 6.9216151261247475e-40, 0.9999998793346188, 1.0, 1.0, 1.0, 5.011365874404427e-34, 1.0, 4.383369759294363e-52, 1.0, 1.0, 5.99235269735508e-25, 1.0, 6.820121568113259e-52, 0.9999999728732302, 0.9999999999999687, 0.9999999999999911, 5.088308653468127e-45, 0.999999999986839, 8.621520987464345e-05, 0.0004485620413542544, 1.0, 1.8415209632327678e-22, 0.9999999999999989, 1.0, 1.0, 5.71790072703767e-17, 1.0, 3.575969382623133e-12, 1.0, 0.00031827737403733735, 1.0, 1.0, 0.9999999999292233, 0.9999999999971518, 1.576695522763994e-78, 0.9999999999999944, 4.715473819343134e-16, 6.574433224309178e-11, 0.9999999995951059, 8.413148952823319e-21, 4.7498194457058904e-39, 1.0, 3.906785419588462e-11, 2.385408810991892e-28, 4.411907306137071e-36, 0.9999999995477657, 6.723146192112242e-29, 1.0773423486205576e-15, 1.0, 2.79719700940759e-60, 5.20506601185185e-32, 1.0, 0.9999999999309058, 0.6948796506337793, 1.0, 0.9999999969884976, 0.0017264228469985165, 1.0, 0.9999999993648078, 0.07685514922602307, 1.0, 1.0, 3.6454104978809556e-29, 0.9999999968955323, 1.0, 4.6865337812309225e-22, 1.1611873402922505e-18, 1.0, 1.0, 1.936394353508431e-29, 9.533606190702521e-28, 0.9999974213261574, 0.9999999999999931, 1.017957173723209e-18, 1.0, 1.0, 0.9999999999508115, 0.9999999999996027, 4.920494110022822e-63, 1.0, 0.6079923442003278, 2.520383304945414e-84, 1.0, 4.682808607231056e-76, 7.831961868263207e-36, 7.456357615756463e-06, 1.0, 0.0005849970382073163, 1.0, 3.3597723249617076e-10, 1.0, 0.004236492852088716, 0.9999999854698217], "test_labels": [], "test_logprobs": [], "test_probs": []}}