{"0": {"train_labels": [0, 0, 1, 1, 1, 1, 0, 1, 1, 0, 0, 0, 1, 0, 1, 0, 0, 1, 0, 1, 0, 0, 1, 1, 0, 0, 0, 0, 1, 0, 0, 0, 1, 0, 1, 0, 0, 0, 0, 1, 1, 1, 1, 0, 1, 0, 1, 1, 0, 1, 1, 1, 0, 1, 1, 0, 1, 1, 0, 0, 0, 0, 0, 0, 0, 0, 0, 0, 0, 1, 1, 0, 1, 1, 0, 0, 1, 1, 1, 1, 0, 0, 0, 0, 0, 1, 0, 0, 1, 0, 1, 1, 0, 0, 0, 1, 1, 0, 1, 0], "train_logprobs": [[-52.076202392578125, -92.92033386230469], [-105.28330993652344, -123.63166809082031], [-147.22767639160156, -61.3190803527832], [-144.7984619140625, -74.07197570800781], [-145.87998962402344, -127.56751251220703], [-169.847900390625, -119.63375854492188], [-70.12569427490234, -123.97112274169922], [-174.07669067382812, -58.93999481201172], [-98.2058334350586, -92.78718566894531], [-146.9284210205078, -217.6222686767578], [-164.880615234375, -181.13201904296875], [-62.40348434448242, -83.79410552978516], [-111.63803100585938, -20.81777000427246], [-35.92999267578125, -195.1632080078125], [-239.21929931640625, -141.9869384765625], [-27.818567276000977, -64.24678039550781], [-298.4652099609375, -328.061767578125], [-153.16836547851562, -72.23846435546875], [-65.14420318603516, -132.36114501953125], [-190.0210723876953, -39.15066909790039], [-178.5485382080078, -237.996337890625], [-46.77546310424805, -76.26687622070312], [-53.87681579589844, -51.941062927246094], [-204.31314086914062, -127.21702575683594], [-38.50000762939453, -132.8853302001953], [-57.876502990722656, -103.94229888916016], [-32.928340911865234, -48.81154251098633], [-83.01210021972656, -240.01686096191406], [-71.20062255859375, -67.30370330810547], [-146.54483032226562, -171.83465576171875], [-37.13618469238281, -239.2123260498047], [-69.56674194335938, -158.74974060058594], [-178.44029235839844, -79.10090637207031], [-161.24192810058594, -207.82699584960938], [-119.4941635131836, -99.09856414794922], [-18.5367488861084, -94.93721008300781], [-156.43148803710938, -223.98902893066406], [-56.82194137573242, -279.39129638671875], [-40.59904479980469, -90.20313262939453], [-89.60167694091797, -54.84377670288086], [-68.48178100585938, -63.86418151855469], [-226.39874267578125, -76.27401733398438], [-72.07476043701172, -50.32386779785156], [-79.87728881835938, -94.33091735839844], [-154.778564453125, -96.95462799072266], [-133.6906280517578, -146.6490936279297], [-96.62628936767578, -41.030548095703125], [-146.1776123046875, -35.307464599609375], [-126.22796630859375, -334.14208984375], [-111.45378112792969, -52.182098388671875], [-159.6991424560547, -112.37979125976562], [-135.6302032470703, -59.315040588378906], [-39.86790466308594, -184.67042541503906], [-98.45584869384766, -38.02846145629883], [-96.5799560546875, -59.94715118408203], [-80.1638412475586, -406.03826904296875], [-258.72930908203125, -140.4763946533203], [-112.96085357666016, -69.89756774902344], [-169.44039916992188, -211.95040893554688], [-63.78995132446289, -128.32923889160156], [-88.28431701660156, -179.6872100830078], [-134.20187377929688, -245.70504760742188], [-85.81037902832031, -98.13154602050781], [-52.210792541503906, -88.94966125488281], [-80.21521759033203, -90.35829162597656], [-99.23576354980469, -129.07162475585938], [-19.515567779541016, -34.64501953125], [-157.50746154785156, -376.91259765625], [-82.03364562988281, -161.369140625], [-172.29486083984375, -101.55886840820312], [-233.85108947753906, -181.7088165283203], [-63.63046646118164, -130.35360717773438], [-153.90403747558594, -57.796966552734375], [-125.33905029296875, -63.51966094970703], [-203.42535400390625, -360.20751953125], [-73.14444732666016, -112.50434112548828], [-75.482177734375, -37.01362609863281], [-88.9597396850586, -35.13335418701172], [-164.82366943359375, -92.94721221923828], [-86.1015853881836, -77.75605773925781], [-70.36153411865234, -80.48450469970703], [-44.993812561035156, -279.1103515625], [-156.57159423828125, -193.43450927734375], [-38.705543518066406, -113.34675598144531], [-81.87157440185547, -86.89042663574219], [-209.96763610839844, -154.75437927246094], [-77.0916976928711, -203.50228881835938], [-87.15955352783203, -136.81820678710938], [-365.03955078125, -185.37228393554688], [-89.56684875488281, -156.4862518310547], [-207.15020751953125, -87.91514587402344], [-156.97706604003906, -102.70094299316406], [-55.921531677246094, -56.15552520751953], [-110.46456909179688, -226.11439514160156], [-30.45906639099121, -55.19389724731445], [-141.14364624023438, -139.8504638671875], [-89.2334976196289, -17.774133682250977], [-52.84829330444336, -362.7100830078125], [-105.80625915527344, -83.35081481933594], [-41.82775115966797, -106.51704406738281]], "train_probs": [1.0, 0.9999999892499795, 4.901971616764204e-38, 1.9225485521260695e-31, 1.1142746119914879e-08, 1.5569522122212987e-22, 1.0, 9.925864051602857e-51, 0.004413571267848105, 1.0, 0.9999999124804724, 0.9999999994869363, 3.6079607306498312e-40, 1.0, 5.92273395432392e-43, 0.9999999999999999, 0.9999999999998599, 7.121812265722394e-36, 1.0, 3.0048055221672793e-66, 1.0, 0.9999999999998443, 0.1261151906954308, 3.292930999525734e-34, 1.0, 1.0, 0.9999998735225399, 1.0, 0.019900304753230024, 0.9999999999896064, 1.0, 1.0, 7.201995248000986e-44, 1.0, 1.3877260472755947e-09, 1.0, 1.0, 1.0, 1.0, 8.032222384405917e-16, 0.009779885428119733, 6.333739346655126e-66, 3.5785521470904406e-10, 0.9999994717145468, 7.71584460440628e-26, 0.9999976438177333, 7.162693181229628e-25, 7.074677444666258e-49, 1.0, 1.8139915230063037e-26, 2.814925389397576e-21, 7.1902827981346315e-34, 1.0, 5.711092139776729e-27, 1.2318986748624772e-16, 1.0, 4.399585830137007e-52, 1.9854209144659675e-19, 1.0, 1.0, 1.0, 1.0, 0.9999955436096072, 0.9999999999999999, 0.9999606538875656, 0.9999999999998896, 0.9999997312413362, 1.0, 1.0, 1.904358966024038e-31, 2.2641155332905835e-23, 1.0, 1.824859472862275e-42, 1.4196468841818549e-27, 1.0, 1.0, 1.9648088144778338e-17, 4.2024039635063834e-24, 6.087672114596263e-32, 0.0002373997623429668, 0.9999598549224643, 1.0, 1.0, 1.0, 0.9934313213226851, 1.049994993349609e-24, 1.0, 1.0, 9.364776787233654e-79, 1.0, 1.6476716830380626e-52, 2.680274420479787e-24, 0.5582329225863877, 1.0, 0.999999999981895, 0.2153146482619161, 9.2383106461197e-32, 1.0, 1.7689861640831448e-10, 1.0], "test_labels": [], "test_logprobs": [], "test_probs": []}}