{"0": {"0": {"chosen": -18.80557632446289, "rejected": -5.193284511566162}, "1": {"chosen": -13.61064338684082, "rejected": -22.148155212402344}, "2": {"chosen": -36.87700653076172, "rejected": -256.2701416015625}, "3": {"chosen": -17.13492774963379, "rejected": -23.850778579711914}, "4": {"chosen": -37.79999542236328, "rejected": -175.05711364746094}, "5": {"chosen": -120.21377563476562, "rejected": -181.75961303710938}, "6": {"chosen": -105.5867919921875, "rejected": -26.595325469970703}, "7": {"chosen": -12.303680419921875, "rejected": -28.26270294189453}, "8": {"chosen": -16.28327751159668, "rejected": -57.421382904052734}, "9": {"chosen": -8.839540481567383, "rejected": -337.0916748046875}, "10": {"chosen": -18.999704360961914, "rejected": -24.360559463500977}, "11": {"chosen": -28.20218276977539, "rejected": -312.4927062988281}, "12": {"chosen": -30.395816802978516, "rejected": -10.010371208190918}, "13": {"chosen": -101.2825698852539, "rejected": -48.6605224609375}, "14": {"chosen": -41.854393005371094, "rejected": -28.649599075317383}, "15": {"chosen": -18.025104522705078, "rejected": -28.640483856201172}, "16": {"chosen": -72.80055236816406, "rejected": -284.3407897949219}, "17": {"chosen": -59.17071533203125, "rejected": -32.58282470703125}, "18": {"chosen": -221.03228759765625, "rejected": -80.59490203857422}, "19": {"chosen": -82.12388610839844, "rejected": -42.291412353515625}, "20": {"chosen": -56.531890869140625, "rejected": -32.180198669433594}, "21": {"chosen": -23.098495483398438, "rejected": -12.692342758178711}, "22": {"chosen": -51.0618896484375, "rejected": -20.09885597229004}, "23": {"chosen": -15.255327224731445, "rejected": -60.11485290527344}, "24": {"chosen": -50.877052307128906, "rejected": -13.365201950073242}, "25": {"chosen": -110.12606811523438, "rejected": -13.195755004882812}, "26": {"chosen": -31.98358726501465, "rejected": -66.66988372802734}, "27": {"chosen": -196.45567321777344, "rejected": -144.83065795898438}, "28": {"chosen": -78.86199951171875, "rejected": -29.794668197631836}, "29": {"chosen": -11.230342864990234, "rejected": -114.29231262207031}, "30": {"chosen": -43.99951171875, "rejected": -17.529932022094727}, "31": {"chosen": -114.19099426269531, "rejected": -179.34176635742188}, "32": {"chosen": -48.40263366699219, "rejected": -46.97189712524414}, "33": {"chosen": -79.64835357666016, "rejected": -24.378761291503906}, "34": {"chosen": -201.50303649902344, "rejected": -46.38621139526367}, "35": {"chosen": -62.26441192626953, "rejected": -87.61441040039062}, "36": {"chosen": -25.647966384887695, "rejected": -163.2005615234375}, "37": {"chosen": -28.58221435546875, "rejected": -100.12151336669922}, "38": {"chosen": -21.62789535522461, "rejected": -387.5602111816406}, "39": {"chosen": -17.958398818969727, "rejected": -131.0973358154297}, "40": {"chosen": -55.54764175415039, "rejected": -86.4140625}, "41": {"chosen": -137.53152465820312, "rejected": -62.30567169189453}, "42": {"chosen": -92.77919006347656, "rejected": -61.317867279052734}, "43": {"chosen": -105.91056823730469, "rejected": -47.44709014892578}, "44": {"chosen": -253.43447875976562, "rejected": -365.6236572265625}, "45": {"chosen": -123.84194946289062, "rejected": -348.4516906738281}, "46": {"chosen": -159.1232147216797, "rejected": -113.11856079101562}, "47": {"chosen": -77.4236831665039, "rejected": -135.1243133544922}, "48": {"chosen": -34.221343994140625, "rejected": -24.719867706298828}, "49": {"chosen": -129.35459899902344, "rejected": -31.586809158325195}, "50": {"chosen": -99.31022644042969, "rejected": -44.49104309082031}, "51": {"chosen": -21.86142921447754, "rejected": -27.884296417236328}, "52": {"chosen": -17.684804916381836, "rejected": -32.16868209838867}, "53": {"chosen": -356.2652282714844, "rejected": -106.77886962890625}, "54": {"chosen": -22.15058708190918, "rejected": -252.79046630859375}, "55": {"chosen": -28.642948150634766, "rejected": -141.3538360595703}, "56": {"chosen": -40.88847732543945, "rejected": -263.027099609375}, "57": {"chosen": -18.1429500579834, "rejected": -13.526155471801758}, "58": {"chosen": -98.61392211914062, "rejected": -160.68348693847656}, "59": {"chosen": -63.48457336425781, "rejected": -27.09903335571289}, "60": {"chosen": -21.1440372467041, "rejected": -35.755897521972656}, "61": {"chosen": -88.56385803222656, "rejected": -53.00312805175781}, "62": {"chosen": -158.58116149902344, "rejected": -107.6506118774414}, "63": {"chosen": -68.3099136352539, "rejected": -26.55803680419922}, "64": {"chosen": -182.31459045410156, "rejected": -184.24928283691406}, "65": {"chosen": -52.306209564208984, "rejected": -139.6471710205078}, "66": {"chosen": -19.84392547607422, "rejected": -69.05870056152344}, "67": {"chosen": -16.659399032592773, "rejected": -79.31253814697266}, "68": {"chosen": -144.97323608398438, "rejected": -207.06924438476562}, "69": {"chosen": -18.996601104736328, "rejected": -17.824466705322266}, "70": {"chosen": -22.421072006225586, "rejected": -27.361328125}, "71": {"chosen": -44.93670654296875, "rejected": -208.97097778320312}, "72": {"chosen": -23.902481079101562, "rejected": -186.2730255126953}, "73": {"chosen": -2.397836208343506, "rejected": -6.586027145385742}, "74": {"chosen": -56.21672439575195, "rejected": -29.996061325073242}, "75": {"chosen": -35.64162063598633, "rejected": -467.76031494140625}, "76": {"chosen": -16.497295379638672, "rejected": -10.986849784851074}, "77": {"chosen": -106.4913330078125, "rejected": -99.41057586669922}, "78": {"chosen": -69.70472717285156, "rejected": -45.614444732666016}, "79": {"chosen": -129.10214233398438, "rejected": -16.9578800201416}, "80": {"chosen": -8.561017990112305, "rejected": -11.04725456237793}, "81": {"chosen": -39.96881103515625, "rejected": -24.166345596313477}, "82": {"chosen": -24.33651351928711, "rejected": -28.669071197509766}, "83": {"chosen": -89.52364349365234, "rejected": -173.40536499023438}, "84": {"chosen": -42.58240509033203, "rejected": -31.152189254760742}, "85": {"chosen": -50.25894546508789, "rejected": -273.2694091796875}, "86": {"chosen": -137.843994140625, "rejected": -43.011871337890625}, "87": {"chosen": -3.8850293159484863, "rejected": -75.26940155029297}, "88": {"chosen": -44.603057861328125, "rejected": -124.872802734375}, "89": {"chosen": -55.054813385009766, "rejected": -71.98607635498047}, "90": {"chosen": -37.600425720214844, "rejected": -52.31864547729492}, "91": {"chosen": -63.47505187988281, "rejected": -45.56486511230469}, "92": {"chosen": -22.12194061279297, "rejected": -38.267982482910156}, "93": {"chosen": -103.20115661621094, "rejected": -107.01144409179688}, "94": {"chosen": -3.8819217681884766, "rejected": -16.071788787841797}, "95": {"chosen": -11.253717422485352, "rejected": -94.08683776855469}, "96": {"chosen": -20.589439392089844, "rejected": -13.474392890930176}, "97": {"chosen": -98.61274719238281, "rejected": -84.1286849975586}, "98": {"chosen": -15.610662460327148, "rejected": -64.10289764404297}, "99": {"chosen": -76.28203582763672, "rejected": -41.9853515625}}}