{"0": {"train_labels": [0, 0, 1, 1, 0, 0, 0, 1, 1, 0, 0, 0, 1, 0, 1, 0, 0, 1, 0, 1, 0, 0, 1, 1, 0, 0, 0, 0, 1, 0, 0, 0, 1, 0, 1, 0, 0, 0, 0, 1, 1, 1, 1, 0, 1, 0, 1, 1, 0, 1, 1, 1, 0, 1, 1, 0, 1, 1, 0, 0, 0, 0, 0, 0, 0, 0, 1, 0, 0, 1, 1, 0, 1, 1, 0, 0, 1, 1, 1, 0, 1, 0, 0, 0, 0, 1, 0, 0, 1, 0, 1, 1, 0, 0, 0, 0, 1, 0, 1, 0], "train_logprobs": [[-10.14018726348877, -50.51637649536133], [-55.8341178894043, -97.32198333740234], [-115.58080291748047, -22.924848556518555], [-120.82846069335938, -22.150957107543945], [-95.88513946533203, -99.0450210571289], [-91.5147705078125, -93.54029846191406], [-27.812469482421875, -85.32676696777344], [-126.90425872802734, -36.58807373046875], [-66.35836029052734, -52.45097351074219], [-115.77923583984375, -154.49758911132812], [-137.9498291015625, -144.70079040527344], [-13.277693748474121, -61.32246398925781], [-73.581787109375, -6.441596508026123], [-35.72696304321289, -120.14730072021484], [-178.2505645751953, -83.87690734863281], [-13.861507415771484, -46.20200729370117], [-216.35723876953125, -256.3821105957031], [-101.6099624633789, -43.442867279052734], [-15.964200973510742, -96.15381622314453], [-134.39456176757812, -17.728042602539062], [-142.7893524169922, -191.93899536132812], [-9.903717994689941, -40.221187591552734], [-35.08217239379883, -24.644763946533203], [-137.327880859375, -89.02200317382812], [-22.097558975219727, -30.863317489624023], [-37.49848937988281, -79.83729553222656], [-12.30345344543457, -27.634782791137695], [-48.030982971191406, -181.00955200195312], [-42.7939338684082, -7.774050712585449], [-82.79928588867188, -123.63134002685547], [-8.34170150756836, -176.46998596191406], [-34.3989372253418, -121.68927764892578], [-135.39556884765625, -53.51386260986328], [-83.21241760253906, -118.93936920166016], [-74.47134399414062, -49.64085388183594], [-8.573354721069336, -51.650245666503906], [-91.99095916748047, -162.3553924560547], [-22.55517578125, -238.53421020507812], [-11.852571487426758, -30.541296005249023], [-38.9244499206543, -28.768016815185547], [-50.68563461303711, -33.77043533325195], [-186.44161987304688, -34.90644073486328], [-58.01036071777344, -34.3006591796875], [-56.4599723815918, -61.3851318359375], [-63.70758056640625, -20.772632598876953], [-94.01289367675781, -103.75530242919922], [-65.99703216552734, -15.822504997253418], [-104.91172790527344, -21.540071487426758], [-92.50344848632812, -275.4839782714844], [-80.68743896484375, -28.860130310058594], [-120.3844223022461, -60.74736022949219], [-102.06075286865234, -30.734296798706055], [-17.288652420043945, -127.56596374511719], [-69.75291442871094, -14.56331729888916], [-78.8055419921875, -40.95791244506836], [-53.56150436401367, -344.421630859375], [-201.13197326660156, -92.33482360839844], [-68.64300537109375, -46.95840835571289], [-74.45721435546875, -134.0294647216797], [-33.63895034790039, -58.99414825439453], [-35.52467346191406, -142.3614959716797], [-86.32404327392578, -214.72018432617188], [-43.84872817993164, -64.24893188476562], [-23.073951721191406, -40.1739387512207], [-28.03107261657715, -61.162811279296875], [-72.193603515625, -86.9423828125], [-15.62804126739502, -10.736549377441406], [-98.7108154296875, -323.0919494628906], [-37.160858154296875, -123.7671127319336], [-86.15773010253906, -43.50230026245117], [-151.86776733398438, -146.18939208984375], [-33.76253128051758, -67.51029968261719], [-71.09883117675781, -25.142797470092773], [-96.10736083984375, -36.60652160644531], [-159.04896545410156, -292.3275146484375], [-36.15426254272461, -62.585479736328125], [-57.250160217285156, -26.831716537475586], [-50.83933639526367, -6.988356590270996], [-127.30729675292969, -77.01651000976562], [-50.164276123046875, -59.19217300415039], [-67.89877319335938, -41.703155517578125], [-25.79214096069336, -235.2588653564453], [-124.01957702636719, -164.86566162109375], [-7.896085262298584, -79.29740905761719], [-33.82117462158203, -47.031211853027344], [-170.59097290039062, -120.50811767578125], [-20.597749710083008, -155.8905792236328], [-45.55345916748047, -71.68498992919922], [-293.8486022949219, -126.35116577148438], [-31.43753433227539, -86.7456283569336], [-169.49937438964844, -55.55884552001953], [-124.12067413330078, -68.66572570800781], [-7.877102375030518, -12.453761100769043], [-77.14087677001953, -131.52694702148438], [-7.940107822418213, -31.82526397705078], [-109.64418029785156, -127.2315902709961], [-43.914649963378906, -12.728910446166992], [-11.701679229736328, -303.2799987792969], [-48.15843200683594, -35.4846305847168], [-12.023582458496094, -73.97200775146484]], "train_probs": [1.0, 1.0, 5.754800935806624e-41, 1.396061995765904e-43, 0.9592963232081853, 0.8834514026504646, 1.0, 5.972817279485021e-40, 9.122172231061309e-07, 1.0, 0.9988316121363661, 1.0, 6.940419285504456e-30, 1.0, 1.0328599306229099e-41, 0.9999999999999909, 1.0, 5.47458915946045e-26, 1.0, 2.149683404675242e-51, 1.0, 0.9999999999999318, 2.931422215528222e-05, 1.0496001344751772e-21, 0.9998440405446384, 1.0, 0.999999780371766, 1.0, 6.180989253752659e-16, 1.0, 1.0, 1.0, 2.7493296270863826e-36, 0.9999999999999997, 1.6453381256671484e-11, 1.0, 1.0, 1.0, 0.999999992351257, 3.882400060714256e-05, 4.506322537928275e-08, 1.5456383544584345e-66, 5.046699598579962e-11, 0.9927907819305201, 2.2572986242893317e-19, 0.9999412645731656, 1.6198683452782448e-22, 6.196545893990875e-37, 1.0, 3.102314618695582e-23, 1.2587892484880454e-26, 1.0551488139624137e-31, 1.0, 1.0751337818136323e-24, 3.6558076270277094e-17, 1.0, 5.623390678249504e-48, 3.823835261758908e-10, 1.0, 0.9999999999902641, 1.0, 1.0, 0.9999999986186489, 0.99999996253981, 0.9999999999999959, 0.9999996067340319, 0.007454226899339683, 1.0, 1.0, 2.9852602435077635e-19, 0.003407458677384653, 0.9999999999999978, 1.1003938412408452e-20, 1.4424934583446008e-26, 1.0, 0.9999999999966805, 6.157972736160091e-14, 9.031532407769388e-20, 1.4420782505835005e-22, 0.9998799997688022, 4.201339655992596e-12, 1.0, 1.0, 1.0, 0.9999981678841624, 1.775384148602805e-22, 1.0, 0.9999999999955206, 1.8062904464530132e-73, 1.0, 3.2828954103875675e-50, 8.245593195879861e-25, 0.9898155717777594, 1.0, 0.9999999999576543, 0.9999999769916812, 2.858942452810344e-14, 1.0, 3.1321071964276376e-06, 1.0], "test_labels": [], "test_logprobs": [], "test_probs": []}}