{"0": {"0": {"chosen": -20.42082977294922, "rejected": -5.57256555557251}, "1": {"chosen": -16.04452896118164, "rejected": -24.159225463867188}, "2": {"chosen": -40.051666259765625, "rejected": -255.00103759765625}, "3": {"chosen": -17.189655303955078, "rejected": -24.10871124267578}, "4": {"chosen": -39.47985076904297, "rejected": -180.73768615722656}, "5": {"chosen": -122.42212677001953, "rejected": -180.7181854248047}, "6": {"chosen": -105.66557312011719, "rejected": -30.052413940429688}, "7": {"chosen": -11.727476119995117, "rejected": -25.07297706604004}, "8": {"chosen": -15.984000205993652, "rejected": -56.785606384277344}, "9": {"chosen": -9.349180221557617, "rejected": -337.05322265625}, "10": {"chosen": -21.803730010986328, "rejected": -24.887060165405273}, "11": {"chosen": -27.954143524169922, "rejected": -313.16644287109375}, "12": {"chosen": -30.63152313232422, "rejected": -11.212928771972656}, "13": {"chosen": -103.4005126953125, "rejected": -47.042030334472656}, "14": {"chosen": -42.260833740234375, "rejected": -26.739646911621094}, "15": {"chosen": -21.066701889038086, "rejected": -34.45903396606445}, "16": {"chosen": -70.54312133789062, "rejected": -283.5369873046875}, "17": {"chosen": -56.1198616027832, "rejected": -35.474918365478516}, "18": {"chosen": -219.5924835205078, "rejected": -85.2099838256836}, "19": {"chosen": -81.26476287841797, "rejected": -43.1091423034668}, "20": {"chosen": -54.718257904052734, "rejected": -32.79965591430664}, "21": {"chosen": -26.82100486755371, "rejected": -14.569929122924805}, "22": {"chosen": -52.08220291137695, "rejected": -19.927797317504883}, "23": {"chosen": -15.590109825134277, "rejected": -60.05651092529297}, "24": {"chosen": -49.997066497802734, "rejected": -16.168691635131836}, "25": {"chosen": -115.94339752197266, "rejected": -15.38037109375}, "26": {"chosen": -31.61318588256836, "rejected": -67.57048797607422}, "27": {"chosen": -199.02268981933594, "rejected": -146.0413055419922}, "28": {"chosen": -80.5133056640625, "rejected": -31.235973358154297}, "29": {"chosen": -12.773378372192383, "rejected": -119.18352508544922}, "30": {"chosen": -44.870208740234375, "rejected": -17.90372657775879}, "31": {"chosen": -112.28157043457031, "rejected": -180.88897705078125}, "32": {"chosen": -50.63908767700195, "rejected": -47.619510650634766}, "33": {"chosen": -77.8364486694336, "rejected": -26.441959381103516}, "34": {"chosen": -205.2886199951172, "rejected": -47.76412582397461}, "35": {"chosen": -63.378509521484375, "rejected": -90.44061279296875}, "36": {"chosen": -25.028039932250977, "rejected": -167.28363037109375}, "37": {"chosen": -29.282194137573242, "rejected": -99.7978515625}, "38": {"chosen": -20.624183654785156, "rejected": -387.97686767578125}, "39": {"chosen": -16.444339752197266, "rejected": -134.1304168701172}, "40": {"chosen": -55.224403381347656, "rejected": -88.36348724365234}, "41": {"chosen": -133.89451599121094, "rejected": -64.08032989501953}, "42": {"chosen": -96.45612335205078, "rejected": -60.306793212890625}, "43": {"chosen": -106.50230407714844, "rejected": -46.89106750488281}, "44": {"chosen": -250.3650665283203, "rejected": -364.9568786621094}, "45": {"chosen": -124.18438720703125, "rejected": -351.9380187988281}, "46": {"chosen": -158.3979034423828, "rejected": -113.15788269042969}, "47": {"chosen": -78.13957214355469, "rejected": -135.1326141357422}, "48": {"chosen": -36.083126068115234, "rejected": -24.621036529541016}, "49": {"chosen": -127.79934692382812, "rejected": -31.170654296875}, "50": {"chosen": -99.71951293945312, "rejected": -44.9808349609375}, "51": {"chosen": -22.130277633666992, "rejected": -28.05223846435547}, "52": {"chosen": -15.665548324584961, "rejected": -34.133262634277344}, "53": {"chosen": -355.71966552734375, "rejected": -106.95803833007812}, "54": {"chosen": -24.067216873168945, "rejected": -253.93296813964844}, "55": {"chosen": -31.002883911132812, "rejected": -141.70216369628906}, "56": {"chosen": -41.05973434448242, "rejected": -263.364501953125}, "57": {"chosen": -17.655794143676758, "rejected": -15.616279602050781}, "58": {"chosen": -98.64593505859375, "rejected": -160.4859161376953}, "59": {"chosen": -64.38768005371094, "rejected": -28.47125816345215}, "60": {"chosen": -22.739341735839844, "rejected": -35.291202545166016}, "61": {"chosen": -86.8857650756836, "rejected": -53.441810607910156}, "62": {"chosen": -160.4214630126953, "rejected": -110.7247314453125}, "63": {"chosen": -69.61821746826172, "rejected": -29.614219665527344}, "64": {"chosen": -186.2095489501953, "rejected": -184.73789978027344}, "65": {"chosen": -52.79583740234375, "rejected": -140.45237731933594}, "66": {"chosen": -19.12014389038086, "rejected": -69.57704162597656}, "67": {"chosen": -18.61844253540039, "rejected": -82.31996154785156}, "68": {"chosen": -144.65284729003906, "rejected": -206.39413452148438}, "69": {"chosen": -18.82559585571289, "rejected": -15.320003509521484}, "70": {"chosen": -23.79625129699707, "rejected": -27.078365325927734}, "71": {"chosen": -45.596343994140625, "rejected": -210.13629150390625}, "72": {"chosen": -22.62079620361328, "rejected": -192.61949157714844}, "73": {"chosen": -2.785693407058716, "rejected": -7.375064849853516}, "74": {"chosen": -53.12723159790039, "rejected": -29.741497039794922}, "75": {"chosen": -38.51137161254883, "rejected": -470.194580078125}, "76": {"chosen": -15.79908275604248, "rejected": -12.104199409484863}, "77": {"chosen": -105.66663360595703, "rejected": -103.36589813232422}, "78": {"chosen": -68.72364807128906, "rejected": -46.911705017089844}, "79": {"chosen": -130.42796325683594, "rejected": -19.563901901245117}, "80": {"chosen": -6.6356377601623535, "rejected": -12.411982536315918}, "81": {"chosen": -41.35087966918945, "rejected": -24.550142288208008}, "82": {"chosen": -25.83010482788086, "rejected": -29.795000076293945}, "83": {"chosen": -92.07614135742188, "rejected": -174.35977172851562}, "84": {"chosen": -45.04217529296875, "rejected": -31.943742752075195}, "85": {"chosen": -46.32618713378906, "rejected": -272.2298278808594}, "86": {"chosen": -137.80905151367188, "rejected": -41.60615539550781}, "87": {"chosen": -4.549741744995117, "rejected": -71.48243713378906}, "88": {"chosen": -44.78620529174805, "rejected": -126.03062438964844}, "89": {"chosen": -53.653076171875, "rejected": -71.0606689453125}, "90": {"chosen": -38.00764465332031, "rejected": -54.85136413574219}, "91": {"chosen": -60.67701721191406, "rejected": -46.62325668334961}, "92": {"chosen": -22.61176300048828, "rejected": -39.037437438964844}, "93": {"chosen": -103.43303680419922, "rejected": -104.76072692871094}, "94": {"chosen": -3.6643338203430176, "rejected": -14.894254684448242}, "95": {"chosen": -11.278167724609375, "rejected": -96.34078979492188}, "96": {"chosen": -20.744728088378906, "rejected": -13.378084182739258}, "97": {"chosen": -101.28202056884766, "rejected": -83.508056640625}, "98": {"chosen": -15.978245735168457, "rejected": -63.81349182128906}, "99": {"chosen": -76.92420959472656, "rejected": -43.92934036254883}}}