{"0": {"train_labels": [0, 0, 1, 1, 1, 1, 0, 1, 0, 0, 0, 0, 1, 0, 1, 0, 0, 1, 0, 1, 0, 0, 0, 1, 0, 1, 1, 0, 1, 0, 0, 0, 1, 0, 1, 0, 1, 0, 0, 0, 0, 1, 0, 1, 1, 0, 1, 1, 0, 1, 1, 1, 0, 1, 1, 0, 1, 1, 0, 0, 0, 0, 0, 1, 0, 0, 1, 0, 0, 1, 0, 0, 1, 1, 0, 0, 1, 1, 0, 0, 1, 0, 0, 0, 0, 1, 0, 0, 1, 0, 1, 1, 1, 0, 1, 0, 1, 0, 1, 0], "train_logprobs": [[-8.928866386413574, -62.6390380859375], [-52.48213195800781, -111.01028442382812], [-132.80255126953125, -1.4367890357971191], [-135.92153930664062, -22.92652130126953], [-138.15713500976562, -43.57099533081055], [-108.54936218261719, -47.32745361328125], [-25.538522720336914, -58.50940704345703], [-130.159912109375, -39.9405517578125], [-42.33774948120117, -58.72870635986328], [-138.67977905273438, -184.9163818359375], [-87.1471939086914, -151.89141845703125], [-6.786393165588379, -77.390625], [-87.9138412475586, -11.715778350830078], [-39.4913215637207, -147.18270874023438], [-211.11618041992188, -92.66703796386719], [-16.546010971069336, -54.03565216064453], [-147.8875732421875, -294.69696044921875], [-99.84345245361328, -43.78520965576172], [-17.979787826538086, -113.01280212402344], [-132.23219299316406, -14.830400466918945], [-138.13427734375, -156.31475830078125], [-5.071783065795898, -36.160369873046875], [-7.941711902618408, -40.03156280517578], [-155.782470703125, -53.41925811767578], [-10.605504989624023, -35.61759948730469], [-27.313379287719727, -17.583284378051758], [-10.079896926879883, -2.3935539722442627], [-1.2889198064804077, -238.71728515625], [-50.70673370361328, -0.3460671305656433], [-104.6631851196289, -139.6648712158203], [-0.8385303020477295, -237.22491455078125], [-20.170848846435547, -122.81375122070312], [-105.13729858398438, -67.3113784790039], [-34.28224563598633, -138.9445037841797], [-74.5412368774414, -48.12456130981445], [-7.100009441375732, -71.371826171875], [-100.86854553222656, -93.14961242675781], [-24.435901641845703, -272.26800537109375], [-3.27311372756958, -43.99501419067383], [-9.526881217956543, -33.302032470703125], [-13.149195671081543, -39.63803482055664], [-185.2524871826172, -7.555520057678223], [-4.299158096313477, -36.9671630859375], [-63.631813049316406, -28.81519889831543], [-40.021751403808594, -16.589143753051758], [-111.23828887939453, -131.98483276367188], [-60.50680923461914, -13.7277250289917], [-109.44091796875, -21.067873001098633], [-113.56340026855469, -204.86447143554688], [-59.25990676879883, -34.74135208129883], [-123.83821868896484, -60.61703872680664], [-115.82503509521484, -34.027835845947266], [-19.610132217407227, -41.44460678100586], [-74.62022399902344, -10.187681198120117], [-83.94473266601562, -49.11308288574219], [-65.17826843261719, -373.0336608886719], [-236.6441192626953, -100.26322174072266], [-76.53631591796875, -4.214521884918213], [-77.8914566040039, -140.15155029296875], [-37.06785202026367, -60.1190185546875], [-36.82564926147461, -38.28529357910156], [-96.88616180419922, -275.8637390136719], [-45.14379119873047, -64.65185546875], [-18.9786434173584, -12.916641235351562], [-6.05582857131958, -60.42469787597656], [-80.63838195800781, -102.23036193847656], [-13.906725883483887, -11.317888259887695], [-113.43479919433594, -315.4926452636719], [-15.62309455871582, -137.7641143798828], [-79.83159637451172, -15.057259559631348], [-133.2080078125, -151.9792022705078], [-39.8137321472168, -79.44134521484375], [-82.59626770019531, -33.43278503417969], [-85.48382568359375, -44.685157775878906], [-110.86685180664062, -336.69317626953125], [-42.23643112182617, -83.13514709472656], [-73.5404281616211, -6.778109550476074], [-62.17496871948242, -0.11716634780168533], [-73.02449035644531, -85.2105941772461], [-22.87995147705078, -55.914974212646484], [-69.09474182128906, -27.43032455444336], [-6.098872661590576, -267.6491394042969], [-110.42762756347656, -176.9698486328125], [-10.204094886779785, -33.458984375], [-20.27581787109375, -48.97920227050781], [-206.89442443847656, -63.76329803466797], [-7.438243865966797, -165.2163848876953], [-44.544151306152344, -44.89136505126953], [-342.27008056640625, -149.82183837890625], [-43.001869201660156, -105.55764770507812], [-189.65481567382812, -15.866768836975098], [-122.07976531982422, -41.077117919921875], [-12.98956298828125, -1.167348861694336], [-27.53380012512207, -144.55499267578125], [-10.531025886535645, -3.0270626544952393], [-44.168495178222656, -149.42828369140625], [-30.04831314086914, -7.956863880157471], [-7.13620662689209, -339.1275939941406], [-48.972679138183594, -43.955692291259766], [-15.747502326965332, -33.88210678100586]], "train_probs": [1.0, 1.0, 8.88330044708789e-58, 8.450593235853026e-50, 8.35144206874319e-42, 2.5802568326126835e-27, 0.9999999999999952, 6.580056738677253e-40, 0.9999999238801645, 1.0, 1.0, 1.0, 8.08354298824421e-34, 1.0, 3.615688809965571e-52, 1.0, 1.0, 4.510394071632772e-25, 1.0, 1.0305031895084083e-51, 0.9999999872849686, 0.9999999999999685, 0.9999999999999885, 3.501237926627725e-45, 0.999999999986279, 5.946311375464629e-05, 0.0004588432528943516, 1.0, 1.3447464372915117e-22, 0.9999999999999993, 1.0, 1.0, 3.7360409301654004e-17, 1.0, 3.3680890912386293e-12, 1.0, 0.0004441370636792062, 1.0, 1.0, 0.9999999999527304, 0.9999999999968664, 6.717191452757249e-78, 0.9999999999999934, 7.574196982792012e-16, 6.658061473319836e-11, 0.9999999990230092, 4.8317211369708425e-21, 4.1694063314480736e-39, 1.0, 2.247641255427519e-11, 3.4945431144984994e-28, 2.991766748002727e-36, 0.9999999996708392, 1.0406440527103984e-28, 7.461166040000363e-16, 1.0, 5.895610303687921e-60, 3.8998143239510523e-32, 1.0, 0.9999999999024998, 0.8114782680665961, 1.0, 0.9999999966290265, 0.0023243166338806085, 1.0, 0.9999999995805094, 0.06986027612974882, 1.0, 1.0, 7.393719191804387e-29, 0.9999999929567382, 1.0, 4.452160036427596e-22, 1.9114531535772614e-18, 1.0, 1.0, 1.0127294237435874e-29, 1.1185074237445244e-27, 0.9999948991783412, 0.9999999999999956, 8.042174445466427e-19, 1.0, 1.0, 0.9999999999204702, 0.9999999999996577, 6.901470154767875e-63, 1.0, 0.5859417567015694, 2.635059135350714e-84, 1.0, 3.348191102822876e-76, 6.622122566131378e-36, 7.339634837398119e-06, 1.0, 0.000550593386340891, 1.0, 2.5456898367582597e-10, 1.0, 0.006580862529000936, 0.9999999866880601], "test_labels": [], "test_logprobs": [], "test_probs": []}}