{"0": {"train_labels": [0, 0, 1, 1, 0, 1, 0, 1, 1, 0, 1, 0, 1, 0, 1, 0, 0, 1, 0, 1, 0, 0, 1, 1, 1, 0, 0, 0, 1, 0, 0, 0, 1, 0, 1, 0, 0, 0, 0, 1, 1, 1, 1, 1, 1, 0, 1, 1, 0, 1, 1, 1, 0, 1, 1, 0, 1, 1, 0, 0, 0, 0, 0, 0, 0, 0, 1, 0, 0, 1, 1, 0, 1, 1, 0, 0, 1, 1, 1, 0, 1, 0, 0, 0, 0, 1, 0, 0, 1, 0, 1, 1, 0, 0, 0, 0, 1, 0, 1, 0], "train_logprobs": [[-9.561785697937012, -110.2882080078125], [-113.12629699707031, -171.2466278076172], [-198.98980712890625, -39.615482330322266], [-264.3791198730469, -41.14361572265625], [-206.46038818359375, -224.31568908691406], [-182.8451690673828, -178.60287475585938], [-41.84764862060547, -135.56353759765625], [-249.45655822753906, -59.31463623046875], [-153.69552612304688, -116.99530029296875], [-298.4366455078125, -328.9695129394531], [-300.48419189453125, -290.289306640625], [-31.47021484375, -130.43798828125], [-178.85227966308594, -3.435457706451416], [-55.60259246826172, -209.50392150878906], [-366.86895751953125, -166.56826782226562], [-31.598384857177734, -100.24481964111328], [-420.6844482421875, -523.9151000976562], [-226.00555419921875, -101.37062072753906], [-21.072660446166992, -230.29815673828125], [-220.51356506347656, -31.445613861083984], [-221.84197998046875, -360.2049255371094], [-8.63765811920166, -66.53919219970703], [-95.46536254882812, -68.64415740966797], [-329.14215087890625, -197.33877563476562], [-53.11798858642578, -39.96084213256836], [-48.71603775024414, -173.95242309570312], [-19.20187759399414, -64.33963012695312], [-86.7059097290039, -333.00323486328125], [-124.99243927001953, -15.047462463378906], [-159.3969268798828, -241.6005859375], [-21.70793914794922, -312.7724609375], [-31.022621154785156, -190.5070037841797], [-278.093017578125, -146.95834350585938], [-184.85263061523438, -313.2486572265625], [-141.0820770263672, -99.39149475097656], [-17.548105239868164, -93.24549102783203], [-167.18812561035156, -305.29241943359375], [-33.51933288574219, -475.08636474609375], [-30.167232513427734, -84.54071044921875], [-71.31640625, -60.07933807373047], [-152.5318603515625, -83.12779235839844], [-351.3741760253906, -71.21440124511719], [-100.70905303955078, -58.980712890625], [-103.23065948486328, -101.01274108886719], [-128.55050659179688, -57.974342346191406], [-154.319580078125, -223.54066467285156], [-126.46730041503906, -40.373477935791016], [-194.43984985351562, -35.4677734375], [-194.45138549804688, -499.8487243652344], [-210.010009765625, -61.98124313354492], [-205.63526916503906, -136.68505859375], [-225.11630249023438, -52.04940414428711], [-61.73069381713867, -253.13131713867188], [-130.81613159179688, -26.661617279052734], [-168.56149291992188, -109.40489196777344], [-118.9003677368164, -647.4136352539062], [-437.7066955566406, -205.57205200195312], [-124.3683090209961, -75.10016632080078], [-145.6051025390625, -293.0325927734375], [-53.009002685546875, -105.91650390625], [-53.123291015625, -279.29290771484375], [-184.14402770996094, -398.00927734375], [-82.1733169555664, -130.22267150878906], [-36.1749382019043, -80.5693359375], [-64.29756927490234, -128.90499877929688], [-181.31033325195312, -185.4126434326172], [-36.82651138305664, -19.371688842773438], [-202.63047790527344, -652.7611694335938], [-95.30947875976562, -236.11070251464844], [-191.4432373046875, -72.82056427001953], [-317.5595703125, -302.902587890625], [-110.55052947998047, -163.86480712890625], [-138.4103546142578, -38.58152770996094], [-198.01876831054688, -94.64529418945312], [-230.9302520751953, -627.0119018554688], [-63.634521484375, -130.10263061523438], [-117.12175750732422, -60.44296646118164], [-115.53823852539062, -18.272178649902344], [-232.16334533691406, -159.17385864257812], [-106.42631530761719, -111.34691619873047], [-123.49480438232422, -78.86515808105469], [-58.74214553833008, -503.2997741699219], [-236.02029418945312, -291.7569580078125], [-18.318309783935547, -162.97540283203125], [-67.92578887939453, -103.34812927246094], [-322.97113037109375, -269.948486328125], [-56.40687561035156, -302.92462158203125], [-114.34966278076172, -191.56838989257812], [-582.6663818359375, -267.5504455566406], [-77.87643432617188, -206.86453247070312], [-377.161376953125, -99.4683837890625], [-224.93447875976562, -153.38331604003906], [-17.126630783081055, -39.64326477050781], [-136.1796417236328, -220.52438354492188], [-15.870647430419922, -39.44996643066406], [-224.98146057128906, -268.52984619140625], [-76.02326202392578, -40.38457107543945], [-17.873764038085938, -569.3087768554688], [-124.66011810302734, -69.637939453125], [-27.230873107910156, -138.80484008789062]], "train_probs": [1.0, 1.0, 6.08990030311547e-70, 1.1221537951484867e-97, 0.9999999823988381, 0.01417087395044629, 1.0, 2.644919741668878e-83, 1.1515808583453295e-16, 0.9999999999999452, 3.735952666946331e-05, 1.0, 6.568136824404258e-77, 1.0, 1.024508917819073e-87, 1.0, 1.0, 7.442796433868647e-55, 1.0, 7.741624243079908e-83, 1.0, 1.0, 2.2474943574392156e-12, 5.7348417100634766e-58, 1.9316260718729035e-06, 1.0, 1.0, 1.0, 1.7844453828682708e-48, 1.0, 1.0, 1.0, 1.1192694865987069e-57, 1.0, 7.834479896181066e-19, 1.0, 1.0, 1.0, 1.0, 1.3176424436208284e-05, 7.21433406765923e-31, 2.128902449514985e-122, 7.544181606106055e-19, 0.09815291156094945, 2.234402014449069e-31, 1.0, 4.07312718491111e-38, 9.105513357904278e-70, 1.0, 5.151378828511305e-65, 1.135805645020798e-30, 6.886539585264939e-76, 1.0, 5.838068261506196e-46, 2.0352353548512165e-26, 1.0, 1.5318112177460364e-101, 4.0097518061455493e-22, 1.0, 1.0, 1.0, 1.0, 1.0, 1.0, 1.0, 0.9837345069988, 2.627041156731072e-08, 1.0, 1.0, 3.039678645223213e-52, 4.3107538585960266e-07, 1.0, 4.4145998133337676e-44, 1.274883833702918e-45, 1.0, 1.0, 2.4250115292512667e-25, 5.726469073547893e-43, 2.0001782097663665e-32, 0.9927580817739127, 4.1456332801218724e-20, 1.0, 1.0, 1.0, 0.9999999999999996, 9.387679976979837e-24, 1.0, 1.0, 1.4024510570719174e-137, 1.0, 2.508796329736354e-121, 8.428006406470419e-32, 0.9999999998336013, 1.0, 0.9999999999425049, 1.0, 3.328995275571491e-16, 1.0, 1.2710757408256566e-24, 1.0], "test_labels": [], "test_logprobs": [], "test_probs": []}}