{"0": {"train_labels": [0, 0, 1, 1, 0, 1, 0, 1, 1, 0, 0, 0, 1, 0, 1, 0, 0, 1, 0, 1, 0, 0, 0, 1, 0, 0, 0, 0, 1, 0, 0, 0, 1, 0, 1, 0, 0, 0, 0, 1, 1, 1, 1, 0, 1, 1, 1, 1, 0, 1, 1, 1, 0, 1, 1, 0, 1, 1, 0, 0, 0, 0, 0, 0, 0, 0, 0, 0, 0, 1, 1, 0, 1, 1, 0, 0, 1, 1, 1, 1, 0, 0, 0, 0, 0, 1, 0, 0, 1, 0, 1, 1, 0, 0, 0, 0, 1, 0, 1, 0], "train_logprobs": [[-33.8036994934082, -75.39686584472656], [-81.50428771972656, -111.58477020263672], [-140.29995727539062, -40.2034797668457], [-164.0836639404297, -54.28801727294922], [-131.64422607421875, -135.0115966796875], [-114.85688781738281, -103.13997650146484], [-69.8868408203125, -98.64620971679688], [-141.00592041015625, -41.53883743286133], [-112.86186981201172, -74.25272369384766], [-135.1505889892578, -186.27915954589844], [-142.09835815429688, -159.38851928710938], [-21.9954776763916, -90.01828002929688], [-129.63201904296875, -13.241170883178711], [-41.72233200073242, -169.20462036132812], [-193.67198181152344, -103.86585235595703], [-29.808774948120117, -50.761924743652344], [-269.6748046875, -290.63372802734375], [-149.04971313476562, -60.869930267333984], [-21.489276885986328, -106.43313598632812], [-177.34054565429688, -31.240854263305664], [-157.01121520996094, -227.6164093017578], [-23.893075942993164, -70.4962387084961], [-49.08143615722656, -50.67711639404297], [-194.40036010742188, -112.73963928222656], [-25.047895431518555, -52.91407012939453], [-64.89025115966797, -119.28401947021484], [-9.955851554870605, -31.180278778076172], [-61.51563262939453, -200.84982299804688], [-54.86922073364258, -27.56615447998047], [-105.34811401367188, -149.05941772460938], [-13.626863479614258, -232.50119018554688], [-43.693321228027344, -132.0119171142578], [-158.42520141601562, -81.31131744384766], [-127.57170867919922, -164.23207092285156], [-110.86206817626953, -89.37066650390625], [-6.922515869140625, -67.05746459960938], [-114.8823013305664, -196.86634826660156], [-39.721134185791016, -248.26556396484375], [-48.40476989746094, -64.90550994873047], [-65.2812728881836, -30.754425048828125], [-56.16226577758789, -50.914085388183594], [-202.3551483154297, -44.84534454345703], [-89.39974212646484, -61.76434326171875], [-61.897064208984375, -73.07684326171875], [-104.29693603515625, -39.15006637573242], [-134.3249053955078, -122.1502685546875], [-97.17903900146484, -42.13411331176758], [-125.15707397460938, -33.24842834472656], [-97.08199310302734, -285.48828125], [-109.1739501953125, -42.306663513183594], [-133.16592407226562, -94.04084777832031], [-127.74616241455078, -54.36639404296875], [-34.04731369018555, -175.34375], [-87.77835083007812, -28.35603141784668], [-76.58949279785156, -52.23330307006836], [-61.0578498840332, -408.8177490234375], [-242.48500061035156, -128.50701904296875], [-94.91093444824219, -67.88059997558594], [-84.48120880126953, -186.83152770996094], [-48.857601165771484, -84.42352294921875], [-42.77294921875, -150.68817138671875], [-118.7480697631836, -255.07589721679688], [-66.08827209472656, -86.81369018554688], [-37.0838508605957, -63.26194763183594], [-43.48439407348633, -80.4287109375], [-98.04005432128906, -98.79998016357422], [-18.95568084716797, -26.428857803344727], [-123.32182312011719, -358.52813720703125], [-65.64635467529297, -163.31478881835938], [-123.26492309570312, -85.1642837524414], [-213.0062255859375, -159.64186096191406], [-69.30844116210938, -101.88529205322266], [-110.5716781616211, -29.930051803588867], [-122.7220687866211, -62.936405181884766], [-185.65631103515625, -325.36785888671875], [-61.27300262451172, -81.75270080566406], [-74.9308090209961, -24.954505920410156], [-66.2049331665039, -40.41947937011719], [-152.71890258789062, -92.46159362792969], [-88.6793441772461, -72.58958435058594], [-63.84406661987305, -81.61592102050781], [-30.356307983398438, -258.63922119140625], [-161.54782104492188, -200.30458068847656], [-21.95729637145996, -110.66693115234375], [-65.91062927246094, -81.99708557128906], [-187.79904174804688, -160.47396850585938], [-28.759498596191406, -172.34161376953125], [-68.55680847167969, -126.10934448242188], [-320.947998046875, -152.69265747070312], [-60.16242599487305, -122.84566497802734], [-198.36338806152344, -81.08073425292969], [-155.90811157226562, -106.46070861816406], [-23.94375991821289, -47.93391036987305], [-115.58447265625, -186.12274169921875], [-19.856605529785156, -40.72929000854492], [-135.0362548828125, -144.45310974121094], [-77.16476440429688, -30.25687026977539], [-26.439189910888672, -359.57879638671875], [-71.73290252685547, -59.747344970703125], [-35.29681396484375, -93.68482208251953]], "train_probs": [1.0, 0.9999999999999137, 3.377941780021385e-44, 2.0718414397124435e-48, 0.9666690760147976, 8.154672593658857e-06, 0.9999999999996764, 6.338620223764025e-44, 1.7071075766902028e-17, 1.0, 0.9999999690273464, 1.0, 2.8320238089359645e-51, 1.0, 9.947032487205162e-40, 0.9999999992053742, 0.9999999992099489, 5.0583268134427355e-39, 1.0, 3.545767223292453e-64, 1.0, 1.0, 0.8314137724311185, 3.4292532379472264e-36, 0.9999999999992095, 1.0, 0.9999999993941733, 1.0, 1.3881263139976591e-12, 1.0, 1.0, 1.0, 3.234936147154368e-34, 0.9999999999999999, 4.638770056702424e-10, 1.0, 1.0, 1.0, 0.9999999317944652, 1.0119999845062213e-15, 0.00522958321777911, 3.9297179097543497e-69, 9.956318195560787e-13, 0.9999860466788973, 5.094176565410639e-29, 5.159649018356284e-06, 1.2424888960398133e-24, 1.2150170260193946e-40, 1.0, 9.118142478080446e-30, 1.0190494560345291e-17, 1.353853003844218e-32, 1.0, 1.560323241073673e-26, 2.6438767214441214e-11, 1.0, 3.1622161096335535e-50, 1.823370375646492e-12, 1.0, 0.9999999999999997, 1.0, 1.0, 0.9999999990021499, 0.9999999999957243, 1.0, 0.6813376331299793, 0.999432202044908, 1.0, 1.0, 2.8385893971506124e-17, 6.670385189655706e-24, 0.9999999999999929, 9.501379416032843e-36, 1.0849661768635359e-26, 1.0, 0.9999999987242073, 1.9750010801870106e-22, 6.331690863582413e-12, 6.769915131501298e-27, 1.028740996846241e-07, 0.9999999808670607, 1.0, 1.0, 1.0, 0.999999896785491, 1.3579115218535723e-12, 1.0, 1.0, 8.465137894300507e-74, 1.0, 1.1608888179640641e-51, 3.35170473246815e-22, 0.9999999999618749, 1.0, 0.9999999991387916, 0.9999186651681025, 4.2477643887242e-21, 1.0, 6.233554826583829e-06, 1.0], "test_labels": [], "test_logprobs": [], "test_probs": []}}