{"0": {"train_labels": [0, 0, 1, 1, 1, 1, 0, 1, 0, 0, 0, 0, 1, 0, 1, 0, 0, 1, 0, 1, 0, 0, 1, 1, 0, 0, 0, 0, 1, 0, 0, 0, 1, 0, 1, 0, 0, 0, 0, 1, 0, 1, 1, 0, 1, 0, 1, 1, 0, 1, 1, 1, 0, 1, 1, 0, 1, 1, 0, 0, 0, 0, 0, 0, 0, 0, 0, 0, 0, 1, 1, 0, 1, 1, 0, 0, 1, 1, 1, 1, 0, 0, 0, 0, 1, 1, 0, 0, 1, 0, 1, 1, 0, 0, 0, 0, 1, 0, 1, 0], "train_logprobs": [[-40.77341842651367, -96.5332260131836], [-124.97089385986328, -144.49868774414062], [-170.46121215820312, -68.13228607177734], [-157.29762268066406, -60.62355422973633], [-157.2887420654297, -144.889404296875], [-168.51747131347656, -146.93675231933594], [-95.19767761230469, -166.29847717285156], [-209.77206420898438, -80.15861511230469], [-113.64906311035156, -120.8642807006836], [-170.43707275390625, -229.29957580566406], [-201.74778747558594, -208.10328674316406], [-57.912384033203125, -111.43905639648438], [-117.60147094726562, -21.604103088378906], [-35.017398834228516, -230.15211486816406], [-275.09429931640625, -173.99655151367188], [-28.38066864013672, -82.87519836425781], [-327.52069091796875, -354.7948303222656], [-173.98069763183594, -90.65021514892578], [-70.92927551269531, -163.74911499023438], [-226.93307495117188, -40.82099914550781], [-173.73138427734375, -265.31829833984375], [-51.60917282104492, -60.91387176513672], [-62.85527420043945, -49.81800079345703], [-240.89193725585938, -154.6970672607422], [-43.56134796142578, -116.792724609375], [-104.04368591308594, -118.79094696044922], [-23.979888916015625, -50.30519104003906], [-70.48974609375, -248.81512451171875], [-81.87803649902344, -58.96747970581055], [-153.62367248535156, -192.59388732910156], [-37.68889617919922, -249.18121337890625], [-98.8851318359375, -179.01153564453125], [-200.2307586669922, -91.66779327392578], [-175.8230743408203, -213.32952880859375], [-136.37159729003906, -135.4736785888672], [-14.343130111694336, -111.01034545898438], [-190.56350708007812, -254.98309326171875], [-70.03192138671875, -282.71441650390625], [-46.675743103027344, -97.88939666748047], [-119.9855728149414, -56.41311264038086], [-77.44798278808594, -86.33853149414062], [-245.3599395751953, -65.66694641113281], [-89.39035034179688, -67.09471130371094], [-97.91604614257812, -128.91552734375], [-179.1239471435547, -90.6265869140625], [-137.57542419433594, -177.96519470214844], [-103.07728576660156, -48.39128494262695], [-188.3482666015625, -53.19551086425781], [-115.52330017089844, -325.24676513671875], [-132.53289794921875, -54.98699951171875], [-193.69598388671875, -148.90887451171875], [-159.78968811035156, -79.3685302734375], [-48.60420608520508, -233.0863494873047], [-99.50028991699219, -31.343103408813477], [-103.74463653564453, -61.93978500366211], [-120.80879211425781, -444.0589599609375], [-302.3143005371094, -180.35513305664062], [-129.02017211914062, -87.16410827636719], [-168.70199584960938, -216.1178741455078], [-83.95207977294922, -150.64605712890625], [-86.28938293457031, -215.67556762695312], [-149.86453247070312, -266.77679443359375], [-91.95816802978516, -105.14672088623047], [-73.65116119384766, -121.16712951660156], [-81.6925048828125, -90.91863250732422], [-111.5538558959961, -128.90977478027344], [-35.4410400390625, -60.279964447021484], [-170.5721435546875, -393.83941650390625], [-121.5713119506836, -172.65145874023438], [-189.5839080810547, -100.37922668457031], [-294.5052490234375, -206.0236358642578], [-77.4275131225586, -148.67071533203125], [-174.8414306640625, -62.90959930419922], [-162.9452667236328, -95.74658966064453], [-231.74160766601562, -377.112548828125], [-85.72361755371094, -129.48031616210938], [-90.84648895263672, -45.399879455566406], [-91.31304931640625, -51.65364074707031], [-179.84938049316406, -101.53953552246094], [-129.5907440185547, -114.84065246582031], [-76.47113037109375, -115.05045318603516], [-54.23362350463867, -292.61639404296875], [-161.85792541503906, -191.4997100830078], [-30.943063735961914, -132.31112670898438], [-96.18946838378906, -92.4055404663086], [-204.40701293945312, -155.60537719726562], [-71.35073852539062, -237.9663543701172], [-95.51396179199219, -139.42025756835938], [-378.8130187988281, -186.4442596435547], [-100.9769058227539, -160.70791625976562], [-229.60472106933594, -117.53551483154297], [-185.19949340820312, -150.25857543945312], [-60.15629577636719, -72.84797668457031], [-115.9334945678711, -272.0290222167969], [-34.533660888671875, -66.10575866699219], [-161.52874755859375, -164.31117248535156], [-100.73440551757812, -13.827142715454102], [-81.67852783203125, -399.221435546875], [-131.3661346435547, -85.09971618652344], [-45.37751770019531, -132.64181518554688]], "train_probs": [1.0, 0.9999999966948827, 3.6233648051682e-45, 1.0351076746890216e-42, 4.121300084607691e-06, 4.2424118300965614e-10, 1.0, 5.123824864398589e-57, 0.9992652297044834, 1.0, 0.9982658448477343, 1.0, 2.036445827288899e-42, 1.0, 1.2410977732828008e-44, 1.0, 0.9999999999985711, 6.45700738826637e-37, 1.0, 1.4878270902258726e-81, 1.0, 0.9999090126375798, 2.177625304815236e-06, 3.681659268190341e-38, 1.0, 0.9999996061365027, 0.9999999999963096, 1.0, 1.1222034701626674e-10, 1.0, 1.0, 1.0, 7.107276160664448e-48, 1.0, 0.2894783926363499, 1.0, 1.0, 1.0, 1.0, 2.4594123253546197e-28, 0.9998623348651411, 9.126928161048456e-79, 2.0755203465085204e-10, 0.9999999999999655, 3.682008521868917e-39, 1.0, 1.7789822086636095e-24, 2.0132790265440972e-59, 1.0, 2.1001205005502713e-34, 3.5416491664089095e-20, 1.1844996129775203e-35, 1.0, 2.5102096652887992e-30, 6.988495065852537e-19, 1.0, 1.0809523392835454e-53, 6.6396079901227075e-19, 1.0, 1.0, 1.0, 1.0, 0.9999981280964962, 1.0, 0.999901576016942, 0.9999999709985182, 0.9999999999836848, 1.0, 1.0, 1.8150939514899295e-39, 3.740448288909142e-39, 1.0, 2.446939834844344e-49, 6.546141072756448e-30, 1.0, 1.0, 1.8314213562980505e-20, 5.972246200057755e-18, 9.782873786546929e-35, 3.9275024127660554e-07, 1.0, 1.0, 0.9999999999998661, 1.0, 0.022227909611508487, 6.393208810917041e-22, 1.0, 1.0, 2.8530501675789125e-84, 1.0, 2.132858969478339e-49, 6.688860422216762e-16, 0.9999969233954404, 1.0, 0.9999999999999806, 0.9417186782613887, 1.805740454290619e-38, 1.0, 8.067700487124701e-21, 1.0], "test_labels": [], "test_logprobs": [], "test_probs": []}}