{"0": {"0": {"chosen": -21.17194366455078, "rejected": -6.6813507080078125}, "1": {"chosen": -15.240798950195312, "rejected": -24.20523452758789}, "2": {"chosen": -37.45538330078125, "rejected": -256.386474609375}, "3": {"chosen": -20.151254653930664, "rejected": -25.64805793762207}, "4": {"chosen": -36.1334228515625, "rejected": -180.94476318359375}, "5": {"chosen": -121.55534362792969, "rejected": -182.58267211914062}, "6": {"chosen": -106.78951263427734, "rejected": -27.724048614501953}, "7": {"chosen": -11.744465827941895, "rejected": -24.944551467895508}, "8": {"chosen": -15.686971664428711, "rejected": -57.798866271972656}, "9": {"chosen": -8.865224838256836, "rejected": -337.31689453125}, "10": {"chosen": -22.119915008544922, "rejected": -24.425960540771484}, "11": {"chosen": -28.78377342224121, "rejected": -317.218994140625}, "12": {"chosen": -30.173442840576172, "rejected": -9.208276748657227}, "13": {"chosen": -105.15998077392578, "rejected": -46.311317443847656}, "14": {"chosen": -43.20990753173828, "rejected": -27.720544815063477}, "15": {"chosen": -20.405519485473633, "rejected": -31.153472900390625}, "16": {"chosen": -66.95179748535156, "rejected": -282.30914306640625}, "17": {"chosen": -56.68502426147461, "rejected": -35.53786849975586}, "18": {"chosen": -222.5035400390625, "rejected": -87.92167663574219}, "19": {"chosen": -81.52308654785156, "rejected": -42.07420349121094}, "20": {"chosen": -52.870697021484375, "rejected": -32.6043586730957}, "21": {"chosen": -26.21520233154297, "rejected": -14.443506240844727}, "22": {"chosen": -52.39138412475586, "rejected": -20.43170166015625}, "23": {"chosen": -13.931453704833984, "rejected": -61.070228576660156}, "24": {"chosen": -49.66511535644531, "rejected": -15.975388526916504}, "25": {"chosen": -114.50462341308594, "rejected": -15.994132995605469}, "26": {"chosen": -31.39263916015625, "rejected": -68.86019897460938}, "27": {"chosen": -199.50210571289062, "rejected": -147.48556518554688}, "28": {"chosen": -81.71337890625, "rejected": -32.45954513549805}, "29": {"chosen": -11.620473861694336, "rejected": -114.96221923828125}, "30": {"chosen": -44.70861053466797, "rejected": -17.86347198486328}, "31": {"chosen": -111.26274871826172, "rejected": -180.97592163085938}, "32": {"chosen": -48.80222702026367, "rejected": -43.590362548828125}, "33": {"chosen": -77.99612426757812, "rejected": -26.678375244140625}, "34": {"chosen": -203.78042602539062, "rejected": -48.4141731262207}, "35": {"chosen": -63.35594177246094, "rejected": -89.18075561523438}, "36": {"chosen": -26.28866958618164, "rejected": -166.22366333007812}, "37": {"chosen": -28.79338836669922, "rejected": -101.09341430664062}, "38": {"chosen": -20.901819229125977, "rejected": -387.429443359375}, "39": {"chosen": -15.990440368652344, "rejected": -133.7740020751953}, "40": {"chosen": -53.64995574951172, "rejected": -87.25765228271484}, "41": {"chosen": -133.0231170654297, "rejected": -64.88070678710938}, "42": {"chosen": -97.58077239990234, "rejected": -64.0772705078125}, "43": {"chosen": -108.19805908203125, "rejected": -48.017337799072266}, "44": {"chosen": -252.75660705566406, "rejected": -362.806396484375}, "45": {"chosen": -123.16670989990234, "rejected": -353.77032470703125}, "46": {"chosen": -158.8402099609375, "rejected": -113.98731994628906}, "47": {"chosen": -76.29866027832031, "rejected": -136.02938842773438}, "48": {"chosen": -36.31477355957031, "rejected": -25.142478942871094}, "49": {"chosen": -129.21408081054688, "rejected": -31.701539993286133}, "50": {"chosen": -97.48699951171875, "rejected": -45.49018096923828}, "51": {"chosen": -21.722862243652344, "rejected": -27.13510513305664}, "52": {"chosen": -15.654769897460938, "rejected": -31.89360237121582}, "53": {"chosen": -355.71282958984375, "rejected": -107.01023864746094}, "54": {"chosen": -24.433982849121094, "rejected": -257.3694763183594}, "55": {"chosen": -32.40461349487305, "rejected": -141.52316284179688}, "56": {"chosen": -41.220218658447266, "rejected": -263.0768127441406}, "57": {"chosen": -17.04617691040039, "rejected": -13.907148361206055}, "58": {"chosen": -99.41233825683594, "rejected": -163.4392547607422}, "59": {"chosen": -63.11279296875, "rejected": -28.007095336914062}, "60": {"chosen": -22.94108009338379, "rejected": -37.143470764160156}, "61": {"chosen": -89.5376968383789, "rejected": -53.3641242980957}, "62": {"chosen": -160.33851623535156, "rejected": -109.1312255859375}, "63": {"chosen": -66.39923858642578, "rejected": -26.80521011352539}, "64": {"chosen": -184.4580535888672, "rejected": -184.72486877441406}, "65": {"chosen": -54.046485900878906, "rejected": -138.63157653808594}, "66": {"chosen": -19.113500595092773, "rejected": -66.28857421875}, "67": {"chosen": -17.59725570678711, "rejected": -84.13912963867188}, "68": {"chosen": -147.3210906982422, "rejected": -205.47898864746094}, "69": {"chosen": -20.137882232666016, "rejected": -17.063386917114258}, "70": {"chosen": -23.702638626098633, "rejected": -27.57016944885254}, "71": {"chosen": -44.62208938598633, "rejected": -208.9333038330078}, "72": {"chosen": -21.86039924621582, "rejected": -192.27420043945312}, "73": {"chosen": -2.7563223838806152, "rejected": -7.382762908935547}, "74": {"chosen": -56.029396057128906, "rejected": -29.931537628173828}, "75": {"chosen": -36.22245788574219, "rejected": -469.6966552734375}, "76": {"chosen": -16.17268943786621, "rejected": -11.863327980041504}, "77": {"chosen": -105.89222717285156, "rejected": -104.54618072509766}, "78": {"chosen": -70.95307922363281, "rejected": -46.64385986328125}, "79": {"chosen": -129.80575561523438, "rejected": -20.151580810546875}, "80": {"chosen": -6.3324875831604, "rejected": -13.75943660736084}, "81": {"chosen": -40.405296325683594, "rejected": -25.181970596313477}, "82": {"chosen": -27.17804718017578, "rejected": -28.995405197143555}, "83": {"chosen": -92.11503601074219, "rejected": -175.77565002441406}, "84": {"chosen": -42.751251220703125, "rejected": -32.628440856933594}, "85": {"chosen": -45.089351654052734, "rejected": -270.57598876953125}, "86": {"chosen": -138.8315887451172, "rejected": -42.05082702636719}, "87": {"chosen": -3.771385431289673, "rejected": -72.07032775878906}, "88": {"chosen": -42.866981506347656, "rejected": -127.0736083984375}, "89": {"chosen": -54.15652084350586, "rejected": -74.19550323486328}, "90": {"chosen": -37.43905258178711, "rejected": -54.19317626953125}, "91": {"chosen": -62.655120849609375, "rejected": -45.04185485839844}, "92": {"chosen": -23.634723663330078, "rejected": -39.93714141845703}, "93": {"chosen": -103.69915771484375, "rejected": -106.44334411621094}, "94": {"chosen": -4.511631011962891, "rejected": -16.599077224731445}, "95": {"chosen": -10.513653755187988, "rejected": -93.68489074707031}, "96": {"chosen": -20.684185028076172, "rejected": -14.852362632751465}, "97": {"chosen": -99.25599670410156, "rejected": -84.13565063476562}, "98": {"chosen": -15.706470489501953, "rejected": -62.9120979309082}, "99": {"chosen": -76.12701416015625, "rejected": -43.84866714477539}}}