{"0": {"train_labels": [0, 0, 1, 1, 1, 1, 0, 1, 1, 0, 0, 0, 1, 0, 1, 0, 0, 1, 0, 1, 0, 0, 1, 1, 0, 0, 0, 0, 1, 0, 0, 0, 1, 0, 1, 0, 0, 0, 0, 1, 1, 1, 1, 0, 1, 0, 1, 1, 0, 1, 1, 1, 0, 1, 1, 0, 1, 1, 0, 0, 0, 0, 1, 0, 0, 1, 0, 0, 0, 1, 1, 0, 1, 1, 0, 0, 1, 1, 1, 1, 0, 0, 0, 0, 0, 1, 0, 0, 1, 0, 1, 1, 0, 0, 0, 1, 1, 0, 1, 0], "train_logprobs": [[-37.71179962158203, -98.8476333618164], [-103.95509338378906, -138.38238525390625], [-187.32371520996094, -68.10415649414062], [-159.89117431640625, -82.4415054321289], [-152.157470703125, -142.5762939453125], [-163.4545135498047, -132.078369140625], [-79.51249694824219, -135.90646362304688], [-192.98001098632812, -57.27797317504883], [-99.17355346679688, -89.48712158203125], [-151.13267517089844, -234.8830108642578], [-175.55068969726562, -179.2880096435547], [-47.91192626953125, -98.54585266113281], [-130.28494262695312, -15.288180351257324], [-42.529144287109375, -186.34896850585938], [-240.68637084960938, -136.15341186523438], [-46.88971710205078, -77.7055892944336], [-306.5281066894531, -314.9258728027344], [-146.6566925048828, -85.6388931274414], [-37.73877716064453, -124.07521057128906], [-197.85691833496094, -54.91664505004883], [-175.98207092285156, -226.3196563720703], [-31.183473587036133, -86.89971160888672], [-58.788238525390625, -43.17001724243164], [-212.59693908691406, -121.13529968261719], [-52.2403678894043, -100.6319808959961], [-74.33838653564453, -115.15924835205078], [-12.904629707336426, -42.76908493041992], [-82.06318664550781, -233.84274291992188], [-64.73260498046875, -60.803985595703125], [-118.18728637695312, -165.5701904296875], [-31.013843536376953, -256.11944580078125], [-73.08850860595703, -151.64190673828125], [-192.08584594726562, -85.11175537109375], [-148.35079956054688, -196.35235595703125], [-135.3299560546875, -105.74327087402344], [-16.440330505371094, -86.43968200683594], [-142.4906005859375, -225.7499237060547], [-51.77635192871094, -275.9577331542969], [-56.566619873046875, -102.21358489990234], [-101.38540649414062, -55.18964767456055], [-86.09774017333984, -70.05221557617188], [-224.1454620361328, -66.18772888183594], [-84.19451904296875, -61.75324249267578], [-98.25555419921875, -101.52935028076172], [-168.76541137695312, -102.5165023803711], [-136.78729248046875, -148.57846069335938], [-108.4461898803711, -72.06459045410156], [-152.1088409423828, -53.504756927490234], [-123.9854507446289, -323.9822692871094], [-119.06352233886719, -59.45268630981445], [-177.53765869140625, -121.74156188964844], [-142.69467163085938, -75.48247528076172], [-40.2147216796875, -196.57530212402344], [-84.66080474853516, -45.78204345703125], [-99.3888931274414, -53.60449981689453], [-90.40377044677734, -438.3325500488281], [-261.32464599609375, -150.20484924316406], [-113.20943450927734, -78.56133270263672], [-140.4980010986328, -205.3873748779297], [-81.9366683959961, -127.163330078125], [-63.056819915771484, -209.73683166503906], [-161.79620361328125, -254.84832763671875], [-118.36538696289062, -118.25724792480469], [-56.90054702758789, -82.1515884399414], [-66.35990142822266, -92.92420196533203], [-126.11023712158203, -123.69051361083984], [-23.69797134399414, -35.462249755859375], [-145.37100219726562, -379.88934326171875], [-71.83737182617188, -159.25527954101562], [-153.69578552246094, -89.17832946777344], [-233.71070861816406, -201.14332580566406], [-56.704341888427734, -142.5070037841797], [-150.65576171875, -55.96855163574219], [-146.34329223632812, -93.317138671875], [-209.20162963867188, -348.8894348144531], [-76.72704315185547, -108.70661163330078], [-76.6517333984375, -35.32167053222656], [-65.65573120117188, -26.71375274658203], [-168.42758178710938, -102.03218078613281], [-103.08635711669922, -97.72065734863281], [-65.84760284423828, -95.34930419921875], [-53.98096466064453, -283.87506103515625], [-154.28575134277344, -208.23536682128906], [-33.44327926635742, -115.72075653076172], [-81.06539916992188, -85.91690826416016], [-217.85653686523438, -178.03872680664062], [-50.02665710449219, -181.00669860839844], [-89.53811645507812, -130.96485900878906], [-361.42694091796875, -195.78762817382812], [-83.7921142578125, -157.3067169189453], [-229.69056701660156, -108.13130950927734], [-157.36563110351562, -115.6114273071289], [-56.89710998535156, -63.10947799682617], [-137.1298370361328, -217.4122314453125], [-32.31165313720703, -59.17667770385742], [-162.8406219482422, -154.22181701660156], [-86.74884033203125, -27.89336585998535], [-50.801902770996094, -373.48370361328125], [-103.0877914428711, -81.7286148071289], [-49.89915466308594, -105.00965881347656]], "train_probs": [1.0, 0.9999999999999989, 1.6734144498558276e-52, 2.312257401681277e-34, 6.901092233968945e-05, 2.3632715113767765e-14, 1.0, 1.1623951668618135e-59, 6.211680439237535e-05, 1.0, 0.9767362419295441, 1.0, 1.1416703096856074e-50, 1.0, 3.998643958832762e-46, 0.9999999999999586, 0.9997746805664909, 3.164509709221785e-27, 1.0, 8.352722834842943e-63, 1.0, 1.0, 1.6485138797991743e-07, 1.899829823277398e-40, 1.0, 1.0, 0.9999999999998929, 1.0, 0.01929133541155616, 1.0, 1.0, 1.0, 3.481310469332245e-47, 1.0, 1.4147049992412288e-13, 1.0, 1.0, 1.0, 1.0, 8.658384287581849e-21, 1.0752690897082074e-07, 2.510892486597123e-69, 1.7942271631825653e-10, 0.96351884010951, 1.6922494852831413e-29, 0.9999924289272056, 1.5836971178581222e-16, 1.5024167584332631e-43, 1.0, 1.2922390207009532e-26, 5.86223261349185e-25, 6.458237448154468e-30, 1.0, 1.3036725100913085e-17, 1.3064434864162747e-20, 1.0, 5.511698336865448e-49, 8.96438658375282e-16, 1.0, 1.0, 1.0, 1.0, 0.47299155519568686, 0.9999999999891953, 0.9999999999970941, 0.08168099230321829, 0.9999922225822944, 1.0, 1.0, 9.559272655801798e-29, 7.180676383193844e-15, 1.0, 7.548612886521233e-42, 9.354791457651382e-24, 1.0, 0.9999999999999871, 1.1235224646504996e-18, 1.2238090001797013e-17, 1.4616511127082145e-29, 0.004652441859138207, 0.9999999999998459, 1.0, 1.0, 1.0, 0.9922440522302673, 5.097354171952621e-18, 1.0, 1.0, 1.1581384729786787e-72, 1.0, 1.6124462267183936e-53, 7.351563197180955e-19, 0.9979995247274344, 1.0, 0.9999999999978489, 0.0001806434080218459, 2.750376869653637e-26, 1.0, 5.294530431711019e-10, 1.0], "test_labels": [], "test_logprobs": [], "test_probs": []}}