{"0": {"train_labels": [0, 0, 1, 1, 1, 1, 0, 1, 0, 0, 0, 0, 1, 0, 1, 0, 0, 1, 0, 1, 0, 0, 0, 1, 0, 1, 1, 0, 1, 0, 0, 0, 1, 0, 1, 0, 1, 0, 0, 0, 0, 1, 0, 1, 1, 0, 1, 1, 0, 1, 1, 1, 0, 1, 1, 0, 1, 1, 0, 0, 0, 0, 0, 1, 0, 0, 1, 0, 0, 1, 0, 0, 1, 1, 0, 0, 1, 1, 0, 0, 1, 0, 0, 0, 0, 1, 0, 0, 1, 0, 1, 1, 1, 0, 1, 0, 1, 0, 1, 0], "train_logprobs": [[-8.948690414428711, -62.60728454589844], [-52.51585006713867, -110.69352722167969], [-133.40647888183594, -1.3985697031021118], [-136.474365234375, -22.535072326660156], [-138.6057586669922, -43.90958786010742], [-108.71131896972656, -47.42550277709961], [-25.5101261138916, -58.60731506347656], [-130.14279174804688, -39.89674758911133], [-42.41927719116211, -58.56304168701172], [-138.6689453125, -185.33570861816406], [-86.66709899902344, -152.52117919921875], [-6.728408336639404, -76.71794128417969], [-88.64054870605469, -11.562752723693848], [-39.87604522705078, -146.74017333984375], [-210.5775909423828, -92.48512268066406], [-16.637928009033203, -54.02214431762695], [-147.96356201171875, -294.4130859375], [-100.13848876953125, -43.63523864746094], [-17.960237503051758, -113.31243896484375], [-132.5067138671875, -14.840594291687012], [-138.28358459472656, -154.81044006347656], [-5.005742073059082, -36.26933288574219], [-7.835718631744385, -40.51238250732422], [-155.6873779296875, -53.6104850769043], [-10.706562042236328, -35.57856750488281], [-27.10783576965332, -17.760601043701172], [-10.16175651550293, -2.423084259033203], [-1.345939040184021, -238.87237548828125], [-50.40185546875, -0.35808518528938293], [-104.8226318359375, -139.2053985595703], [-0.8688874244689941, -237.0943603515625], [-20.01937484741211, -123.11968994140625], [-105.01091003417969, -67.55403137207031], [-34.3669548034668, -138.61203002929688], [-75.11595916748047, -48.757301330566406], [-6.980837821960449, -71.50672149658203], [-100.75337219238281, -92.74848937988281], [-24.408872604370117, -272.2853698730469], [-3.2615482807159424, -44.24853515625], [-9.435433387756348, -32.87665939331055], [-13.226006507873535, -39.5723762512207], [-186.03060913085938, -7.353397369384766], [-4.311347961425781, -37.16313171386719], [-64.05960845947266, -28.664724349975586], [-39.822021484375, -16.53780746459961], [-110.77613830566406, -132.0361328125], [-60.78164291381836, -14.013951301574707], [-109.11163330078125, -21.229595184326172], [-113.51004028320312, -204.9971160888672], [-58.83821105957031, -34.939022064208984], [-123.1038818359375, -60.3862419128418], [-115.61099243164062, -33.838932037353516], [-19.80644989013672, -41.22039794921875], [-75.00843048095703, -9.986898422241211], [-83.79116821289062, -49.08269500732422], [-65.24736022949219, -372.9543762207031], [-237.25299072265625, -100.69275665283203], [-75.95106506347656, -4.425722122192383], [-78.03304290771484, -140.4839630126953], [-36.90113067626953, -60.34699249267578], [-37.167659759521484, -38.12029266357422], [-96.82022094726562, -277.00469970703125], [-45.26112365722656, -65.09519958496094], [-18.907115936279297, -12.684602737426758], [-6.14820671081543, -60.573150634765625], [-80.6830062866211, -102.02900695800781], [-14.048966407775879, -11.34859848022461], [-113.38654327392578, -315.50238037109375], [-15.805262565612793, -138.21214294433594], [-80.56974792480469, -14.949901580810547], [-132.87197875976562, -151.838134765625], [-39.864112854003906, -79.65780639648438], [-82.90664672851562, -33.47977066040039], [-85.59009552001953, -44.816368103027344], [-110.81393432617188, -337.0496520996094], [-42.52729034423828, -82.20584106445312], [-73.24266815185547, -6.951620101928711], [-61.929054260253906, -0.10868912190198898], [-72.56106567382812, -84.50633239746094], [-23.01898193359375, -55.91847610473633], [-68.75170135498047, -27.685590744018555], [-6.058010578155518, -267.5679931640625], [-110.5605697631836, -177.04116821289062], [-10.258313179016113, -33.83725357055664], [-20.300962448120117, -48.68296813964844], [-207.49972534179688, -63.641510009765625], [-7.396075248718262, -165.18565368652344], [-44.49985122680664, -44.90928268432617], [-342.9293212890625, -149.7638397216797], [-42.661399841308594, -105.4825668334961], [-188.3824920654297, -15.842472076416016], [-121.09536743164062, -40.60667419433594], [-12.957245826721191, -1.226793885231018], [-27.366518020629883, -144.4891357421875], [-10.510490417480469, -3.037283420562744], [-44.71332550048828, -148.88998413085938], [-29.942829132080078, -7.934454441070557], [-7.189168453216553, -340.2221374511719], [-49.0890007019043, -43.84462356567383], [-15.510299682617188, -34.106136322021484]], "train_probs": [1.0, 1.0, 4.6740513152123224e-58, 3.2869554525945814e-50, 7.481274003935916e-42, 2.420517398167932e-27, 0.9999999999999958, 6.406797658406495e-40, 0.9999999025342297, 1.0, 1.0, 1.0, 3.35381055813399e-34, 1.0, 5.1652658566230696e-52, 0.9999999999999999, 1.0, 2.890348845949796e-25, 1.0, 7.911403978809946e-52, 0.9999999335526236, 0.9999999999999736, 0.9999999999999936, 4.661961731362177e-45, 0.9999999999842157, 8.719863085427708e-05, 0.00043545991426486154, 1.0, 1.8461488422012048e-22, 0.9999999999999988, 1.0, 1.0, 5.4036136207420676e-17, 1.0, 3.569277802151982e-12, 1.0, 0.00033371721495785585, 1.0, 1.0, 0.9999999999339907, 0.9999999999963866, 2.5204198431247827e-78, 0.9999999999999946, 4.2481235950981176e-16, 7.723147614930697e-11, 0.9999999994153422, 4.88708172277495e-21, 6.812645450630464e-39, 1.0, 4.175553930773377e-11, 5.781959740903424e-28, 3.0679296515466845e-36, 0.9999999994987661, 5.774407409744385e-29, 8.439206455592662e-16, 1.0, 4.927695870903207e-60, 8.648449311492773e-32, 1.0, 0.999999999934296, 0.7216443679097416, 1.0, 0.9999999975668422, 0.0019803226659532523, 1.0, 0.9999999994635247, 0.06295164898445127, 1.0, 1.0, 3.1744086176339996e-29, 0.9999999942043374, 1.0, 3.4212157752897465e-22, 1.9597251952365992e-18, 1.0, 1.0, 1.622421273836503e-29, 1.4182622753795563e-27, 0.9999935101634567, 0.9999999999999949, 1.4629004329146056e-18, 1.0, 1.0, 0.999999999942483, 0.9999999999995282, 3.33557649532022e-63, 1.0, 0.6009515451951859, 1.2861666999393023e-84, 1.0, 1.1663299052774623e-75, 1.1071454292346322e-35, 8.04499831858773e-06, 1.0, 0.000567780907961442, 1.0, 2.766204706543499e-10, 1.0, 0.005249405910529328, 0.9999999916067384], "test_labels": [], "test_logprobs": [], "test_probs": []}}