{"0": {"train_labels": [0, 0, 1, 1, 0, 1, 0, 1, 1, 0, 0, 0, 1, 0, 1, 0, 0, 1, 0, 1, 0, 0, 1, 1, 0, 0, 0, 0, 1, 0, 0, 0, 1, 0, 1, 0, 0, 0, 0, 1, 1, 1, 1, 0, 1, 0, 1, 1, 0, 1, 1, 1, 0, 1, 1, 0, 1, 1, 0, 0, 0, 0, 0, 0, 0, 0, 1, 0, 0, 1, 1, 0, 1, 1, 0, 0, 1, 1, 1, 0, 1, 0, 0, 0, 0, 1, 0, 0, 1, 0, 1, 1, 0, 0, 0, 0, 1, 0, 1, 0], "train_logprobs": [[-8.465882301330566, -48.393707275390625], [-53.89556884765625, -95.69441986083984], [-112.99993133544922, -22.760210037231445], [-119.49656677246094, -22.818843841552734], [-97.1949234008789, -98.16999816894531], [-92.8585205078125, -90.05265808105469], [-26.59859848022461, -85.32783508300781], [-126.52043151855469, -37.32719802856445], [-66.31671142578125, -52.22525405883789], [-115.4941177368164, -152.1029815673828], [-137.89175415039062, -144.7793731689453], [-12.61772346496582, -60.877769470214844], [-73.75668334960938, -6.388885498046875], [-34.67695617675781, -118.7037353515625], [-178.9872283935547, -84.48601531982422], [-13.422895431518555, -45.26900863647461], [-215.90255737304688, -255.10755920410156], [-100.09527587890625, -42.31100082397461], [-15.788127899169922, -96.87013244628906], [-131.25445556640625, -17.75797462463379], [-140.90939331054688, -186.6313018798828], [-9.278307914733887, -39.030677795410156], [-34.04689407348633, -24.618295669555664], [-137.18687438964844, -89.19087982177734], [-22.432849884033203, -30.643396377563477], [-36.419708251953125, -79.77751159667969], [-11.134202003479004, -26.06993865966797], [-47.29886245727539, -181.7284698486328], [-43.1762580871582, -8.086865425109863], [-81.6202392578125, -123.9737319946289], [-7.724872589111328, -177.92919921875], [-32.232276916503906, -117.29647827148438], [-133.92063903808594, -51.876922607421875], [-82.19806671142578, -117.7069320678711], [-73.89102172851562, -48.57253646850586], [-7.8600664138793945, -50.81934356689453], [-90.85250091552734, -160.6363983154297], [-22.330270767211914, -238.5540313720703], [-12.461051940917969, -31.05724334716797], [-36.1218376159668, -30.23736000061035], [-50.787967681884766, -33.7906494140625], [-185.063720703125, -33.68133544921875], [-58.69627380371094, -35.150596618652344], [-57.27311706542969, -60.283843994140625], [-63.45868682861328, -19.811485290527344], [-92.75843048095703, -103.30653381347656], [-66.30181884765625, -14.186975479125977], [-102.779296875, -20.69225311279297], [-92.41423034667969, -274.5648498535156], [-79.05111694335938, -28.1914119720459], [-122.28055572509766, -61.08145523071289], [-103.20909118652344, -30.61953353881836], [-16.173114776611328, -126.53984832763672], [-69.79857635498047, -13.937568664550781], [-78.54174041748047, -40.31263732910156], [-54.02317428588867, -342.8763732910156], [-200.8149871826172, -91.30448913574219], [-69.0596923828125, -48.57012939453125], [-72.54137420654297, -133.12783813476562], [-32.75460433959961, -57.59278869628906], [-33.60615921020508, -141.67352294921875], [-86.90754699707031, -212.98483276367188], [-43.677978515625, -62.476524353027344], [-21.603078842163086, -36.34014129638672], [-26.37128448486328, -59.850257873535156], [-71.7818374633789, -88.23405456542969], [-14.090880393981934, -10.866247177124023], [-97.70982360839844, -321.8779296875], [-35.076026916503906, -128.19598388671875], [-85.66960906982422, -42.36809539794922], [-149.01075744628906, -143.12289428710938], [-33.540504455566406, -67.9682846069336], [-69.88895416259766, -25.548444747924805], [-94.73556518554688, -36.24416732788086], [-158.20419311523438, -292.1246643066406], [-37.4683952331543, -64.3631820678711], [-55.64204406738281, -26.060354232788086], [-49.74173355102539, -7.7660980224609375], [-127.83133697509766, -74.02851867675781], [-49.80173110961914, -59.04323959350586], [-66.04723358154297, -40.316951751708984], [-25.056066513061523, -232.4405059814453], [-121.12796783447266, -161.51272583007812], [-7.055142402648926, -79.13102722167969], [-34.00446701049805, -46.37608337402344], [-169.98208618164062, -119.59135437011719], [-18.777433395385742, -154.0331573486328], [-45.388885498046875, -71.26091766357422], [-297.04833984375, -128.12139892578125], [-32.4730224609375, -88.09862518310547], [-163.2911834716797, -53.46281433105469], [-121.25201416015625, -70.55081939697266], [-6.97977352142334, -10.81259536743164], [-75.3748550415039, -131.03390502929688], [-8.60922908782959, -31.870037078857422], [-109.78728485107422, -126.79462432861328], [-41.61640930175781, -12.195442199707031], [-9.8420991897583, -310.1288146972656], [-48.17481994628906, -35.613197326660156], [-12.19124698638916, -73.35527038574219]], "train_probs": [1.0, 1.0, 6.44743528528881e-40, 1.0313317980493407e-42, 0.7261298502854363, 0.05700820231422873, 1.0, 1.8359923706633522e-39, 7.588527180112954e-07, 0.9999999999999998, 0.9989806996706986, 1.0, 5.5276067067057e-30, 1.0, 9.091690204735068e-42, 0.9999999999999852, 1.0, 8.02801550994605e-26, 1.0, 5.118051027698191e-50, 1.0, 0.9999999999998802, 8.038533551580098e-05, 1.4308839283263621e-21, 0.9997283016810662, 1.0, 0.9999996737940747, 1.0, 5.765943647082658e-16, 1.0, 1.0, 1.0, 2.338119367466719e-36, 0.9999999999999997, 1.0100004363821778e-11, 1.0, 1.0, 1.0, 0.9999999916097155, 0.002774579565465787, 4.151054650552201e-08, 1.8007997714611705e-66, 5.94623851811209e-11, 0.9530563877595841, 1.1072896014820082e-19, 0.9999737574803534, 2.3270788540873904e-23, 2.2389781652933748e-36, 1.0, 8.164146321433758e-23, 2.639783790996037e-27, 2.983703541683841e-32, 1.0, 5.493796982586658e-25, 2.4963845184789124e-17, 1.0, 2.755465563348535e-48, 1.2632690527480016e-09, 1.0, 0.9999999999836727, 1.0, 1.0, 0.9999999931467706, 0.9999996020990978, 0.9999999999999971, 0.999999928403323, 0.038249182032521235, 1.0, 1.0, 1.5645575916896832e-19, 0.002765227918952493, 0.9999999999999989, 5.53555839369234e-20, 3.9582996833940645e-26, 1.0, 0.999999999997912, 1.4217896206341124e-13, 5.891326816901984e-19, 4.302619113838714e-24, 0.9999030781341203, 6.6908390585432365e-12, 1.0, 1.0, 1.0, 0.9999957628538818, 1.3049180401838673e-22, 1.0, 0.9999999999941935, 4.324757042193717e-74, 1.0, 2.0051428860641104e-48, 9.566451816880318e-23, 0.9788102835311364, 1.0, 0.9999999999209395, 0.999999958903362, 1.669691880767666e-13, 1.0, 3.503927332445959e-06, 1.0], "test_labels": [], "test_logprobs": [], "test_probs": []}}