{"0": {"train_labels": [0, 0, 1, 1, 0, 1, 0, 1, 1, 0, 1, 0, 1, 0, 1, 0, 0, 1, 0, 1, 0, 0, 1, 1, 1, 0, 0, 0, 1, 0, 0, 0, 1, 0, 1, 0, 0, 0, 0, 1, 1, 1, 1, 1, 1, 0, 1, 1, 0, 1, 1, 1, 0, 1, 1, 0, 1, 1, 0, 0, 0, 0, 0, 0, 0, 0, 1, 0, 0, 1, 1, 0, 1, 1, 0, 0, 1, 1, 1, 0, 1, 0, 0, 0, 0, 1, 0, 0, 1, 0, 1, 1, 0, 0, 0, 0, 1, 0, 1, 0], "train_logprobs": [[-9.008228302001953, -114.00214385986328], [-112.4372329711914, -171.705078125], [-200.60488891601562, -39.46160888671875], [-267.82781982421875, -42.93262481689453], [-206.99819946289062, -227.10787963867188], [-184.38059997558594, -178.33595275878906], [-43.08198547363281, -134.68377685546875], [-248.7108612060547, -59.579345703125], [-154.45628356933594, -119.44165802001953], [-301.1371154785156, -330.9285888671875], [-301.8617248535156, -291.2904052734375], [-32.39401626586914, -130.69236755371094], [-179.05831909179688, -3.1051056385040283], [-55.301918029785156, -208.3057098388672], [-368.1456604003906, -164.95849609375], [-31.604934692382812, -100.80303192138672], [-413.1707763671875, -527.2685546875], [-226.62942504882812, -101.35194396972656], [-21.41337776184082, -233.39093017578125], [-221.2806396484375, -31.563247680664062], [-221.9564208984375, -363.31866455078125], [-8.912216186523438, -67.74765014648438], [-96.01629638671875, -69.77687072753906], [-331.26751708984375, -197.28033447265625], [-52.24708557128906, -40.34268569946289], [-51.24966812133789, -174.0494842529297], [-20.141324996948242, -65.66986846923828], [-87.4061050415039, -333.6727294921875], [-126.59481048583984, -14.900550842285156], [-159.72061157226562, -244.59649658203125], [-21.64221954345703, -314.8160400390625], [-30.723955154418945, -192.58221435546875], [-279.027099609375, -145.991943359375], [-187.20816040039062, -317.5636901855469], [-140.68238830566406, -101.37397003173828], [-18.28209114074707, -92.95633697509766], [-167.6256866455078, -306.75030517578125], [-34.7231330871582, -477.9959411621094], [-31.072389602661133, -85.1617431640625], [-72.23065948486328, -61.454132080078125], [-153.68637084960938, -82.22502899169922], [-355.566162109375, -71.72116088867188], [-101.07711791992188, -60.347808837890625], [-104.0078125, -102.28472900390625], [-129.34255981445312, -59.80226516723633], [-154.56582641601562, -224.1480712890625], [-127.74007415771484, -41.020790100097656], [-196.77455139160156, -36.80066680908203], [-195.74465942382812, -501.5721130371094], [-213.79129028320312, -61.325313568115234], [-207.6411895751953, -138.9097137451172], [-224.56903076171875, -53.815345764160156], [-63.04261779785156, -255.6186065673828], [-130.9373016357422, -26.342592239379883], [-168.4717254638672, -110.19670104980469], [-120.0807876586914, -655.087890625], [-440.76861572265625, -207.7650146484375], [-124.81993103027344, -75.33177185058594], [-146.67202758789062, -297.0713806152344], [-53.092655181884766, -107.350341796875], [-51.076927185058594, -282.4256591796875], [-183.9232177734375, -400.7080078125], [-81.67273712158203, -131.15731811523438], [-36.690704345703125, -80.77143859863281], [-65.48297882080078, -131.18324279785156], [-180.26290893554688, -186.03744506835938], [-36.980133056640625, -19.2999324798584], [-202.6774444580078, -655.7923583984375], [-97.71185302734375, -236.74530029296875], [-189.31927490234375, -72.30169677734375], [-319.2969665527344, -304.85858154296875], [-110.33477783203125, -162.94610595703125], [-139.24664306640625, -38.518699645996094], [-199.34698486328125, -95.13008880615234], [-232.99620056152344, -631.1864624023438], [-66.31197357177734, -130.07550048828125], [-117.61164855957031, -59.70625686645508], [-116.64586639404297, -18.802875518798828], [-234.08657836914062, -165.3413543701172], [-107.56639099121094, -112.30431365966797], [-126.55963134765625, -78.45470428466797], [-58.79633712768555, -505.3185119628906], [-235.18841552734375, -290.6473083496094], [-18.681678771972656, -160.76438903808594], [-67.73394012451172, -105.30892944335938], [-323.7775573730469, -273.99884033203125], [-55.187904357910156, -304.18316650390625], [-114.5318603515625, -192.416015625], [-578.7202758789062, -266.9680480957031], [-78.26702880859375, -209.01553344726562], [-378.8447570800781, -99.06342315673828], [-228.48159790039062, -159.50128173828125], [-18.098731994628906, -42.45701217651367], [-137.7964630126953, -221.79412841796875], [-15.740667343139648, -39.2115592956543], [-226.89942932128906, -269.75421142578125], [-78.5770263671875, -41.12289810180664], [-19.789941787719727, -570.09814453125], [-126.02984619140625, -70.62979125976562], [-27.328895568847656, -138.08981323242188]], "train_probs": [1.0, 1.0, 1.0383952372009928e-70, 2.1343114868865976e-98, 0.9999999981529575, 0.0023649109086144003, 1.0, 7.26484684490815e-83, 6.213572041752371e-16, 0.9999999999998846, 2.564030012320856e-05, 1.0, 3.841407005798269e-77, 1.0, 5.713940951948292e-89, 1.0, 1.0, 3.914544735964561e-55, 1.0, 4.0437430102437695e-83, 1.0, 1.0, 4.0212606851740996e-12, 6.458117518103214e-59, 6.760547822261099e-06, 1.0, 1.0, 1.0, 3.103125759962079e-49, 1.0, 1.0, 1.0, 1.673268908929552e-58, 1.0, 8.48341770592052e-18, 1.0, 1.0, 1.0, 1.0, 2.0883560476875966e-05, 9.220056060820439e-32, 5.3417339529668315e-124, 2.048735127738622e-18, 0.15147441609730142, 6.295551265340311e-31, 1.0, 2.179181780184833e-38, 3.343679766611337e-70, 1.0, 6.09351149376401e-67, 1.4135113951058522e-30, 6.960121819499669e-75, 1.0, 3.759195160248622e-46, 4.9144900961038623e-26, 1.0, 6.424240483918355e-102, 3.217848170655071e-22, 1.0, 1.0, 1.0, 1.0, 1.0, 1.0, 1.0, 0.9969039771977333, 2.0969421116061493e-08, 1.0, 1.0, 1.5132529688581813e-51, 5.364000747597062e-07, 1.0, 1.7964287589709892e-44, 5.485006180885441e-46, 1.0, 1.0, 7.11226475992652e-26, 3.21609574876618e-43, 1.3942111769666606e-30, 0.9913191980846312, 1.2832037620355391e-21, 1.0, 1.0, 1.0, 1.0, 2.4064557089973345e-22, 1.0, 1.0, 4.052544129369214e-136, 1.0, 3.1082113183268706e-122, 1.1021211351706466e-30, 0.9999999999736164, 1.0, 0.9999999999359203, 1.0, 5.4184961590272193e-17, 1.0, 8.710876290512284e-25, 1.0], "test_labels": [], "test_logprobs": [], "test_probs": []}}