{"0": {"train_labels": [0, 0, 1, 1, 0, 1, 0, 1, 1, 0, 0, 0, 1, 0, 1, 0, 0, 1, 0, 1, 0, 0, 1, 1, 0, 0, 0, 0, 1, 0, 0, 0, 1, 0, 1, 0, 0, 0, 0, 1, 1, 1, 1, 0, 1, 0, 1, 1, 0, 1, 1, 1, 0, 1, 1, 0, 1, 1, 0, 0, 0, 0, 0, 0, 0, 0, 1, 0, 0, 1, 1, 0, 1, 1, 0, 0, 1, 1, 1, 0, 1, 0, 0, 0, 0, 1, 0, 0, 1, 0, 1, 1, 0, 0, 0, 0, 1, 0, 1, 0], "train_logprobs": [[-9.637567520141602, -50.31010818481445], [-53.69977569580078, -93.77273559570312], [-118.91165161132812, -23.352624893188477], [-116.43463134765625, -22.675392150878906], [-96.17475891113281, -101.68608856201172], [-91.35803985595703, -91.21590423583984], [-30.69278335571289, -81.42268371582031], [-125.80006408691406, -37.83692932128906], [-65.47474670410156, -52.24005126953125], [-109.55227661132812, -147.7695770263672], [-133.4641571044922, -145.75244140625], [-12.582830429077148, -65.13285064697266], [-74.52458190917969, -6.001872539520264], [-35.116329193115234, -124.49395751953125], [-177.47164916992188, -84.15281677246094], [-13.052026748657227, -44.06089782714844], [-220.40252685546875, -254.07894897460938], [-107.49716186523438, -48.208160400390625], [-14.280197143554688, -94.14620971679688], [-129.9271697998047, -20.032793045043945], [-131.51943969726562, -189.2310791015625], [-12.38802719116211, -38.463626861572266], [-35.042423248291016, -25.156707763671875], [-139.63973999023438, -85.93533325195312], [-20.537803649902344, -31.501953125], [-32.52104949951172, -77.97232818603516], [-9.387184143066406, -21.461105346679688], [-44.10597229003906, -193.11282348632812], [-45.43149185180664, -7.758709907531738], [-82.05488586425781, -126.08428955078125], [-10.562335014343262, -190.21328735351562], [-28.087617874145508, -115.78694152832031], [-135.69325256347656, -51.93246078491211], [-85.46565246582031, -120.44808959960938], [-72.59095001220703, -46.81574249267578], [-7.575424671173096, -52.50578308105469], [-88.67937469482422, -158.74029541015625], [-22.590085983276367, -233.27096557617188], [-14.434934616088867, -30.75263214111328], [-39.661128997802734, -28.325225830078125], [-48.719879150390625, -33.66734313964844], [-175.4697265625, -34.17951202392578], [-54.78301239013672, -34.907249450683594], [-60.768550872802734, -62.03639221191406], [-65.80768585205078, -20.087350845336914], [-95.71097564697266, -101.20318603515625], [-62.02882385253906, -11.074183464050293], [-103.2518081665039, -20.81909942626953], [-97.1259994506836, -274.3653869628906], [-80.52591705322266, -28.22869110107422], [-126.38907623291016, -61.396949768066406], [-106.18793487548828, -30.985681533813477], [-16.441326141357422, -124.39534759521484], [-70.38973999023438, -14.926966667175293], [-78.19265747070312, -38.65156173706055], [-48.90359115600586, -331.1181945800781], [-203.10165405273438, -92.08464050292969], [-68.83470916748047, -46.39024353027344], [-72.796630859375, -130.83013916015625], [-35.13007736206055, -63.71732711791992], [-33.46428680419922, -132.39639282226562], [-86.60021209716797, -205.89195251464844], [-42.01548767089844, -59.02680206298828], [-21.33709716796875, -38.0998649597168], [-25.079805374145508, -60.52177429199219], [-74.75667572021484, -90.49221801757812], [-14.569934844970703, -11.753705978393555], [-101.28793334960938, -319.65283203125], [-37.028831481933594, -122.44187927246094], [-84.51692962646484, -44.03843307495117], [-159.1636505126953, -149.44134521484375], [-35.937801361083984, -68.56605529785156], [-78.73208618164062, -23.32582664489746], [-94.71333312988281, -36.271575927734375], [-160.08297729492188, -286.2331848144531], [-36.2596321105957, -63.61066436767578], [-56.34390640258789, -26.381820678710938], [-51.13379669189453, -7.655874729156494], [-127.3919677734375, -78.66957092285156], [-53.68923568725586, -57.502113342285156], [-67.37377166748047, -40.72210693359375], [-25.23040008544922, -228.44805908203125], [-126.6162109375, -163.22654724121094], [-9.889189720153809, -83.88330078125], [-34.39472198486328, -47.37247085571289], [-172.84022521972656, -118.38031768798828], [-19.725868225097656, -153.65086364746094], [-43.378780364990234, -77.31848907470703], [-288.38330078125, -130.00621032714844], [-31.39754867553711, -87.83006286621094], [-174.47496032714844, -55.108726501464844], [-125.26638793945312, -68.9041748046875], [-6.9009270668029785, -10.435857772827148], [-76.37837982177734, -125.00016784667969], [-8.475118637084961, -29.896215438842773], [-112.67215728759766, -124.55266571044922], [-42.09660339355469, -12.639320373535156], [-11.554630279541016, -305.2879638671875], [-51.85934066772461, -36.969871520996094], [-14.596200942993164, -72.0810546875]], "train_probs": [1.0, 1.0, 3.1567631645386924e-42, 1.9093246935971975e-41, 0.9959755307497511, 0.464525797271698, 1.0, 6.281971479950126e-39, 1.787491670831874e-06, 1.0, 0.9999953946362775, 1.0, 1.741668253289464e-30, 1.0, 2.9658284858631364e-41, 0.9999999999999658, 0.9999999999999976, 1.7828459806293798e-26, 1.0, 1.8770618507012475e-48, 1.0, 0.9999999999952629, 5.089395621479172e-05, 4.747582274278048e-24, 0.9999826889717122, 1.0, 0.9999942936268429, 1.0, 4.354303370343713e-17, 1.0, 1.0, 1.0, 4.199043084115878e-37, 0.9999999999999993, 6.396900629280614e-12, 1.0, 1.0, 1.0, 0.9999999180943291, 1.1936434600923514e-05, 2.9024620221388507e-07, 4.349501440081219e-62, 2.3338117968511178e-09, 0.7803729968293242, 1.3928706776118868e-20, 0.9958981642416689, 7.424733192508771e-23, 1.584635809198996e-36, 1.0, 1.9391140368237427e-23, 5.946728473666799e-29, 2.1881462564289252e-33, 1.0, 8.181324049777785e-25, 6.722337526461645e-18, 1.0, 6.1083458419846995e-49, 1.788514331017533e-10, 1.0, 0.9999999999996156, 1.0, 1.0, 0.9999999590663933, 0.9999999475165442, 0.9999999999999997, 0.9999998533977126, 0.05645347289537772, 1.0, 1.0, 2.6327663102015755e-18, 5.992808920781823e-05, 0.9999999999999932, 8.656996068635064e-25, 4.1597509957746796e-26, 1.0, 0.9999999999986768, 9.719222038128206e-14, 1.3115305370907367e-19, 6.92041123774106e-22, 0.9783926524847668, 2.6627419017854903e-12, 1.0, 0.9999999999999998, 1.0, 0.9999976888173207, 2.230296865420466e-24, 1.0, 0.9999999999999982, 1.650834574042569e-69, 1.0, 1.4451180446206232e-52, 3.328141999226503e-25, 0.9716654790770236, 1.0, 0.9999999995023364, 0.9999930759891033, 1.6101433123275269e-13, 1.0, 3.4165325503046343e-07, 1.0], "test_labels": [], "test_logprobs": [], "test_probs": []}}