{"0": {"0": {"chosen": -21.920591354370117, "rejected": -7.410219669342041}, "1": {"chosen": -15.880897521972656, "rejected": -22.77292251586914}, "2": {"chosen": -37.64744567871094, "rejected": -256.7795104980469}, "3": {"chosen": -19.127511978149414, "rejected": -25.5583553314209}, "4": {"chosen": -38.05588150024414, "rejected": -181.8480987548828}, "5": {"chosen": -122.62715911865234, "rejected": -182.3324737548828}, "6": {"chosen": -107.38340759277344, "rejected": -29.674240112304688}, "7": {"chosen": -11.60353946685791, "rejected": -25.949172973632812}, "8": {"chosen": -16.018373489379883, "rejected": -58.386619567871094}, "9": {"chosen": -9.593896865844727, "rejected": -338.6165771484375}, "10": {"chosen": -22.029218673706055, "rejected": -21.979019165039062}, "11": {"chosen": -29.015182495117188, "rejected": -313.3411865234375}, "12": {"chosen": -31.266538619995117, "rejected": -11.242878913879395}, "13": {"chosen": -104.0773696899414, "rejected": -47.70542907714844}, "14": {"chosen": -43.621826171875, "rejected": -27.84227752685547}, "15": {"chosen": -21.174942016601562, "rejected": -34.800331115722656}, "16": {"chosen": -69.64346313476562, "rejected": -281.4839782714844}, "17": {"chosen": -59.58029556274414, "rejected": -37.093414306640625}, "18": {"chosen": -221.4481201171875, "rejected": -88.21431732177734}, "19": {"chosen": -82.44081115722656, "rejected": -42.83138656616211}, "20": {"chosen": -56.95503616333008, "rejected": -34.135902404785156}, "21": {"chosen": -26.897411346435547, "rejected": -14.925751686096191}, "22": {"chosen": -52.03059768676758, "rejected": -19.783681869506836}, "23": {"chosen": -15.13424301147461, "rejected": -62.13134002685547}, "24": {"chosen": -50.05323028564453, "rejected": -17.523584365844727}, "25": {"chosen": -117.06735229492188, "rejected": -16.01774787902832}, "26": {"chosen": -30.637611389160156, "rejected": -68.41532897949219}, "27": {"chosen": -197.33294677734375, "rejected": -149.69984436035156}, "28": {"chosen": -83.215576171875, "rejected": -32.05353546142578}, "29": {"chosen": -13.538850784301758, "rejected": -120.0557861328125}, "30": {"chosen": -45.129493713378906, "rejected": -17.91549301147461}, "31": {"chosen": -112.57181549072266, "rejected": -181.90213012695312}, "32": {"chosen": -49.44416809082031, "rejected": -45.46395492553711}, "33": {"chosen": -80.220458984375, "rejected": -26.406972885131836}, "34": {"chosen": -204.141845703125, "rejected": -48.212135314941406}, "35": {"chosen": -63.54965591430664, "rejected": -89.43075561523438}, "36": {"chosen": -25.30133819580078, "rejected": -166.78346252441406}, "37": {"chosen": -28.906757354736328, "rejected": -100.07577514648438}, "38": {"chosen": -20.916013717651367, "rejected": -385.6904296875}, "39": {"chosen": -16.461669921875, "rejected": -136.02288818359375}, "40": {"chosen": -55.659278869628906, "rejected": -86.2311019897461}, "41": {"chosen": -132.15675354003906, "rejected": -64.82804870605469}, "42": {"chosen": -100.56983947753906, "rejected": -62.2181396484375}, "43": {"chosen": -108.19197845458984, "rejected": -48.493045806884766}, "44": {"chosen": -250.79319763183594, "rejected": -362.44171142578125}, "45": {"chosen": -125.45569610595703, "rejected": -354.3265380859375}, "46": {"chosen": -160.8419189453125, "rejected": -114.38960266113281}, "47": {"chosen": -76.9220199584961, "rejected": -134.53744506835938}, "48": {"chosen": -34.0307731628418, "rejected": -25.209993362426758}, "49": {"chosen": -127.90473937988281, "rejected": -30.84569549560547}, "50": {"chosen": -96.52484130859375, "rejected": -45.776554107666016}, "51": {"chosen": -23.093172073364258, "rejected": -28.537111282348633}, "52": {"chosen": -16.724977493286133, "rejected": -34.391109466552734}, "53": {"chosen": -359.0815734863281, "rejected": -108.83668518066406}, "54": {"chosen": -23.303102493286133, "rejected": -253.82705688476562}, "55": {"chosen": -30.74864387512207, "rejected": -141.60345458984375}, "56": {"chosen": -42.74888229370117, "rejected": -262.60113525390625}, "57": {"chosen": -18.983375549316406, "rejected": -17.094335556030273}, "58": {"chosen": -99.2898941040039, "rejected": -161.64231872558594}, "59": {"chosen": -64.66989135742188, "rejected": -26.354206085205078}, "60": {"chosen": -21.10713005065918, "rejected": -36.767738342285156}, "61": {"chosen": -88.48643493652344, "rejected": -52.48725128173828}, "62": {"chosen": -161.86875915527344, "rejected": -109.097412109375}, "63": {"chosen": -69.36570739746094, "rejected": -29.4331111907959}, "64": {"chosen": -184.7674560546875, "rejected": -184.88922119140625}, "65": {"chosen": -52.70014953613281, "rejected": -139.44485473632812}, "66": {"chosen": -20.874217987060547, "rejected": -68.0474853515625}, "67": {"chosen": -18.69913673400879, "rejected": -81.60958099365234}, "68": {"chosen": -146.81651306152344, "rejected": -207.54266357421875}, "69": {"chosen": -20.682348251342773, "rejected": -17.97821807861328}, "70": {"chosen": -24.363292694091797, "rejected": -28.579471588134766}, "71": {"chosen": -42.5355339050293, "rejected": -208.45729064941406}, "72": {"chosen": -23.431703567504883, "rejected": -193.5577392578125}, "73": {"chosen": -2.7210798263549805, "rejected": -7.450957775115967}, "74": {"chosen": -54.04246520996094, "rejected": -29.637117385864258}, "75": {"chosen": -37.83778381347656, "rejected": -469.0099792480469}, "76": {"chosen": -16.744136810302734, "rejected": -13.618363380432129}, "77": {"chosen": -107.03569793701172, "rejected": -104.29273986816406}, "78": {"chosen": -69.81866455078125, "rejected": -44.69248962402344}, "79": {"chosen": -131.12173461914062, "rejected": -20.046077728271484}, "80": {"chosen": -6.875483512878418, "rejected": -13.594080924987793}, "81": {"chosen": -43.33152770996094, "rejected": -27.533884048461914}, "82": {"chosen": -27.271203994750977, "rejected": -32.02681350708008}, "83": {"chosen": -93.07807159423828, "rejected": -175.46376037597656}, "84": {"chosen": -45.08796691894531, "rejected": -34.06018829345703}, "85": {"chosen": -46.327110290527344, "rejected": -271.21148681640625}, "86": {"chosen": -137.0804443359375, "rejected": -43.36724090576172}, "87": {"chosen": -3.673313617706299, "rejected": -73.44241333007812}, "88": {"chosen": -44.44416427612305, "rejected": -128.0292205810547}, "89": {"chosen": -53.361568450927734, "rejected": -72.59515380859375}, "90": {"chosen": -38.39012908935547, "rejected": -56.625186920166016}, "91": {"chosen": -60.73023223876953, "rejected": -47.053775787353516}, "92": {"chosen": -23.645336151123047, "rejected": -39.90224075317383}, "93": {"chosen": -102.64366149902344, "rejected": -106.17479705810547}, "94": {"chosen": -3.915342330932617, "rejected": -15.161941528320312}, "95": {"chosen": -11.343253135681152, "rejected": -95.3101577758789}, "96": {"chosen": -19.718311309814453, "rejected": -14.140633583068848}, "97": {"chosen": -101.21600341796875, "rejected": -83.6091079711914}, "98": {"chosen": -16.18695831298828, "rejected": -64.2156982421875}, "99": {"chosen": -78.23089599609375, "rejected": -44.38273239135742}}}