{"0": {"train_labels": [0, 0, 1, 1, 0, 1, 0, 1, 1, 0, 0, 0, 1, 0, 1, 0, 0, 1, 0, 1, 0, 0, 1, 1, 0, 0, 0, 0, 1, 0, 0, 0, 1, 0, 1, 0, 0, 0, 0, 1, 0, 1, 1, 0, 1, 0, 1, 1, 0, 1, 1, 1, 0, 1, 1, 0, 1, 1, 0, 0, 0, 0, 0, 0, 0, 0, 0, 0, 0, 1, 1, 0, 1, 1, 0, 0, 1, 1, 1, 0, 1, 0, 0, 0, 0, 1, 0, 0, 1, 0, 1, 1, 0, 0, 0, 1, 1, 0, 1, 0], "train_logprobs": [[-16.34150505065918, -66.28156280517578], [-66.85296630859375, -99.19918823242188], [-137.01834106445312, -30.841516494750977], [-134.96925354003906, -32.938899993896484], [-108.20428466796875, -116.91331481933594], [-122.4239273071289, -98.80450439453125], [-46.18075180053711, -101.5758056640625], [-145.89772033691406, -42.622108459472656], [-71.98481750488281, -66.34480285644531], [-121.83805084228516, -162.07907104492188], [-142.51409912109375, -157.80653381347656], [-17.412559509277344, -66.68196868896484], [-84.59907531738281, -9.47571086883545], [-33.03111267089844, -140.34762573242188], [-190.96937561035156, -103.05000305175781], [-22.464683532714844, -53.47567367553711], [-251.70782470703125, -279.5899658203125], [-120.54830932617188, -62.18498229980469], [-36.81792068481445, -97.29486846923828], [-142.762939453125, -29.115093231201172], [-139.64195251464844, -203.160888671875], [-17.213748931884766, -52.44338607788086], [-43.64973449707031, -37.35472106933594], [-169.51698303222656, -103.48401641845703], [-25.66073989868164, -53.374977111816406], [-44.3100700378418, -87.22142791748047], [-9.189210891723633, -22.134172439575195], [-48.32185363769531, -205.69606018066406], [-50.40363693237305, -32.25716018676758], [-95.40605926513672, -143.7692108154297], [-18.400197982788086, -211.52490234375], [-57.264278411865234, -131.66685485839844], [-141.2191162109375, -71.22110748291016], [-106.79817962646484, -141.984130859375], [-85.36241912841797, -60.89491653442383], [-8.182004928588867, -65.85353088378906], [-115.31547546386719, -190.9194793701172], [-40.44585418701172, -257.9576110839844], [-21.19183921813965, -46.73199462890625], [-60.379364013671875, -33.00741958618164], [-46.31515884399414, -47.22406005859375], [-191.1959686279297, -41.22065353393555], [-65.69213104248047, -38.11563491821289], [-67.67589569091797, -78.86550903320312], [-77.75189208984375, -37.47529602050781], [-107.4803237915039, -115.5289077758789], [-70.62190246582031, -25.751209259033203], [-126.5794906616211, -35.285709381103516], [-97.33692932128906, -280.812255859375], [-91.9481201171875, -35.0111083984375], [-140.64553833007812, -76.18099975585938], [-122.95931243896484, -45.353553771972656], [-27.697433471679688, -152.7686004638672], [-73.5821762084961, -12.862591743469238], [-77.89842987060547, -47.198299407958984], [-66.3257827758789, -374.32958984375], [-223.00970458984375, -110.98324584960938], [-84.90360260009766, -56.26814651489258], [-88.98286437988281, -161.17739868164062], [-38.35404586791992, -81.49574279785156], [-51.05720520019531, -155.80592346191406], [-106.0879898071289, -218.13079833984375], [-59.28430938720703, -77.56939697265625], [-30.988922119140625, -63.86626434326172], [-39.51608657836914, -67.48854064941406], [-85.37859344482422, -105.60783386230469], [-21.965848922729492, -22.857542037963867], [-108.77345275878906, -334.08050537109375], [-41.98888397216797, -129.48182678222656], [-101.11634063720703, -57.31939697265625], [-195.24343872070312, -168.7655029296875], [-50.34565734863281, -85.7455062866211], [-93.58656311035156, -32.136775970458984], [-98.58284759521484, -51.63187026977539], [-183.83877563476562, -296.4563293457031], [-53.145843505859375, -85.04281616210938], [-69.83119201660156, -26.663589477539062], [-58.019264221191406, -27.84900665283203], [-140.57533264160156, -80.91224670410156], [-64.67703247070312, -77.6724624633789], [-64.43872833251953, -62.485321044921875], [-30.60141372680664, -239.7017822265625], [-135.84512329101562, -168.58131408691406], [-22.008533477783203, -102.07760620117188], [-58.398109436035156, -60.77202606201172], [-181.9620361328125, -129.8518524169922], [-43.97059631347656, -166.2456817626953], [-61.424835205078125, -102.64250183105469], [-307.7589416503906, -158.2287139892578], [-50.507957458496094, -107.861328125], [-189.32220458984375, -61.034210205078125], [-136.5434112548828, -81.42839813232422], [-25.84507942199707, -31.723108291625977], [-80.98457336425781, -155.83596801757812], [-19.294103622436523, -33.78276824951172], [-128.2873077392578, -128.19839477539062], [-49.560447692871094, -15.333454132080078], [-26.35089683532715, -329.6993713378906], [-63.79571533203125, -52.28895568847656], [-22.351253509521484, -76.22528076171875]], "train_probs": [1.0, 0.999999999999991, 7.726645432073503e-47, 4.8840541264534624e-45, 0.9998349389621374, 5.523507693972518e-11, 1.0, 1.405955731243389e-45, 0.003540238545200737, 1.0, 0.9999997716611029, 1.0, 2.367758247200323e-33, 1.0, 6.562988532364912e-39, 0.9999999999999659, 0.9999999999992221, 4.4991360591010375e-26, 1.0, 4.399137186765933e-50, 1.0, 0.9999999999999994, 0.0018420849728981708, 2.1001338547554683e-29, 0.9999999999990798, 1.0, 0.9999976117840521, 1.0, 1.3154831139476439e-08, 1.0, 1.0, 1.0, 3.983373824435803e-31, 0.9999999999999996, 2.3653675660511243e-11, 1.0, 1.0, 1.0, 0.999999999991908, 1.2957331687694725e-12, 0.7127752646603431, 7.354416694841329e-66, 1.0560388682481869e-12, 0.9999861832254815, 3.2217851635651207e-18, 0.9996805479863432, 3.2576583935238946e-20, 2.2470594250400302e-40, 1.0, 1.8731389492369508e-25, 1.0078748746117706e-28, 1.978095463757983e-34, 1.0, 4.264022850619058e-27, 4.646251842892608e-14, 1.0, 2.2260101586424364e-49, 3.662515197113672e-13, 1.0, 1.0, 1.0, 1.0, 0.9999999885478413, 0.9999999999999948, 0.9999999999992892, 0.9999999983610998, 0.7092394485013976, 1.0, 1.0, 9.53298791043525e-20, 3.167952008197116e-12, 0.9999999999999997, 2.0544545171716066e-27, 4.068643402021148e-21, 1.0, 0.999999999999986, 1.7887449484623744e-19, 7.892664103411907e-14, 1.2264532658790925e-26, 0.9999977293223876, 0.12418230319678947, 1.0, 0.9999999999999939, 1.0, 0.9148165686047908, 2.3379475358519606e-23, 1.0, 1.0, 1.147749861504416e-65, 1.0, 1.928554624060377e-56, 1.158387682391908e-24, 0.997207520185981, 1.0, 0.9999994899031039, 0.477786391273737, 1.365858043055191e-15, 1.0, 1.0061747452426922e-05, 1.0], "test_labels": [], "test_logprobs": [], "test_probs": []}}