{"0": {"0": {"chosen": -20.78414535522461, "rejected": -5.987631320953369}, "1": {"chosen": -15.505617141723633, "rejected": -23.255599975585938}, "2": {"chosen": -39.439292907714844, "rejected": -254.19544982910156}, "3": {"chosen": -17.95341682434082, "rejected": -23.17351531982422}, "4": {"chosen": -37.414512634277344, "rejected": -176.759521484375}, "5": {"chosen": -121.45132446289062, "rejected": -181.00003051757812}, "6": {"chosen": -104.17816162109375, "rejected": -29.19599151611328}, "7": {"chosen": -11.85271167755127, "rejected": -26.568470001220703}, "8": {"chosen": -15.183818817138672, "rejected": -58.822914123535156}, "9": {"chosen": -9.91650104522705, "rejected": -338.13922119140625}, "10": {"chosen": -18.983577728271484, "rejected": -24.646392822265625}, "11": {"chosen": -28.421091079711914, "rejected": -311.3468933105469}, "12": {"chosen": -30.710033416748047, "rejected": -10.820204734802246}, "13": {"chosen": -103.31085205078125, "rejected": -45.93769836425781}, "14": {"chosen": -42.984771728515625, "rejected": -27.458959579467773}, "15": {"chosen": -19.683738708496094, "rejected": -32.01741027832031}, "16": {"chosen": -69.19432067871094, "rejected": -284.5501708984375}, "17": {"chosen": -57.157989501953125, "rejected": -36.27622604370117}, "18": {"chosen": -217.69277954101562, "rejected": -85.05262756347656}, "19": {"chosen": -81.60401153564453, "rejected": -42.01565933227539}, "20": {"chosen": -55.8538818359375, "rejected": -31.967247009277344}, "21": {"chosen": -26.796510696411133, "rejected": -14.332459449768066}, "22": {"chosen": -53.23479080200195, "rejected": -20.172178268432617}, "23": {"chosen": -14.725726127624512, "rejected": -60.0523567199707}, "24": {"chosen": -50.70357131958008, "rejected": -15.67255973815918}, "25": {"chosen": -115.39125061035156, "rejected": -14.750842094421387}, "26": {"chosen": -30.9107608795166, "rejected": -68.55098724365234}, "27": {"chosen": -197.1934814453125, "rejected": -146.9955291748047}, "28": {"chosen": -80.71240997314453, "rejected": -31.880163192749023}, "29": {"chosen": -11.215738296508789, "rejected": -115.41921997070312}, "30": {"chosen": -45.2374382019043, "rejected": -17.684059143066406}, "31": {"chosen": -111.73448181152344, "rejected": -180.4739990234375}, "32": {"chosen": -49.853126525878906, "rejected": -46.44253158569336}, "33": {"chosen": -81.22697448730469, "rejected": -26.543277740478516}, "34": {"chosen": -200.91476440429688, "rejected": -45.8661003112793}, "35": {"chosen": -63.675758361816406, "rejected": -89.24871826171875}, "36": {"chosen": -25.512922286987305, "rejected": -165.7068328857422}, "37": {"chosen": -28.486963272094727, "rejected": -100.34382629394531}, "38": {"chosen": -20.832958221435547, "rejected": -387.0779724121094}, "39": {"chosen": -17.74529457092285, "rejected": -131.33013916015625}, "40": {"chosen": -56.56327819824219, "rejected": -86.55105590820312}, "41": {"chosen": -134.19708251953125, "rejected": -64.36375427246094}, "42": {"chosen": -96.13328552246094, "rejected": -60.43238067626953}, "43": {"chosen": -107.01349639892578, "rejected": -47.56583023071289}, "44": {"chosen": -250.4147491455078, "rejected": -365.426025390625}, "45": {"chosen": -123.18720245361328, "rejected": -348.96197509765625}, "46": {"chosen": -158.9630126953125, "rejected": -113.38490295410156}, "47": {"chosen": -78.947998046875, "rejected": -134.50633239746094}, "48": {"chosen": -36.39958572387695, "rejected": -25.491016387939453}, "49": {"chosen": -127.54745483398438, "rejected": -31.270252227783203}, "50": {"chosen": -98.14144897460938, "rejected": -44.228546142578125}, "51": {"chosen": -22.28215789794922, "rejected": -28.04311752319336}, "52": {"chosen": -17.01477813720703, "rejected": -33.96324920654297}, "53": {"chosen": -355.4636535644531, "rejected": -107.69894409179688}, "54": {"chosen": -24.619997024536133, "rejected": -254.58364868164062}, "55": {"chosen": -30.004154205322266, "rejected": -139.68788146972656}, "56": {"chosen": -42.239498138427734, "rejected": -263.783447265625}, "57": {"chosen": -17.51701545715332, "rejected": -15.02143383026123}, "58": {"chosen": -98.83088684082031, "rejected": -161.16900634765625}, "59": {"chosen": -65.65294647216797, "rejected": -27.027793884277344}, "60": {"chosen": -22.694580078125, "rejected": -34.27000427246094}, "61": {"chosen": -88.76703643798828, "rejected": -53.678863525390625}, "62": {"chosen": -159.58168029785156, "rejected": -108.42721557617188}, "63": {"chosen": -69.84965515136719, "rejected": -30.720096588134766}, "64": {"chosen": -184.29486083984375, "rejected": -181.84445190429688}, "65": {"chosen": -52.632362365722656, "rejected": -138.2127227783203}, "66": {"chosen": -19.72284507751465, "rejected": -68.16920471191406}, "67": {"chosen": -18.22557830810547, "rejected": -80.56678771972656}, "68": {"chosen": -145.53619384765625, "rejected": -205.9078826904297}, "69": {"chosen": -19.633190155029297, "rejected": -17.275346755981445}, "70": {"chosen": -24.0858154296875, "rejected": -27.439428329467773}, "71": {"chosen": -46.207000732421875, "rejected": -210.53184509277344}, "72": {"chosen": -23.195701599121094, "rejected": -190.02230834960938}, "73": {"chosen": -2.636420965194702, "rejected": -7.544238090515137}, "74": {"chosen": -54.23588562011719, "rejected": -29.520557403564453}, "75": {"chosen": -37.06460952758789, "rejected": -464.98382568359375}, "76": {"chosen": -16.194242477416992, "rejected": -11.609161376953125}, "77": {"chosen": -105.62874603271484, "rejected": -101.7413330078125}, "78": {"chosen": -68.1623764038086, "rejected": -45.780120849609375}, "79": {"chosen": -130.2994842529297, "rejected": -19.188827514648438}, "80": {"chosen": -6.845988750457764, "rejected": -12.822832107543945}, "81": {"chosen": -41.023860931396484, "rejected": -26.10323143005371}, "82": {"chosen": -26.07008934020996, "rejected": -29.762739181518555}, "83": {"chosen": -90.8323974609375, "rejected": -172.8619842529297}, "84": {"chosen": -43.895870208740234, "rejected": -33.50642776489258}, "85": {"chosen": -45.82586669921875, "rejected": -269.8284606933594}, "86": {"chosen": -136.4308624267578, "rejected": -40.80206298828125}, "87": {"chosen": -4.1810688972473145, "rejected": -71.63927459716797}, "88": {"chosen": -43.244056701660156, "rejected": -127.23121643066406}, "89": {"chosen": -54.05649185180664, "rejected": -72.88483428955078}, "90": {"chosen": -37.109352111816406, "rejected": -54.4922981262207}, "91": {"chosen": -63.69401931762695, "rejected": -46.18271255493164}, "92": {"chosen": -22.18621253967285, "rejected": -39.289588928222656}, "93": {"chosen": -102.67938232421875, "rejected": -105.24290466308594}, "94": {"chosen": -4.378239154815674, "rejected": -15.446205139160156}, "95": {"chosen": -10.824657440185547, "rejected": -93.33937072753906}, "96": {"chosen": -20.308443069458008, "rejected": -14.557449340820312}, "97": {"chosen": -99.45188903808594, "rejected": -84.92451477050781}, "98": {"chosen": -16.58312225341797, "rejected": -63.14248275756836}, "99": {"chosen": -76.1472396850586, "rejected": -43.9100227355957}}}