{"0": {"train_labels": [0, 0, 1, 1, 0, 0, 0, 1, 1, 0, 0, 0, 1, 0, 1, 0, 0, 1, 0, 1, 0, 0, 1, 1, 0, 0, 0, 0, 1, 0, 0, 0, 1, 0, 1, 0, 0, 0, 0, 1, 1, 1, 1, 0, 1, 0, 1, 1, 0, 1, 1, 1, 0, 1, 1, 0, 1, 1, 0, 0, 0, 0, 0, 0, 0, 0, 1, 0, 0, 1, 1, 0, 1, 1, 0, 0, 1, 1, 1, 0, 1, 0, 0, 0, 0, 1, 0, 0, 1, 0, 1, 1, 0, 0, 0, 0, 1, 0, 1, 0], "train_logprobs": [[-9.951555252075195, -52.30242919921875], [-55.10603713989258, -96.4681396484375], [-112.99781036376953, -22.61876678466797], [-122.79442596435547, -22.052387237548828], [-95.86607360839844, -98.79747772216797], [-91.63939666748047, -93.4157485961914], [-26.6428279876709, -84.14398956298828], [-125.59785461425781, -37.172122955322266], [-66.93032836914062, -53.38813018798828], [-115.5488510131836, -152.90216064453125], [-137.96139526367188, -144.86753845214844], [-13.40585994720459, -62.460269927978516], [-73.0507583618164, -7.027132511138916], [-35.23933029174805, -119.00352478027344], [-177.56578063964844, -84.3213882446289], [-13.397516250610352, -46.441802978515625], [-216.48348999023438, -255.72268676757812], [-103.74620056152344, -44.76291275024414], [-15.694107055664062, -98.00041198730469], [-138.7017059326172, -16.045621871948242], [-145.05728149414062, -190.94786071777344], [-9.409811019897461, -39.08906173706055], [-35.71505355834961, -25.54438591003418], [-137.3633575439453, -89.34451293945312], [-21.67457389831543, -30.63178253173828], [-37.48650360107422, -80.70387268066406], [-12.03348445892334, -27.298809051513672], [-47.70310974121094, -182.9976348876953], [-42.842124938964844, -7.412686824798584], [-81.72628784179688, -124.40383911132812], [-8.140498161315918, -179.51080322265625], [-32.95854949951172, -121.85372161865234], [-135.97207641601562, -52.86211395263672], [-83.40512084960938, -118.36289978027344], [-76.427490234375, -52.269500732421875], [-8.646233558654785, -51.160614013671875], [-91.1962890625, -161.8108673095703], [-22.11958885192871, -239.56109619140625], [-12.666406631469727, -30.674022674560547], [-36.262908935546875, -27.876676559448242], [-51.3886604309082, -33.78348159790039], [-186.71310424804688, -32.48005676269531], [-58.86521911621094, -34.83171463012695], [-57.26640319824219, -61.68143081665039], [-64.38788604736328, -20.138742446899414], [-93.71995544433594, -102.31361389160156], [-65.91536712646484, -14.548559188842773], [-104.0961685180664, -21.586008071899414], [-91.75840759277344, -274.85003662109375], [-79.37334442138672, -27.790239334106445], [-121.69027709960938, -62.191810607910156], [-103.94087219238281, -32.50807189941406], [-17.225181579589844, -127.79310607910156], [-69.56304168701172, -15.10451602935791], [-78.39047241210938, -40.778900146484375], [-53.80198287963867, -344.8214111328125], [-199.8720245361328, -92.69915771484375], [-69.54631042480469, -47.088600158691406], [-73.3690414428711, -134.30322265625], [-33.732784271240234, -59.13280487060547], [-34.59554672241211, -141.52105712890625], [-86.76155853271484, -214.15606689453125], [-44.25410461425781, -64.69622802734375], [-21.701671600341797, -39.04926300048828], [-27.794147491455078, -61.086700439453125], [-73.21771240234375, -87.6423568725586], [-15.723055839538574, -10.739509582519531], [-98.287353515625, -326.2219543457031], [-37.276580810546875, -128.6014404296875], [-86.2768783569336, -43.80634307861328], [-152.51405334472656, -144.3046875], [-34.41047668457031, -67.7392349243164], [-72.72664642333984, -25.4215145111084], [-95.5875244140625, -36.05409622192383], [-160.68011474609375, -294.083740234375], [-37.1044921875, -63.67832946777344], [-56.69566345214844, -27.299415588378906], [-51.3264274597168, -6.879725456237793], [-129.56268310546875, -77.2304916381836], [-50.00835418701172, -60.4339714050293], [-67.7890625, -42.27857208251953], [-25.577133178710938, -234.15704345703125], [-125.084716796875, -165.11167907714844], [-7.141022205352783, -79.89671325683594], [-34.18425369262695, -47.73628234863281], [-171.51641845703125, -119.99886322021484], [-19.20909881591797, -158.3220977783203], [-45.5863037109375, -71.41118621826172], [-293.2210998535156, -126.77366638183594], [-31.358848571777344, -88.73361206054688], [-169.36126708984375, -54.86463165283203], [-124.259765625, -69.20175170898438], [-6.84721040725708, -10.83895492553711], [-76.93244934082031, -135.35916137695312], [-8.399246215820312, -32.42288589477539], [-109.45172119140625, -126.43399047851562], [-43.80582809448242, -12.583297729492188], [-11.423470497131348, -310.3439636230469], [-49.10282897949219, -35.848350524902344], [-11.729270935058594, -75.4752426147461]], "train_probs": [1.0, 1.0, 5.6089309543869426e-40, 1.7712851648134471e-44, 0.949377199557869, 0.855245818234101, 1.0, 3.955420702326846e-39, 1.3143090134953496e-06, 1.0, 0.9989993888349198, 1.0, 2.1198426116702632e-29, 1.0, 3.1950298091914236e-41, 0.9999999999999956, 1.0, 2.4203801305335409e-26, 1.0, 5.384427337862033e-54, 1.0, 0.9999999999998711, 3.827529441542405e-05, 1.3985588986802102e-21, 0.9998712112934782, 1.0, 0.999999765386141, 1.0, 4.103841038209134e-16, 1.0, 1.0, 1.0, 8.050111782837116e-37, 0.9999999999999993, 3.2234316469893904e-11, 1.0, 1.0, 1.0, 0.9999999848855721, 0.0002279326574414596, 2.2603098108625936e-08, 1.0409708062063126e-67, 3.650746023881141e-11, 0.9880503021781962, 6.065143845438352e-20, 0.9998147573011765, 4.9167571691889776e-23, 1.4665356249194874e-36, 1.0, 3.9604278073197055e-23, 1.445920186486764e-26, 9.487002299933424e-32, 1.0, 2.2333809853013598e-24, 4.629154857567101e-17, 1.0, 2.8537460919895773e-47, 1.764982302902184e-10, 1.0, 0.9999999999906908, 1.0, 1.0, 0.9999999986753577, 0.9999999707560004, 0.9999999999999966, 0.9999994561786333, 0.006803128951225289, 1.0, 1.0, 3.5915414678199168e-19, 0.000272019201358018, 0.9999999999999967, 2.8552375388451544e-21, 1.396241837972551e-26, 1.0, 0.9999999999971217, 1.711479746510874e-13, 4.977858887928605e-20, 1.8724835879252348e-23, 0.9999703380915878, 8.33555998275552e-12, 1.0, 1.0, 1.0, 0.9999986985479528, 4.228730805467637e-23, 1.0, 0.9999999999939131, 5.1617636662818225e-73, 1.0, 1.882534886810726e-50, 1.2263328776119402e-24, 0.9818673941744586, 1.0, 0.9999999999631306, 0.999999957860038, 2.7556709085336263e-14, 1.0, 1.7524772368710952e-06, 1.0], "test_labels": [], "test_logprobs": [], "test_probs": []}}