{"0": {"train_labels": [0, 0, 1, 1, 0, 0, 0, 1, 1, 0, 0, 0, 1, 0, 1, 0, 0, 1, 0, 1, 0, 0, 1, 1, 0, 0, 0, 0, 1, 0, 0, 0, 1, 0, 1, 0, 0, 0, 0, 1, 1, 1, 1, 1, 1, 0, 1, 1, 0, 1, 1, 1, 0, 1, 1, 0, 1, 1, 0, 0, 0, 0, 0, 0, 0, 0, 1, 0, 0, 1, 1, 0, 1, 1, 0, 0, 1, 1, 1, 0, 1, 0, 0, 0, 0, 1, 0, 0, 1, 0, 1, 1, 0, 0, 0, 0, 1, 0, 1, 0], "train_logprobs": [[-10.663416862487793, -51.815513610839844], [-53.44165802001953, -94.95796966552734], [-122.26746368408203, -23.42070198059082], [-116.08354949951172, -21.005767822265625], [-95.05880737304688, -102.0340347290039], [-90.87167358398438, -92.84744262695312], [-31.087242126464844, -86.71807861328125], [-126.46916198730469, -38.14020538330078], [-66.4426498413086, -53.1966667175293], [-108.86958312988281, -147.97264099121094], [-134.2947540283203, -145.0913848876953], [-13.893145561218262, -64.83158111572266], [-74.36778259277344, -6.141254901885986], [-35.012237548828125, -128.1289520263672], [-177.8719024658203, -84.55047607421875], [-13.417360305786133, -45.20034408569336], [-222.22299194335938, -254.42477416992188], [-106.11601257324219, -45.497398376464844], [-15.514730453491211, -94.16845703125], [-130.94290161132812, -19.250736236572266], [-134.4779510498047, -191.91717529296875], [-11.490257263183594, -41.82719421386719], [-34.46765899658203, -23.997102737426758], [-137.55662536621094, -85.25255584716797], [-20.58058738708496, -30.804092407226562], [-38.805686950683594, -80.5937728881836], [-13.844488143920898, -24.696359634399414], [-45.03139114379883, -196.87884521484375], [-45.76886749267578, -7.60018253326416], [-82.53063201904297, -127.31332397460938], [-11.614041328430176, -186.23036193847656], [-32.5161247253418, -121.77737426757812], [-137.41029357910156, -54.298526763916016], [-85.92843627929688, -119.12826538085938], [-76.86298370361328, -49.509925842285156], [-7.9706950187683105, -52.5604248046875], [-88.75895690917969, -162.93775939941406], [-22.904645919799805, -233.1159210205078], [-14.258157730102539, -31.252826690673828], [-42.64884567260742, -29.12000274658203], [-48.37629699707031, -33.527069091796875], [-177.14541625976562, -33.963314056396484], [-55.27461624145508, -32.876224517822266], [-61.95210647583008, -61.51105499267578], [-64.70419311523438, -22.450897216796875], [-96.07414245605469, -101.81609344482422], [-66.18293762207031, -13.640190124511719], [-105.9134292602539, -20.38473129272461], [-97.0617904663086, -274.43218994140625], [-80.45895385742188, -27.955007553100586], [-128.92929077148438, -68.9964828491211], [-111.10893249511719, -32.179542541503906], [-16.42991828918457, -125.52008819580078], [-71.52787017822266, -15.082476615905762], [-77.01190948486328, -39.18454360961914], [-54.84915542602539, -335.2289123535156], [-201.72189331054688, -92.9219970703125], [-68.826171875, -45.607666015625], [-74.69210052490234, -134.3653564453125], [-35.28413391113281, -64.10174560546875], [-35.95736312866211, -135.56248474121094], [-86.46905517578125, -205.32650756835938], [-43.7750358581543, -60.22324752807617], [-25.451894760131836, -41.17852020263672], [-26.217117309570312, -60.343597412109375], [-75.7486343383789, -91.93323516845703], [-15.545295715332031, -11.08655071258545], [-102.45608520507812, -323.5193786621094], [-40.59667205810547, -125.57872772216797], [-91.92686462402344, -43.91095733642578], [-157.0165252685547, -148.99705505371094], [-35.776771545410156, -69.49934387207031], [-76.05397033691406, -24.790634155273438], [-95.00662994384766, -35.88538360595703], [-162.93740844726562, -289.4197692871094], [-33.762596130371094, -64.64434814453125], [-56.63731384277344, -25.733463287353516], [-50.49167251586914, -6.36447811126709], [-127.7146987915039, -77.4891586303711], [-53.80118942260742, -57.112979888916016], [-67.26665496826172, -41.54637145996094], [-26.017662048339844, -230.57611083984375], [-130.7336883544922, -167.65028381347656], [-9.268754959106445, -83.32211303710938], [-34.621124267578125, -50.013065338134766], [-172.2763671875, -119.30986022949219], [-23.418710708618164, -156.06988525390625], [-42.76533126831055, -75.02461242675781], [-288.4660949707031, -130.14939880371094], [-31.563356399536133, -88.51971435546875], [-174.67697143554688, -61.957523345947266], [-127.26889038085938, -73.55554962158203], [-7.216856479644775, -11.235976219177246], [-76.08576965332031, -125.30667877197266], [-9.308834075927734, -30.18313217163086], [-113.40953826904297, -124.75520324707031], [-43.75284194946289, -12.613870620727539], [-17.114953994750977, -307.5406799316406], [-52.689971923828125, -37.6402702331543], [-16.037139892578125, -76.25499725341797]], "train_probs": [1.0, 1.0, 1.1786825070458966e-43, 5.107919755653989e-42, 0.9990661191273085, 0.8782294165399988, 1.0, 4.35734106026186e-39, 1.7674285024765937e-06, 1.0, 0.9999795320708292, 1.0, 2.342046451122807e-30, 1.0, 2.958145113768132e-41, 0.9999999999999842, 0.9999999999999896, 4.7170486313875e-27, 1.0, 3.109631349268587e-49, 1.0, 0.9999999999999333, 2.8358475358253383e-05, 1.925888885416758e-23, 0.9999636945004822, 1.0, 0.9999806320488129, 1.0, 2.6518609040295887e-17, 1.0, 1.0, 1.0, 8.035599645535921e-37, 0.9999999999999961, 1.320437676305865e-12, 1.0, 1.0, 1.0, 0.9999999583793335, 1.3319796576384046e-06, 3.556821788222704e-07, 6.558478599535783e-63, 1.872846013249476e-10, 0.39149045040641106, 4.4629985843466e-19, 0.9968017591506755, 1.5169619858793407e-23, 7.167346957368355e-38, 1.0, 1.5769787525296154e-23, 9.365096015902972e-27, 5.265037674328666e-35, 1.0, 3.062506696663991e-25, 3.7306433760365217e-17, 1.0, 5.607966765674619e-48, 8.247665276248136e-11, 1.0, 0.9999999999996948, 1.0, 1.0, 0.9999999281159723, 0.9999998520846357, 0.9999999999999984, 0.9999999064342018, 0.011444392733730725, 1.0, 1.0, 1.4026729485374324e-21, 0.00032888607130078664, 0.9999999999999978, 5.452754845602621e-23, 2.1084774091250774e-26, 1.0, 0.9999999999999614, 3.789904218065221e-14, 6.851773030005243e-20, 1.5393063374686177e-22, 0.9648310855970536, 6.7580717658058305e-12, 1.0, 0.9999999999999998, 1.0, 0.9999997932884053, 9.929749725370572e-24, 1.0, 0.9999999999999902, 1.7536077716662522e-69, 1.0, 1.1131807601061962e-49, 4.705356179828192e-24, 0.9823484024064097, 1.0, 0.9999999991401801, 0.9999881795183558, 2.995825960004006e-14, 1.0, 2.9107001953962313e-07, 1.0], "test_labels": [], "test_logprobs": [], "test_probs": []}}