{"0": {"0": {"chosen": -21.74392318725586, "rejected": -6.814565181732178}, "1": {"chosen": -15.815805435180664, "rejected": -23.480506896972656}, "2": {"chosen": -39.72429656982422, "rejected": -252.86849975585938}, "3": {"chosen": -18.92478370666504, "rejected": -23.639894485473633}, "4": {"chosen": -38.84554672241211, "rejected": -178.67550659179688}, "5": {"chosen": -122.10237884521484, "rejected": -181.3594970703125}, "6": {"chosen": -107.2742919921875, "rejected": -30.04296875}, "7": {"chosen": -12.046595573425293, "rejected": -27.13770866394043}, "8": {"chosen": -16.30712890625, "rejected": -59.545143127441406}, "9": {"chosen": -9.91865062713623, "rejected": -336.11053466796875}, "10": {"chosen": -22.025222778320312, "rejected": -23.80046272277832}, "11": {"chosen": -29.571128845214844, "rejected": -313.6636657714844}, "12": {"chosen": -31.13067054748535, "rejected": -10.60128402709961}, "13": {"chosen": -105.28141784667969, "rejected": -47.49258804321289}, "14": {"chosen": -44.08967590332031, "rejected": -28.452699661254883}, "15": {"chosen": -20.715450286865234, "rejected": -32.6877555847168}, "16": {"chosen": -70.1721420288086, "rejected": -283.056396484375}, "17": {"chosen": -58.55104064941406, "rejected": -37.21868133544922}, "18": {"chosen": -219.69187927246094, "rejected": -87.90702819824219}, "19": {"chosen": -82.2474365234375, "rejected": -43.35441589355469}, "20": {"chosen": -55.10757064819336, "rejected": -33.18085479736328}, "21": {"chosen": -29.089466094970703, "rejected": -15.85070514678955}, "22": {"chosen": -52.30271530151367, "rejected": -19.904888153076172}, "23": {"chosen": -15.569082260131836, "rejected": -62.80183029174805}, "24": {"chosen": -51.06117630004883, "rejected": -17.781217575073242}, "25": {"chosen": -118.4567642211914, "rejected": -16.39760971069336}, "26": {"chosen": -30.889068603515625, "rejected": -69.4410629272461}, "27": {"chosen": -201.50384521484375, "rejected": -146.08352661132812}, "28": {"chosen": -82.74539184570312, "rejected": -32.800140380859375}, "29": {"chosen": -13.319538116455078, "rejected": -117.89515686035156}, "30": {"chosen": -44.92930603027344, "rejected": -17.815122604370117}, "31": {"chosen": -114.02479553222656, "rejected": -182.7444305419922}, "32": {"chosen": -50.27431106567383, "rejected": -46.413780212402344}, "33": {"chosen": -81.3188705444336, "rejected": -27.765241622924805}, "34": {"chosen": -202.8482666015625, "rejected": -48.960018157958984}, "35": {"chosen": -64.52421569824219, "rejected": -88.82199096679688}, "36": {"chosen": -25.94930648803711, "rejected": -168.05831909179688}, "37": {"chosen": -29.87955665588379, "rejected": -101.79336547851562}, "38": {"chosen": -21.75611114501953, "rejected": -387.36114501953125}, "39": {"chosen": -17.42822265625, "rejected": -133.2639617919922}, "40": {"chosen": -55.10917282104492, "rejected": -87.4901351928711}, "41": {"chosen": -134.01580810546875, "rejected": -63.14212417602539}, "42": {"chosen": -100.21687316894531, "rejected": -63.563106536865234}, "43": {"chosen": -108.63763427734375, "rejected": -47.875022888183594}, "44": {"chosen": -252.95745849609375, "rejected": -366.2176513671875}, "45": {"chosen": -124.62612915039062, "rejected": -350.61273193359375}, "46": {"chosen": -158.84298706054688, "rejected": -113.58773803710938}, "47": {"chosen": -79.63063049316406, "rejected": -135.21493530273438}, "48": {"chosen": -36.84050750732422, "rejected": -25.659942626953125}, "49": {"chosen": -129.37168884277344, "rejected": -32.41899108886719}, "50": {"chosen": -100.72807312011719, "rejected": -45.3974494934082}, "51": {"chosen": -24.562725067138672, "rejected": -29.907838821411133}, "52": {"chosen": -16.885650634765625, "rejected": -34.5078125}, "53": {"chosen": -356.6225280761719, "rejected": -109.48455047607422}, "54": {"chosen": -25.662525177001953, "rejected": -257.4895324707031}, "55": {"chosen": -30.98438262939453, "rejected": -141.91580200195312}, "56": {"chosen": -41.66447830200195, "rejected": -263.7007751464844}, "57": {"chosen": -17.779766082763672, "rejected": -17.468412399291992}, "58": {"chosen": -98.6914291381836, "rejected": -163.56259155273438}, "59": {"chosen": -67.63015747070312, "rejected": -26.64715003967285}, "60": {"chosen": -23.198867797851562, "rejected": -36.8897590637207}, "61": {"chosen": -90.11573028564453, "rejected": -54.181434631347656}, "62": {"chosen": -161.0963134765625, "rejected": -108.92332458496094}, "63": {"chosen": -70.88949584960938, "rejected": -31.332304000854492}, "64": {"chosen": -186.1640625, "rejected": -184.0410919189453}, "65": {"chosen": -54.916465759277344, "rejected": -138.83689880371094}, "66": {"chosen": -21.64849853515625, "rejected": -70.18146514892578}, "67": {"chosen": -19.366666793823242, "rejected": -83.31790161132812}, "68": {"chosen": -145.10711669921875, "rejected": -205.8545684814453}, "69": {"chosen": -21.04933738708496, "rejected": -17.791587829589844}, "70": {"chosen": -24.30267333984375, "rejected": -28.479816436767578}, "71": {"chosen": -44.37674331665039, "rejected": -210.07550048828125}, "72": {"chosen": -24.350669860839844, "rejected": -193.540771484375}, "73": {"chosen": -2.6359810829162598, "rejected": -6.9413909912109375}, "74": {"chosen": -53.09346008300781, "rejected": -29.58158302307129}, "75": {"chosen": -37.209938049316406, "rejected": -469.387939453125}, "76": {"chosen": -17.56582260131836, "rejected": -12.710076332092285}, "77": {"chosen": -105.03324890136719, "rejected": -104.78823852539062}, "78": {"chosen": -71.38465881347656, "rejected": -46.01899719238281}, "79": {"chosen": -130.70484924316406, "rejected": -19.951082229614258}, "80": {"chosen": -7.290464878082275, "rejected": -14.253324508666992}, "81": {"chosen": -42.22576141357422, "rejected": -25.509078979492188}, "82": {"chosen": -28.093896865844727, "rejected": -31.430418014526367}, "83": {"chosen": -91.77352905273438, "rejected": -175.69493103027344}, "84": {"chosen": -46.28937530517578, "rejected": -35.19346237182617}, "85": {"chosen": -47.455467224121094, "rejected": -275.09356689453125}, "86": {"chosen": -139.43492126464844, "rejected": -44.87239456176758}, "87": {"chosen": -3.578993797302246, "rejected": -72.42594909667969}, "88": {"chosen": -45.618385314941406, "rejected": -128.03517150878906}, "89": {"chosen": -54.8941535949707, "rejected": -74.21208190917969}, "90": {"chosen": -37.565040588378906, "rejected": -54.4005012512207}, "91": {"chosen": -62.864288330078125, "rejected": -47.11830139160156}, "92": {"chosen": -23.6434383392334, "rejected": -39.48740005493164}, "93": {"chosen": -105.7073974609375, "rejected": -107.89689636230469}, "94": {"chosen": -4.6392340660095215, "rejected": -16.082338333129883}, "95": {"chosen": -11.373653411865234, "rejected": -93.6349868774414}, "96": {"chosen": -21.570449829101562, "rejected": -16.943012237548828}, "97": {"chosen": -100.24964141845703, "rejected": -85.5894775390625}, "98": {"chosen": -17.1112003326416, "rejected": -62.56360626220703}, "99": {"chosen": -78.57125091552734, "rejected": -45.42047119140625}}}