{"0": {"train_labels": [0, 0, 1, 1, 0, 1, 0, 1, 0, 0, 0, 0, 1, 0, 1, 0, 0, 1, 0, 1, 0, 0, 1, 1, 0, 0, 0, 0, 1, 0, 0, 0, 1, 0, 0, 0, 0, 0, 0, 1, 1, 1, 1, 0, 1, 0, 1, 1, 0, 1, 1, 1, 0, 1, 1, 0, 1, 1, 0, 0, 0, 0, 0, 0, 0, 0, 0, 0, 0, 1, 1, 0, 1, 1, 0, 0, 1, 1, 1, 0, 0, 0, 0, 0, 1, 1, 0, 0, 1, 0, 1, 1, 0, 0, 0, 0, 1, 0, 1, 0], "train_logprobs": [[-28.112871170043945, -64.93742370605469], [-83.26683044433594, -106.68836975097656], [-133.36866760253906, -36.49002456665039], [-127.6401596069336, -42.56559371948242], [-115.67308044433594, -125.53948974609375], [-128.64605712890625, -104.77809143066406], [-62.77942657470703, -107.51819610595703], [-152.4363250732422, -40.62140655517578], [-75.04141235351562, -83.04167938232422], [-131.9581298828125, -172.47320556640625], [-154.20191955566406, -161.034912109375], [-30.72209358215332, -78.35160827636719], [-103.8758316040039, -19.977033615112305], [-36.574100494384766, -165.13194274902344], [-202.0968017578125, -114.10752868652344], [-21.179523468017578, -52.55674743652344], [-264.9781494140625, -289.8219909667969], [-135.47242736816406, -63.98118591308594], [-37.29522705078125, -98.40367126464844], [-173.32518005371094, -25.508934020996094], [-141.67527770996094, -217.6734619140625], [-27.449718475341797, -64.01203918457031], [-46.57598114013672, -42.00119400024414], [-183.9232635498047, -112.51473999023438], [-29.281505584716797, -55.15792465209961], [-56.587852478027344, -104.28451538085938], [-7.284286022186279, -20.801054000854492], [-63.12562942504883, -214.24127197265625], [-58.89353942871094, -40.58756637573242], [-97.00067138671875, -146.59365844726562], [-23.286863327026367, -217.4762420654297], [-55.11342239379883, -135.4410400390625], [-155.45428466796875, -76.14629364013672], [-104.06610107421875, -166.4072265625], [-90.9153823852539, -94.44729614257812], [-10.059226036071777, -64.4407958984375], [-124.65438842773438, -204.40084838867188], [-45.902103424072266, -253.41026306152344], [-27.9924373626709, -62.49872589111328], [-76.14149475097656, -40.88167190551758], [-56.60942840576172, -47.01480484008789], [-198.4665985107422, -48.699363708496094], [-74.38653564453125, -43.14488220214844], [-84.70169067382812, -86.67031860351562], [-97.76527404785156, -41.10308074951172], [-120.73306274414062, -135.0008544921875], [-88.20032501220703, -32.52400588989258], [-130.03199768066406, -37.86050796508789], [-98.56835174560547, -296.6437072753906], [-92.66658020019531, -45.526084899902344], [-157.70777893066406, -86.02076721191406], [-123.86680603027344, -57.70235824584961], [-33.22042465209961, -152.76150512695312], [-75.21578216552734, -22.4355525970459], [-87.6066665649414, -48.13508605957031], [-72.09735870361328, -397.994140625], [-249.85743713378906, -135.04273986816406], [-93.88705444335938, -64.80448913574219], [-91.2913818359375, -162.25685119628906], [-46.0891227722168, -84.59031677246094], [-44.530391693115234, -158.80433654785156], [-115.30670166015625, -243.37313842773438], [-55.64154052734375, -87.6748046875], [-29.02991485595703, -64.21540832519531], [-56.71004104614258, -66.57215118408203], [-83.04153442382812, -111.05455017089844], [-23.06859016418457, -33.32439041137695], [-128.06687927246094, -346.7969055175781], [-58.80070877075195, -135.23049926757812], [-136.4065704345703, -63.53533935546875], [-201.0382080078125, -178.84312438964844], [-56.812049865722656, -99.3357925415039], [-112.37898254394531, -38.1749382019043], [-105.8964614868164, -51.62554931640625], [-183.84054565429688, -307.33538818359375], [-70.13850402832031, -98.35478210449219], [-70.42089080810547, -28.025081634521484], [-57.48881912231445, -36.975643157958984], [-148.74801635742188, -91.0290756225586], [-72.74240112304688, -82.29853820800781], [-66.01705932617188, -78.27714538574219], [-34.51386260986328, -254.76806640625], [-142.53530883789062, -180.79168701171875], [-34.04657745361328, -114.14051818847656], [-72.66862487792969, -66.76432800292969], [-184.0817413330078, -144.21578979492188], [-54.78254699707031, -178.28030395507812], [-67.22855377197266, -108.10383605957031], [-315.95050048828125, -168.34246826171875], [-64.59691619873047, -128.7858428955078], [-193.90423583984375, -63.691917419433594], [-141.96934509277344, -84.58676147460938], [-30.377708435058594, -36.64055633544922], [-100.45167541503906, -192.65078735351562], [-24.50551986694336, -44.90345764160156], [-144.1994171142578, -144.3567657470703], [-51.225379943847656, -17.9764347076416], [-41.352622985839844, -352.1996765136719], [-70.96874237060547, -62.07144546508789], [-33.5883903503418, -94.93675994873047]], "train_probs": [0.9999999999999999, 0.9999999999326783, 8.436064959464318e-43, 1.1287180879564334e-37, 0.9999481139810835, 4.307985203575151e-11, 1.0, 2.7504128801406645e-49, 0.9996647393757064, 1.0, 0.9989235316063865, 1.0, 3.657758221211864e-37, 1.0, 6.119898769638676e-39, 0.9999999999999764, 0.9999999999837649, 8.948460628977525e-32, 1.0, 6.371182014193955e-65, 1.0, 0.9999999999999998, 0.010203312434488443, 9.720134115218555e-32, 0.9999999999942188, 1.0, 0.9999986518392836, 1.0, 1.1215455391856191e-08, 1.0, 1.0, 1.0, 3.605596519030204e-35, 1.0, 0.9715822991221712, 1.0, 1.0, 1.0, 0.999999999999999, 4.862431602130555e-16, 6.808921977870125e-05, 9.055581748338035e-66, 2.703474667496085e-14, 0.8774636629421694, 2.4655971421927077e-25, 0.9999993638251464, 6.608179517467826e-25, 9.34180134541438e-41, 1.0, 3.3662240376893588e-21, 7.357434194328478e-32, 1.8413885106792625e-29, 1.0, 1.196292954037319e-23, 7.206267752521432e-18, 1.0, 1.369652946570883e-50, 2.3420834613027423e-13, 1.0, 1.0, 1.0, 1.0, 0.9999999999999878, 0.9999999999999993, 0.9999478904460496, 0.9999999999993174, 0.9999648482234698, 1.0, 1.0, 2.2512641360930902e-32, 2.2950791055021951e-10, 1.0, 5.937354873846424e-33, 2.6942774517241444e-24, 1.0, 0.9999999999994431, 3.8702054492840367e-19, 1.2337889372605542e-09, 8.570033854756778e-26, 0.9999292393744377, 0.9999952629254515, 1.0, 1.0, 1.0, 0.0027202789178609093, 4.857773162088413e-18, 1.0, 1.0, 7.845960536783596e-65, 1.0, 2.8151959833464746e-57, 1.1996666261878692e-25, 0.9980978147024733, 1.0, 0.9999999986155153, 0.5392561975892891, 3.6321732431426264e-15, 1.0, 0.00013673939714396141, 1.0], "test_labels": [], "test_logprobs": [], "test_probs": []}}