{"0": {"0": {"chosen": -21.474750518798828, "rejected": -6.310682773590088}, "1": {"chosen": -16.234477996826172, "rejected": -24.10516929626465}, "2": {"chosen": -41.03268051147461, "rejected": -255.15408325195312}, "3": {"chosen": -18.00408363342285, "rejected": -23.938617706298828}, "4": {"chosen": -36.172061920166016, "rejected": -179.76181030273438}, "5": {"chosen": -120.66971588134766, "rejected": -179.35787963867188}, "6": {"chosen": -102.83999633789062, "rejected": -29.032583236694336}, "7": {"chosen": -11.232182502746582, "rejected": -26.94259262084961}, "8": {"chosen": -16.517112731933594, "rejected": -57.66395950317383}, "9": {"chosen": -9.502784729003906, "rejected": -337.76483154296875}, "10": {"chosen": -22.09804344177246, "rejected": -23.359134674072266}, "11": {"chosen": -29.34627342224121, "rejected": -307.34124755859375}, "12": {"chosen": -31.38756561279297, "rejected": -11.491547584533691}, "13": {"chosen": -101.79090881347656, "rejected": -48.32941436767578}, "14": {"chosen": -42.426979064941406, "rejected": -27.185184478759766}, "15": {"chosen": -22.3869571685791, "rejected": -33.435523986816406}, "16": {"chosen": -70.92817687988281, "rejected": -285.7903137207031}, "17": {"chosen": -57.40302276611328, "rejected": -35.75164031982422}, "18": {"chosen": -220.09542846679688, "rejected": -85.09312438964844}, "19": {"chosen": -82.20025634765625, "rejected": -41.22437286376953}, "20": {"chosen": -55.84901428222656, "rejected": -31.616619110107422}, "21": {"chosen": -26.254962921142578, "rejected": -15.10811710357666}, "22": {"chosen": -52.06550598144531, "rejected": -19.878278732299805}, "23": {"chosen": -16.26525115966797, "rejected": -59.84388732910156}, "24": {"chosen": -51.74931335449219, "rejected": -16.170555114746094}, "25": {"chosen": -117.34716796875, "rejected": -16.215791702270508}, "26": {"chosen": -30.657676696777344, "rejected": -67.56322479248047}, "27": {"chosen": -199.71177673339844, "rejected": -148.0548553466797}, "28": {"chosen": -80.52752685546875, "rejected": -32.100013732910156}, "29": {"chosen": -13.209611892700195, "rejected": -113.850341796875}, "30": {"chosen": -44.19871139526367, "rejected": -17.630556106567383}, "31": {"chosen": -109.54765319824219, "rejected": -181.7545166015625}, "32": {"chosen": -49.577598571777344, "rejected": -46.59358596801758}, "33": {"chosen": -79.18817138671875, "rejected": -26.779312133789062}, "34": {"chosen": -201.54660034179688, "rejected": -46.334686279296875}, "35": {"chosen": -62.941349029541016, "rejected": -88.59644317626953}, "36": {"chosen": -25.64914321899414, "rejected": -166.09910583496094}, "37": {"chosen": -29.088001251220703, "rejected": -100.89938354492188}, "38": {"chosen": -21.05521583557129, "rejected": -387.9126281738281}, "39": {"chosen": -17.4670352935791, "rejected": -130.96823120117188}, "40": {"chosen": -56.44630813598633, "rejected": -87.80774688720703}, "41": {"chosen": -135.0545196533203, "rejected": -62.46745300292969}, "42": {"chosen": -95.94839477539062, "rejected": -59.03978729248047}, "43": {"chosen": -106.81573486328125, "rejected": -47.830440521240234}, "44": {"chosen": -248.89990234375, "rejected": -365.1644287109375}, "45": {"chosen": -123.8447494506836, "rejected": -349.6309509277344}, "46": {"chosen": -158.0309600830078, "rejected": -114.73524475097656}, "47": {"chosen": -76.6552963256836, "rejected": -134.89044189453125}, "48": {"chosen": -35.14528274536133, "rejected": -24.01926040649414}, "49": {"chosen": -126.66178894042969, "rejected": -31.773948669433594}, "50": {"chosen": -101.3305435180664, "rejected": -44.09992980957031}, "51": {"chosen": -22.446706771850586, "rejected": -28.625831604003906}, "52": {"chosen": -16.1003475189209, "rejected": -33.558284759521484}, "53": {"chosen": -355.05255126953125, "rejected": -106.70768737792969}, "54": {"chosen": -28.54831314086914, "rejected": -255.78646850585938}, "55": {"chosen": -31.261947631835938, "rejected": -141.40884399414062}, "56": {"chosen": -40.97547912597656, "rejected": -263.6340026855469}, "57": {"chosen": -18.018535614013672, "rejected": -15.697399139404297}, "58": {"chosen": -98.49717712402344, "rejected": -163.13685607910156}, "59": {"chosen": -66.73760986328125, "rejected": -28.298694610595703}, "60": {"chosen": -22.222564697265625, "rejected": -33.82841491699219}, "61": {"chosen": -87.49687194824219, "rejected": -54.645423889160156}, "62": {"chosen": -156.45416259765625, "rejected": -109.83425903320312}, "63": {"chosen": -72.00464630126953, "rejected": -30.839277267456055}, "64": {"chosen": -180.00228881835938, "rejected": -180.2275848388672}, "65": {"chosen": -54.50833511352539, "rejected": -142.3376007080078}, "66": {"chosen": -19.32763671875, "rejected": -67.86300659179688}, "67": {"chosen": -18.173669815063477, "rejected": -79.0341796875}, "68": {"chosen": -146.8207550048828, "rejected": -205.5540008544922}, "69": {"chosen": -21.92437171936035, "rejected": -17.415456771850586}, "70": {"chosen": -24.0540828704834, "rejected": -27.364208221435547}, "71": {"chosen": -44.60502243041992, "rejected": -209.61666870117188}, "72": {"chosen": -23.56316375732422, "rejected": -189.6880340576172}, "73": {"chosen": -2.8292977809906006, "rejected": -7.278629779815674}, "74": {"chosen": -53.626739501953125, "rejected": -29.841541290283203}, "75": {"chosen": -40.648433685302734, "rejected": -465.7043762207031}, "76": {"chosen": -15.731672286987305, "rejected": -12.006293296813965}, "77": {"chosen": -107.34249877929688, "rejected": -101.69908142089844}, "78": {"chosen": -69.31062316894531, "rejected": -45.88499450683594}, "79": {"chosen": -131.55712890625, "rejected": -20.129432678222656}, "80": {"chosen": -8.322840690612793, "rejected": -14.219779968261719}, "81": {"chosen": -40.21868133544922, "rejected": -25.5689697265625}, "82": {"chosen": -28.539804458618164, "rejected": -30.494964599609375}, "83": {"chosen": -91.11358642578125, "rejected": -173.89517211914062}, "84": {"chosen": -44.86376190185547, "rejected": -33.5745735168457}, "85": {"chosen": -43.97324752807617, "rejected": -267.88543701171875}, "86": {"chosen": -137.83270263671875, "rejected": -41.073326110839844}, "87": {"chosen": -5.538130760192871, "rejected": -73.43157958984375}, "88": {"chosen": -42.558815002441406, "rejected": -124.83102416992188}, "89": {"chosen": -55.531028747558594, "rejected": -72.20372772216797}, "90": {"chosen": -38.57915496826172, "rejected": -53.75015640258789}, "91": {"chosen": -60.91642761230469, "rejected": -44.672706604003906}, "92": {"chosen": -23.010616302490234, "rejected": -39.843605041503906}, "93": {"chosen": -101.34813690185547, "rejected": -103.39334106445312}, "94": {"chosen": -5.033526420593262, "rejected": -16.07452392578125}, "95": {"chosen": -11.847498893737793, "rejected": -93.13856506347656}, "96": {"chosen": -20.518268585205078, "rejected": -14.442608833312988}, "97": {"chosen": -98.99771881103516, "rejected": -82.673583984375}, "98": {"chosen": -15.895312309265137, "rejected": -63.84556579589844}, "99": {"chosen": -76.14033508300781, "rejected": -44.678348541259766}}}