{"0": {"train_labels": [0, 0, 1, 1, 0, 0, 0, 1, 1, 0, 0, 0, 1, 0, 1, 0, 0, 1, 0, 1, 0, 0, 1, 1, 0, 0, 0, 0, 1, 0, 0, 0, 1, 0, 1, 0, 0, 0, 0, 1, 1, 1, 1, 0, 1, 0, 1, 1, 0, 1, 1, 1, 0, 1, 1, 0, 1, 1, 0, 0, 0, 0, 0, 0, 0, 0, 1, 0, 0, 1, 1, 0, 1, 1, 0, 0, 1, 1, 1, 0, 1, 0, 0, 0, 0, 1, 0, 0, 1, 0, 1, 1, 0, 0, 0, 0, 1, 0, 1, 0], "train_logprobs": [[-8.962273597717285, -50.54914093017578], [-54.045326232910156, -94.70211791992188], [-125.3656005859375, -23.993972778320312], [-117.53230285644531, -22.552364349365234], [-96.74763488769531, -102.04670715332031], [-90.62678527832031, -93.03695678710938], [-30.318246841430664, -90.03553009033203], [-127.79806518554688, -38.54313659667969], [-65.96881103515625, -53.101661682128906], [-108.79591369628906, -146.37277221679688], [-135.6300811767578, -146.41526794433594], [-11.529590606689453, -64.0661849975586], [-75.43843078613281, -6.588946342468262], [-34.84437561035156, -125.91343688964844], [-178.046142578125, -84.3147964477539], [-13.03434944152832, -45.490360260009766], [-221.68748474121094, -255.1688690185547], [-106.8340072631836, -46.03506088256836], [-15.262147903442383, -93.2331314086914], [-131.26254272460938, -20.709505081176758], [-134.73544311523438, -195.15016174316406], [-11.522770881652832, -40.979793548583984], [-34.78984069824219, -24.4747314453125], [-139.12838745117188, -85.52838134765625], [-20.439102172851562, -30.9952449798584], [-38.86564636230469, -79.44121551513672], [-13.68165111541748, -24.395002365112305], [-44.87771224975586, -195.47576904296875], [-46.388301849365234, -7.4385600090026855], [-82.30918884277344, -125.61325073242188], [-11.572911262512207, -188.35629272460938], [-33.15472412109375, -120.5808334350586], [-134.09378051757812, -52.70648956298828], [-85.67516326904297, -119.96931457519531], [-77.08889770507812, -47.044071197509766], [-8.452857971191406, -52.58173370361328], [-90.45294189453125, -162.18727111816406], [-23.984695434570312, -232.28944396972656], [-15.366663932800293, -32.74189758300781], [-41.82054138183594, -30.775989532470703], [-48.798484802246094, -34.2783317565918], [-175.78749084472656, -33.73064422607422], [-56.09263610839844, -34.97523498535156], [-63.921566009521484, -64.6383056640625], [-64.30223083496094, -21.1917724609375], [-95.73481750488281, -99.8983383178711], [-66.86150360107422, -13.098596572875977], [-108.1517333984375, -21.143465042114258], [-96.87200927734375, -274.35736083984375], [-81.44124603271484, -26.845165252685547], [-129.19073486328125, -64.74274444580078], [-112.0166015625, -33.173973083496094], [-17.350162506103516, -122.78411865234375], [-70.22049713134766, -14.537192344665527], [-76.43435668945312, -39.22488021850586], [-54.681922912597656, -334.332275390625], [-202.47923278808594, -92.20124053955078], [-69.04999542236328, -44.793128967285156], [-75.40922546386719, -135.61842346191406], [-33.34630584716797, -65.11454010009766], [-34.771209716796875, -135.2284698486328], [-88.00794982910156, -206.6462860107422], [-43.66686248779297, -59.91655731201172], [-26.111675262451172, -41.09022521972656], [-24.88664436340332, -60.460384368896484], [-77.19824981689453, -92.56385803222656], [-14.105033874511719, -11.659035682678223], [-99.59220123291016, -321.1492919921875], [-38.134002685546875, -125.23666381835938], [-88.72103881835938, -44.47471618652344], [-158.13638305664062, -152.59593200683594], [-36.371307373046875, -68.66329956054688], [-76.68339538574219, -23.74302101135254], [-94.30884552001953, -36.26896667480469], [-162.4166717529297, -289.2479248046875], [-35.73011779785156, -66.07928466796875], [-56.826255798339844, -26.986047744750977], [-52.704681396484375, -6.662010669708252], [-130.22573852539062, -76.22821807861328], [-53.91040802001953, -56.48167419433594], [-65.73841857910156, -40.83115768432617], [-25.56093406677246, -229.26071166992188], [-129.20179748535156, -166.93292236328125], [-8.866583824157715, -85.62875366210938], [-35.09047317504883, -50.322669982910156], [-174.2115936279297, -118.49191284179688], [-21.44156837463379, -154.25271606445312], [-44.5103759765625, -75.77706909179688], [-290.08258056640625, -129.4530487060547], [-31.60142707824707, -87.7901611328125], [-173.35092163085938, -59.20677185058594], [-130.64756774902344, -71.23281860351562], [-7.508027076721191, -11.443817138671875], [-75.85029602050781, -128.00018310546875], [-9.531683921813965, -29.669628143310547], [-112.86664581298828, -124.7413101196289], [-44.189178466796875, -13.767282485961914], [-14.872261047363281, -306.0091857910156], [-51.71744918823242, -36.921627044677734], [-14.105772018432617, -73.88832092285156]], "train_probs": [1.0, 1.0, 9.437596853215635e-45, 5.632961914048421e-42, 0.9950286112573717, 0.9175996506716492, 1.0, 1.726144032492461e-39, 2.581469017350813e-06, 1.0, 0.9999792964934047, 1.0, 1.256171176970753e-30, 1.0, 1.963331317755544e-41, 0.999999999999992, 0.999999999999997, 3.938701617222524e-27, 1.0, 9.714619475237549e-49, 1.0, 0.999999999999839, 3.3127646545871254e-05, 5.270030385791415e-24, 0.9999739676051501, 1.0, 0.999977754559582, 1.0, 1.2143448831286354e-17, 1.0, 1.0, 1.0, 4.5076339518206685e-36, 0.9999999999999987, 8.947416168492811e-14, 1.0, 1.0, 1.0, 0.9999999715533001, 1.5973685863043704e-05, 4.942850114171301e-07, 2.020670014936308e-62, 6.742628312260597e-10, 0.6718886631463231, 1.8939382530070767e-19, 0.984685478950778, 4.477814997411373e-24, 1.63225937953267e-38, 1.0, 1.9463609543242323e-24, 1.0246921093580292e-28, 5.742242283569438e-35, 1.0, 6.562177856431004e-25, 6.920376045244893e-17, 1.0, 1.2790175129326996e-48, 2.919958978805346e-11, 1.0, 0.9999999999999841, 1.0, 1.0, 0.999999912330775, 0.9999996874652799, 0.9999999999999996, 0.9999997877727977, 0.07973168663700989, 1.0, 1.0, 6.082277581453776e-20, 0.003909412686902777, 0.9999999999999906, 1.0192660041406291e-23, 6.217286593787879e-26, 1.0, 0.9999999999999339, 1.0978987825119914e-13, 1.009072036830305e-20, 3.541398781368253e-24, 0.9289892685491264, 1.523751106746547e-11, 1.0, 1.0, 1.0, 0.9999997574837334, 6.327761491119774e-25, 1.0, 0.9999999999999736, 1.7357240552103158e-70, 1.0, 2.6780927197491907e-50, 1.572180127454481e-26, 0.9808438613159999, 1.0, 0.9999999982044318, 0.9999930354061906, 6.136750214912824e-14, 1.0, 3.751940347672145e-07, 1.0], "test_labels": [], "test_logprobs": [], "test_probs": []}}