{"0": {"train_labels": [0, 0, 1, 1, 0, 1, 0, 1, 1, 0, 0, 0, 1, 0, 1, 0, 0, 1, 0, 1, 0, 0, 1, 1, 0, 0, 0, 0, 1, 0, 0, 0, 1, 0, 1, 0, 0, 0, 0, 1, 0, 1, 1, 0, 1, 0, 1, 1, 0, 1, 1, 1, 0, 1, 1, 0, 1, 1, 0, 0, 0, 0, 0, 0, 0, 0, 0, 0, 0, 1, 1, 0, 1, 1, 0, 0, 1, 1, 1, 0, 1, 0, 0, 0, 0, 1, 0, 0, 1, 0, 1, 1, 0, 0, 0, 1, 1, 0, 1, 0], "train_logprobs": [[-19.941152572631836, -67.9121322631836], [-59.54694366455078, -97.0567855834961], [-134.1259765625, -33.72239685058594], [-132.82119750976562, -40.82114791870117], [-105.4171142578125, -118.78960418701172], [-121.00875091552734, -101.93522644042969], [-45.57823944091797, -97.10389709472656], [-144.29934692382812, -42.057891845703125], [-71.03266143798828, -67.86893463134766], [-121.7299575805664, -162.89175415039062], [-143.60507202148438, -155.25863647460938], [-24.657306671142578, -68.49882507324219], [-81.41981506347656, -9.94478702545166], [-32.031558990478516, -141.87193298339844], [-190.39727783203125, -100.58848571777344], [-22.50086212158203, -52.33064270019531], [-257.6571044921875, -286.2872314453125], [-120.48512268066406, -59.95174789428711], [-35.07101821899414, -101.04463195800781], [-158.00360107421875, -20.485700607299805], [-141.01971435546875, -203.13632202148438], [-22.701261520385742, -52.6000862121582], [-38.98522186279297, -34.18869400024414], [-165.75669860839844, -101.86206817626953], [-27.026613235473633, -51.72435760498047], [-50.65886688232422, -88.84747314453125], [-9.43686294555664, -23.977874755859375], [-47.538291931152344, -204.8725128173828], [-52.727813720703125, -31.16606330871582], [-93.30223846435547, -144.3319091796875], [-21.37506103515625, -205.96910095214844], [-55.5737190246582, -134.3340606689453], [-143.50157165527344, -68.408447265625], [-109.31864929199219, -144.98672485351562], [-88.90284729003906, -72.68225860595703], [-6.944756031036377, -65.33732604980469], [-112.55537414550781, -191.8431854248047], [-37.86715316772461, -253.05958557128906], [-25.494543075561523, -47.41455078125], [-57.249759674072266, -39.79245376586914], [-46.547462463378906, -46.95984649658203], [-189.3927001953125, -43.363277435302734], [-62.62012481689453, -35.148590087890625], [-67.171142578125, -76.01689910888672], [-77.9463119506836, -37.55038833618164], [-105.69134521484375, -117.37954711914062], [-67.67649841308594, -26.65726089477539], [-118.76213073730469, -33.40674591064453], [-96.20549774169922, -280.6005859375], [-88.16815948486328, -33.56413650512695], [-142.48471069335938, -83.94703674316406], [-122.33112335205078, -44.519493103027344], [-25.664012908935547, -143.31744384765625], [-75.3912124633789, -14.665218353271484], [-76.89094543457031, -44.934749603271484], [-66.33113098144531, -377.5104064941406], [-222.85511779785156, -113.20126342773438], [-86.83516693115234, -62.10329055786133], [-85.98090362548828, -155.29086303710938], [-46.699188232421875, -78.89686584472656], [-52.93307113647461, -156.40859985351562], [-102.52188110351562, -220.63250732421875], [-58.47726821899414, -74.53787994384766], [-27.903331756591797, -63.461063385009766], [-41.87226486206055, -70.11492919921875], [-79.22454833984375, -102.5498275756836], [-23.393543243408203, -25.188539505004883], [-110.8469009399414, -332.5140380859375], [-50.09503173828125, -130.50131225585938], [-107.00050354003906, -52.65766525268555], [-200.0718994140625, -161.9948272705078], [-50.145206451416016, -87.09928894042969], [-92.49910736083984, -34.00048065185547], [-94.92770385742188, -47.701927185058594], [-176.89613342285156, -293.6627502441406], [-50.40821075439453, -84.38846588134766], [-69.1634292602539, -25.309297561645508], [-59.524837493896484, -29.07423973083496], [-138.98951721191406, -85.03144836425781], [-65.04717254638672, -73.17713928222656], [-65.83393859863281, -63.992122650146484], [-30.3721981048584, -243.0684051513672], [-137.3566131591797, -169.28248596191406], [-20.5483341217041, -97.53965759277344], [-57.68792724609375, -58.49702453613281], [-181.0654754638672, -132.27389526367188], [-45.06277084350586, -170.36509704589844], [-61.824432373046875, -104.41990661621094], [-304.8891296386719, -153.45664978027344], [-51.774234771728516, -110.55839538574219], [-182.7012939453125, -66.59712982177734], [-135.8341827392578, -80.99566650390625], [-24.77507209777832, -33.19482421875], [-77.68822479248047, -156.6840057373047], [-17.556684494018555, -36.33161163330078], [-126.13290405273438, -125.89891815185547], [-54.569740295410156, -15.637653350830078], [-35.6016960144043, -330.84344482421875], [-63.07040786743164, -55.067535400390625], [-27.946331024169922, -84.6839599609375]], "train_probs": [1.0, 1.0, 2.484730939451422e-44, 1.1088840272093247e-40, 0.9999984425979642, 5.205633250587201e-09, 1.0, 3.9545788362335533e-45, 0.0405537980049996, 1.0, 0.9999913120464489, 1.0, 9.094728298341095e-32, 1.0, 9.920582164417517e-40, 0.999999999999889, 0.9999999999996317, 5.136760996243727e-27, 1.0, 1.8911878292105063e-60, 1.0, 0.9999999999998965, 0.008190729440467939, 1.782028231836189e-28, 0.9999999999812108, 1.0, 0.9999995159183734, 1.0, 4.3236524410932706e-10, 1.0, 1.0, 1.0, 2.440453003280331e-33, 0.9999999999999997, 9.025843564592806e-08, 1.0, 1.0, 1.0, 0.9999999996978228, 2.620525341101495e-08, 0.6016593872853795, 3.80388606021299e-64, 1.1729082952216619e-12, 0.9998560292655259, 2.8593892680569882e-18, 0.9999916078204901, 1.533103566374963e-18, 8.523684557122183e-38, 1.0, 1.9309637915297282e-24, 3.7792987163702616e-26, 1.6100462620468066e-34, 1.0, 4.236779381287228e-27, 1.3231238193903865e-14, 1.0, 2.387460129618328e-48, 1.815860844246207e-11, 1.0, 0.9999999999999897, 1.0, 1.0, 0.9999998940831867, 0.9999999999999996, 0.9999999999994575, 0.9999999999258757, 0.8575387410791607, 1.0, 1.0, 2.5072936503924665e-24, 2.9062815242372857e-17, 0.9999999999999999, 3.9297888977799386e-26, 3.0910482736419632e-21, 1.0, 0.9999999999999981, 9.003110792915733e-20, 5.963118239794373e-14, 3.6839051964557356e-24, 0.9997055087511104, 0.13683666507086045, 1.0, 0.9999999999999863, 1.0, 0.6919171089290383, 6.457820297914547e-22, 1.0, 1.0, 1.71281168290347e-66, 1.0, 3.772265008867848e-51, 1.527337458883639e-24, 0.9997795793002241, 1.0, 0.9999999929829795, 0.4417689588912451, 1.2359743869874211e-17, 1.0, 0.000334388552092316, 1.0], "test_labels": [], "test_logprobs": [], "test_probs": []}}