{"0": {"0": {"chosen": -19.12771987915039, "rejected": -6.137655258178711}, "1": {"chosen": -14.098291397094727, "rejected": -23.008642196655273}, "2": {"chosen": -39.19368362426758, "rejected": -256.0911865234375}, "3": {"chosen": -17.171886444091797, "rejected": -24.87759780883789}, "4": {"chosen": -36.37302780151367, "rejected": -182.0547637939453}, "5": {"chosen": -122.09088897705078, "rejected": -181.24610900878906}, "6": {"chosen": -108.17568969726562, "rejected": -29.703815460205078}, "7": {"chosen": -10.391020774841309, "rejected": -23.59735107421875}, "8": {"chosen": -15.928783416748047, "rejected": -58.210384368896484}, "9": {"chosen": -8.651165008544922, "rejected": -337.97430419921875}, "10": {"chosen": -23.16547393798828, "rejected": -23.282142639160156}, "11": {"chosen": -29.024309158325195, "rejected": -311.5923156738281}, "12": {"chosen": -30.93769073486328, "rejected": -10.744823455810547}, "13": {"chosen": -106.16290283203125, "rejected": -47.778587341308594}, "14": {"chosen": -42.136932373046875, "rejected": -25.867687225341797}, "15": {"chosen": -19.78540802001953, "rejected": -31.308971405029297}, "16": {"chosen": -69.93695068359375, "rejected": -282.5619201660156}, "17": {"chosen": -56.92127990722656, "rejected": -35.25470733642578}, "18": {"chosen": -218.29635620117188, "rejected": -87.76942443847656}, "19": {"chosen": -80.5413589477539, "rejected": -42.326454162597656}, "20": {"chosen": -56.68281173706055, "rejected": -32.303070068359375}, "21": {"chosen": -23.559772491455078, "rejected": -12.689990043640137}, "22": {"chosen": -51.98291778564453, "rejected": -19.499780654907227}, "23": {"chosen": -15.42428207397461, "rejected": -60.876285552978516}, "24": {"chosen": -51.09474563598633, "rejected": -15.059920310974121}, "25": {"chosen": -115.65777587890625, "rejected": -14.028114318847656}, "26": {"chosen": -31.122390747070312, "rejected": -67.96124267578125}, "27": {"chosen": -200.5580596923828, "rejected": -148.6433563232422}, "28": {"chosen": -80.5368423461914, "rejected": -31.447385787963867}, "29": {"chosen": -11.281379699707031, "rejected": -119.69646453857422}, "30": {"chosen": -45.26945114135742, "rejected": -18.989513397216797}, "31": {"chosen": -113.1261978149414, "rejected": -181.5955352783203}, "32": {"chosen": -46.403316497802734, "rejected": -46.27402114868164}, "33": {"chosen": -79.39747619628906, "rejected": -26.382394790649414}, "34": {"chosen": -203.68081665039062, "rejected": -46.93620681762695}, "35": {"chosen": -62.938812255859375, "rejected": -89.54486083984375}, "36": {"chosen": -24.81145668029785, "rejected": -166.85980224609375}, "37": {"chosen": -29.67090606689453, "rejected": -99.86491394042969}, "38": {"chosen": -20.681379318237305, "rejected": -386.6734313964844}, "39": {"chosen": -15.406159400939941, "rejected": -135.45089721679688}, "40": {"chosen": -53.85539627075195, "rejected": -88.15193176269531}, "41": {"chosen": -133.36180114746094, "rejected": -62.614234924316406}, "42": {"chosen": -98.06642150878906, "rejected": -63.121788024902344}, "43": {"chosen": -106.70306396484375, "rejected": -48.218379974365234}, "44": {"chosen": -252.41551208496094, "rejected": -361.8978271484375}, "45": {"chosen": -124.87297058105469, "rejected": -352.4582824707031}, "46": {"chosen": -160.75367736816406, "rejected": -111.50493621826172}, "47": {"chosen": -76.58002471923828, "rejected": -134.9913330078125}, "48": {"chosen": -34.91680908203125, "rejected": -25.33374786376953}, "49": {"chosen": -127.315185546875, "rejected": -32.63103485107422}, "50": {"chosen": -98.04474639892578, "rejected": -45.066078186035156}, "51": {"chosen": -22.27546501159668, "rejected": -28.26317596435547}, "52": {"chosen": -14.605215072631836, "rejected": -33.92170333862305}, "53": {"chosen": -357.0238037109375, "rejected": -107.07308959960938}, "54": {"chosen": -24.169160842895508, "rejected": -251.31378173828125}, "55": {"chosen": -29.36762809753418, "rejected": -139.41793823242188}, "56": {"chosen": -40.16938781738281, "rejected": -263.05316162109375}, "57": {"chosen": -17.663976669311523, "rejected": -13.84405517578125}, "58": {"chosen": -100.31878662109375, "rejected": -163.86990356445312}, "59": {"chosen": -63.20245361328125, "rejected": -26.934350967407227}, "60": {"chosen": -20.087785720825195, "rejected": -35.68157958984375}, "61": {"chosen": -87.64277648925781, "rejected": -52.47057342529297}, "62": {"chosen": -159.53860473632812, "rejected": -107.63378143310547}, "63": {"chosen": -68.54020690917969, "rejected": -25.299293518066406}, "64": {"chosen": -183.05162048339844, "rejected": -182.32345581054688}, "65": {"chosen": -51.25064468383789, "rejected": -142.65185546875}, "66": {"chosen": -18.695110321044922, "rejected": -66.7884521484375}, "67": {"chosen": -16.844688415527344, "rejected": -82.84703826904297}, "68": {"chosen": -145.53973388671875, "rejected": -205.7925262451172}, "69": {"chosen": -19.80405616760254, "rejected": -15.248210906982422}, "70": {"chosen": -22.79749870300293, "rejected": -26.213483810424805}, "71": {"chosen": -43.056983947753906, "rejected": -208.74356079101562}, "72": {"chosen": -21.643253326416016, "rejected": -190.5163116455078}, "73": {"chosen": -2.8255295753479004, "rejected": -6.991501808166504}, "74": {"chosen": -53.52421951293945, "rejected": -29.3055477142334}, "75": {"chosen": -37.6368522644043, "rejected": -471.182373046875}, "76": {"chosen": -14.873238563537598, "rejected": -10.32570743560791}, "77": {"chosen": -105.16757202148438, "rejected": -103.54313659667969}, "78": {"chosen": -68.28700256347656, "rejected": -46.580726623535156}, "79": {"chosen": -127.91091918945312, "rejected": -18.684370040893555}, "80": {"chosen": -7.0724663734436035, "rejected": -11.663750648498535}, "81": {"chosen": -41.13954544067383, "rejected": -25.910043716430664}, "82": {"chosen": -25.126955032348633, "rejected": -28.8493595123291}, "83": {"chosen": -92.85887145996094, "rejected": -174.2944793701172}, "84": {"chosen": -44.43925476074219, "rejected": -32.80152893066406}, "85": {"chosen": -44.87556838989258, "rejected": -272.9190673828125}, "86": {"chosen": -137.42364501953125, "rejected": -43.52170944213867}, "87": {"chosen": -4.823966979980469, "rejected": -71.07160949707031}, "88": {"chosen": -41.806644439697266, "rejected": -124.96292114257812}, "89": {"chosen": -53.64055252075195, "rejected": -73.258544921875}, "90": {"chosen": -38.50676727294922, "rejected": -54.79011917114258}, "91": {"chosen": -61.24378967285156, "rejected": -44.84681701660156}, "92": {"chosen": -22.58405303955078, "rejected": -38.586978912353516}, "93": {"chosen": -102.45362854003906, "rejected": -107.78079223632812}, "94": {"chosen": -4.169806480407715, "rejected": -14.38685417175293}, "95": {"chosen": -10.635482788085938, "rejected": -95.09367370605469}, "96": {"chosen": -21.064035415649414, "rejected": -13.391435623168945}, "97": {"chosen": -100.41362762451172, "rejected": -83.12952423095703}, "98": {"chosen": -15.82540225982666, "rejected": -62.99413299560547}, "99": {"chosen": -77.41156005859375, "rejected": -44.296913146972656}}}