{"0": {"0": {"chosen": -22.426164627075195, "rejected": -7.369572639465332}, "1": {"chosen": -16.611942291259766, "rejected": -24.80324935913086}, "2": {"chosen": -38.99892044067383, "rejected": -258.9727783203125}, "3": {"chosen": -20.075918197631836, "rejected": -25.954259872436523}, "4": {"chosen": -39.65632629394531, "rejected": -181.21397399902344}, "5": {"chosen": -124.96121978759766, "rejected": -183.13095092773438}, "6": {"chosen": -104.82179260253906, "rejected": -30.067413330078125}, "7": {"chosen": -11.918293952941895, "rejected": -26.35260009765625}, "8": {"chosen": -16.502532958984375, "rejected": -57.91177749633789}, "9": {"chosen": -10.589179992675781, "rejected": -337.67864990234375}, "10": {"chosen": -19.987550735473633, "rejected": -20.427156448364258}, "11": {"chosen": -27.847679138183594, "rejected": -313.1400451660156}, "12": {"chosen": -32.542877197265625, "rejected": -11.070394515991211}, "13": {"chosen": -105.4524917602539, "rejected": -48.27399444580078}, "14": {"chosen": -44.43117141723633, "rejected": -29.844573974609375}, "15": {"chosen": -21.052310943603516, "rejected": -31.965717315673828}, "16": {"chosen": -73.14698791503906, "rejected": -290.2196044921875}, "17": {"chosen": -58.819522857666016, "rejected": -38.03076934814453}, "18": {"chosen": -221.1236114501953, "rejected": -88.7658920288086}, "19": {"chosen": -81.27473449707031, "rejected": -43.4248161315918}, "20": {"chosen": -58.64907455444336, "rejected": -31.427570343017578}, "21": {"chosen": -25.18332862854004, "rejected": -14.773277282714844}, "22": {"chosen": -51.85491943359375, "rejected": -20.02654266357422}, "23": {"chosen": -13.656258583068848, "rejected": -59.53106689453125}, "24": {"chosen": -50.41756057739258, "rejected": -13.97414779663086}, "25": {"chosen": -117.08241271972656, "rejected": -16.935474395751953}, "26": {"chosen": -31.701976776123047, "rejected": -69.09903717041016}, "27": {"chosen": -198.03271484375, "rejected": -148.5238037109375}, "28": {"chosen": -79.21190643310547, "rejected": -28.81948471069336}, "29": {"chosen": -13.5188627243042, "rejected": -119.90044403076172}, "30": {"chosen": -44.63957214355469, "rejected": -18.13041877746582}, "31": {"chosen": -108.82954406738281, "rejected": -182.48623657226562}, "32": {"chosen": -50.59687805175781, "rejected": -49.5959358215332}, "33": {"chosen": -81.61620330810547, "rejected": -24.638385772705078}, "34": {"chosen": -202.82546997070312, "rejected": -48.044734954833984}, "35": {"chosen": -62.33406448364258, "rejected": -89.6424331665039}, "36": {"chosen": -24.79499053955078, "rejected": -165.82965087890625}, "37": {"chosen": -29.407907485961914, "rejected": -102.0312728881836}, "38": {"chosen": -20.726991653442383, "rejected": -388.49249267578125}, "39": {"chosen": -17.545494079589844, "rejected": -133.53054809570312}, "40": {"chosen": -55.12754821777344, "rejected": -89.60348510742188}, "41": {"chosen": -131.94564819335938, "rejected": -65.24376678466797}, "42": {"chosen": -96.37042236328125, "rejected": -63.232330322265625}, "43": {"chosen": -110.73565673828125, "rejected": -48.819122314453125}, "44": {"chosen": -251.25758361816406, "rejected": -364.86016845703125}, "45": {"chosen": -125.00154876708984, "rejected": -351.46160888671875}, "46": {"chosen": -161.3218231201172, "rejected": -115.58667755126953}, "47": {"chosen": -75.78883361816406, "rejected": -137.2142791748047}, "48": {"chosen": -37.23999786376953, "rejected": -25.997806549072266}, "49": {"chosen": -128.15435791015625, "rejected": -33.63295364379883}, "50": {"chosen": -99.95817565917969, "rejected": -45.45075988769531}, "51": {"chosen": -24.611682891845703, "rejected": -28.832719802856445}, "52": {"chosen": -16.92508888244629, "rejected": -34.78786087036133}, "53": {"chosen": -357.8760070800781, "rejected": -105.35197448730469}, "54": {"chosen": -22.719432830810547, "rejected": -257.34857177734375}, "55": {"chosen": -34.82653045654297, "rejected": -144.85633850097656}, "56": {"chosen": -42.042179107666016, "rejected": -267.52899169921875}, "57": {"chosen": -17.357746124267578, "rejected": -18.307926177978516}, "58": {"chosen": -101.27921295166016, "rejected": -164.0165557861328}, "59": {"chosen": -68.3439712524414, "rejected": -28.443361282348633}, "60": {"chosen": -22.52383041381836, "rejected": -37.245635986328125}, "61": {"chosen": -86.48396301269531, "rejected": -52.15532684326172}, "62": {"chosen": -156.60426330566406, "rejected": -106.37503051757812}, "63": {"chosen": -69.37979888916016, "rejected": -31.02995491027832}, "64": {"chosen": -183.77261352539062, "rejected": -183.51678466796875}, "65": {"chosen": -56.77811050415039, "rejected": -142.80361938476562}, "66": {"chosen": -20.993087768554688, "rejected": -71.54598999023438}, "67": {"chosen": -19.282838821411133, "rejected": -84.2728271484375}, "68": {"chosen": -147.89141845703125, "rejected": -209.2859344482422}, "69": {"chosen": -21.654205322265625, "rejected": -18.71868896484375}, "70": {"chosen": -24.81572914123535, "rejected": -28.968759536743164}, "71": {"chosen": -45.79901123046875, "rejected": -211.3565216064453}, "72": {"chosen": -23.439334869384766, "rejected": -198.2183380126953}, "73": {"chosen": -3.0347437858581543, "rejected": -7.986393928527832}, "74": {"chosen": -54.73382568359375, "rejected": -30.615095138549805}, "75": {"chosen": -39.70273208618164, "rejected": -475.6456604003906}, "76": {"chosen": -16.997426986694336, "rejected": -13.153594017028809}, "77": {"chosen": -105.68626403808594, "rejected": -102.82744598388672}, "78": {"chosen": -71.15733337402344, "rejected": -45.58938217163086}, "79": {"chosen": -128.64584350585938, "rejected": -20.847509384155273}, "80": {"chosen": -7.789418697357178, "rejected": -15.364124298095703}, "81": {"chosen": -39.68551254272461, "rejected": -23.580629348754883}, "82": {"chosen": -27.83180046081543, "rejected": -26.82854461669922}, "83": {"chosen": -94.16358947753906, "rejected": -175.40866088867188}, "84": {"chosen": -45.76029586791992, "rejected": -34.44062042236328}, "85": {"chosen": -45.05830001831055, "rejected": -269.637939453125}, "86": {"chosen": -137.34710693359375, "rejected": -40.222862243652344}, "87": {"chosen": -5.425796985626221, "rejected": -77.92642974853516}, "88": {"chosen": -44.31216049194336, "rejected": -129.24832153320312}, "89": {"chosen": -58.15645980834961, "rejected": -74.46404266357422}, "90": {"chosen": -38.08879852294922, "rejected": -55.447322845458984}, "91": {"chosen": -65.27037811279297, "rejected": -45.491615295410156}, "92": {"chosen": -24.589672088623047, "rejected": -39.14283752441406}, "93": {"chosen": -108.34967803955078, "rejected": -108.76161193847656}, "94": {"chosen": -5.269449710845947, "rejected": -17.488359451293945}, "95": {"chosen": -11.606749534606934, "rejected": -95.20944213867188}, "96": {"chosen": -18.649442672729492, "rejected": -12.378467559814453}, "97": {"chosen": -101.05528259277344, "rejected": -86.39987182617188}, "98": {"chosen": -16.327911376953125, "rejected": -63.07820129394531}, "99": {"chosen": -76.12535095214844, "rejected": -44.89540100097656}}}