{"0": {"chosen": -20.083602905273438, "rejected": -1.2263462543487549, "n_evaluated": 1}, "1": {"chosen": -8.417255401611328, "rejected": -16.128684997558594, "n_evaluated": 1}, "2": {"chosen": -40.0363655090332, "rejected": -260.14202880859375, "n_evaluated": 1}, "3": {"chosen": -10.24914836883545, "rejected": -22.996395111083984, "n_evaluated": 1}, "4": {"chosen": -34.982872009277344, "rejected": -186.10110473632812, "n_evaluated": 1}, "5": {"chosen": -132.66754150390625, "rejected": -176.8340301513672, "n_evaluated": 1}, "6": {"chosen": -102.0926513671875, "rejected": -27.636341094970703, "n_evaluated": 1}, "7": {"chosen": -5.609184741973877, "rejected": -25.65568733215332, "n_evaluated": 1}, "8": {"chosen": -10.392641067504883, "rejected": -59.15583801269531, "n_evaluated": 1}, "9": {"chosen": -7.976950168609619, "rejected": -338.7939147949219, "n_evaluated": 1}, "10": {"chosen": -16.107288360595703, "rejected": -20.319026947021484, "n_evaluated": 1}, "11": {"chosen": -26.667203903198242, "rejected": -301.53814697265625, "n_evaluated": 1}, "12": {"chosen": -30.462833404541016, "rejected": -5.3618903160095215, "n_evaluated": 1}, "13": {"chosen": -94.71300506591797, "rejected": -39.240997314453125, "n_evaluated": 1}, "14": {"chosen": -35.818084716796875, "rejected": -24.88578224182129, "n_evaluated": 1}, "15": {"chosen": -17.649166107177734, "rejected": -25.802762985229492, "n_evaluated": 1}, "16": {"chosen": -72.30815887451172, "rejected": -276.9563293457031, "n_evaluated": 1}, "17": {"chosen": -48.75441360473633, "rejected": -30.226032257080078, "n_evaluated": 1}, "18": {"chosen": -218.05035400390625, "rejected": -81.41304779052734, "n_evaluated": 1}, "19": {"chosen": -72.02918243408203, "rejected": -33.22593688964844, "n_evaluated": 1}, "20": {"chosen": -51.75172424316406, "rejected": -30.790714263916016, "n_evaluated": 1}, "21": {"chosen": -17.24070167541504, "rejected": -12.562519073486328, "n_evaluated": 1}, "22": {"chosen": -47.89904022216797, "rejected": -19.191526412963867, "n_evaluated": 1}, "23": {"chosen": -12.425366401672363, "rejected": -62.488067626953125, "n_evaluated": 1}, "24": {"chosen": -40.89460754394531, "rejected": -12.981467247009277, "n_evaluated": 1}, "25": {"chosen": -103.35154724121094, "rejected": -5.402501583099365, "n_evaluated": 1}, "26": {"chosen": -28.13899040222168, "rejected": -65.7005615234375, "n_evaluated": 1}, "27": {"chosen": -201.47337341308594, "rejected": -143.12295532226562, "n_evaluated": 1}, "28": {"chosen": -73.70679473876953, "rejected": -22.705507278442383, "n_evaluated": 1}, "29": {"chosen": -3.2585997581481934, "rejected": -120.62789916992188, "n_evaluated": 1}, "30": {"chosen": -43.6282844543457, "rejected": -18.53900909423828, "n_evaluated": 1}, "31": {"chosen": -107.1357192993164, "rejected": -174.6636962890625, "n_evaluated": 1}, "32": {"chosen": -45.73526382446289, "rejected": -41.876930236816406, "n_evaluated": 1}, "33": {"chosen": -66.6973876953125, "rejected": -26.832164764404297, "n_evaluated": 1}, "34": {"chosen": -199.31350708007812, "rejected": -49.26612854003906, "n_evaluated": 1}, "35": {"chosen": -57.75855255126953, "rejected": -82.53868103027344, "n_evaluated": 1}, "36": {"chosen": -23.511611938476562, "rejected": -166.1849822998047, "n_evaluated": 1}, "37": {"chosen": -27.860767364501953, "rejected": -91.20114135742188, "n_evaluated": 1}, "38": {"chosen": -21.025135040283203, "rejected": -384.8052978515625, "n_evaluated": 1}, "39": {"chosen": -10.694806098937988, "rejected": -131.65892028808594, "n_evaluated": 1}, "40": {"chosen": -56.46038055419922, "rejected": -84.72972106933594, "n_evaluated": 1}, "41": {"chosen": -126.32937622070312, "rejected": -63.653564453125, "n_evaluated": 1}, "42": {"chosen": -93.13165283203125, "rejected": -58.892799377441406, "n_evaluated": 1}, "43": {"chosen": -104.92292785644531, "rejected": -47.489925384521484, "n_evaluated": 1}, "44": {"chosen": -251.62387084960938, "rejected": -353.3466796875, "n_evaluated": 1}, "45": {"chosen": -122.16293334960938, "rejected": -346.5862121582031, "n_evaluated": 1}, "46": {"chosen": -162.80136108398438, "rejected": -106.93834686279297, "n_evaluated": 1}, "47": {"chosen": -78.2741928100586, "rejected": -135.10629272460938, "n_evaluated": 1}, "48": {"chosen": -34.20342254638672, "rejected": -23.861286163330078, "n_evaluated": 1}, "49": {"chosen": -121.03244018554688, "rejected": -29.79137420654297, "n_evaluated": 1}, "50": {"chosen": -92.13504791259766, "rejected": -44.167808532714844, "n_evaluated": 1}, "51": {"chosen": -16.080162048339844, "rejected": -21.03131866455078, "n_evaluated": 1}, "52": {"chosen": -13.35016918182373, "rejected": -28.365049362182617, "n_evaluated": 1}, "53": {"chosen": -356.7105712890625, "rejected": -104.62291717529297, "n_evaluated": 1}, "54": {"chosen": -22.426700592041016, "rejected": -262.6656494140625, "n_evaluated": 1}, "55": {"chosen": -27.649206161499023, "rejected": -140.24925231933594, "n_evaluated": 1}, "56": {"chosen": -36.2132568359375, "rejected": -267.4708251953125, "n_evaluated": 1}, "57": {"chosen": -10.668304443359375, "rejected": -9.630975723266602, "n_evaluated": 1}, "58": {"chosen": -99.52548217773438, "rejected": -169.73348999023438, "n_evaluated": 1}, "59": {"chosen": -62.4834098815918, "rejected": -25.82400894165039, "n_evaluated": 1}, "60": {"chosen": -12.502068519592285, "rejected": -32.06264877319336, "n_evaluated": 1}, "61": {"chosen": -77.29036712646484, "rejected": -56.59984588623047, "n_evaluated": 1}, "62": {"chosen": -151.75030517578125, "rejected": -107.75813293457031, "n_evaluated": 1}, "63": {"chosen": -72.4718246459961, "rejected": -21.043697357177734, "n_evaluated": 1}, "64": {"chosen": -173.8035888671875, "rejected": -169.90509033203125, "n_evaluated": 1}, "65": {"chosen": -45.92498779296875, "rejected": -136.3852081298828, "n_evaluated": 1}, "66": {"chosen": -12.955039024353027, "rejected": -68.5617446899414, "n_evaluated": 1}, "67": {"chosen": -14.392019271850586, "rejected": -79.75562286376953, "n_evaluated": 1}, "68": {"chosen": -139.00697326660156, "rejected": -200.6539306640625, "n_evaluated": 1}, "69": {"chosen": -19.247264862060547, "rejected": -13.749180793762207, "n_evaluated": 1}, "70": {"chosen": -19.16682243347168, "rejected": -25.365232467651367, "n_evaluated": 1}, "71": {"chosen": -41.320858001708984, "rejected": -208.44418334960938, "n_evaluated": 1}, "72": {"chosen": -19.573455810546875, "rejected": -183.26275634765625, "n_evaluated": 1}, "73": {"chosen": -3.8054378032684326, "rejected": -7.896530628204346, "n_evaluated": 1}, "74": {"chosen": -57.01569366455078, "rejected": -30.28286361694336, "n_evaluated": 1}, "75": {"chosen": -40.553627014160156, "rejected": -468.749267578125, "n_evaluated": 1}, "76": {"chosen": -8.455907821655273, "rejected": -5.98249626159668, "n_evaluated": 1}, "77": {"chosen": -104.36165618896484, "rejected": -104.08146667480469, "n_evaluated": 1}, "78": {"chosen": -63.48260498046875, "rejected": -40.59868621826172, "n_evaluated": 1}, "79": {"chosen": -121.39028930664062, "rejected": -15.780582427978516, "n_evaluated": 1}, "80": {"chosen": -8.151426315307617, "rejected": -5.934408187866211, "n_evaluated": 1}, "81": {"chosen": -36.43305587768555, "rejected": -19.19215965270996, "n_evaluated": 1}, "82": {"chosen": -25.44806671142578, "rejected": -26.10433006286621, "n_evaluated": 1}, "83": {"chosen": -84.42213439941406, "rejected": -171.70907592773438, "n_evaluated": 1}, "84": {"chosen": -41.087310791015625, "rejected": -32.59375762939453, "n_evaluated": 1}, "85": {"chosen": -40.97622299194336, "rejected": -263.46905517578125, "n_evaluated": 1}, "86": {"chosen": -139.52383422851562, "rejected": -37.14287567138672, "n_evaluated": 1}, "87": {"chosen": -3.834638833999634, "rejected": -73.13545227050781, "n_evaluated": 1}, "88": {"chosen": -40.68931579589844, "rejected": -121.60177612304688, "n_evaluated": 1}, "89": {"chosen": -48.23271942138672, "rejected": -65.6654052734375, "n_evaluated": 1},