{"0": {"0": {"chosen": -20.76251220703125, "rejected": -5.982712745666504}, "1": {"chosen": -15.923299789428711, "rejected": -24.52138900756836}, "2": {"chosen": -41.45817184448242, "rejected": -255.06744384765625}, "3": {"chosen": -19.41010856628418, "rejected": -23.165077209472656}, "4": {"chosen": -39.04933166503906, "rejected": -178.9301300048828}, "5": {"chosen": -121.85336303710938, "rejected": -183.18923950195312}, "6": {"chosen": -107.1644058227539, "rejected": -31.10959815979004}, "7": {"chosen": -11.390181541442871, "rejected": -23.757244110107422}, "8": {"chosen": -16.48931121826172, "rejected": -58.57921600341797}, "9": {"chosen": -9.12369441986084, "rejected": -336.9912414550781}, "10": {"chosen": -19.942283630371094, "rejected": -24.55057144165039}, "11": {"chosen": -29.304250717163086, "rejected": -315.3312683105469}, "12": {"chosen": -30.129745483398438, "rejected": -10.223685264587402}, "13": {"chosen": -104.51921844482422, "rejected": -46.665122985839844}, "14": {"chosen": -44.127113342285156, "rejected": -27.798015594482422}, "15": {"chosen": -20.10969352722168, "rejected": -33.220542907714844}, "16": {"chosen": -69.50398254394531, "rejected": -282.360107421875}, "17": {"chosen": -57.130069732666016, "rejected": -37.626651763916016}, "18": {"chosen": -218.3993377685547, "rejected": -86.46390533447266}, "19": {"chosen": -82.96842956542969, "rejected": -44.01470184326172}, "20": {"chosen": -56.22345733642578, "rejected": -33.28302001953125}, "21": {"chosen": -26.682861328125, "rejected": -14.097990989685059}, "22": {"chosen": -52.29680633544922, "rejected": -20.523630142211914}, "23": {"chosen": -15.1683988571167, "rejected": -60.38425827026367}, "24": {"chosen": -52.98088455200195, "rejected": -16.075450897216797}, "25": {"chosen": -118.89066314697266, "rejected": -16.753503799438477}, "26": {"chosen": -31.094253540039062, "rejected": -68.72454833984375}, "27": {"chosen": -199.24594116210938, "rejected": -146.57608032226562}, "28": {"chosen": -82.38461303710938, "rejected": -31.92539405822754}, "29": {"chosen": -12.26480770111084, "rejected": -116.220458984375}, "30": {"chosen": -45.009071350097656, "rejected": -17.703964233398438}, "31": {"chosen": -113.20955657958984, "rejected": -180.05516052246094}, "32": {"chosen": -50.15626907348633, "rejected": -45.275299072265625}, "33": {"chosen": -80.87911224365234, "rejected": -26.80451202392578}, "34": {"chosen": -202.99472045898438, "rejected": -46.72331237792969}, "35": {"chosen": -62.61321258544922, "rejected": -89.11219787597656}, "36": {"chosen": -25.98543357849121, "rejected": -166.67575073242188}, "37": {"chosen": -30.3480224609375, "rejected": -100.18887329101562}, "38": {"chosen": -20.90962791442871, "rejected": -387.35162353515625}, "39": {"chosen": -16.706392288208008, "rejected": -133.6864471435547}, "40": {"chosen": -53.36418151855469, "rejected": -88.6996841430664}, "41": {"chosen": -133.15240478515625, "rejected": -64.30684661865234}, "42": {"chosen": -98.11258697509766, "rejected": -61.82640838623047}, "43": {"chosen": -107.7066421508789, "rejected": -47.46022033691406}, "44": {"chosen": -253.22286987304688, "rejected": -365.77105712890625}, "45": {"chosen": -124.10552978515625, "rejected": -350.7015380859375}, "46": {"chosen": -158.81109619140625, "rejected": -113.35490417480469}, "47": {"chosen": -78.0599594116211, "rejected": -136.4406280517578}, "48": {"chosen": -37.29170608520508, "rejected": -25.370288848876953}, "49": {"chosen": -128.85333251953125, "rejected": -33.678104400634766}, "50": {"chosen": -99.067626953125, "rejected": -45.308433532714844}, "51": {"chosen": -22.461467742919922, "rejected": -28.672618865966797}, "52": {"chosen": -16.66403579711914, "rejected": -33.131126403808594}, "53": {"chosen": -355.9749450683594, "rejected": -106.51499938964844}, "54": {"chosen": -26.164318084716797, "rejected": -256.6831970214844}, "55": {"chosen": -30.932802200317383, "rejected": -142.12306213378906}, "56": {"chosen": -41.1589469909668, "rejected": -263.5714111328125}, "57": {"chosen": -17.89015769958496, "rejected": -16.007266998291016}, "58": {"chosen": -98.8368148803711, "rejected": -162.14605712890625}, "59": {"chosen": -63.819454193115234, "rejected": -26.50635528564453}, "60": {"chosen": -22.921062469482422, "rejected": -34.395931243896484}, "61": {"chosen": -88.16316986083984, "rejected": -52.88876724243164}, "62": {"chosen": -159.5780792236328, "rejected": -107.14689636230469}, "63": {"chosen": -69.82144927978516, "rejected": -29.598491668701172}, "64": {"chosen": -187.04608154296875, "rejected": -184.3318634033203}, "65": {"chosen": -52.461578369140625, "rejected": -140.1927032470703}, "66": {"chosen": -19.70113754272461, "rejected": -65.59526824951172}, "67": {"chosen": -18.34807586669922, "rejected": -84.1148910522461}, "68": {"chosen": -144.21083068847656, "rejected": -204.97616577148438}, "69": {"chosen": -20.911945343017578, "rejected": -15.96048641204834}, "70": {"chosen": -23.476713180541992, "rejected": -26.73526382446289}, "71": {"chosen": -45.80282211303711, "rejected": -211.04483032226562}, "72": {"chosen": -22.433507919311523, "rejected": -191.57948303222656}, "73": {"chosen": -2.6130871772766113, "rejected": -6.782563209533691}, "74": {"chosen": -54.03691864013672, "rejected": -29.930070877075195}, "75": {"chosen": -36.5145263671875, "rejected": -472.72296142578125}, "76": {"chosen": -16.625167846679688, "rejected": -13.253385543823242}, "77": {"chosen": -106.02686309814453, "rejected": -103.12104034423828}, "78": {"chosen": -68.44183349609375, "rejected": -47.254756927490234}, "79": {"chosen": -132.4032745361328, "rejected": -21.020179748535156}, "80": {"chosen": -7.212120532989502, "rejected": -12.380730628967285}, "81": {"chosen": -40.359588623046875, "rejected": -26.542049407958984}, "82": {"chosen": -26.51087188720703, "rejected": -29.568721771240234}, "83": {"chosen": -91.93521881103516, "rejected": -174.23318481445312}, "84": {"chosen": -43.6919059753418, "rejected": -32.493648529052734}, "85": {"chosen": -47.11894989013672, "rejected": -272.58831787109375}, "86": {"chosen": -137.14898681640625, "rejected": -42.5034065246582}, "87": {"chosen": -4.504576206207275, "rejected": -73.06395721435547}, "88": {"chosen": -43.933616638183594, "rejected": -126.16120910644531}, "89": {"chosen": -55.404991149902344, "rejected": -72.8935317993164}, "90": {"chosen": -36.26457595825195, "rejected": -53.076934814453125}, "91": {"chosen": -62.33643341064453, "rejected": -43.786842346191406}, "92": {"chosen": -22.943302154541016, "rejected": -39.968910217285156}, "93": {"chosen": -103.3336181640625, "rejected": -107.5945053100586}, "94": {"chosen": -4.759697914123535, "rejected": -15.987757682800293}, "95": {"chosen": -10.653751373291016, "rejected": -93.8446044921875}, "96": {"chosen": -20.789024353027344, "rejected": -15.177591323852539}, "97": {"chosen": -99.85423278808594, "rejected": -83.63431549072266}, "98": {"chosen": -16.47433853149414, "rejected": -62.87446594238281}, "99": {"chosen": -76.77500915527344, "rejected": -44.77817916870117}}}