{"0": {"0": {"chosen": -20.41444206237793, "rejected": -6.774980545043945}, "1": {"chosen": -15.316123962402344, "rejected": -23.71600914001465}, "2": {"chosen": -38.302955627441406, "rejected": -254.670166015625}, "3": {"chosen": -19.951026916503906, "rejected": -24.845012664794922}, "4": {"chosen": -37.39438247680664, "rejected": -181.39385986328125}, "5": {"chosen": -122.44657897949219, "rejected": -179.7581787109375}, "6": {"chosen": -104.70724487304688, "rejected": -28.075817108154297}, "7": {"chosen": -10.539737701416016, "rejected": -24.139238357543945}, "8": {"chosen": -16.006023406982422, "rejected": -58.99095153808594}, "9": {"chosen": -9.606324195861816, "rejected": -337.91015625}, "10": {"chosen": -20.662832260131836, "rejected": -23.658212661743164}, "11": {"chosen": -29.294902801513672, "rejected": -315.42681884765625}, "12": {"chosen": -29.95656394958496, "rejected": -10.543585777282715}, "13": {"chosen": -104.40233612060547, "rejected": -45.11800765991211}, "14": {"chosen": -41.8459358215332, "rejected": -26.9752197265625}, "15": {"chosen": -20.857391357421875, "rejected": -32.31951904296875}, "16": {"chosen": -67.54496765136719, "rejected": -281.15362548828125}, "17": {"chosen": -56.30956268310547, "rejected": -36.45049285888672}, "18": {"chosen": -218.9376678466797, "rejected": -86.76648712158203}, "19": {"chosen": -81.50650787353516, "rejected": -41.77566909790039}, "20": {"chosen": -53.224037170410156, "rejected": -31.998146057128906}, "21": {"chosen": -26.590787887573242, "rejected": -14.327388763427734}, "22": {"chosen": -52.02149200439453, "rejected": -19.759855270385742}, "23": {"chosen": -14.939130783081055, "rejected": -60.535423278808594}, "24": {"chosen": -51.25725173950195, "rejected": -15.209693908691406}, "25": {"chosen": -115.60649871826172, "rejected": -15.77371883392334}, "26": {"chosen": -30.380430221557617, "rejected": -68.3467788696289}, "27": {"chosen": -197.95021057128906, "rejected": -146.5922393798828}, "28": {"chosen": -80.57621765136719, "rejected": -30.84566307067871}, "29": {"chosen": -11.59498405456543, "rejected": -115.35225677490234}, "30": {"chosen": -44.752017974853516, "rejected": -18.171321868896484}, "31": {"chosen": -111.91773223876953, "rejected": -180.25917053222656}, "32": {"chosen": -47.29093933105469, "rejected": -45.424530029296875}, "33": {"chosen": -80.21163940429688, "rejected": -27.483308792114258}, "34": {"chosen": -203.1665496826172, "rejected": -48.06029510498047}, "35": {"chosen": -63.278568267822266, "rejected": -89.47869110107422}, "36": {"chosen": -25.660245895385742, "rejected": -167.50025939941406}, "37": {"chosen": -29.76642417907715, "rejected": -99.8115463256836}, "38": {"chosen": -21.08612060546875, "rejected": -389.3194274902344}, "39": {"chosen": -16.107946395874023, "rejected": -133.39125061035156}, "40": {"chosen": -52.724361419677734, "rejected": -88.5580825805664}, "41": {"chosen": -133.1448211669922, "rejected": -63.160831451416016}, "42": {"chosen": -98.31620788574219, "rejected": -62.975547790527344}, "43": {"chosen": -106.86394500732422, "rejected": -48.31490707397461}, "44": {"chosen": -252.22647094726562, "rejected": -362.44921875}, "45": {"chosen": -124.73611450195312, "rejected": -350.6387634277344}, "46": {"chosen": -160.1859893798828, "rejected": -112.09313201904297}, "47": {"chosen": -77.02713012695312, "rejected": -136.00149536132812}, "48": {"chosen": -36.40353012084961, "rejected": -25.427303314208984}, "49": {"chosen": -127.74608612060547, "rejected": -30.62611961364746}, "50": {"chosen": -99.33549499511719, "rejected": -44.61888885498047}, "51": {"chosen": -21.76991081237793, "rejected": -27.507568359375}, "52": {"chosen": -15.645875930786133, "rejected": -32.98208236694336}, "53": {"chosen": -357.2176818847656, "rejected": -108.11902618408203}, "54": {"chosen": -26.51457977294922, "rejected": -254.77755737304688}, "55": {"chosen": -29.86777114868164, "rejected": -142.8087921142578}, "56": {"chosen": -41.10263442993164, "rejected": -262.7525939941406}, "57": {"chosen": -16.972583770751953, "rejected": -15.233470916748047}, "58": {"chosen": -100.14949798583984, "rejected": -163.600341796875}, "59": {"chosen": -64.27052307128906, "rejected": -28.368690490722656}, "60": {"chosen": -22.516590118408203, "rejected": -35.66481018066406}, "61": {"chosen": -87.69686126708984, "rejected": -54.05603790283203}, "62": {"chosen": -158.0524444580078, "rejected": -109.94576263427734}, "63": {"chosen": -68.15504455566406, "rejected": -27.024951934814453}, "64": {"chosen": -185.24972534179688, "rejected": -184.37991333007812}, "65": {"chosen": -51.21953582763672, "rejected": -139.79336547851562}, "66": {"chosen": -19.002225875854492, "rejected": -67.81996154785156}, "67": {"chosen": -17.747234344482422, "rejected": -83.02395629882812}, "68": {"chosen": -146.42832946777344, "rejected": -205.65419006347656}, "69": {"chosen": -20.83282470703125, "rejected": -16.587947845458984}, "70": {"chosen": -23.39018440246582, "rejected": -27.079179763793945}, "71": {"chosen": -44.76313018798828, "rejected": -210.21376037597656}, "72": {"chosen": -22.00935935974121, "rejected": -191.16064453125}, "73": {"chosen": -3.1327009201049805, "rejected": -7.7905120849609375}, "74": {"chosen": -54.691505432128906, "rejected": -29.585092544555664}, "75": {"chosen": -38.76008605957031, "rejected": -470.16259765625}, "76": {"chosen": -15.729421615600586, "rejected": -12.076186180114746}, "77": {"chosen": -105.6898193359375, "rejected": -102.62999725341797}, "78": {"chosen": -70.22962188720703, "rejected": -46.03873825073242}, "79": {"chosen": -130.03538513183594, "rejected": -19.581592559814453}, "80": {"chosen": -6.738762855529785, "rejected": -13.343528747558594}, "81": {"chosen": -40.591304779052734, "rejected": -26.484363555908203}, "82": {"chosen": -27.124515533447266, "rejected": -28.963886260986328}, "83": {"chosen": -92.02574920654297, "rejected": -174.67173767089844}, "84": {"chosen": -40.93933868408203, "rejected": -31.792428970336914}, "85": {"chosen": -45.792076110839844, "rejected": -270.94427490234375}, "86": {"chosen": -136.53672790527344, "rejected": -43.429290771484375}, "87": {"chosen": -3.7987351417541504, "rejected": -68.18508911132812}, "88": {"chosen": -44.76676940917969, "rejected": -126.77105712890625}, "89": {"chosen": -54.53773498535156, "rejected": -73.0357666015625}, "90": {"chosen": -37.93354034423828, "rejected": -53.015960693359375}, "91": {"chosen": -60.262081146240234, "rejected": -43.775352478027344}, "92": {"chosen": -23.37785530090332, "rejected": -38.98388671875}, "93": {"chosen": -105.17446899414062, "rejected": -107.74021911621094}, "94": {"chosen": -4.916754722595215, "rejected": -15.274335861206055}, "95": {"chosen": -10.240228652954102, "rejected": -93.55315399169922}, "96": {"chosen": -18.857744216918945, "rejected": -14.89388370513916}, "97": {"chosen": -99.68392944335938, "rejected": -83.58407592773438}, "98": {"chosen": -15.095799446105957, "rejected": -60.79105758666992}, "99": {"chosen": -76.90730285644531, "rejected": -43.124027252197266}}}