{"0": {"train_labels": [0, 0, 1, 1, 0, 1, 0, 1, 1, 0, 1, 0, 1, 0, 1, 0, 0, 1, 0, 1, 0, 0, 1, 1, 1, 0, 0, 0, 1, 0, 0, 0, 1, 0, 1, 0, 0, 0, 0, 1, 1, 1, 1, 1, 1, 0, 1, 1, 0, 1, 1, 1, 0, 1, 1, 0, 1, 1, 0, 0, 0, 0, 0, 0, 0, 0, 1, 0, 0, 1, 1, 0, 1, 1, 0, 0, 1, 1, 1, 0, 1, 0, 0, 0, 0, 1, 0, 0, 1, 0, 1, 1, 0, 0, 0, 0, 1, 0, 1, 0], "train_logprobs": [[-9.516109466552734, -110.56474304199219], [-112.8072738647461, -171.51077270507812], [-197.9096221923828, -39.964813232421875], [-265.09234619140625, -41.42395782470703], [-205.70028686523438, -224.2935333251953], [-183.45150756835938, -178.5672149658203], [-41.91819763183594, -135.6016845703125], [-249.3815155029297, -59.35356903076172], [-153.92930603027344, -117.28570556640625], [-299.7648010253906, -329.14410400390625], [-300.43585205078125, -290.409423828125], [-31.222740173339844, -132.0018310546875], [-179.28424072265625, -3.4316349029541016], [-55.38304901123047, -209.93527221679688], [-367.11322021484375, -166.79034423828125], [-31.22702980041504, -99.48088836669922], [-420.8340759277344, -523.5602416992188], [-227.0100555419922, -101.02403259277344], [-21.20588493347168, -228.30470275878906], [-220.055908203125, -31.397886276245117], [-221.569091796875, -361.7856750488281], [-8.63105583190918, -66.31338500976562], [-94.9005126953125, -68.51678466796875], [-328.4078369140625, -197.2392120361328], [-53.16436004638672, -40.27192306518555], [-48.83431625366211, -172.62586975097656], [-18.986581802368164, -64.51193237304688], [-86.92250061035156, -333.7928466796875], [-125.51231384277344, -15.055724143981934], [-158.62454223632812, -243.02664184570312], [-21.314483642578125, -313.14569091796875], [-32.83064270019531, -192.6696319580078], [-278.81915283203125, -145.9963836669922], [-186.68045043945312, -313.8427429199219], [-141.0496063232422, -99.41718292236328], [-17.457786560058594, -93.11095428466797], [-167.06796264648438, -305.7806091308594], [-33.702518463134766, -476.14031982421875], [-30.063030242919922, -85.38029479980469], [-70.83528137207031, -60.09675598144531], [-152.61737060546875, -82.11769104003906], [-350.2388610839844, -71.06824493408203], [-100.82928466796875, -58.793758392333984], [-103.0533447265625, -100.31723022460938], [-128.74082946777344, -58.16728210449219], [-154.4447479248047, -223.1053009033203], [-125.88343811035156, -40.210975646972656], [-195.22181701660156, -35.460845947265625], [-194.81947326660156, -501.2125549316406], [-209.94593811035156, -62.447410583496094], [-205.77105712890625, -135.75157165527344], [-223.8013458251953, -52.054664611816406], [-61.75337219238281, -253.32550048828125], [-130.88633728027344, -26.627065658569336], [-169.17703247070312, -109.71432495117188], [-120.01016235351562, -649.1184692382812], [-437.91143798828125, -206.0577850341797], [-124.4119873046875, -75.20329284667969], [-147.09913635253906, -291.4255065917969], [-52.74281692504883, -106.00074005126953], [-52.3282470703125, -279.89093017578125], [-184.24557495117188, -397.9791259765625], [-83.11431884765625, -130.17678833007812], [-34.9082145690918, -80.43269348144531], [-64.46836853027344, -129.46319580078125], [-180.4440155029297, -185.60391235351562], [-36.87959289550781, -19.377281188964844], [-203.3677215576172, -652.6995239257812], [-95.87471008300781, -236.3726806640625], [-190.85745239257812, -73.34383392333984], [-317.580078125, -303.58349609375], [-110.8048324584961, -162.87559509277344], [-137.9064483642578, -38.44353103637695], [-198.0343780517578, -95.38568115234375], [-231.22427368164062, -625.8909301757812], [-64.19586944580078, -129.656005859375], [-116.59618377685547, -60.6876220703125], [-114.74273681640625, -18.572795867919922], [-231.46713256835938, -158.22207641601562], [-106.06039428710938, -111.11791229248047], [-123.97872924804688, -79.39118957519531], [-58.77070617675781, -502.4645080566406], [-235.44793701171875, -290.64739990234375], [-18.447063446044922, -162.1106414794922], [-68.51324462890625, -103.34569549560547], [-320.5898132324219, -270.6893310546875], [-56.33952713012695, -302.1429138183594], [-114.8367691040039, -191.90097045898438], [-581.10107421875, -267.9845275878906], [-78.09076690673828, -207.12667846679688], [-377.37847900390625, -101.39208221435547], [-224.95965576171875, -152.41738891601562], [-16.69831657409668, -39.20822525024414], [-136.58424377441406, -220.21591186523438], [-16.064903259277344, -39.26618194580078], [-225.13087463378906, -267.9897766113281], [-75.96941375732422, -40.154075622558594], [-17.302474975585938, -568.215576171875], [-124.77193450927734, -69.77364349365234], [-25.9168758392334, -137.3128662109375]], "train_probs": [1.0, 1.0, 2.543554358603304e-69, 7.27868887730337e-98, 0.9999999915849702, 0.007507681306552206, 1.0, 2.9642268699934842e-83, 1.218671125914781e-16, 0.9999999999998259, 4.421385141760947e-05, 1.0, 4.2479917457180785e-77, 1.0, 1.0020291699038994e-87, 1.0, 1.0, 1.927371515201955e-55, 1.0, 1.1664392107809032e-82, 1.0, 1.0, 3.48090768424089e-12, 1.0819072141543771e-57, 2.517008415851091e-06, 1.0, 1.0, 1.0, 1.0698246589684431e-48, 1.0, 1.0, 1.0, 2.0692086274819255e-58, 1.0, 8.303634960732795e-19, 1.0, 1.0, 1.0, 1.0, 2.1692432666276814e-05, 2.4120049169171564e-31, 5.724557165082316e-122, 5.548848846790092e-19, 0.0608756578687671, 2.2402568389380494e-31, 1.0, 6.207579655117826e-38, 4.137060205239233e-70, 1.0, 8.753936787496159e-65, 3.8987360434463156e-31, 2.5784817614718655e-75, 1.0, 5.25743179714132e-46, 1.498560376589521e-26, 1.0, 2.0287938183294264e-101, 4.255352438526869e-22, 1.0, 1.0, 1.0, 1.0, 1.0, 1.0, 1.0, 0.9942904936831125, 2.505201104012484e-08, 1.0, 1.0, 9.214758342837489e-52, 8.343750248079914e-07, 1.0, 6.365079765710931e-44, 2.6317059479494072e-45, 1.0, 1.0, 5.238659360198954e-25, 1.713662610179697e-42, 1.5490887014255758e-32, 0.9936788819905449, 4.3239190868363877e-20, 1.0, 1.0, 1.0, 0.9999999999999992, 2.1305706787560216e-22, 1.0, 1.0, 1.0356466521750722e-136, 1.0, 1.3823906697536117e-120, 3.128194903691906e-32, 0.9999999998324783, 1.0, 0.9999999999160901, 1.0, 2.789949103347517e-16, 1.0, 1.3018042882351301e-24, 1.0], "test_labels": [], "test_logprobs": [], "test_probs": []}}