{"0": {"train_labels": [0, 0, 1, 1, 0, 0, 0, 1, 1, 0, 0, 0, 1, 0, 1, 0, 0, 1, 0, 1, 0, 0, 1, 1, 0, 0, 0, 0, 1, 0, 0, 0, 1, 0, 1, 0, 0, 0, 0, 1, 1, 1, 1, 0, 1, 0, 1, 1, 0, 1, 1, 1, 0, 1, 1, 0, 1, 1, 0, 0, 0, 0, 0, 0, 0, 0, 1, 0, 0, 1, 1, 0, 1, 1, 0, 0, 1, 1, 1, 0, 1, 0, 0, 0, 0, 1, 0, 0, 1, 0, 1, 1, 0, 0, 0, 0, 1, 0, 1, 0], "train_logprobs": [[-9.41379451751709, -50.591983795166016], [-56.42457962036133, -98.27432250976562], [-114.10039520263672, -23.064456939697266], [-120.6077651977539, -21.692522048950195], [-95.75341796875, -99.22103881835938], [-91.41923522949219, -94.71576690673828], [-26.365888595581055, -86.72244262695312], [-126.76516723632812, -36.39427185058594], [-67.07429504394531, -53.38078308105469], [-115.6342544555664, -155.7296905517578], [-136.54299926757812, -144.84115600585938], [-12.701981544494629, -60.55817413330078], [-73.29592895507812, -6.429667949676514], [-36.04621124267578, -120.67998504638672], [-178.613525390625, -83.25247192382812], [-13.526069641113281, -46.526512145996094], [-217.93077087402344, -257.1080017089844], [-102.82858276367188, -45.639129638671875], [-15.962495803833008, -96.69525146484375], [-133.27066040039062, -16.979076385498047], [-144.94134521484375, -190.47161865234375], [-9.539833068847656, -38.44773483276367], [-34.48396682739258, -24.625389099121094], [-136.83204650878906, -89.29960632324219], [-22.408647537231445, -30.466590881347656], [-37.327640533447266, -81.94187927246094], [-11.555533409118652, -27.633493423461914], [-48.923465728759766, -182.73138427734375], [-44.118553161621094, -7.287152290344238], [-82.13114929199219, -123.8914566040039], [-7.8337860107421875, -178.91030883789062], [-32.745758056640625, -123.31554412841797], [-136.68128967285156, -53.29877471923828], [-82.48641967773438, -119.76182556152344], [-76.58937072753906, -50.67363739013672], [-8.749918937683105, -51.26565933227539], [-91.90459442138672, -161.45086669921875], [-22.262187957763672, -238.67742919921875], [-11.214798927307129, -29.762975692749023], [-37.16593933105469, -29.794361114501953], [-50.87356185913086, -33.890052795410156], [-187.09442138671875, -34.003074645996094], [-58.503700256347656, -34.438377380371094], [-57.362945556640625, -61.93833541870117], [-63.60476303100586, -20.619970321655273], [-93.69890594482422, -103.00894165039062], [-66.2666015625, -14.77713680267334], [-107.09130859375, -21.366907119750977], [-92.54142761230469, -275.4930419921875], [-79.68562316894531, -28.623287200927734], [-122.58998107910156, -61.52121353149414], [-104.57080841064453, -31.09296417236328], [-16.705188751220703, -127.93711853027344], [-71.06916809082031, -14.36922550201416], [-78.8656997680664, -41.01688003540039], [-53.15717697143555, -346.5860595703125], [-199.6465301513672, -91.40251159667969], [-68.43803405761719, -46.80368423461914], [-74.07537841796875, -133.9470672607422], [-34.79949188232422, -59.312217712402344], [-35.62391662597656, -141.93885803222656], [-86.63139343261719, -215.4649200439453], [-43.86954879760742, -62.852962493896484], [-22.976037979125977, -38.878849029541016], [-27.759496688842773, -61.20037078857422], [-72.5267562866211, -87.58168029785156], [-15.428543090820312, -10.517032623291016], [-98.63423156738281, -324.2776794433594], [-35.82715606689453, -128.69326782226562], [-87.93914031982422, -42.07965850830078], [-152.57191467285156, -146.9169158935547], [-34.07976531982422, -67.72116088867188], [-71.5184326171875, -25.079002380371094], [-95.62342834472656, -37.261131286621094], [-160.51058959960938, -294.3398742675781], [-36.412994384765625, -63.41366195678711], [-56.617374420166016, -26.69207191467285], [-50.75712203979492, -7.15573263168335], [-128.64366149902344, -77.86357879638672], [-50.48136901855469, -59.26561737060547], [-67.36210632324219, -42.122535705566406], [-26.131834030151367, -235.15032958984375], [-123.74541473388672, -164.19955444335938], [-7.624593734741211, -80.11541748046875], [-34.330299377441406, -48.00564956665039], [-170.28297424316406, -120.33939361572266], [-19.141414642333984, -155.7208251953125], [-45.720787048339844, -72.39322662353516], [-294.56201171875, -126.25234985351562], [-31.945316314697266, -88.87676239013672], [-166.83486938476562, -53.813148498535156], [-124.24243927001953, -70.6827392578125], [-7.624427795410156, -11.801088333129883], [-75.91233825683594, -131.79429626464844], [-7.994846343994141, -31.9393310546875], [-108.57292175292969, -127.90496826171875], [-42.66344451904297, -12.84803295135498], [-9.703790664672852, -311.1177062988281], [-47.76805114746094, -36.593711853027344], [-11.895618438720703, -72.41896057128906]], "train_probs": [1.0, 1.0, 2.907999700915418e-40, 1.1006664389502335e-43, 0.9697523093886916, 0.9643096350165182, 1.0, 5.6548203121284045e-40, 1.129751238220824e-06, 1.0, 0.9997510866421822, 1.0, 9.127499542457645e-30, 1.0, 3.8478726569707454e-42, 0.9999999999999954, 1.0, 1.455244895983608e-25, 1.0, 3.1275680690419223e-51, 1.0, 0.9999999999997211, 5.229394209211161e-05, 2.274696796661452e-21, 0.9996835229627811, 1.0, 0.9999998959048153, 1.0, 1.010010388685882e-16, 1.0, 1.0, 1.0, 6.129624470651216e-37, 0.9999999999999999, 5.558274834334296e-12, 1.0, 1.0, 1.0, 0.9999999911970309, 0.0006284796596465718, 4.208775028040819e-08, 3.260415006482771e-67, 3.5364137437964086e-11, 0.9898027727835439, 2.1475422689283495e-19, 0.9999094968781963, 4.3492019958263015e-23, 5.893393983313808e-38, 1.0, 6.66667457306863e-23, 3.0072617984866576e-27, 1.2273762212643783e-32, 1.0, 2.3742574501804155e-25, 3.65145912590278e-17, 1.0, 9.7773248022544e-48, 4.020881296304025e-10, 1.0, 0.9999999999773922, 1.0, 1.0, 0.9999999943034988, 0.9999998759785341, 0.999999999999997, 0.9999997104460786, 0.0073075671941828, 1.0, 1.0, 1.2119371724094313e-20, 0.0034877702423553912, 0.9999999999999976, 6.785966407323696e-21, 4.503772413686235e-26, 1.0, 0.9999999999981216, 1.0083382747985307e-13, 1.1591968084381065e-19, 8.840774060546446e-23, 0.9998468972765098, 1.0929335433067907e-11, 1.0, 1.0, 1.0, 0.999998849543042, 2.0406970046111e-22, 1.0, 0.999999999997392, 8.01756705656453e-74, 1.0, 8.227924234300968e-50, 5.486783605619451e-24, 0.9848823690684259, 1.0, 0.9999999999600937, 0.9999999959802516, 1.1254631515867228e-13, 1.0, 1.4029429550230867e-05, 1.0], "test_labels": [], "test_logprobs": [], "test_probs": []}}