{"0": {"chosen": -19.916170120239258, "rejected": -1.1463181972503662, "n_evaluated": 1}, "1": {"chosen": -8.893424987792969, "rejected": -15.523067474365234, "n_evaluated": 1}, "2": {"chosen": -40.24443435668945, "rejected": -261.23980712890625, "n_evaluated": 1}, "3": {"chosen": -10.131704330444336, "rejected": -22.709428787231445, "n_evaluated": 1}, "4": {"chosen": -35.09910583496094, "rejected": -184.80995178222656, "n_evaluated": 1}, "5": {"chosen": -132.29200744628906, "rejected": -176.72218322753906, "n_evaluated": 1}, "6": {"chosen": -101.44110107421875, "rejected": -27.323108673095703, "n_evaluated": 1}, "7": {"chosen": -4.153864860534668, "rejected": -22.323013305664062, "n_evaluated": 1}, "8": {"chosen": -11.136758804321289, "rejected": -57.871253967285156, "n_evaluated": 1}, "9": {"chosen": -8.800021171569824, "rejected": -337.8692626953125, "n_evaluated": 1}, "10": {"chosen": -15.478899002075195, "rejected": -19.516380310058594, "n_evaluated": 1}, "11": {"chosen": -26.09011459350586, "rejected": -300.6787109375, "n_evaluated": 1}, "12": {"chosen": -31.008243560791016, "rejected": -5.2795090675354, "n_evaluated": 1}, "13": {"chosen": -94.11315155029297, "rejected": -37.64668273925781, "n_evaluated": 1}, "14": {"chosen": -36.34056091308594, "rejected": -25.206401824951172, "n_evaluated": 1}, "15": {"chosen": -17.205272674560547, "rejected": -25.39533042907715, "n_evaluated": 1}, "16": {"chosen": -72.88461303710938, "rejected": -276.7689208984375, "n_evaluated": 1}, "17": {"chosen": -48.140098571777344, "rejected": -29.683300018310547, "n_evaluated": 1}, "18": {"chosen": -218.08241271972656, "rejected": -81.90431213378906, "n_evaluated": 1}, "19": {"chosen": -71.50862121582031, "rejected": -32.782527923583984, "n_evaluated": 1}, "20": {"chosen": -51.69469451904297, "rejected": -30.772127151489258, "n_evaluated": 1}, "21": {"chosen": -16.91306495666504, "rejected": -12.591409683227539, "n_evaluated": 1}, "22": {"chosen": -47.914894104003906, "rejected": -19.085847854614258, "n_evaluated": 1}, "23": {"chosen": -11.966519355773926, "rejected": -61.81254577636719, "n_evaluated": 1}, "24": {"chosen": -40.73347854614258, "rejected": -13.164661407470703, "n_evaluated": 1}, "25": {"chosen": -104.2679672241211, "rejected": -6.033906936645508, "n_evaluated": 1}, "26": {"chosen": -27.720203399658203, "rejected": -63.1339111328125, "n_evaluated": 1}, "27": {"chosen": -201.79537963867188, "rejected": -143.60044860839844, "n_evaluated": 1}, "28": {"chosen": -74.0909423828125, "rejected": -22.538410186767578, "n_evaluated": 1}, "29": {"chosen": -3.918022632598877, "rejected": -120.2841567993164, "n_evaluated": 1}, "30": {"chosen": -43.421234130859375, "rejected": -18.243221282958984, "n_evaluated": 1}, "31": {"chosen": -101.96830749511719, "rejected": -174.66058349609375, "n_evaluated": 1}, "32": {"chosen": -46.521446228027344, "rejected": -40.69736099243164, "n_evaluated": 1}, "33": {"chosen": -65.77742004394531, "rejected": -26.53961181640625, "n_evaluated": 1}, "34": {"chosen": -198.27407836914062, "rejected": -47.21984100341797, "n_evaluated": 1}, "35": {"chosen": -58.10749816894531, "rejected": -82.6712875366211, "n_evaluated": 1}, "36": {"chosen": -23.755104064941406, "rejected": -166.1898193359375, "n_evaluated": 1}, "37": {"chosen": -28.720558166503906, "rejected": -91.01007843017578, "n_evaluated": 1}, "38": {"chosen": -20.172889709472656, "rejected": -385.315673828125, "n_evaluated": 1}, "39": {"chosen": -10.789664268493652, "rejected": -131.8643798828125, "n_evaluated": 1}, "40": {"chosen": -56.46199417114258, "rejected": -84.78709411621094, "n_evaluated": 1}, "41": {"chosen": -126.00527954101562, "rejected": -64.10236358642578, "n_evaluated": 1}, "42": {"chosen": -92.95443725585938, "rejected": -58.013851165771484, "n_evaluated": 1}, "43": {"chosen": -104.84815979003906, "rejected": -47.244964599609375, "n_evaluated": 1}, "44": {"chosen": -250.21824645996094, "rejected": -349.255615234375, "n_evaluated": 1}, "45": {"chosen": -121.89712524414062, "rejected": -345.17681884765625, "n_evaluated": 1}, "46": {"chosen": -164.4678497314453, "rejected": -103.48124694824219, "n_evaluated": 1}, "47": {"chosen": -77.03157043457031, "rejected": -133.93467712402344, "n_evaluated": 1}, "48": {"chosen": -33.523216247558594, "rejected": -23.67626190185547, "n_evaluated": 1}, "49": {"chosen": -120.55685424804688, "rejected": -30.59637451171875, "n_evaluated": 1}, "50": {"chosen": -92.35935974121094, "rejected": -43.50623321533203, "n_evaluated": 1}, "51": {"chosen": -16.307788848876953, "rejected": -20.557262420654297, "n_evaluated": 1}, "52": {"chosen": -13.135315895080566, "rejected": -25.21176528930664, "n_evaluated": 1}, "53": {"chosen": -356.32550048828125, "rejected": -104.02696228027344, "n_evaluated": 1}, "54": {"chosen": -22.288719177246094, "rejected": -261.2176818847656, "n_evaluated": 1}, "55": {"chosen": -27.235576629638672, "rejected": -142.00204467773438, "n_evaluated": 1}, "56": {"chosen": -36.13467788696289, "rejected": -268.17449951171875, "n_evaluated": 1}, "57": {"chosen": -10.431236267089844, "rejected": -9.394216537475586, "n_evaluated": 1}, "58": {"chosen": -99.86906433105469, "rejected": -170.42262268066406, "n_evaluated": 1}, "59": {"chosen": -61.66587829589844, "rejected": -26.120407104492188, "n_evaluated": 1}, "60": {"chosen": -12.49109172821045, "rejected": -28.64018440246582, "n_evaluated": 1}, "61": {"chosen": -76.14360046386719, "rejected": -55.9970703125, "n_evaluated": 1}, "62": {"chosen": -152.3939208984375, "rejected": -107.93191528320312, "n_evaluated": 1}, "63": {"chosen": -72.693115234375, "rejected": -22.192520141601562, "n_evaluated": 1}, "64": {"chosen": -174.00631713867188, "rejected": -169.4003143310547, "n_evaluated": 1}, "65": {"chosen": -46.771236419677734, "rejected": -137.88510131835938, "n_evaluated": 1}, "66": {"chosen": -13.325149536132812, "rejected": -68.09297180175781, "n_evaluated": 1}, "67": {"chosen": -14.33306884765625, "rejected": -79.87020111083984, "n_evaluated": 1}, "68": {"chosen": -139.6053009033203, "rejected": -200.28091430664062, "n_evaluated": 1}, "69": {"chosen": -17.587587356567383, "rejected": -13.54174518585205, "n_evaluated": 1}, "70": {"chosen": -18.493003845214844, "rejected": -24.87421226501465, "n_evaluated": 1}, "71": {"chosen": -41.670745849609375, "rejected": -208.74716186523438, "n_evaluated": 1}, "72": {"chosen": -18.85404396057129, "rejected": -183.88262939453125, "n_evaluated": 1}, "73": {"chosen": -3.7084922790527344, "rejected": -7.885674476623535, "n_evaluated": 1}, "74": {"chosen": -57.811405181884766, "rejected": -30.866138458251953, "n_evaluated": 1}, "75": {"chosen": -40.69810485839844, "rejected": -467.8511962890625, "n_evaluated": 1}, "76": {"chosen": -9.229605674743652, "rejected": -6.174487590789795, "n_evaluated": 1}, "77": {"chosen": -104.88310241699219, "rejected": -103.63777160644531, "n_evaluated": 1}, "78": {"chosen": -62.771358489990234, "rejected": -39.78009796142578, "n_evaluated": 1}, "79": {"chosen": -120.94801330566406, "rejected": -15.908507347106934, "n_evaluated": 1}, "80": {"chosen": -8.182389259338379, "rejected": -5.561992645263672, "n_evaluated": 1}, "81": {"chosen": -36.49568557739258, "rejected": -19.800491333007812, "n_evaluated": 1}, "82": {"chosen": -25.535114288330078, "rejected": -25.974136352539062, "n_evaluated": 1}, "83": {"chosen": -83.73347473144531, "rejected": -171.8580322265625, "n_evaluated": 1}, "84": {"chosen": -41.084678649902344, "rejected": -32.52992248535156, "n_evaluated": 1}, "85": {"chosen": -40.164100646972656, "rejected": -259.3516540527344, "n_evaluated": 1}, "86": {"chosen": -139.5897979736328, "rejected": -35.956851959228516, "n_evaluated": 1}, "87": {"chosen": -3.878453493118286, "rejected": -72.9361572265625, "n_evaluated": 1}, "88": {"chosen": -38.63496780395508, "rejected": -121.58293151855469, "n_evaluated": 1}, "89": {"chosen": -47.50967025756836, "rejected": -66.74895477294922, "n_evaluated": 1},