{"0": {"train_labels": [0, 0, 1, 1, 0, 1, 0, 1, 1, 0, 1, 0, 1, 0, 1, 0, 0, 1, 0, 1, 0, 0, 1, 1, 1, 0, 0, 0, 1, 0, 0, 0, 1, 0, 1, 0, 0, 0, 0, 1, 1, 1, 1, 1, 1, 0, 1, 1, 0, 1, 1, 1, 0, 1, 1, 0, 1, 1, 0, 0, 0, 0, 0, 0, 0, 0, 1, 0, 0, 1, 1, 0, 1, 1, 0, 0, 1, 1, 1, 0, 1, 0, 0, 0, 0, 1, 0, 0, 1, 0, 1, 1, 0, 0, 0, 0, 1, 0, 1, 0], "train_logprobs": [[-8.839678764343262, -111.11405944824219], [-112.75210571289062, -171.99456787109375], [-198.8931427001953, -40.09526443481445], [-264.7353515625, -41.31855392456055], [-204.87477111816406, -223.50570678710938], [-184.32655334472656, -178.48480224609375], [-42.6170768737793, -136.24734497070312], [-249.30686950683594, -59.79043197631836], [-154.44387817382812, -117.66184997558594], [-299.68536376953125, -330.36138916015625], [-299.92083740234375, -290.61163330078125], [-31.821704864501953, -130.18215942382812], [-179.80853271484375, -3.568382501602173], [-54.868797302246094, -209.58473205566406], [-366.7411193847656, -166.7976531982422], [-31.27291488647461, -100.81796264648438], [-421.3330383300781, -525.268310546875], [-226.3171844482422, -101.03532409667969], [-20.853370666503906, -227.94334411621094], [-219.40708923339844, -31.35947036743164], [-220.86410522460938, -362.60516357421875], [-8.76565933227539, -67.01348876953125], [-95.73950958251953, -68.97928619384766], [-329.7110900878906, -197.41653442382812], [-51.75926208496094, -40.85283279418945], [-49.995452880859375, -173.9842529296875], [-18.739219665527344, -65.02999114990234], [-87.08865356445312, -334.83502197265625], [-123.60562896728516, -14.95143985748291], [-157.39488220214844, -242.56478881835938], [-21.484500885009766, -314.3653259277344], [-31.82883644104004, -192.65988159179688], [-278.508544921875, -145.8414306640625], [-187.70750427246094, -314.076171875], [-141.05470275878906, -99.73165893554688], [-17.267881393432617, -93.29570007324219], [-167.3988494873047, -305.98541259765625], [-34.045955657958984, -476.07977294921875], [-30.085865020751953, -85.35433959960938], [-71.14361572265625, -60.460357666015625], [-152.61639404296875, -81.3818359375], [-351.20062255859375, -71.9796371459961], [-100.21800231933594, -59.256656646728516], [-103.07886505126953, -101.77681732177734], [-128.91836547851562, -58.16488265991211], [-154.94651794433594, -222.1318817138672], [-126.58889770507812, -40.50492858886719], [-196.42727661132812, -36.001197814941406], [-195.30055236816406, -501.43682861328125], [-209.5716094970703, -61.56808090209961], [-206.58531188964844, -135.4702911376953], [-224.11317443847656, -52.281982421875], [-61.04094314575195, -254.39105224609375], [-131.9060821533203, -26.282241821289062], [-168.02499389648438, -109.57019805908203], [-118.72462463378906, -649.3424072265625], [-438.2199401855469, -205.38229370117188], [-123.5135726928711, -75.09062957763672], [-145.68411254882812, -290.79071044921875], [-52.616920471191406, -106.15933227539062], [-53.05274963378906, -279.56048583984375], [-184.40553283691406, -398.5142822265625], [-82.73968505859375, -130.1794891357422], [-36.09503936767578, -80.38301086425781], [-64.90851593017578, -128.48309326171875], [-181.46507263183594, -186.2748260498047], [-37.748409271240234, -19.394065856933594], [-202.9544219970703, -649.5699462890625], [-95.63502502441406, -237.4747314453125], [-192.3230438232422, -73.29320526123047], [-317.77825927734375, -303.17156982421875], [-110.85736083984375, -164.71163940429688], [-138.22337341308594, -38.483245849609375], [-199.2727508544922, -95.49383544921875], [-231.10348510742188, -627.3634643554688], [-64.83274841308594, -128.8780517578125], [-116.51016235351562, -59.972564697265625], [-113.64804077148438, -18.366561889648438], [-233.43922424316406, -159.1644744873047], [-107.02601623535156, -111.5294418334961], [-125.02639770507812, -79.40132904052734], [-58.95011901855469, -503.5121765136719], [-235.73953247070312, -291.84661865234375], [-18.54074478149414, -162.665283203125], [-67.78441619873047, -103.42945861816406], [-321.42083740234375, -271.3470764160156], [-55.716217041015625, -301.7041015625], [-114.4495849609375, -191.36282348632812], [-582.2169189453125, -267.9271545410156], [-78.18550872802734, -207.65013122558594], [-376.18011474609375, -100.97989654541016], [-224.35879516601562, -154.16526794433594], [-16.569246292114258, -39.54632568359375], [-135.93116760253906, -220.28341674804688], [-16.005023956298828, -39.40814208984375], [-225.7210693359375, -269.7559509277344], [-77.93782043457031, -40.564666748046875], [-16.419872283935547, -568.3040771484375], [-125.17788696289062, -69.39276885986328], [-27.063003540039062, -137.33773803710938]], "train_probs": [1.0, 1.0, 1.0838214237496529e-69, 9.360900334781867e-98, 0.9999999918962237, 0.0028953460416757783, 1.0, 4.943755119030275e-83, 1.0611288450852426e-16, 0.9999999999999525, 9.057840904531108e-05, 1.0, 2.8832033412503233e-77, 1.0, 1.4643872622569603e-87, 1.0, 1.0, 3.897439359893696e-55, 1.0, 2.147616794251861e-82, 1.0, 1.0, 2.388815717045437e-12, 3.5091706573154244e-58, 1.8339604971499286e-05, 1.0, 1.0, 1.0, 6.487617459975187e-48, 1.0, 1.0, 1.0, 2.4177107849623774e-58, 1.0, 1.1314362582441887e-18, 1.0, 1.0, 1.0, 1.0, 2.2925035714486962e-05, 1.1567100101568625e-31, 5.443356817892593e-122, 1.624477135580699e-18, 0.21382058915545632, 1.8713405846523672e-31, 1.0, 4.113459564230276e-38, 2.1273513604505422e-70, 1.0, 5.283044015286997e-65, 1.303583656714149e-31, 2.3695260540429437e-75, 1.0, 1.3432256807703182e-46, 4.105865579340449e-26, 1.0, 7.583941118545074e-102, 9.336476480990559e-22, 1.0, 1.0, 1.0, 1.0, 1.0, 1.0, 1.0, 0.9919160143632315, 1.068587111071547e-08, 1.0, 1.0, 2.0230095394649285e-52, 4.5330986961099216e-07, 1.0, 4.824063044479539e-44, 8.499428045373272e-46, 1.0, 1.0, 2.792758085392495e-25, 4.1665777854223127e-42, 5.5320492302705e-33, 0.9890502184186559, 1.5320905806636946e-20, 1.0, 1.0, 1.0, 0.9999999999999997, 1.7916035548781015e-22, 1.0, 1.0, 3.2039785546785627e-137, 1.0, 3.0343370283854305e-120, 3.2759590343508465e-31, 0.999999999895002, 1.0, 0.9999999999314267, 1.0, 5.875510173927548e-17, 1.0, 5.9269468884982285e-25, 1.0], "test_labels": [], "test_logprobs": [], "test_probs": []}}