{"0": {"0": {"chosen": -21.567941665649414, "rejected": -6.935458183288574}, "1": {"chosen": -15.988110542297363, "rejected": -23.979969024658203}, "2": {"chosen": -39.54216384887695, "rejected": -257.259521484375}, "3": {"chosen": -18.561887741088867, "rejected": -25.6464900970459}, "4": {"chosen": -38.00306701660156, "rejected": -179.41578674316406}, "5": {"chosen": -123.92369079589844, "rejected": -182.67263793945312}, "6": {"chosen": -107.27847290039062, "rejected": -29.603519439697266}, "7": {"chosen": -11.355738639831543, "rejected": -26.158428192138672}, "8": {"chosen": -15.998917579650879, "rejected": -58.6396369934082}, "9": {"chosen": -9.754935264587402, "rejected": -337.5851745605469}, "10": {"chosen": -19.34115982055664, "rejected": -24.268815994262695}, "11": {"chosen": -29.74921226501465, "rejected": -314.5480041503906}, "12": {"chosen": -31.539976119995117, "rejected": -10.904679298400879}, "13": {"chosen": -105.15982055664062, "rejected": -47.73845672607422}, "14": {"chosen": -42.87800598144531, "rejected": -28.451778411865234}, "15": {"chosen": -20.225521087646484, "rejected": -33.42826843261719}, "16": {"chosen": -70.28419494628906, "rejected": -281.3258056640625}, "17": {"chosen": -56.903533935546875, "rejected": -37.99541473388672}, "18": {"chosen": -219.39132690429688, "rejected": -88.03949737548828}, "19": {"chosen": -82.07449340820312, "rejected": -43.4642333984375}, "20": {"chosen": -55.88639450073242, "rejected": -33.4471321105957}, "21": {"chosen": -26.992475509643555, "rejected": -15.18310546875}, "22": {"chosen": -51.9215202331543, "rejected": -19.35698890686035}, "23": {"chosen": -15.476165771484375, "rejected": -61.11354446411133}, "24": {"chosen": -50.692264556884766, "rejected": -16.08353042602539}, "25": {"chosen": -116.09611511230469, "rejected": -16.4581356048584}, "26": {"chosen": -30.318004608154297, "rejected": -66.56316375732422}, "27": {"chosen": -199.1578369140625, "rejected": -149.43458557128906}, "28": {"chosen": -83.08658599853516, "rejected": -32.29656982421875}, "29": {"chosen": -12.195201873779297, "rejected": -119.36051177978516}, "30": {"chosen": -45.753665924072266, "rejected": -18.665203094482422}, "31": {"chosen": -112.21273040771484, "rejected": -183.71595764160156}, "32": {"chosen": -50.933895111083984, "rejected": -47.98518371582031}, "33": {"chosen": -81.0246353149414, "rejected": -27.577919006347656}, "34": {"chosen": -202.4042510986328, "rejected": -47.630409240722656}, "35": {"chosen": -64.23118591308594, "rejected": -88.5869369506836}, "36": {"chosen": -24.491472244262695, "rejected": -164.6800537109375}, "37": {"chosen": -30.489398956298828, "rejected": -101.84210205078125}, "38": {"chosen": -20.901092529296875, "rejected": -385.95111083984375}, "39": {"chosen": -16.569639205932617, "rejected": -133.67001342773438}, "40": {"chosen": -55.031005859375, "rejected": -87.6208724975586}, "41": {"chosen": -132.37655639648438, "rejected": -63.835044860839844}, "42": {"chosen": -98.93316650390625, "rejected": -64.31342315673828}, "43": {"chosen": -109.06791687011719, "rejected": -48.756256103515625}, "44": {"chosen": -253.38153076171875, "rejected": -365.07379150390625}, "45": {"chosen": -123.92913818359375, "rejected": -352.77166748046875}, "46": {"chosen": -159.82936096191406, "rejected": -114.25404357910156}, "47": {"chosen": -76.71080017089844, "rejected": -136.45635986328125}, "48": {"chosen": -36.57732009887695, "rejected": -24.831621170043945}, "49": {"chosen": -129.006591796875, "rejected": -32.906986236572266}, "50": {"chosen": -100.27472686767578, "rejected": -45.13710403442383}, "51": {"chosen": -22.590219497680664, "rejected": -28.378175735473633}, "52": {"chosen": -16.251314163208008, "rejected": -33.60036087036133}, "53": {"chosen": -355.4979248046875, "rejected": -110.2611312866211}, "54": {"chosen": -23.924978256225586, "rejected": -258.05718994140625}, "55": {"chosen": -33.218563079833984, "rejected": -141.03634643554688}, "56": {"chosen": -41.81475067138672, "rejected": -263.9029541015625}, "57": {"chosen": -17.18246841430664, "rejected": -16.999919891357422}, "58": {"chosen": -99.99822235107422, "rejected": -164.0388641357422}, "59": {"chosen": -65.22774505615234, "rejected": -28.315322875976562}, "60": {"chosen": -22.122581481933594, "rejected": -36.03855514526367}, "61": {"chosen": -88.41254425048828, "rejected": -51.68013000488281}, "62": {"chosen": -160.18792724609375, "rejected": -107.88753509521484}, "63": {"chosen": -72.98096466064453, "rejected": -28.974628448486328}, "64": {"chosen": -184.76475524902344, "rejected": -183.3798828125}, "65": {"chosen": -54.485042572021484, "rejected": -141.88296508789062}, "66": {"chosen": -20.47600555419922, "rejected": -68.79139709472656}, "67": {"chosen": -17.999576568603516, "rejected": -83.03740692138672}, "68": {"chosen": -146.56661987304688, "rejected": -205.20265197753906}, "69": {"chosen": -20.927080154418945, "rejected": -17.5661563873291}, "70": {"chosen": -23.62339973449707, "rejected": -28.725189208984375}, "71": {"chosen": -44.102996826171875, "rejected": -210.252685546875}, "72": {"chosen": -22.0219669342041, "rejected": -194.153076171875}, "73": {"chosen": -2.787545919418335, "rejected": -7.362879276275635}, "74": {"chosen": -54.55693435668945, "rejected": -30.502927780151367}, "75": {"chosen": -37.94907760620117, "rejected": -468.8758239746094}, "76": {"chosen": -16.012493133544922, "rejected": -12.593783378601074}, "77": {"chosen": -105.3399887084961, "rejected": -104.35829162597656}, "78": {"chosen": -69.37027740478516, "rejected": -46.14677429199219}, "79": {"chosen": -129.19534301757812, "rejected": -20.047574996948242}, "80": {"chosen": -7.486388206481934, "rejected": -13.076766967773438}, "81": {"chosen": -41.37101745605469, "rejected": -26.018117904663086}, "82": {"chosen": -26.91970443725586, "rejected": -29.246990203857422}, "83": {"chosen": -92.45500183105469, "rejected": -175.58534240722656}, "84": {"chosen": -45.26958084106445, "rejected": -34.233680725097656}, "85": {"chosen": -45.230316162109375, "rejected": -273.58111572265625}, "86": {"chosen": -137.31231689453125, "rejected": -43.33485412597656}, "87": {"chosen": -4.36249303817749, "rejected": -71.69432067871094}, "88": {"chosen": -44.63323974609375, "rejected": -127.67779541015625}, "89": {"chosen": -57.072303771972656, "rejected": -73.71287536621094}, "90": {"chosen": -36.17551040649414, "rejected": -53.27790069580078}, "91": {"chosen": -60.26141357421875, "rejected": -47.05449676513672}, "92": {"chosen": -22.810503005981445, "rejected": -39.67070770263672}, "93": {"chosen": -106.01409149169922, "rejected": -107.48321533203125}, "94": {"chosen": -5.161513328552246, "rejected": -16.700122833251953}, "95": {"chosen": -10.983585357666016, "rejected": -94.70903778076172}, "96": {"chosen": -20.86785888671875, "rejected": -15.453893661499023}, "97": {"chosen": -99.2774429321289, "rejected": -84.80990600585938}, "98": {"chosen": -15.61302661895752, "rejected": -64.48763275146484}, "99": {"chosen": -78.47810363769531, "rejected": -45.256839752197266}}}