{"0": {"0": {"chosen": -20.134822845458984, "rejected": -6.347172737121582}, "1": {"chosen": -13.708430290222168, "rejected": -24.38144874572754}, "2": {"chosen": -37.64152145385742, "rejected": -261.7885437011719}, "3": {"chosen": -16.963871002197266, "rejected": -22.875431060791016}, "4": {"chosen": -38.811920166015625, "rejected": -188.65220642089844}, "5": {"chosen": -129.30386352539062, "rejected": -178.8655548095703}, "6": {"chosen": -101.17332458496094, "rejected": -25.237884521484375}, "7": {"chosen": -12.315200805664062, "rejected": -26.419981002807617}, "8": {"chosen": -15.545785903930664, "rejected": -58.678932189941406}, "9": {"chosen": -9.0826416015625, "rejected": -340.36700439453125}, "10": {"chosen": -20.056285858154297, "rejected": -22.952104568481445}, "11": {"chosen": -30.307628631591797, "rejected": -307.1308898925781}, "12": {"chosen": -30.728981018066406, "rejected": -9.466880798339844}, "13": {"chosen": -101.06221771240234, "rejected": -45.54552459716797}, "14": {"chosen": -41.02911376953125, "rejected": -28.370595932006836}, "15": {"chosen": -19.877979278564453, "rejected": -29.688701629638672}, "16": {"chosen": -70.26978302001953, "rejected": -277.3527526855469}, "17": {"chosen": -55.32524108886719, "rejected": -33.191383361816406}, "18": {"chosen": -219.04737854003906, "rejected": -80.71837615966797}, "19": {"chosen": -79.41668701171875, "rejected": -37.58662033081055}, "20": {"chosen": -55.82903289794922, "rejected": -34.56494903564453}, "21": {"chosen": -22.784215927124023, "rejected": -12.818466186523438}, "22": {"chosen": -52.50702667236328, "rejected": -21.3924617767334}, "23": {"chosen": -12.860392570495605, "rejected": -61.077266693115234}, "24": {"chosen": -47.64291000366211, "rejected": -14.694523811340332}, "25": {"chosen": -110.42684936523438, "rejected": -12.105140686035156}, "26": {"chosen": -30.311702728271484, "rejected": -69.08905792236328}, "27": {"chosen": -203.31483459472656, "rejected": -144.2143096923828}, "28": {"chosen": -76.1729507446289, "rejected": -27.218585968017578}, "29": {"chosen": -10.661673545837402, "rejected": -118.58634948730469}, "30": {"chosen": -45.22257995605469, "rejected": -19.78194236755371}, "31": {"chosen": -106.50940704345703, "rejected": -176.22061157226562}, "32": {"chosen": -49.42671585083008, "rejected": -40.00664138793945}, "33": {"chosen": -77.97843933105469, "rejected": -25.836421966552734}, "34": {"chosen": -203.99557495117188, "rejected": -48.25566864013672}, "35": {"chosen": -62.328617095947266, "rejected": -86.81615447998047}, "36": {"chosen": -26.736234664916992, "rejected": -170.72096252441406}, "37": {"chosen": -28.617286682128906, "rejected": -95.60816955566406}, "38": {"chosen": -21.993450164794922, "rejected": -383.3392333984375}, "39": {"chosen": -14.779263496398926, "rejected": -130.63616943359375}, "40": {"chosen": -58.07508850097656, "rejected": -86.63092041015625}, "41": {"chosen": -130.64956665039062, "rejected": -65.48104095458984}, "42": {"chosen": -99.08047485351562, "rejected": -62.752891540527344}, "43": {"chosen": -103.8956298828125, "rejected": -48.281394958496094}, "44": {"chosen": -254.48532104492188, "rejected": -352.25823974609375}, "45": {"chosen": -123.06593322753906, "rejected": -350.0494384765625}, "46": {"chosen": -164.91029357910156, "rejected": -111.47716522216797}, "47": {"chosen": -76.03440856933594, "rejected": -134.1785888671875}, "48": {"chosen": -32.0225830078125, "rejected": -25.285503387451172}, "49": {"chosen": -120.52291107177734, "rejected": -30.188676834106445}, "50": {"chosen": -96.0186538696289, "rejected": -46.13803482055664}, "51": {"chosen": -22.890695571899414, "rejected": -27.546812057495117}, "52": {"chosen": -17.64923667907715, "rejected": -32.599647521972656}, "53": {"chosen": -361.3045654296875, "rejected": -106.14471435546875}, "54": {"chosen": -21.372074127197266, "rejected": -264.43572998046875}, "55": {"chosen": -33.57516860961914, "rejected": -138.6107940673828}, "56": {"chosen": -43.19898986816406, "rejected": -269.1065673828125}, "57": {"chosen": -15.511641502380371, "rejected": -15.102885246276855}, "58": {"chosen": -101.61872100830078, "rejected": -166.02725219726562}, "59": {"chosen": -63.0759391784668, "rejected": -29.98288917541504}, "60": {"chosen": -21.373769760131836, "rejected": -36.507545471191406}, "61": {"chosen": -87.31495666503906, "rejected": -53.78730010986328}, "62": {"chosen": -159.72157287597656, "rejected": -105.17390441894531}, "63": {"chosen": -68.11918640136719, "rejected": -26.617595672607422}, "64": {"chosen": -176.53297424316406, "rejected": -176.34002685546875}, "65": {"chosen": -50.733551025390625, "rejected": -133.46231079101562}, "66": {"chosen": -18.745168685913086, "rejected": -66.51199340820312}, "67": {"chosen": -18.066715240478516, "rejected": -81.98658752441406}, "68": {"chosen": -143.32945251464844, "rejected": -205.5874481201172}, "69": {"chosen": -22.8337459564209, "rejected": -17.01287269592285}, "70": {"chosen": -25.061403274536133, "rejected": -28.6329402923584}, "71": {"chosen": -43.58563232421875, "rejected": -207.16883850097656}, "72": {"chosen": -24.001426696777344, "rejected": -186.8802947998047}, "73": {"chosen": -4.097813129425049, "rejected": -8.292404174804688}, "74": {"chosen": -57.52143096923828, "rejected": -30.868682861328125}, "75": {"chosen": -38.78207015991211, "rejected": -463.5006408691406}, "76": {"chosen": -17.890668869018555, "rejected": -11.93388557434082}, "77": {"chosen": -106.7685775756836, "rejected": -102.7763442993164}, "78": {"chosen": -70.88054656982422, "rejected": -45.06415939331055}, "79": {"chosen": -128.99966430664062, "rejected": -19.153106689453125}, "80": {"chosen": -8.943207740783691, "rejected": -9.425816535949707}, "81": {"chosen": -41.92055892944336, "rejected": -27.458297729492188}, "82": {"chosen": -26.471271514892578, "rejected": -27.693248748779297}, "83": {"chosen": -87.21517944335938, "rejected": -181.08717346191406}, "84": {"chosen": -44.17763137817383, "rejected": -34.942440032958984}, "85": {"chosen": -43.73308563232422, "rejected": -260.7975158691406}, "86": {"chosen": -139.77622985839844, "rejected": -40.88689422607422}, "87": {"chosen": -4.126040458679199, "rejected": -71.96932983398438}, "88": {"chosen": -44.819725036621094, "rejected": -126.69395446777344}, "89": {"chosen": -53.94490051269531, "rejected": -71.23987579345703}, "90": {"chosen": -39.12379837036133, "rejected": -54.198585510253906}, "91": {"chosen": -53.773162841796875, "rejected": -46.31565475463867}, "92": {"chosen": -19.89627456665039, "rejected": -40.20646667480469}, "93": {"chosen": -103.84095764160156, "rejected": -108.99833679199219}, "94": {"chosen": -4.996657848358154, "rejected": -18.356515884399414}, "95": {"chosen": -8.923544883728027, "rejected": -91.40574645996094}, "96": {"chosen": -16.691911697387695, "rejected": -12.716241836547852}, "97": {"chosen": -104.3841781616211, "rejected": -86.71519470214844}, "98": {"chosen": -14.042590141296387, "rejected": -64.31856536865234}, "99": {"chosen": -77.13172912597656, "rejected": -42.085357666015625}}}