{"0": {"0": {"chosen": -20.28289794921875, "rejected": -5.292693614959717}, "1": {"chosen": -15.178596496582031, "rejected": -22.609262466430664}, "2": {"chosen": -40.081321716308594, "rejected": -252.0171356201172}, "3": {"chosen": -16.50174903869629, "rejected": -23.699968338012695}, "4": {"chosen": -38.818416595458984, "rejected": -178.52267456054688}, "5": {"chosen": -121.99396514892578, "rejected": -179.57826232910156}, "6": {"chosen": -102.23505401611328, "rejected": -28.54720115661621}, "7": {"chosen": -10.863109588623047, "rejected": -25.684322357177734}, "8": {"chosen": -15.805635452270508, "rejected": -56.6321907043457}, "9": {"chosen": -9.222829818725586, "rejected": -337.51239013671875}, "10": {"chosen": -20.35251808166504, "rejected": -23.73618507385254}, "11": {"chosen": -28.027002334594727, "rejected": -310.66162109375}, "12": {"chosen": -30.785430908203125, "rejected": -10.681546211242676}, "13": {"chosen": -105.63385009765625, "rejected": -45.719940185546875}, "14": {"chosen": -42.04898452758789, "rejected": -26.311111450195312}, "15": {"chosen": -19.933269500732422, "rejected": -32.920936584472656}, "16": {"chosen": -69.40340423583984, "rejected": -282.627685546875}, "17": {"chosen": -56.48149108886719, "rejected": -34.48344802856445}, "18": {"chosen": -217.16949462890625, "rejected": -81.79768371582031}, "19": {"chosen": -80.32478332519531, "rejected": -40.467960357666016}, "20": {"chosen": -54.656166076660156, "rejected": -31.475391387939453}, "21": {"chosen": -24.036846160888672, "rejected": -13.620789527893066}, "22": {"chosen": -51.90381622314453, "rejected": -19.827795028686523}, "23": {"chosen": -15.53251838684082, "rejected": -56.89856719970703}, "24": {"chosen": -50.290863037109375, "rejected": -14.996524810791016}, "25": {"chosen": -112.25621795654297, "rejected": -14.035523414611816}, "26": {"chosen": -30.498502731323242, "rejected": -67.2587661743164}, "27": {"chosen": -197.24684143066406, "rejected": -145.6768341064453}, "28": {"chosen": -78.25554656982422, "rejected": -30.579322814941406}, "29": {"chosen": -11.617708206176758, "rejected": -115.81256103515625}, "30": {"chosen": -45.56950759887695, "rejected": -17.511276245117188}, "31": {"chosen": -113.57083892822266, "rejected": -179.12474060058594}, "32": {"chosen": -47.66619873046875, "rejected": -45.539642333984375}, "33": {"chosen": -80.3027572631836, "rejected": -25.722946166992188}, "34": {"chosen": -201.95361328125, "rejected": -46.40794372558594}, "35": {"chosen": -64.56902313232422, "rejected": -88.79469299316406}, "36": {"chosen": -25.35752296447754, "rejected": -166.10858154296875}, "37": {"chosen": -29.17644500732422, "rejected": -98.9588851928711}, "38": {"chosen": -20.41136360168457, "rejected": -386.65289306640625}, "39": {"chosen": -17.310903549194336, "rejected": -130.90692138671875}, "40": {"chosen": -55.218482971191406, "rejected": -88.03655242919922}, "41": {"chosen": -137.42376708984375, "rejected": -63.72069549560547}, "42": {"chosen": -93.85408782958984, "rejected": -59.17127227783203}, "43": {"chosen": -105.35294342041016, "rejected": -47.196109771728516}, "44": {"chosen": -251.0875701904297, "rejected": -363.1962890625}, "45": {"chosen": -124.00142669677734, "rejected": -349.000732421875}, "46": {"chosen": -159.48789978027344, "rejected": -112.10700225830078}, "47": {"chosen": -77.94322967529297, "rejected": -134.8117218017578}, "48": {"chosen": -34.643192291259766, "rejected": -24.706876754760742}, "49": {"chosen": -126.49429321289062, "rejected": -30.606285095214844}, "50": {"chosen": -100.0107192993164, "rejected": -45.5078010559082}, "51": {"chosen": -21.7246150970459, "rejected": -26.69392967224121}, "52": {"chosen": -16.24098777770996, "rejected": -30.63919448852539}, "53": {"chosen": -354.7525939941406, "rejected": -107.16462707519531}, "54": {"chosen": -25.443239212036133, "rejected": -250.37188720703125}, "55": {"chosen": -29.28801918029785, "rejected": -138.05621337890625}, "56": {"chosen": -40.82984161376953, "rejected": -265.1744689941406}, "57": {"chosen": -17.96460723876953, "rejected": -13.833822250366211}, "58": {"chosen": -98.52071380615234, "rejected": -160.3397979736328}, "59": {"chosen": -64.31802368164062, "rejected": -28.030899047851562}, "60": {"chosen": -20.58760643005371, "rejected": -33.06586456298828}, "61": {"chosen": -88.5018081665039, "rejected": -52.260684967041016}, "62": {"chosen": -159.1987762451172, "rejected": -109.71826171875}, "63": {"chosen": -67.58847045898438, "rejected": -27.99501609802246}, "64": {"chosen": -183.4383544921875, "rejected": -181.21327209472656}, "65": {"chosen": -53.0853271484375, "rejected": -140.28175354003906}, "66": {"chosen": -18.961467742919922, "rejected": -65.72290802001953}, "67": {"chosen": -16.94617462158203, "rejected": -78.37577819824219}, "68": {"chosen": -142.80758666992188, "rejected": -205.73818969726562}, "69": {"chosen": -18.891551971435547, "rejected": -16.865013122558594}, "70": {"chosen": -23.24350929260254, "rejected": -26.408979415893555}, "71": {"chosen": -45.341888427734375, "rejected": -210.32177734375}, "72": {"chosen": -22.16565704345703, "rejected": -187.62767028808594}, "73": {"chosen": -2.347270965576172, "rejected": -6.865432262420654}, "74": {"chosen": -53.38996124267578, "rejected": -29.22974395751953}, "75": {"chosen": -39.28767776489258, "rejected": -462.2107849121094}, "76": {"chosen": -15.01687240600586, "rejected": -11.374713897705078}, "77": {"chosen": -106.57301330566406, "rejected": -100.51374053955078}, "78": {"chosen": -67.32901763916016, "rejected": -45.95534133911133}, "79": {"chosen": -131.1564178466797, "rejected": -18.130184173583984}, "80": {"chosen": -7.740860939025879, "rejected": -11.59620475769043}, "81": {"chosen": -41.362667083740234, "rejected": -24.467737197875977}, "82": {"chosen": -24.635541915893555, "rejected": -29.20625114440918}, "83": {"chosen": -90.49176788330078, "rejected": -172.284912109375}, "84": {"chosen": -43.4085807800293, "rejected": -31.101289749145508}, "85": {"chosen": -46.52426528930664, "rejected": -269.26190185546875}, "86": {"chosen": -135.84922790527344, "rejected": -40.80048370361328}, "87": {"chosen": -4.065963268280029, "rejected": -71.13008880615234}, "88": {"chosen": -43.20708465576172, "rejected": -125.28988647460938}, "89": {"chosen": -53.158233642578125, "rejected": -69.85675811767578}, "90": {"chosen": -37.90746307373047, "rejected": -52.927886962890625}, "91": {"chosen": -60.208412170410156, "rejected": -45.4188346862793}, "92": {"chosen": -20.883148193359375, "rejected": -38.595638275146484}, "93": {"chosen": -103.81058502197266, "rejected": -105.69239807128906}, "94": {"chosen": -4.402617931365967, "rejected": -15.893593788146973}, "95": {"chosen": -11.30284595489502, "rejected": -95.10204315185547}, "96": {"chosen": -20.557743072509766, "rejected": -12.921272277832031}, "97": {"chosen": -97.58885955810547, "rejected": -82.53282165527344}, "98": {"chosen": -14.492366790771484, "rejected": -63.21722412109375}, "99": {"chosen": -76.34893035888672, "rejected": -43.340545654296875}}}