{"0": {"train_labels": [0, 0, 1, 1, 0, 1, 0, 1, 1, 0, 1, 0, 1, 0, 1, 0, 0, 1, 0, 1, 0, 0, 1, 1, 1, 0, 0, 0, 1, 0, 0, 0, 1, 0, 1, 0, 0, 0, 0, 1, 1, 1, 1, 1, 1, 0, 1, 1, 0, 1, 1, 1, 0, 1, 1, 0, 1, 1, 0, 0, 0, 0, 0, 0, 0, 0, 1, 0, 0, 1, 1, 0, 1, 1, 0, 0, 1, 1, 1, 0, 1, 0, 0, 0, 0, 1, 0, 0, 1, 0, 1, 1, 0, 0, 0, 0, 1, 0, 1, 0], "train_logprobs": [[-10.054985046386719, -109.8194351196289], [-113.09993743896484, -170.73863220214844], [-197.8611602783203, -39.16967010498047], [-264.5902404785156, -41.464786529541016], [-206.09246826171875, -224.3660125732422], [-183.81521606445312, -178.4379119873047], [-41.7083625793457, -136.34417724609375], [-247.947265625, -59.35383987426758], [-152.95726013183594, -117.56552124023438], [-298.0904846191406, -329.6892395019531], [-299.63543701171875, -290.1475830078125], [-32.036476135253906, -130.52911376953125], [-178.47430419921875, -3.4220657348632812], [-55.72941970825195, -209.878662109375], [-366.7138977050781, -166.73272705078125], [-30.967952728271484, -98.377685546875], [-422.5311279296875, -525.4713134765625], [-226.08680725097656, -99.90921783447266], [-21.186758041381836, -228.23300170898438], [-220.60409545898438, -31.265657424926758], [-220.4053192138672, -362.134033203125], [-8.70947265625, -66.84095764160156], [-95.80182647705078, -67.77500915527344], [-329.853515625, -196.67884826660156], [-53.029296875, -39.70845031738281], [-48.21019744873047, -174.92721557617188], [-17.03868293762207, -56.673973083496094], [-86.35140991210938, -331.8466796875], [-124.7392349243164, -15.305173873901367], [-158.17527770996094, -242.78689575195312], [-21.07727813720703, -312.07354736328125], [-32.95085144042969, -193.40713500976562], [-280.0967102050781, -145.55282592773438], [-185.6605224609375, -315.29718017578125], [-141.33741760253906, -98.38722229003906], [-17.559064865112305, -93.48910522460938], [-165.9683837890625, -303.50738525390625], [-33.70167922973633, -477.0248718261719], [-29.929473876953125, -83.76109313964844], [-71.30535888671875, -59.6515998840332], [-153.05734252929688, -82.75713348388672], [-345.26788330078125, -72.1044692993164], [-99.21809387207031, -58.870704650878906], [-103.28722381591797, -102.0480728149414], [-129.3618927001953, -57.61503982543945], [-154.72207641601562, -223.55233764648438], [-125.51160430908203, -40.783267974853516], [-198.20736694335938, -35.585140228271484], [-195.59561157226562, -503.10614013671875], [-210.0719451904297, -62.217987060546875], [-207.14059448242188, -136.0943603515625], [-223.41680908203125, -51.06989288330078], [-61.510902404785156, -252.24412536621094], [-130.32168579101562, -26.76247787475586], [-168.20655822753906, -110.18047332763672], [-116.76974487304688, -650.3272705078125], [-438.25201416015625, -205.90460205078125], [-125.16796112060547, -74.8503189086914], [-146.76402282714844, -293.10931396484375], [-52.61454391479492, -107.46183013916016], [-53.89293670654297, -273.23016357421875], [-183.70162963867188, -397.7823486328125], [-81.77880859375, -129.9659423828125], [-36.42373275756836, -80.26343536376953], [-64.68342590332031, -127.86691284179688], [-179.73822021484375, -185.99058532714844], [-36.35505294799805, -19.127782821655273], [-202.65744018554688, -653.8720092773438], [-97.14057159423828, -236.79122924804688], [-190.5949249267578, -75.83223724365234], [-317.8553161621094, -302.5899658203125], [-111.06629943847656, -162.4378662109375], [-136.2082977294922, -38.627925872802734], [-198.92767333984375, -94.92204284667969], [-228.97544860839844, -625.6542358398438], [-64.498291015625, -130.7014617919922], [-116.70890045166016, -60.37528991699219], [-113.10994720458984, -19.12574005126953], [-230.66073608398438, -157.8233642578125], [-106.23519897460938, -111.33295440673828], [-123.27422332763672, -78.67488098144531], [-59.342445373535156, -503.0649108886719], [-231.63888549804688, -292.29412841796875], [-18.30734634399414, -162.42758178710938], [-67.9781494140625, -103.12452697753906], [-322.57135009765625, -270.01458740234375], [-55.444129943847656, -302.3168640136719], [-115.64045715332031, -191.284423828125], [-580.2178344726562, -267.86627197265625], [-78.04815673828125, -207.58644104003906], [-375.632568359375, -100.55320739746094], [-224.8054656982422, -156.11813354492188], [-17.000782012939453, -38.840187072753906], [-135.01419067382812, -219.06234741210938], [-16.100536346435547, -39.61348342895508], [-225.40725708007812, -268.9462585449219], [-75.28038787841797, -40.93650436401367], [-14.537554740905762, -566.9539794921875], [-124.42045593261719, -68.46158599853516], [-27.36063003540039, -139.43609619140625]], "train_probs": [1.0, 1.0, 1.2054841171722513e-69, 1.2526985588694605e-97, 0.99999998841488, 0.004599012384650493, 1.0, 1.2442735613694447e-82, 4.261505903557851e-16, 0.9999999999999811, 7.576078347811624e-05, 1.0, 9.457553138635708e-77, 1.0, 1.4102012661941828e-87, 1.0, 1.0, 1.5913627078992608e-55, 1.0, 5.906920823829647e-83, 1.0, 1.0, 6.731438647419122e-13, 1.4553814558848756e-58, 1.639944435388237e-06, 1.0, 1.0, 1.0, 2.97434371094692e-48, 1.0, 1.0, 1.0, 3.701122712023631e-59, 1.0, 2.223141875064032e-19, 1.0, 1.0, 1.0, 1.0, 8.686263492632823e-06, 2.9444700074839133e-31, 2.326144241430471e-119, 3.00159091378529e-18, 0.22458380087240423, 6.930071295179646e-32, 1.0, 1.595699353928216e-37, 2.3662700279016116e-71, 1.0, 6.135385514452352e-65, 1.3964087354969935e-31, 1.414768305260911e-75, 1.0, 1.0587841997529411e-45, 6.303641724782639e-26, 1.0, 1.2382291858578785e-101, 1.4038659642036687e-22, 1.0, 1.0, 1.0, 1.0, 1.0, 1.0, 1.0, 0.9980778081469664, 3.298311215575956e-08, 1.0, 1.0, 1.4427730149140752e-50, 2.3460781801627953e-07, 1.0, 4.181989716675669e-43, 6.775300937253195e-46, 1.0, 1.0, 3.424709978036198e-25, 1.524675589809142e-41, 2.328795426679828e-32, 0.9939266642964361, 4.2731852685953376e-20, 1.0, 1.0, 1.0, 0.9999999999999994, 1.4958497552865203e-23, 1.0, 1.0, 2.2255635115941735e-136, 1.0, 3.424139493492147e-120, 1.4773067057098352e-30, 0.9999999996724581, 1.0, 0.9999999999385593, 1.0, 1.215180809964622e-15, 1.0, 4.981631215764879e-25, 1.0], "test_labels": [], "test_logprobs": [], "test_probs": []}}