{"0": {"0": {"chosen": -20.374469757080078, "rejected": -5.451470375061035}, "1": {"chosen": -14.821127891540527, "rejected": -24.688074111938477}, "2": {"chosen": -37.37214279174805, "rejected": -256.2988586425781}, "3": {"chosen": -17.19911003112793, "rejected": -23.856464385986328}, "4": {"chosen": -37.982826232910156, "rejected": -179.2292022705078}, "5": {"chosen": -120.36188507080078, "rejected": -179.2549591064453}, "6": {"chosen": -106.02214813232422, "rejected": -28.84137725830078}, "7": {"chosen": -12.118717193603516, "rejected": -27.157548904418945}, "8": {"chosen": -16.193649291992188, "rejected": -59.466190338134766}, "9": {"chosen": -10.2781982421875, "rejected": -337.8653869628906}, "10": {"chosen": -20.589258193969727, "rejected": -23.80572509765625}, "11": {"chosen": -30.017086029052734, "rejected": -314.086181640625}, "12": {"chosen": -30.255414962768555, "rejected": -10.398305892944336}, "13": {"chosen": -103.01646423339844, "rejected": -47.77139663696289}, "14": {"chosen": -42.69066619873047, "rejected": -26.65380859375}, "15": {"chosen": -20.647321701049805, "rejected": -31.51979637145996}, "16": {"chosen": -70.33748626708984, "rejected": -284.0497741699219}, "17": {"chosen": -57.739322662353516, "rejected": -33.92727279663086}, "18": {"chosen": -222.2918701171875, "rejected": -84.95162200927734}, "19": {"chosen": -81.80169677734375, "rejected": -42.50649642944336}, "20": {"chosen": -56.83726501464844, "rejected": -32.30836486816406}, "21": {"chosen": -24.683422088623047, "rejected": -13.254045486450195}, "22": {"chosen": -52.30705642700195, "rejected": -19.9246768951416}, "23": {"chosen": -15.593803405761719, "rejected": -62.53728485107422}, "24": {"chosen": -52.76337814331055, "rejected": -14.807852745056152}, "25": {"chosen": -116.17739868164062, "rejected": -14.21120834350586}, "26": {"chosen": -31.33053970336914, "rejected": -67.19986724853516}, "27": {"chosen": -198.79629516601562, "rejected": -147.12942504882812}, "28": {"chosen": -79.85575866699219, "rejected": -31.81895637512207}, "29": {"chosen": -12.807258605957031, "rejected": -119.56211853027344}, "30": {"chosen": -45.578887939453125, "rejected": -17.673479080200195}, "31": {"chosen": -112.42909240722656, "rejected": -179.6787109375}, "32": {"chosen": -47.40531921386719, "rejected": -47.77799606323242}, "33": {"chosen": -79.33545684814453, "rejected": -25.806659698486328}, "34": {"chosen": -202.7193145751953, "rejected": -47.99089813232422}, "35": {"chosen": -64.58719635009766, "rejected": -88.44093322753906}, "36": {"chosen": -24.838912963867188, "rejected": -166.90982055664062}, "37": {"chosen": -29.468149185180664, "rejected": -100.32510375976562}, "38": {"chosen": -21.229459762573242, "rejected": -387.5582580566406}, "39": {"chosen": -17.21617889404297, "rejected": -130.62863159179688}, "40": {"chosen": -56.69987869262695, "rejected": -85.4291000366211}, "41": {"chosen": -135.4518585205078, "rejected": -65.07003784179688}, "42": {"chosen": -96.20267486572266, "rejected": -62.07854461669922}, "43": {"chosen": -107.56883239746094, "rejected": -48.06870651245117}, "44": {"chosen": -251.24859619140625, "rejected": -363.42340087890625}, "45": {"chosen": -126.04617309570312, "rejected": -351.92144775390625}, "46": {"chosen": -159.22486877441406, "rejected": -112.91841125488281}, "47": {"chosen": -77.10851287841797, "rejected": -136.4717254638672}, "48": {"chosen": -35.794979095458984, "rejected": -24.952177047729492}, "49": {"chosen": -129.33653259277344, "rejected": -31.639062881469727}, "50": {"chosen": -99.4535903930664, "rejected": -45.23173522949219}, "51": {"chosen": -22.68743896484375, "rejected": -28.121503829956055}, "52": {"chosen": -18.544706344604492, "rejected": -33.72111129760742}, "53": {"chosen": -357.7025451660156, "rejected": -105.76013946533203}, "54": {"chosen": -22.849449157714844, "rejected": -257.098388671875}, "55": {"chosen": -29.786611557006836, "rejected": -141.29991149902344}, "56": {"chosen": -40.8424072265625, "rejected": -262.454345703125}, "57": {"chosen": -17.635578155517578, "rejected": -14.775527954101562}, "58": {"chosen": -98.39888000488281, "rejected": -159.321533203125}, "59": {"chosen": -64.7327880859375, "rejected": -26.58463478088379}, "60": {"chosen": -21.60471534729004, "rejected": -37.321659088134766}, "61": {"chosen": -88.18350219726562, "rejected": -52.41691970825195}, "62": {"chosen": -160.06243896484375, "rejected": -108.35738372802734}, "63": {"chosen": -72.86984252929688, "rejected": -29.455366134643555}, "64": {"chosen": -181.36460876464844, "rejected": -184.55104064941406}, "65": {"chosen": -54.67949676513672, "rejected": -140.36717224121094}, "66": {"chosen": -19.689149856567383, "rejected": -69.40384674072266}, "67": {"chosen": -18.109968185424805, "rejected": -81.89828491210938}, "68": {"chosen": -146.0902099609375, "rejected": -207.3586883544922}, "69": {"chosen": -20.421321868896484, "rejected": -17.890300750732422}, "70": {"chosen": -23.708539962768555, "rejected": -28.222557067871094}, "71": {"chosen": -43.81279754638672, "rejected": -208.27471923828125}, "72": {"chosen": -22.3530330657959, "rejected": -191.20498657226562}, "73": {"chosen": -2.6106343269348145, "rejected": -7.479975700378418}, "74": {"chosen": -54.679443359375, "rejected": -29.991920471191406}, "75": {"chosen": -37.49269104003906, "rejected": -470.2928466796875}, "76": {"chosen": -15.67617416381836, "rejected": -11.294502258300781}, "77": {"chosen": -106.0418701171875, "rejected": -103.2672348022461}, "78": {"chosen": -68.54414367675781, "rejected": -46.33107376098633}, "79": {"chosen": -127.65748596191406, "rejected": -18.052963256835938}, "80": {"chosen": -7.225773811340332, "rejected": -11.30681037902832}, "81": {"chosen": -41.462257385253906, "rejected": -25.907398223876953}, "82": {"chosen": -26.047067642211914, "rejected": -30.46066665649414}, "83": {"chosen": -90.53961944580078, "rejected": -174.40908813476562}, "84": {"chosen": -44.825439453125, "rejected": -33.433677673339844}, "85": {"chosen": -46.90486145019531, "rejected": -272.2523498535156}, "86": {"chosen": -134.39944458007812, "rejected": -44.148704528808594}, "87": {"chosen": -3.8922007083892822, "rejected": -73.4619369506836}, "88": {"chosen": -45.582271575927734, "rejected": -122.90153503417969}, "89": {"chosen": -54.83443069458008, "rejected": -72.8172836303711}, "90": {"chosen": -37.24447250366211, "rejected": -54.02445983886719}, "91": {"chosen": -61.60951232910156, "rejected": -43.884498596191406}, "92": {"chosen": -23.191286087036133, "rejected": -38.63882827758789}, "93": {"chosen": -100.82438659667969, "rejected": -105.98371887207031}, "94": {"chosen": -4.084012508392334, "rejected": -16.828109741210938}, "95": {"chosen": -11.181575775146484, "rejected": -95.05654907226562}, "96": {"chosen": -21.08470916748047, "rejected": -14.072209358215332}, "97": {"chosen": -98.48056030273438, "rejected": -84.03750610351562}, "98": {"chosen": -15.479703903198242, "rejected": -64.23517608642578}, "99": {"chosen": -74.5111083984375, "rejected": -43.25648498535156}}}