{"0": {"train_labels": [0, 0, 1, 1, 1, 1, 0, 1, 1, 0, 0, 0, 1, 0, 1, 0, 0, 1, 0, 1, 0, 0, 1, 1, 0, 0, 0, 0, 1, 0, 0, 0, 1, 0, 0, 0, 0, 0, 0, 1, 1, 1, 1, 0, 1, 1, 1, 1, 0, 1, 1, 1, 0, 1, 1, 0, 1, 1, 0, 0, 0, 0, 0, 0, 0, 0, 0, 0, 0, 1, 1, 0, 1, 1, 0, 0, 1, 1, 1, 1, 0, 0, 0, 0, 0, 1, 0, 0, 1, 0, 1, 1, 0, 0, 0, 0, 1, 0, 1, 0], "train_logprobs": [[-36.97615432739258, -78.5684585571289], [-78.3908462524414, -111.88331604003906], [-145.8836669921875, -38.48297882080078], [-160.74307250976562, -62.97426986694336], [-137.85983276367188, -130.4149169921875], [-127.73272705078125, -108.5934829711914], [-60.625919342041016, -110.91568756103516], [-144.22242736816406, -41.34508514404297], [-101.69075775146484, -80.4943618774414], [-131.64193725585938, -181.39608764648438], [-144.76629638671875, -160.12278747558594], [-25.206539154052734, -81.40869140625], [-117.29945373535156, -18.62931251525879], [-38.42755889892578, -165.77313232421875], [-201.96685791015625, -107.90489196777344], [-21.222576141357422, -50.593807220458984], [-277.9267272949219, -287.8995666503906], [-142.93321228027344, -70.25006866455078], [-24.57563018798828, -113.26904296875], [-177.39491271972656, -36.6549072265625], [-162.02392578125, -234.93968200683594], [-19.69586944580078, -63.70695495605469], [-51.48560333251953, -49.299537658691406], [-196.01487731933594, -123.50721740722656], [-21.12864112854004, -61.789581298828125], [-55.67371368408203, -98.78767395019531], [-12.409709930419922, -35.77064895629883], [-62.974769592285156, -205.08412170410156], [-53.729087829589844, -41.12938690185547], [-104.66043090820312, -142.6660919189453], [-22.77322006225586, -231.93341064453125], [-54.512451171875, -149.64035034179688], [-150.9447479248047, -85.30487823486328], [-119.27983856201172, -164.98275756835938], [-93.92689514160156, -106.21349334716797], [-7.703998565673828, -66.71351623535156], [-116.27281188964844, -193.74398803710938], [-43.17835235595703, -257.5184020996094], [-39.34346008300781, -64.88602447509766], [-74.5778579711914, -30.64052963256836], [-55.67259979248047, -51.41166687011719], [-197.07984924316406, -42.30840301513672], [-87.0783462524414, -53.19818115234375], [-70.27861785888672, -79.89839935302734], [-104.26778411865234, -36.40240478515625], [-126.83879852294922, -124.47371673583984], [-98.37287902832031, -34.13751220703125], [-126.10832214355469, -30.33599281311035], [-93.5960464477539, -283.6698303222656], [-105.00979614257812, -42.429527282714844], [-144.77476501464844, -90.17247772216797], [-127.71265411376953, -57.61081314086914], [-33.685482025146484, -168.28172302246094], [-92.10592651367188, -23.71539878845215], [-82.55842590332031, -58.79615020751953], [-61.774932861328125, -420.5413513183594], [-232.97982788085938, -134.51528930664062], [-95.65164947509766, -75.79912567138672], [-86.42152404785156, -174.23208618164062], [-48.80228805541992, -81.81307220458984], [-48.15365219116211, -155.02267456054688], [-113.99617767333984, -245.12155151367188], [-66.82502746582031, -80.52474212646484], [-38.39299774169922, -73.84351348876953], [-45.88715744018555, -76.14114379882812], [-96.94546508789062, -112.1347427368164], [-20.679155349731445, -26.61351776123047], [-126.14118957519531, -359.8692626953125], [-56.05268859863281, -148.32772827148438], [-139.65829467773438, -97.01142120361328], [-215.76097106933594, -179.71038818359375], [-65.27015686035156, -103.96576690673828], [-107.68801879882812, -34.88694763183594], [-122.76605224609375, -64.48282623291016], [-182.49095153808594, -311.5604248046875], [-63.761131286621094, -90.57059478759766], [-71.477294921875, -26.2375431060791], [-74.94706726074219, -51.20768356323242], [-148.60516357421875, -95.24118041992188], [-82.43580627441406, -80.58521270751953], [-64.8335952758789, -84.7069091796875], [-31.170875549316406, -259.1190490722656], [-162.58425903320312, -192.88787841796875], [-35.830650329589844, -116.6512451171875], [-69.53728485107422, -73.63811492919922], [-193.4832305908203, -149.471923828125], [-27.74689483642578, -182.73085021972656], [-72.56315612792969, -125.18690490722656], [-328.912109375, -176.82879638671875], [-71.04708099365234, -126.0029067993164], [-204.36514282226562, -79.21456146240234], [-149.20535278320312, -92.89582824707031], [-20.61368179321289, -33.30150604248047], [-107.90462493896484, -191.72361755371094], [-25.74364471435547, -45.10128402709961], [-138.17588806152344, -142.6494140625], [-75.68466186523438, -32.42987823486328], [-19.469215393066406, -361.66973876953125], [-70.62969970703125, -61.6142578125], [-31.250699996948242, -86.74140167236328]], "train_probs": [1.0, 0.9999999999999971, 2.2723424127340076e-47, 3.4637657210501027e-43, 0.0005840639918180706, 4.8745205577345846e-09, 1.0, 2.093813324373881e-45, 6.230490460446293e-10, 1.0, 0.9999997858290488, 1.0, 1.4063782441481513e-43, 1.0, 1.410610896336211e-41, 0.9999999999998246, 0.9999533522565752, 2.7171386510765574e-32, 1.0, 7.54036261068865e-62, 1.0, 1.0, 0.10100879366018532, 3.2383471595526413e-32, 1.0, 1.0, 0.9999999999284724, 1.0, 3.3730124839420584e-06, 1.0, 1.0, 1.0, 3.1114784742780623e-29, 1.0, 0.9999953868646771, 1.0, 1.0, 1.0, 0.9999999999919275, 8.284394143246142e-20, 0.013912835488291154, 6.075960571956748e-68, 1.9321073430137672e-15, 0.9999336022836279, 3.3607812315043e-30, 0.08587443369442685, 1.2674611213786203e-28, 2.5503856303009097e-42, 1.0, 6.633375129485828e-28, 1.9343182510784167e-24, 3.5905195372088052e-31, 1.0, 1.98779317201787e-30, 4.788227624010369e-11, 1.0, 1.727405245536463e-43, 2.388682672296926e-09, 1.0, 0.9999999999999954, 1.0, 1.0, 0.9999988772345715, 0.9999999999999996, 0.9999999999999274, 0.9999997468485478, 0.9973600777802091, 1.0, 1.0, 3.0109128125367987e-19, 2.2051126635246823e-16, 1.0, 2.4148853426581517e-32, 4.8743482571023595e-26, 1.0, 0.9999999999977259, 2.2522957831573896e-20, 4.899103971205162e-11, 6.67293022506619e-24, 0.13580322051912316, 0.9999999976604655, 1.0, 0.9999999999999309, 1.0, 0.9837108070222031, 7.693648337267011e-20, 1.0, 1.0, 8.934214591806395e-67, 1.0, 4.4441950204725454e-55, 3.5081989590848927e-25, 0.9999969115071529, 1.0, 0.9999999960818229, 0.9887216289649758, 1.6394046153748582e-19, 1.0, 0.00012150399611251739, 1.0], "test_labels": [], "test_logprobs": [], "test_probs": []}}