{"0": {"0": {"chosen": -22.14015769958496, "rejected": -7.134650230407715}, "1": {"chosen": -14.451306343078613, "rejected": -26.668432235717773}, "2": {"chosen": -37.67472457885742, "rejected": -255.35003662109375}, "3": {"chosen": -18.83163833618164, "rejected": -24.61612319946289}, "4": {"chosen": -40.7073860168457, "rejected": -181.79498291015625}, "5": {"chosen": -128.70120239257812, "rejected": -186.28964233398438}, "6": {"chosen": -102.19656372070312, "rejected": -24.934900283813477}, "7": {"chosen": -14.916104316711426, "rejected": -30.49724769592285}, "8": {"chosen": -16.323152542114258, "rejected": -63.21305465698242}, "9": {"chosen": -10.601956367492676, "rejected": -342.9293212890625}, "10": {"chosen": -19.86429214477539, "rejected": -19.812110900878906}, "11": {"chosen": -29.301830291748047, "rejected": -308.8752136230469}, "12": {"chosen": -32.26813888549805, "rejected": -10.977682113647461}, "13": {"chosen": -100.06584167480469, "rejected": -44.978233337402344}, "14": {"chosen": -42.40678787231445, "rejected": -29.88439178466797}, "15": {"chosen": -21.260162353515625, "rejected": -29.687904357910156}, "16": {"chosen": -71.44139862060547, "rejected": -280.9363098144531}, "17": {"chosen": -56.06468963623047, "rejected": -34.360904693603516}, "18": {"chosen": -220.64004516601562, "rejected": -79.81316375732422}, "19": {"chosen": -82.24796295166016, "rejected": -38.67742156982422}, "20": {"chosen": -58.244049072265625, "rejected": -35.908416748046875}, "21": {"chosen": -23.505229949951172, "rejected": -13.345820426940918}, "22": {"chosen": -53.8270149230957, "rejected": -23.640277862548828}, "23": {"chosen": -11.930283546447754, "rejected": -60.84480667114258}, "24": {"chosen": -47.51971435546875, "rejected": -12.209797859191895}, "25": {"chosen": -110.59321594238281, "rejected": -12.686738014221191}, "26": {"chosen": -34.789886474609375, "rejected": -73.03123474121094}, "27": {"chosen": -205.04196166992188, "rejected": -143.34408569335938}, "28": {"chosen": -75.01704406738281, "rejected": -26.563335418701172}, "29": {"chosen": -12.180692672729492, "rejected": -121.40425109863281}, "30": {"chosen": -48.0631217956543, "rejected": -20.8794002532959}, "31": {"chosen": -109.54002380371094, "rejected": -179.4395294189453}, "32": {"chosen": -49.50550079345703, "rejected": -42.0836181640625}, "33": {"chosen": -78.42403411865234, "rejected": -24.86026382446289}, "34": {"chosen": -205.691162109375, "rejected": -52.22119140625}, "35": {"chosen": -63.66347885131836, "rejected": -89.61970520019531}, "36": {"chosen": -26.508174896240234, "rejected": -173.806396484375}, "37": {"chosen": -28.15593910217285, "rejected": -98.376953125}, "38": {"chosen": -23.712055206298828, "rejected": -381.8487548828125}, "39": {"chosen": -18.64820671081543, "rejected": -132.25279235839844}, "40": {"chosen": -59.09245300292969, "rejected": -85.74945068359375}, "41": {"chosen": -128.82704162597656, "rejected": -65.31275939941406}, "42": {"chosen": -97.10746765136719, "rejected": -65.55516815185547}, "43": {"chosen": -103.67042541503906, "rejected": -49.673248291015625}, "44": {"chosen": -257.6437072753906, "rejected": -356.8828430175781}, "45": {"chosen": -125.02468872070312, "rejected": -350.45306396484375}, "46": {"chosen": -169.6417236328125, "rejected": -114.70606994628906}, "47": {"chosen": -76.9505615234375, "rejected": -132.105224609375}, "48": {"chosen": -32.63072967529297, "rejected": -26.110532760620117}, "49": {"chosen": -122.01041412353516, "rejected": -30.226526260375977}, "50": {"chosen": -96.70332336425781, "rejected": -45.07989501953125}, "51": {"chosen": -25.825572967529297, "rejected": -28.3282527923584}, "52": {"chosen": -21.383052825927734, "rejected": -34.40027618408203}, "53": {"chosen": -365.7121276855469, "rejected": -106.82926940917969}, "54": {"chosen": -19.996885299682617, "rejected": -261.9970397949219}, "55": {"chosen": -35.88242721557617, "rejected": -139.39398193359375}, "56": {"chosen": -44.9936408996582, "rejected": -270.49835205078125}, "57": {"chosen": -15.849996566772461, "rejected": -15.244457244873047}, "58": {"chosen": -101.81140899658203, "rejected": -165.12716674804688}, "59": {"chosen": -63.971946716308594, "rejected": -28.94178009033203}, "60": {"chosen": -23.046268463134766, "rejected": -37.15288162231445}, "61": {"chosen": -88.4637222290039, "rejected": -53.87675094604492}, "62": {"chosen": -158.80096435546875, "rejected": -104.67405700683594}, "63": {"chosen": -70.83070373535156, "rejected": -28.026527404785156}, "64": {"chosen": -173.85491943359375, "rejected": -176.07115173339844}, "65": {"chosen": -56.5481071472168, "rejected": -138.3099365234375}, "66": {"chosen": -21.49686050415039, "rejected": -72.08319091796875}, "67": {"chosen": -20.383838653564453, "rejected": -79.49092864990234}, "68": {"chosen": -146.0673828125, "rejected": -210.12513732910156}, "69": {"chosen": -23.255874633789062, "rejected": -19.11459732055664}, "70": {"chosen": -27.102060317993164, "rejected": -31.106067657470703}, "71": {"chosen": -44.61766052246094, "rejected": -208.7891387939453}, "72": {"chosen": -25.57063102722168, "rejected": -186.27381896972656}, "73": {"chosen": -5.504404544830322, "rejected": -10.277297973632812}, "74": {"chosen": -58.05922317504883, "rejected": -30.247617721557617}, "75": {"chosen": -38.82817077636719, "rejected": -464.048583984375}, "76": {"chosen": -18.352279663085938, "rejected": -12.654468536376953}, "77": {"chosen": -107.3238525390625, "rejected": -102.51901245117188}, "78": {"chosen": -71.39189910888672, "rejected": -46.02782440185547}, "79": {"chosen": -123.26648712158203, "rejected": -19.61794090270996}, "80": {"chosen": -9.93494701385498, "rejected": -10.046035766601562}, "81": {"chosen": -39.52663040161133, "rejected": -27.528684616088867}, "82": {"chosen": -26.100732803344727, "rejected": -28.605209350585938}, "83": {"chosen": -89.64241790771484, "rejected": -181.82652282714844}, "84": {"chosen": -45.862098693847656, "rejected": -36.8744010925293}, "85": {"chosen": -44.30236053466797, "rejected": -260.1536560058594}, "86": {"chosen": -136.90126037597656, "rejected": -40.213768005371094}, "87": {"chosen": -4.918567180633545, "rejected": -75.20330810546875}, "88": {"chosen": -44.725669860839844, "rejected": -130.95330810546875}, "89": {"chosen": -58.648319244384766, "rejected": -71.04933166503906}, "90": {"chosen": -41.70923614501953, "rejected": -56.82231140136719}, "91": {"chosen": -57.44981002807617, "rejected": -53.248130798339844}, "92": {"chosen": -20.40784454345703, "rejected": -43.34315872192383}, "93": {"chosen": -105.14134216308594, "rejected": -106.08646392822266}, "94": {"chosen": -6.89708948135376, "rejected": -18.857757568359375}, "95": {"chosen": -11.541158676147461, "rejected": -94.09900665283203}, "96": {"chosen": -16.783029556274414, "rejected": -10.89488697052002}, "97": {"chosen": -103.3456802368164, "rejected": -89.99103546142578}, "98": {"chosen": -16.65032958984375, "rejected": -66.95935821533203}, "99": {"chosen": -77.25843048095703, "rejected": -44.61238098144531}}}