{"0": {"0": {"chosen": -20.241365432739258, "rejected": -5.168581008911133}, "1": {"chosen": -14.567852973937988, "rejected": -22.684919357299805}, "2": {"chosen": -37.13880157470703, "rejected": -252.01612854003906}, "3": {"chosen": -16.87385368347168, "rejected": -22.056781768798828}, "4": {"chosen": -37.334800720214844, "rejected": -177.3084259033203}, "5": {"chosen": -120.64881134033203, "rejected": -180.84869384765625}, "6": {"chosen": -101.31207275390625, "rejected": -26.987239837646484}, "7": {"chosen": -11.936431884765625, "rejected": -25.84639549255371}, "8": {"chosen": -16.0678768157959, "rejected": -58.026573181152344}, "9": {"chosen": -8.804308891296387, "rejected": -337.3408203125}, "10": {"chosen": -21.3826904296875, "rejected": -23.61496353149414}, "11": {"chosen": -26.774200439453125, "rejected": -311.2463073730469}, "12": {"chosen": -29.94551658630371, "rejected": -11.007335662841797}, "13": {"chosen": -104.39867401123047, "rejected": -46.63019561767578}, "14": {"chosen": -42.15193557739258, "rejected": -26.878944396972656}, "15": {"chosen": -18.67095184326172, "rejected": -30.855606079101562}, "16": {"chosen": -69.31436157226562, "rejected": -281.2732849121094}, "17": {"chosen": -57.4381217956543, "rejected": -34.39989471435547}, "18": {"chosen": -219.66392517089844, "rejected": -81.4237060546875}, "19": {"chosen": -80.54412078857422, "rejected": -40.259639739990234}, "20": {"chosen": -53.270286560058594, "rejected": -31.157869338989258}, "21": {"chosen": -25.771865844726562, "rejected": -13.08894157409668}, "22": {"chosen": -51.18333053588867, "rejected": -19.793365478515625}, "23": {"chosen": -13.157660484313965, "rejected": -56.61248779296875}, "24": {"chosen": -50.06755447387695, "rejected": -14.802927017211914}, "25": {"chosen": -112.95523834228516, "rejected": -12.722345352172852}, "26": {"chosen": -32.135799407958984, "rejected": -67.45902252197266}, "27": {"chosen": -198.16543579101562, "rejected": -145.87628173828125}, "28": {"chosen": -80.46366882324219, "rejected": -30.794921875}, "29": {"chosen": -11.058276176452637, "rejected": -114.59101867675781}, "30": {"chosen": -45.20928955078125, "rejected": -17.82550621032715}, "31": {"chosen": -112.29339599609375, "rejected": -179.8922119140625}, "32": {"chosen": -48.38250732421875, "rejected": -45.541015625}, "33": {"chosen": -76.23480224609375, "rejected": -22.780467987060547}, "34": {"chosen": -201.85882568359375, "rejected": -48.098018646240234}, "35": {"chosen": -62.23619842529297, "rejected": -87.89073944091797}, "36": {"chosen": -25.729246139526367, "rejected": -165.17031860351562}, "37": {"chosen": -28.724645614624023, "rejected": -100.01112365722656}, "38": {"chosen": -20.884056091308594, "rejected": -389.0325622558594}, "39": {"chosen": -16.01970863342285, "rejected": -130.5928192138672}, "40": {"chosen": -56.65814208984375, "rejected": -86.4233627319336}, "41": {"chosen": -133.80975341796875, "rejected": -63.6213264465332}, "42": {"chosen": -95.28756713867188, "rejected": -59.54393005371094}, "43": {"chosen": -104.47241973876953, "rejected": -47.16069412231445}, "44": {"chosen": -251.34559631347656, "rejected": -364.260986328125}, "45": {"chosen": -123.44512939453125, "rejected": -349.02490234375}, "46": {"chosen": -159.94381713867188, "rejected": -113.4586410522461}, "47": {"chosen": -75.80174255371094, "rejected": -134.29721069335938}, "48": {"chosen": -35.010276794433594, "rejected": -23.87932777404785}, "49": {"chosen": -125.01140594482422, "rejected": -29.742969512939453}, "50": {"chosen": -99.8056640625, "rejected": -44.96283721923828}, "51": {"chosen": -22.12038803100586, "rejected": -27.175888061523438}, "52": {"chosen": -15.564212799072266, "rejected": -32.07168197631836}, "53": {"chosen": -356.70074462890625, "rejected": -107.81365203857422}, "54": {"chosen": -23.351322174072266, "rejected": -251.3690948486328}, "55": {"chosen": -31.41119956970215, "rejected": -141.98301696777344}, "56": {"chosen": -41.28062438964844, "rejected": -263.33343505859375}, "57": {"chosen": -18.021883010864258, "rejected": -14.345125198364258}, "58": {"chosen": -99.16921997070312, "rejected": -162.32369995117188}, "59": {"chosen": -60.79475402832031, "rejected": -25.597944259643555}, "60": {"chosen": -20.025175094604492, "rejected": -34.272422790527344}, "61": {"chosen": -87.50043487548828, "rejected": -51.12668991088867}, "62": {"chosen": -155.41091918945312, "rejected": -105.48616027832031}, "63": {"chosen": -64.9605941772461, "rejected": -27.316368103027344}, "64": {"chosen": -179.10165405273438, "rejected": -183.07044982910156}, "65": {"chosen": -51.264251708984375, "rejected": -139.74681091308594}, "66": {"chosen": -17.846506118774414, "rejected": -64.89912414550781}, "67": {"chosen": -16.888952255249023, "rejected": -77.597412109375}, "68": {"chosen": -145.70843505859375, "rejected": -205.69720458984375}, "69": {"chosen": -19.60888671875, "rejected": -17.355684280395508}, "70": {"chosen": -23.227170944213867, "rejected": -27.027917861938477}, "71": {"chosen": -44.300777435302734, "rejected": -207.39874267578125}, "72": {"chosen": -21.955995559692383, "rejected": -188.62078857421875}, "73": {"chosen": -2.24757719039917, "rejected": -7.232418537139893}, "74": {"chosen": -53.23926544189453, "rejected": -29.894563674926758}, "75": {"chosen": -35.663394927978516, "rejected": -465.468505859375}, "76": {"chosen": -15.450586318969727, "rejected": -10.03181266784668}, "77": {"chosen": -105.45317077636719, "rejected": -99.5577392578125}, "78": {"chosen": -67.99308776855469, "rejected": -46.323219299316406}, "79": {"chosen": -130.47247314453125, "rejected": -18.59791374206543}, "80": {"chosen": -6.532416820526123, "rejected": -12.148459434509277}, "81": {"chosen": -37.99462890625, "rejected": -24.72681999206543}, "82": {"chosen": -24.901805877685547, "rejected": -28.591732025146484}, "83": {"chosen": -89.99844360351562, "rejected": -173.39834594726562}, "84": {"chosen": -42.667724609375, "rejected": -32.16398620605469}, "85": {"chosen": -45.32784652709961, "rejected": -272.863037109375}, "86": {"chosen": -134.35060119628906, "rejected": -39.37638473510742}, "87": {"chosen": -3.007392406463623, "rejected": -70.8863525390625}, "88": {"chosen": -42.39169692993164, "rejected": -124.38628387451172}, "89": {"chosen": -53.976287841796875, "rejected": -71.92034149169922}, "90": {"chosen": -37.62639236450195, "rejected": -53.48469543457031}, "91": {"chosen": -61.69499969482422, "rejected": -46.64542770385742}, "92": {"chosen": -21.538366317749023, "rejected": -38.68028259277344}, "93": {"chosen": -104.64419555664062, "rejected": -104.78681945800781}, "94": {"chosen": -3.7112531661987305, "rejected": -15.315077781677246}, "95": {"chosen": -10.845370292663574, "rejected": -93.37410736083984}, "96": {"chosen": -19.51234245300293, "rejected": -13.014144897460938}, "97": {"chosen": -97.64156341552734, "rejected": -82.76326751708984}, "98": {"chosen": -15.446162223815918, "rejected": -63.105735778808594}, "99": {"chosen": -77.20586395263672, "rejected": -43.83274841308594}}}