{"0": {"0": {"chosen": -21.248764038085938, "rejected": -6.176575660705566}, "1": {"chosen": -14.796163558959961, "rejected": -25.864137649536133}, "2": {"chosen": -37.05345916748047, "rejected": -257.6202392578125}, "3": {"chosen": -20.70378303527832, "rejected": -28.110881805419922}, "4": {"chosen": -35.929603576660156, "rejected": -181.11380004882812}, "5": {"chosen": -123.07352447509766, "rejected": -182.4287109375}, "6": {"chosen": -105.3873291015625, "rejected": -29.639095306396484}, "7": {"chosen": -10.849369049072266, "rejected": -25.201984405517578}, "8": {"chosen": -16.0657958984375, "rejected": -57.85617446899414}, "9": {"chosen": -9.795771598815918, "rejected": -337.6263427734375}, "10": {"chosen": -23.04421043395996, "rejected": -24.595455169677734}, "11": {"chosen": -29.555749893188477, "rejected": -316.0148620605469}, "12": {"chosen": -30.46782875061035, "rejected": -11.38591480255127}, "13": {"chosen": -107.74891662597656, "rejected": -47.238914489746094}, "14": {"chosen": -44.36663055419922, "rejected": -28.505170822143555}, "15": {"chosen": -21.49577522277832, "rejected": -32.03106689453125}, "16": {"chosen": -68.59147644042969, "rejected": -284.3380432128906}, "17": {"chosen": -58.430320739746094, "rejected": -35.13438415527344}, "18": {"chosen": -223.62673950195312, "rejected": -87.939208984375}, "19": {"chosen": -82.52449035644531, "rejected": -41.66751480102539}, "20": {"chosen": -56.0733642578125, "rejected": -33.631988525390625}, "21": {"chosen": -25.49032974243164, "rejected": -14.957008361816406}, "22": {"chosen": -53.23398208618164, "rejected": -20.533599853515625}, "23": {"chosen": -15.326976776123047, "rejected": -60.943443298339844}, "24": {"chosen": -52.58992004394531, "rejected": -17.24352264404297}, "25": {"chosen": -113.58583068847656, "rejected": -14.513906478881836}, "26": {"chosen": -32.415977478027344, "rejected": -68.55245208740234}, "27": {"chosen": -200.14939880371094, "rejected": -150.6489715576172}, "28": {"chosen": -80.96568298339844, "rejected": -32.89558792114258}, "29": {"chosen": -12.404534339904785, "rejected": -119.23190307617188}, "30": {"chosen": -45.52730178833008, "rejected": -18.054874420166016}, "31": {"chosen": -110.95934295654297, "rejected": -182.35377502441406}, "32": {"chosen": -46.91513442993164, "rejected": -46.705528259277344}, "33": {"chosen": -77.5546875, "rejected": -27.430444717407227}, "34": {"chosen": -205.00173950195312, "rejected": -48.91014099121094}, "35": {"chosen": -63.82404327392578, "rejected": -88.61894989013672}, "36": {"chosen": -26.539108276367188, "rejected": -167.6094512939453}, "37": {"chosen": -28.458797454833984, "rejected": -101.17766571044922}, "38": {"chosen": -22.019136428833008, "rejected": -390.480224609375}, "39": {"chosen": -17.902666091918945, "rejected": -134.18849182128906}, "40": {"chosen": -56.47328186035156, "rejected": -87.02688598632812}, "41": {"chosen": -132.37506103515625, "rejected": -65.87503814697266}, "42": {"chosen": -99.25601196289062, "rejected": -65.07699584960938}, "43": {"chosen": -109.1165771484375, "rejected": -49.667274475097656}, "44": {"chosen": -250.3690643310547, "rejected": -366.7459411621094}, "45": {"chosen": -126.15304565429688, "rejected": -352.09271240234375}, "46": {"chosen": -159.57334899902344, "rejected": -113.66032409667969}, "47": {"chosen": -74.90475463867188, "rejected": -134.93978881835938}, "48": {"chosen": -36.630767822265625, "rejected": -26.368682861328125}, "49": {"chosen": -127.70356750488281, "rejected": -32.48283386230469}, "50": {"chosen": -97.47339630126953, "rejected": -46.22383499145508}, "51": {"chosen": -23.710214614868164, "rejected": -28.994579315185547}, "52": {"chosen": -16.486234664916992, "rejected": -32.882240295410156}, "53": {"chosen": -357.09613037109375, "rejected": -106.31792449951172}, "54": {"chosen": -24.409252166748047, "rejected": -259.5947570800781}, "55": {"chosen": -33.61449432373047, "rejected": -140.07879638671875}, "56": {"chosen": -41.68963623046875, "rejected": -263.3487548828125}, "57": {"chosen": -18.259462356567383, "rejected": -15.307547569274902}, "58": {"chosen": -101.48390197753906, "rejected": -161.89418029785156}, "59": {"chosen": -66.37294006347656, "rejected": -27.676441192626953}, "60": {"chosen": -21.377681732177734, "rejected": -35.25706100463867}, "61": {"chosen": -88.6603775024414, "rejected": -54.068992614746094}, "62": {"chosen": -159.07916259765625, "rejected": -112.24288940429688}, "63": {"chosen": -71.1993408203125, "rejected": -29.509782791137695}, "64": {"chosen": -182.74343872070312, "rejected": -184.5294952392578}, "65": {"chosen": -57.71576690673828, "rejected": -137.55735778808594}, "66": {"chosen": -20.061914443969727, "rejected": -68.61714935302734}, "67": {"chosen": -17.887847900390625, "rejected": -83.56271362304688}, "68": {"chosen": -148.32957458496094, "rejected": -208.9284210205078}, "69": {"chosen": -23.143556594848633, "rejected": -18.41802406311035}, "70": {"chosen": -23.120868682861328, "rejected": -28.40784454345703}, "71": {"chosen": -44.665306091308594, "rejected": -209.29141235351562}, "72": {"chosen": -22.906360626220703, "rejected": -191.97850036621094}, "73": {"chosen": -3.479642868041992, "rejected": -7.988883018493652}, "74": {"chosen": -54.335418701171875, "rejected": -29.736392974853516}, "75": {"chosen": -38.17308044433594, "rejected": -466.29364013671875}, "76": {"chosen": -17.59200668334961, "rejected": -12.833735466003418}, "77": {"chosen": -106.4791259765625, "rejected": -104.30352783203125}, "78": {"chosen": -69.16736602783203, "rejected": -46.57203674316406}, "79": {"chosen": -130.4090576171875, "rejected": -19.58966636657715}, "80": {"chosen": -7.405130863189697, "rejected": -14.892142295837402}, "81": {"chosen": -41.46502685546875, "rejected": -27.600326538085938}, "82": {"chosen": -27.428829193115234, "rejected": -30.435144424438477}, "83": {"chosen": -94.6136474609375, "rejected": -177.79473876953125}, "84": {"chosen": -45.12135696411133, "rejected": -32.198158264160156}, "85": {"chosen": -46.48115158081055, "rejected": -269.1977844238281}, "86": {"chosen": -137.29672241210938, "rejected": -43.877037048339844}, "87": {"chosen": -4.081321716308594, "rejected": -73.46923828125}, "88": {"chosen": -44.077232360839844, "rejected": -128.13870239257812}, "89": {"chosen": -53.60224151611328, "rejected": -72.27635955810547}, "90": {"chosen": -39.517478942871094, "rejected": -55.367759704589844}, "91": {"chosen": -64.73119354248047, "rejected": -44.92514419555664}, "92": {"chosen": -24.01756477355957, "rejected": -40.966819763183594}, "93": {"chosen": -102.6559829711914, "rejected": -105.5073013305664}, "94": {"chosen": -5.573084831237793, "rejected": -18.189733505249023}, "95": {"chosen": -10.805195808410645, "rejected": -95.90943908691406}, "96": {"chosen": -20.984098434448242, "rejected": -14.393824577331543}, "97": {"chosen": -99.78720092773438, "rejected": -85.10807800292969}, "98": {"chosen": -14.772385597229004, "rejected": -65.3851089477539}, "99": {"chosen": -77.89558410644531, "rejected": -44.50279235839844}}}