{"0": {"train_labels": [0, 0, 1, 1, 0, 1, 0, 1, 1, 0, 1, 0, 1, 0, 1, 0, 0, 1, 0, 1, 0, 0, 1, 1, 1, 0, 0, 0, 1, 0, 0, 0, 1, 0, 1, 0, 0, 0, 0, 1, 1, 1, 1, 1, 1, 0, 1, 1, 0, 1, 1, 1, 0, 1, 1, 0, 1, 1, 0, 0, 0, 0, 0, 0, 0, 0, 1, 0, 0, 1, 1, 0, 1, 1, 0, 0, 1, 1, 1, 0, 1, 0, 0, 0, 0, 1, 0, 0, 1, 0, 1, 1, 0, 0, 0, 0, 1, 0, 1, 0], "train_logprobs": [[-9.601263999938965, -110.13632202148438], [-112.52869415283203, -171.44281005859375], [-197.7825164794922, -39.82765197753906], [-268.16644287109375, -40.89543151855469], [-206.2917938232422, -223.8721923828125], [-183.2541961669922, -178.7652587890625], [-41.44224548339844, -134.2791748046875], [-248.75335693359375, -59.21864700317383], [-153.62608337402344, -117.02813720703125], [-299.0567626953125, -330.52362060546875], [-300.81097412109375, -290.7460632324219], [-31.222320556640625, -131.3439483642578], [-178.28701782226562, -3.4747705459594727], [-55.29109191894531, -210.12913513183594], [-367.5941162109375, -165.54966735839844], [-31.303852081298828, -99.12655639648438], [-420.3051452636719, -523.867919921875], [-224.73388671875, -100.46513366699219], [-21.348609924316406, -228.62135314941406], [-219.76158142089844, -31.37467384338379], [-221.29287719726562, -361.343994140625], [-8.661738395690918, -66.49482727050781], [-95.32875061035156, -68.18716430664062], [-328.76959228515625, -198.1389617919922], [-53.01784133911133, -40.161678314208984], [-49.524879455566406, -171.0215301513672], [-20.188844680786133, -64.62184143066406], [-86.77572631835938, -330.9277038574219], [-125.6163101196289, -15.099529266357422], [-158.95652770996094, -242.7061767578125], [-21.069019317626953, -311.1980895996094], [-31.513362884521484, -190.95127868652344], [-278.7182922363281, -146.29087829589844], [-185.2545166015625, -313.9463195800781], [-139.61917114257812, -98.0362777709961], [-17.563514709472656, -92.92493438720703], [-167.2598114013672, -306.141357421875], [-33.7796630859375, -476.6665344238281], [-29.8942813873291, -85.33361053466797], [-70.5952377319336, -60.272430419921875], [-153.4174346923828, -82.2454833984375], [-350.3456115722656, -71.06407928466797], [-100.10137939453125, -59.006980895996094], [-103.28083038330078, -100.07476043701172], [-129.49679565429688, -58.588233947753906], [-154.33428955078125, -222.94183349609375], [-124.72119140625, -40.816429138183594], [-195.19033813476562, -35.486961364746094], [-195.1912384033203, -501.3005065917969], [-210.37152099609375, -61.99182891845703], [-206.75753784179688, -135.54296875], [-223.69232177734375, -51.59775161743164], [-61.602989196777344, -253.42294311523438], [-130.5790252685547, -26.450397491455078], [-168.98126220703125, -109.55130767822266], [-120.51126098632812, -645.8016357421875], [-439.0826721191406, -206.599853515625], [-124.6618881225586, -74.65393829345703], [-145.89044189453125, -291.86480712890625], [-52.41644287109375, -105.2720947265625], [-53.23445129394531, -277.4216613769531], [-183.6754608154297, -395.15771484375], [-82.35242462158203, -129.41246032714844], [-35.93940353393555, -80.45519256591797], [-64.41053771972656, -128.38150024414062], [-179.67567443847656, -185.40977478027344], [-36.93014144897461, -19.296449661254883], [-203.62643432617188, -652.9332275390625], [-96.42375183105469, -236.67462158203125], [-190.85189819335938, -73.17493438720703], [-317.58551025390625, -303.3003234863281], [-110.76229095458984, -163.02206420898438], [-138.16529846191406, -38.558326721191406], [-198.77847290039062, -95.00353240966797], [-230.31875610351562, -628.0556030273438], [-64.80680084228516, -130.89564514160156], [-115.9793701171875, -60.711181640625], [-115.09225463867188, -18.359254837036133], [-232.32452392578125, -158.84754943847656], [-106.34161376953125, -111.17189025878906], [-124.69927978515625, -79.22660827636719], [-59.07154083251953, -502.4763488769531], [-234.99497985839844, -291.31854248046875], [-18.32621955871582, -163.2915496826172], [-68.52816009521484, -103.7724838256836], [-321.66510009765625, -270.0448913574219], [-56.13391876220703, -301.0625915527344], [-115.57344055175781, -191.60740661621094], [-581.1671142578125, -266.59136962890625], [-77.54718780517578, -206.74441528320312], [-378.6387939453125, -100.67423248291016], [-225.802001953125, -155.7114715576172], [-16.6435489654541, -40.0051155090332], [-136.15538024902344, -217.90699768066406], [-16.017621994018555, -39.26585388183594], [-225.43600463867188, -268.4750671386719], [-76.70934295654297, -40.68848419189453], [-18.87569808959961, -566.575439453125], [-124.89460754394531, -69.42137908935547], [-27.237085342407227, -138.19467163085938]], "train_probs": [1.0, 1.0, 2.518105705375617e-69, 1.9835989650343935e-99, 0.9999999768297935, 0.011107804223753742, 1.0, 4.85424115650358e-83, 1.275598296767434e-16, 0.9999999999999784, 4.254477809895084e-05, 1.0, 1.202280044681877e-76, 1.0, 1.791475050265111e-88, 1.0, 1.0, 1.073411581146887e-54, 1.0, 1.5296975681613807e-82, 1.0, 1.0, 1.6313939154303782e-12, 1.8528403898127136e-57, 2.6099861715721626e-06, 1.0, 1.0, 1.0, 1.007330346856606e-48, 1.0, 1.0, 1.0, 3.0725918407539178e-58, 1.0, 8.725269844135361e-19, 1.0, 1.0, 1.0, 1.0, 3.287361537686083e-05, 1.2314429216569573e-31, 5.123557682830774e-122, 1.422097899504606e-18, 0.038937937848838436, 1.60251805460347e-31, 1.0, 3.6360072589105616e-37, 4.382326464107071e-70, 1.0, 3.626757386026704e-65, 1.1800641377413508e-31, 1.8208652762882384e-75, 1.0, 5.991168694105496e-46, 1.5484553552291646e-26, 1.0, 1.0814208613991006e-101, 1.913477403389618e-22, 1.0, 1.0, 1.0, 1.0, 1.0, 1.0, 1.0, 0.9967766333260197, 2.1967718333235984e-08, 1.0, 1.0, 7.8260743923516e-52, 6.252042798940783e-07, 1.0, 5.511144699345275e-44, 8.533279779888906e-46, 1.0, 1.0, 9.938726048188846e-25, 9.758700022210836e-43, 1.2284441973007088e-32, 0.9920789309140573, 1.7843074398981053e-20, 1.0, 1.0, 1.0, 0.9999999999999996, 3.8161741854580193e-23, 1.0, 1.0, 2.407076910841056e-137, 1.0, 1.9121624795774006e-121, 3.6313609207291338e-31, 0.9999999999285174, 1.0, 0.999999999919939, 1.0, 2.271641557564704e-16, 1.0, 8.096232825818016e-25, 1.0], "test_labels": [], "test_logprobs": [], "test_probs": []}}