{"0": {"train_labels": [0, 0, 1, 1, 0, 1, 0, 1, 1, 0, 0, 0, 1, 0, 1, 0, 0, 1, 0, 1, 0, 0, 1, 1, 0, 0, 0, 0, 1, 0, 0, 0, 1, 0, 1, 0, 0, 0, 0, 1, 1, 1, 1, 0, 1, 0, 1, 1, 0, 1, 1, 1, 0, 1, 1, 0, 1, 1, 0, 0, 0, 0, 0, 0, 0, 0, 1, 0, 0, 1, 1, 0, 1, 1, 0, 0, 1, 1, 1, 0, 1, 0, 0, 0, 0, 1, 0, 0, 1, 0, 1, 1, 0, 0, 0, 0, 1, 0, 1, 0], "train_logprobs": [[-12.460847854614258, -64.09654235839844], [-58.94388198852539, -95.95291900634766], [-129.44805908203125, -25.47139549255371], [-135.76983642578125, -29.098583221435547], [-111.34308624267578, -118.55021667480469], [-115.41180419921875, -98.05924987792969], [-39.02552032470703, -99.49757385253906], [-143.16998291015625, -38.73253631591797], [-70.76648712158203, -63.88777542114258], [-120.82125854492188, -155.1435546875], [-139.97540283203125, -148.9159698486328], [-21.085145950317383, -68.60305786132812], [-84.00545501708984, -7.399794101715088], [-32.01801300048828, -138.8839111328125], [-180.80711364746094, -93.32241821289062], [-17.478403091430664, -46.774192810058594], [-246.94371032714844, -274.1401672363281], [-117.67692565917969, -56.439979553222656], [-31.542940139770508, -99.05702209472656], [-149.5853729248047, -20.742774963378906], [-133.45294189453125, -196.41561889648438], [-16.818294525146484, -51.12471389770508], [-39.908607482910156, -39.41828155517578], [-165.75698852539062, -101.21293640136719], [-26.503122329711914, -43.974700927734375], [-43.436100006103516, -77.39107513427734], [-10.476627349853516, -22.476205825805664], [-45.53483581542969, -194.47576904296875], [-49.28261184692383, -28.943923950195312], [-90.99192810058594, -143.59573364257812], [-19.14413833618164, -198.4554901123047], [-50.87614822387695, -132.97088623046875], [-140.0196990966797, -65.79850769042969], [-99.92431640625, -145.85250854492188], [-76.50299072265625, -60.18220520019531], [-5.2745680809021, -62.36998748779297], [-104.28944396972656, -179.35353088378906], [-34.277103424072266, -248.84988403320312], [-22.357812881469727, -45.0503044128418], [-59.458656311035156, -31.385276794433594], [-48.25326919555664, -45.572540283203125], [-184.1152801513672, -36.84394836425781], [-56.63489532470703, -34.308074951171875], [-63.89960479736328, -72.5212631225586], [-71.16699981689453, -33.38288116455078], [-105.94344329833984, -112.31617736816406], [-67.36224365234375, -25.28958511352539], [-115.80451965332031, -30.44040298461914], [-96.06269836425781, -277.3919677734375], [-89.62747955322266, -30.042659759521484], [-134.00917053222656, -74.93740844726562], [-113.12273406982422, -41.54957962036133], [-23.411958694458008, -132.8031005859375], [-75.41584014892578, -17.54594612121582], [-78.29759216308594, -46.037899017333984], [-62.080604553222656, -360.2912902832031], [-217.07461547851562, -113.76454162597656], [-83.09294128417969, -55.758785247802734], [-86.09221649169922, -152.9384002685547], [-38.59288024902344, -75.37511444091797], [-48.2877311706543, -149.116943359375], [-96.2095947265625, -210.3360137939453], [-61.352596282958984, -74.535888671875], [-29.696258544921875, -69.1798095703125], [-41.009334564208984, -62.40226745605469], [-83.60863494873047, -97.06071472167969], [-20.923818588256836, -19.935083389282227], [-111.46841430664062, -335.0631103515625], [-49.147804260253906, -133.46853637695312], [-100.61892700195312, -55.449378967285156], [-186.55259704589844, -155.95550537109375], [-41.54759216308594, -85.20565795898438], [-85.01668548583984, -32.337440490722656], [-94.464111328125, -45.742919921875], [-174.41256713867188, -291.03363037109375], [-49.741676330566406, -79.08515930175781], [-64.20869445800781, -24.03986358642578], [-56.737247467041016, -21.74716567993164], [-132.20420837402344, -84.03764343261719], [-59.619571685791016, -71.23411560058594], [-65.73841857910156, -55.29651641845703], [-29.21210479736328, -236.99803161621094], [-129.02685546875, -164.5710906982422], [-19.412107467651367, -87.60881805419922], [-58.05083084106445, -59.37920379638672], [-178.6571502685547, -133.99888610839844], [-46.896915435791016, -164.79074096679688], [-56.239402770996094, -96.47431945800781], [-300.5893859863281, -138.03359985351562], [-46.266845703125, -100.7581787109375], [-182.26953125, -65.44231414794922], [-131.26625061035156, -76.52386474609375], [-17.378921508789062, -28.410106658935547], [-75.62023162841797, -153.97018432617188], [-14.440730094909668, -33.79739761352539], [-120.75933074951172, -125.83356475830078], [-49.57044982910156, -16.687076568603516], [-28.268173217773438, -319.287353515625], [-56.61601638793945, -42.32368850708008], [-19.35641098022461, -73.92481994628906]], "train_probs": [1.0, 0.9999999999999999, 6.974430588017963e-46, 4.712630130888166e-47, 0.9992592678276144, 2.909922340064057e-08, 1.0, 4.399397868483888e-46, 0.0010284107388321257, 0.9999999999999988, 0.9998690503912485, 1.0, 5.377546592276391e-34, 1.0, 1.0136301542159899e-38, 0.9999999999998108, 0.9999999999984557, 2.5417464026868214e-27, 1.0, 1.1075686929390225e-56, 1.0, 0.9999999999999988, 0.3798167904180066, 9.308384683051554e-29, 0.9999999741661095, 0.9999999999999982, 0.9999938532349505, 1.0, 1.4689941850589788e-09, 1.0, 1.0, 1.0, 5.836414556850568e-33, 1.0, 8.16531365156467e-08, 1.0, 1.0, 1.0, 0.9999999998604351, 6.425193148291905e-13, 0.0641201213996893, 1.0986851696111076e-64, 2.0118014333798851e-10, 0.9998198712113125, 3.895522935860951e-17, 0.9982954260772998, 5.346586009056365e-19, 8.449581090678492e-38, 1.0, 1.3262993549221162e-26, 2.2154384569828698e-26, 8.244683153500341e-32, 1.0, 7.369268076939905e-26, 9.767721736601468e-15, 1.0, 1.3583290874185456e-45, 1.345633733691357e-12, 1.0, 0.9999999999999998, 1.0, 1.0, 0.9999981182234816, 1.0, 0.999999999488121, 0.9999985617467639, 0.2711619719088398, 1.0, 1.0, 2.4160979590450178e-20, 5.150530026319399e-14, 1.0, 1.3234105358279031e-23, 6.928758438301999e-22, 1.0, 0.9999999999998196, 3.588379839018065e-18, 6.367963398454034e-16, 1.2064980760994533e-21, 0.9999909663399228, 2.918279181354347e-05, 1.0, 0.9999999999999997, 1.0, 0.7905713751627488, 4.0286756524299786e-20, 1.0, 1.0, 2.5288267746853738e-71, 1.0, 1.8305612991032238e-51, 1.6814497497978014e-24, 0.9999838113687846, 1.0, 0.9999999960780134, 0.9937830161323397, 5.235189982069058e-15, 1.0, 6.207555314925349e-07, 1.0], "test_labels": [], "test_logprobs": [], "test_probs": []}}