{"0": {"train_labels": [0, 0, 1, 1, 1, 1, 0, 1, 1, 0, 1, 0, 1, 0, 1, 0, 0, 1, 0, 1, 0, 0, 0, 1, 0, 0, 1, 0, 0, 0, 0, 0, 1, 0, 1, 0, 0, 0, 0, 1, 1, 1, 1, 0, 1, 0, 1, 1, 0, 1, 1, 1, 0, 1, 1, 0, 1, 1, 0, 0, 0, 0, 1, 0, 0, 1, 0, 0, 0, 1, 1, 0, 1, 1, 0, 0, 1, 1, 1, 0, 0, 0, 0, 0, 0, 1, 0, 0, 1, 0, 1, 1, 0, 0, 0, 0, 1, 0, 1, 0], "train_logprobs": [[-21.691120147705078, -88.25078582763672], [-68.05613708496094, -109.55256652832031], [-163.3004608154297, -37.3262939453125], [-178.77261352539062, -68.50318145751953], [-160.32119750976562, -112.13679504394531], [-136.57566833496094, -120.80960083007812], [-66.67311096191406, -143.8660125732422], [-175.0883331298828, -51.52035140991211], [-106.83665466308594, -98.48533630371094], [-126.5580062866211, -194.08590698242188], [-164.1344757080078, -160.6456298828125], [-48.574562072753906, -94.42532348632812], [-116.6654281616211, -17.445270538330078], [-35.73884963989258, -181.7310333251953], [-222.37277221679688, -127.59675598144531], [-28.560029983520508, -63.658912658691406], [-268.1092224121094, -308.333251953125], [-150.55014038085938, -79.8869857788086], [-62.565067291259766, -145.05783081054688], [-217.0428466796875, -46.52436447143555], [-163.20516967773438, -245.37887573242188], [-49.781036376953125, -60.82040786743164], [-54.01228713989258, -58.095726013183594], [-212.3221893310547, -126.2448501586914], [-43.36661148071289, -74.10246276855469], [-71.13191223144531, -106.2709732055664], [-34.943336486816406, -34.10462188720703], [-60.9300422668457, -233.86024475097656], [-57.436866760253906, -60.61159896850586], [-107.17230224609375, -152.54481506347656], [-47.474849700927734, -199.79954528808594], [-87.98734283447266, -163.86297607421875], [-167.69326782226562, -87.64616394042969], [-131.2886962890625, -163.38800048828125], [-123.93148040771484, -84.12488555908203], [-16.016719818115234, -83.16419219970703], [-118.87606048583984, -198.4114990234375], [-50.396202087402344, -285.6617736816406], [-43.40747833251953, -46.578338623046875], [-83.77355194091797, -48.40553283691406], [-67.8777084350586, -60.89380645751953], [-221.41033935546875, -58.15535354614258], [-81.94865417480469, -69.41279602050781], [-87.64991760253906, -93.11302185058594], [-131.71047973632812, -46.76521301269531], [-129.65750122070312, -131.74530029296875], [-90.2197036743164, -26.73303985595703], [-146.90159606933594, -58.41939926147461], [-98.84434509277344, -282.34033203125], [-120.03123474121094, -53.557281494140625], [-163.27825927734375, -114.99635314941406], [-145.64930725097656, -47.218196868896484], [-38.40859603881836, -147.7162628173828], [-95.71298217773438, -36.17317581176758], [-97.88904571533203, -69.9488525390625], [-105.11952209472656, -422.9469909667969], [-243.15130615234375, -143.5730743408203], [-107.27550506591797, -70.52235412597656], [-143.48143005371094, -191.49859619140625], [-65.99179077148438, -119.61076354980469], [-68.5472640991211, -161.78875732421875], [-126.03292846679688, -223.6522216796875], [-100.59740447998047, -91.64461517333984], [-55.14751052856445, -113.0927505493164], [-74.59590911865234, -85.39358520507812], [-113.29888916015625, -113.23591613769531], [-22.573474884033203, -35.825687408447266], [-150.27012634277344, -379.9707946777344], [-81.41368103027344, -145.78684997558594], [-157.48121643066406, -77.09500885009766], [-212.317138671875, -212.26280212402344], [-104.08445739746094, -131.22222900390625], [-98.9649658203125, -47.021060943603516], [-131.9168701171875, -65.35887145996094], [-209.42840576171875, -348.738037109375], [-71.4720458984375, -105.03089141845703], [-74.64163208007812, -32.76713562011719], [-89.88448333740234, -44.82030487060547], [-156.87229919433594, -97.96802520751953], [-77.46648406982422, -89.29844665527344], [-69.85415649414062, -70.60447692871094], [-58.20948791503906, -272.2902526855469], [-139.60572814941406, -197.23504638671875], [-28.50324058532715, -106.36610412597656], [-92.3021240234375, -105.62449645996094], [-192.0468292236328, -168.63487243652344], [-79.25190734863281, -229.40599060058594], [-78.14437103271484, -136.57138061523438], [-322.3734436035156, -148.76840209960938], [-61.494163513183594, -130.74783325195312], [-202.73312377929688, -87.10440063476562], [-181.61404418945312, -115.47046661376953], [-37.769535064697266, -41.250247955322266], [-95.46235656738281, -218.65090942382812], [-27.094955444335938, -56.690521240234375], [-131.52304077148438, -147.6735382080078], [-73.15800476074219, -31.02029800415039], [-60.95646286010742, -353.2979431152344], [-80.27796936035156, -47.020904541015625], [-43.20490646362305, -100.24337768554688]], "train_probs": [1.0, 1.0, 1.9503585833260583e-55, 1.2900131290024885e-48, 1.1851679411734474e-21, 1.421948343232737e-07, 1.0, 2.163253420540208e-54, 0.00023602934520505938, 1.0, 0.02963127245722335, 1.0, 8.113963516801485e-44, 1.0, 6.9071538916879e-42, 0.9999999999999994, 1.0, 2.048244901348516e-31, 1.0, 8.805704642624749e-75, 1.0, 0.9999839433513371, 0.9834297758354179, 4.140822176221713e-38, 0.9999999999999551, 0.9999999999999994, 0.30180557321944596, 1.0, 0.9598722546409356, 1.0, 1.0, 1.0, 1.7218070898944662e-35, 0.9999999999999885, 5.154843846028188e-18, 1.0, 1.0, 1.0, 0.9597228521760213, 4.3637962754739015e-16, 0.00092582231267581, 1.2567836432211704e-71, 3.595376837263515e-06, 0.9957775327067125, 1.284515644764597e-37, 0.8897116451376007, 2.6797373486203687e-28, 3.738265818156618e-39, 1.0, 1.3512288663257373e-29, 1.0750646775636596e-21, 1.7861252640909059e-43, 1.0, 1.387364704867158e-26, 7.340544574990904e-13, 1.0, 5.671832627334994e-44, 1.0922180621091235e-16, 1.0, 1.0, 1.0, 1.0, 0.00012935905161817456, 1.0, 0.9999795534528486, 0.4842619449456895, 0.9999982435472766, 1.0, 1.0, 1.2266301256848888e-35, 0.4864192042695348, 0.9999999999983623, 2.7608877102213745e-23, 1.2423056392637873e-29, 1.0, 0.9999999999999973, 6.51834368045629e-19, 2.6845775890866765e-20, 2.619382049616151e-26, 0.9999927315671521, 0.6792485162549439, 1.0, 1.0, 1.0, 0.9999983625560089, 6.796985708592911e-11, 1.0, 1.0, 4.0205775587467185e-76, 1.0, 6.068531195816142e-51, 1.8802225004530924e-29, 0.9701339824409785, 1.0, 0.9999999999998598, 0.9999999031882565, 5.009870218624459e-19, 1.0, 3.602800917443385e-15, 1.0], "test_labels": [], "test_logprobs": [], "test_probs": []}}