{"0": {"0": {"chosen": -20.069196701049805, "rejected": -6.882749557495117}, "1": {"chosen": -13.880290985107422, "rejected": -23.65932846069336}, "2": {"chosen": -36.84733200073242, "rejected": -253.06204223632812}, "3": {"chosen": -20.81918716430664, "rejected": -25.400527954101562}, "4": {"chosen": -39.856101989746094, "rejected": -181.99917602539062}, "5": {"chosen": -122.64688110351562, "rejected": -181.212890625}, "6": {"chosen": -104.16377258300781, "rejected": -30.253467559814453}, "7": {"chosen": -10.892083168029785, "rejected": -24.451961517333984}, "8": {"chosen": -17.112472534179688, "rejected": -56.54257583618164}, "9": {"chosen": -9.4638671875, "rejected": -336.755615234375}, "10": {"chosen": -21.815452575683594, "rejected": -22.300853729248047}, "11": {"chosen": -28.125621795654297, "rejected": -315.37066650390625}, "12": {"chosen": -31.322208404541016, "rejected": -10.052044868469238}, "13": {"chosen": -103.82046508789062, "rejected": -45.356876373291016}, "14": {"chosen": -42.785125732421875, "rejected": -27.708580017089844}, "15": {"chosen": -19.984914779663086, "rejected": -31.136987686157227}, "16": {"chosen": -70.07440185546875, "rejected": -283.2259826660156}, "17": {"chosen": -56.85200500488281, "rejected": -34.76356506347656}, "18": {"chosen": -219.4014892578125, "rejected": -82.77240753173828}, "19": {"chosen": -80.06956481933594, "rejected": -40.849327087402344}, "20": {"chosen": -55.73722839355469, "rejected": -31.82500457763672}, "21": {"chosen": -25.260061264038086, "rejected": -13.837016105651855}, "22": {"chosen": -52.13428497314453, "rejected": -19.098621368408203}, "23": {"chosen": -15.163339614868164, "rejected": -57.19574737548828}, "24": {"chosen": -51.4552116394043, "rejected": -16.792627334594727}, "25": {"chosen": -119.18132019042969, "rejected": -14.557731628417969}, "26": {"chosen": -31.72531509399414, "rejected": -67.21768951416016}, "27": {"chosen": -199.7086639404297, "rejected": -148.6569061279297}, "28": {"chosen": -82.16984558105469, "rejected": -30.247093200683594}, "29": {"chosen": -11.81641674041748, "rejected": -118.43075561523438}, "30": {"chosen": -43.99365234375, "rejected": -18.448575973510742}, "31": {"chosen": -113.83805084228516, "rejected": -182.15713500976562}, "32": {"chosen": -46.806060791015625, "rejected": -44.296607971191406}, "33": {"chosen": -78.09640502929688, "rejected": -25.755447387695312}, "34": {"chosen": -204.3199005126953, "rejected": -47.60966491699219}, "35": {"chosen": -64.7463150024414, "rejected": -89.49490356445312}, "36": {"chosen": -25.098424911499023, "rejected": -166.80596923828125}, "37": {"chosen": -29.384883880615234, "rejected": -99.6737289428711}, "38": {"chosen": -20.81049346923828, "rejected": -385.5803527832031}, "39": {"chosen": -16.250246047973633, "rejected": -135.12362670898438}, "40": {"chosen": -56.784645080566406, "rejected": -88.13402557373047}, "41": {"chosen": -130.56710815429688, "rejected": -64.22786712646484}, "42": {"chosen": -97.11331176757812, "rejected": -61.92015075683594}, "43": {"chosen": -104.63179016113281, "rejected": -49.6473388671875}, "44": {"chosen": -250.69821166992188, "rejected": -363.77008056640625}, "45": {"chosen": -124.89911651611328, "rejected": -352.2611389160156}, "46": {"chosen": -160.08746337890625, "rejected": -113.43231201171875}, "47": {"chosen": -78.10022735595703, "rejected": -138.42428588867188}, "48": {"chosen": -36.174346923828125, "rejected": -25.508737564086914}, "49": {"chosen": -129.37171936035156, "rejected": -30.972179412841797}, "50": {"chosen": -99.7515869140625, "rejected": -45.305999755859375}, "51": {"chosen": -21.982852935791016, "rejected": -27.712310791015625}, "52": {"chosen": -16.541696548461914, "rejected": -31.932247161865234}, "53": {"chosen": -356.5872497558594, "rejected": -107.21343231201172}, "54": {"chosen": -27.10723876953125, "rejected": -259.80718994140625}, "55": {"chosen": -29.8702449798584, "rejected": -143.43026733398438}, "56": {"chosen": -40.23474884033203, "rejected": -262.2284240722656}, "57": {"chosen": -18.330068588256836, "rejected": -15.205133438110352}, "58": {"chosen": -98.97078704833984, "rejected": -162.99331665039062}, "59": {"chosen": -65.04846954345703, "rejected": -28.712238311767578}, "60": {"chosen": -20.531938552856445, "rejected": -35.403961181640625}, "61": {"chosen": -89.62329864501953, "rejected": -55.75389099121094}, "62": {"chosen": -158.69247436523438, "rejected": -108.96138000488281}, "63": {"chosen": -69.14396667480469, "rejected": -27.7528133392334}, "64": {"chosen": -185.19400024414062, "rejected": -182.71127319335938}, "65": {"chosen": -52.93973159790039, "rejected": -141.7181854248047}, "66": {"chosen": -20.156185150146484, "rejected": -66.8375244140625}, "67": {"chosen": -17.657791137695312, "rejected": -83.7685546875}, "68": {"chosen": -146.61410522460938, "rejected": -207.27874755859375}, "69": {"chosen": -20.753368377685547, "rejected": -16.56620216369629}, "70": {"chosen": -23.588659286499023, "rejected": -27.48810386657715}, "71": {"chosen": -45.80908966064453, "rejected": -211.3320770263672}, "72": {"chosen": -22.91921615600586, "rejected": -194.04896545410156}, "73": {"chosen": -3.1817150115966797, "rejected": -7.171395778656006}, "74": {"chosen": -54.80304718017578, "rejected": -29.74285888671875}, "75": {"chosen": -38.76786804199219, "rejected": -475.8040771484375}, "76": {"chosen": -17.627887725830078, "rejected": -12.840865135192871}, "77": {"chosen": -107.30362701416016, "rejected": -100.98176574707031}, "78": {"chosen": -71.95069885253906, "rejected": -48.21427536010742}, "79": {"chosen": -131.311767578125, "rejected": -19.336551666259766}, "80": {"chosen": -7.668710231781006, "rejected": -14.147687911987305}, "81": {"chosen": -40.949256896972656, "rejected": -25.47298812866211}, "82": {"chosen": -27.876270294189453, "rejected": -29.204498291015625}, "83": {"chosen": -93.13706970214844, "rejected": -174.36795043945312}, "84": {"chosen": -43.678802490234375, "rejected": -30.497013092041016}, "85": {"chosen": -45.100379943847656, "rejected": -270.6946716308594}, "86": {"chosen": -139.42738342285156, "rejected": -43.205055236816406}, "87": {"chosen": -4.138659477233887, "rejected": -73.49332427978516}, "88": {"chosen": -43.121971130371094, "rejected": -127.258544921875}, "89": {"chosen": -55.16604232788086, "rejected": -71.14179229736328}, "90": {"chosen": -38.21782684326172, "rejected": -54.747398376464844}, "91": {"chosen": -60.43110656738281, "rejected": -44.90536880493164}, "92": {"chosen": -21.949405670166016, "rejected": -38.699440002441406}, "93": {"chosen": -104.72601318359375, "rejected": -104.85929107666016}, "94": {"chosen": -4.486828327178955, "rejected": -16.529644012451172}, "95": {"chosen": -11.39784049987793, "rejected": -94.58262634277344}, "96": {"chosen": -20.360431671142578, "rejected": -13.323339462280273}, "97": {"chosen": -101.74523162841797, "rejected": -83.33159637451172}, "98": {"chosen": -14.610888481140137, "rejected": -63.82997512817383}, "99": {"chosen": -77.30252075195312, "rejected": -42.7390251159668}}}