{"0": {"0": {"chosen": -20.76882553100586, "rejected": -6.704741954803467}, "1": {"chosen": -14.972138404846191, "rejected": -23.254337310791016}, "2": {"chosen": -38.390560150146484, "rejected": -256.00274658203125}, "3": {"chosen": -19.321401596069336, "rejected": -24.857009887695312}, "4": {"chosen": -38.24049758911133, "rejected": -180.88571166992188}, "5": {"chosen": -120.37217712402344, "rejected": -179.7039794921875}, "6": {"chosen": -105.20152282714844, "rejected": -28.100143432617188}, "7": {"chosen": -11.028605461120605, "rejected": -26.103059768676758}, "8": {"chosen": -16.35697364807129, "rejected": -58.57714080810547}, "9": {"chosen": -9.41080379486084, "rejected": -335.74627685546875}, "10": {"chosen": -23.927490234375, "rejected": -23.198772430419922}, "11": {"chosen": -29.583019256591797, "rejected": -313.971923828125}, "12": {"chosen": -30.683948516845703, "rejected": -9.759949684143066}, "13": {"chosen": -104.67162322998047, "rejected": -46.802833557128906}, "14": {"chosen": -43.63787841796875, "rejected": -28.279109954833984}, "15": {"chosen": -20.85072898864746, "rejected": -32.38612365722656}, "16": {"chosen": -70.10421752929688, "rejected": -282.93548583984375}, "17": {"chosen": -56.789642333984375, "rejected": -35.68964385986328}, "18": {"chosen": -220.4982147216797, "rejected": -89.67766571044922}, "19": {"chosen": -80.88788604736328, "rejected": -41.78809356689453}, "20": {"chosen": -55.026432037353516, "rejected": -31.31471824645996}, "21": {"chosen": -25.131481170654297, "rejected": -14.648066520690918}, "22": {"chosen": -50.912193298339844, "rejected": -19.694177627563477}, "23": {"chosen": -15.30164623260498, "rejected": -61.95772933959961}, "24": {"chosen": -50.163230895996094, "rejected": -16.691316604614258}, "25": {"chosen": -113.91039276123047, "rejected": -15.203876495361328}, "26": {"chosen": -30.630367279052734, "rejected": -68.51349639892578}, "27": {"chosen": -196.9976806640625, "rejected": -145.7679443359375}, "28": {"chosen": -81.16692352294922, "rejected": -32.85494613647461}, "29": {"chosen": -13.467630386352539, "rejected": -117.2446060180664}, "30": {"chosen": -44.94606018066406, "rejected": -17.85470199584961}, "31": {"chosen": -106.78429412841797, "rejected": -181.90036010742188}, "32": {"chosen": -47.22496795654297, "rejected": -44.96805953979492}, "33": {"chosen": -80.96630096435547, "rejected": -26.7225284576416}, "34": {"chosen": -202.90109252929688, "rejected": -48.38981628417969}, "35": {"chosen": -63.559207916259766, "rejected": -88.97346496582031}, "36": {"chosen": -25.14927101135254, "rejected": -166.0150146484375}, "37": {"chosen": -28.972976684570312, "rejected": -100.4625473022461}, "38": {"chosen": -21.697175979614258, "rejected": -387.693115234375}, "39": {"chosen": -15.999813079833984, "rejected": -133.125244140625}, "40": {"chosen": -53.52075958251953, "rejected": -86.10523986816406}, "41": {"chosen": -131.76092529296875, "rejected": -62.979679107666016}, "42": {"chosen": -98.96475982666016, "rejected": -64.51187133789062}, "43": {"chosen": -108.66468811035156, "rejected": -48.75444030761719}, "44": {"chosen": -252.6031951904297, "rejected": -362.02777099609375}, "45": {"chosen": -124.76195526123047, "rejected": -351.7259216308594}, "46": {"chosen": -159.2421875, "rejected": -112.42147827148438}, "47": {"chosen": -75.65145111083984, "rejected": -136.08665466308594}, "48": {"chosen": -35.749210357666016, "rejected": -26.059112548828125}, "49": {"chosen": -126.31758117675781, "rejected": -31.36802101135254}, "50": {"chosen": -98.81482696533203, "rejected": -46.570030212402344}, "51": {"chosen": -23.823814392089844, "rejected": -28.712783813476562}, "52": {"chosen": -16.067920684814453, "rejected": -32.08966827392578}, "53": {"chosen": -356.58160400390625, "rejected": -107.81703186035156}, "54": {"chosen": -25.145078659057617, "rejected": -258.0240173339844}, "55": {"chosen": -30.12750816345215, "rejected": -140.9109344482422}, "56": {"chosen": -41.33530044555664, "rejected": -263.0438232421875}, "57": {"chosen": -16.9632625579834, "rejected": -16.289958953857422}, "58": {"chosen": -99.97552490234375, "rejected": -164.318603515625}, "59": {"chosen": -64.58631896972656, "rejected": -28.664295196533203}, "60": {"chosen": -21.131994247436523, "rejected": -36.31264114379883}, "61": {"chosen": -87.8530044555664, "rejected": -51.673362731933594}, "62": {"chosen": -158.95867919921875, "rejected": -108.89077758789062}, "63": {"chosen": -73.58992767333984, "rejected": -27.748180389404297}, "64": {"chosen": -182.82640075683594, "rejected": -183.627197265625}, "65": {"chosen": -52.409034729003906, "rejected": -138.8696746826172}, "66": {"chosen": -19.960010528564453, "rejected": -65.5488510131836}, "67": {"chosen": -18.86623191833496, "rejected": -83.37203216552734}, "68": {"chosen": -147.11257934570312, "rejected": -205.68617248535156}, "69": {"chosen": -21.41522979736328, "rejected": -18.41022491455078}, "70": {"chosen": -23.051115036010742, "rejected": -27.677032470703125}, "71": {"chosen": -43.31875991821289, "rejected": -209.15106201171875}, "72": {"chosen": -23.48720932006836, "rejected": -192.39505004882812}, "73": {"chosen": -2.8782706260681152, "rejected": -7.061922073364258}, "74": {"chosen": -54.32046127319336, "rejected": -29.490436553955078}, "75": {"chosen": -40.974693298339844, "rejected": -468.6485595703125}, "76": {"chosen": -16.474559783935547, "rejected": -12.208755493164062}, "77": {"chosen": -107.05061340332031, "rejected": -102.55148315429688}, "78": {"chosen": -70.81535339355469, "rejected": -46.35467529296875}, "79": {"chosen": -128.83790588378906, "rejected": -20.101600646972656}, "80": {"chosen": -6.823692798614502, "rejected": -12.888882637023926}, "81": {"chosen": -40.21323013305664, "rejected": -26.092124938964844}, "82": {"chosen": -27.07069969177246, "rejected": -29.554149627685547}, "83": {"chosen": -91.79237365722656, "rejected": -174.81919860839844}, "84": {"chosen": -44.999717712402344, "rejected": -32.947105407714844}, "85": {"chosen": -45.23973846435547, "rejected": -270.14447021484375}, "86": {"chosen": -135.37435913085938, "rejected": -43.43817901611328}, "87": {"chosen": -3.4890997409820557, "rejected": -71.13812255859375}, "88": {"chosen": -44.10872268676758, "rejected": -127.67034149169922}, "89": {"chosen": -53.02683639526367, "rejected": -73.0761947631836}, "90": {"chosen": -39.566280364990234, "rejected": -55.02995300292969}, "91": {"chosen": -60.78740692138672, "rejected": -45.14500427246094}, "92": {"chosen": -24.14838981628418, "rejected": -39.988704681396484}, "93": {"chosen": -101.56909942626953, "rejected": -106.74546813964844}, "94": {"chosen": -4.352841377258301, "rejected": -15.856178283691406}, "95": {"chosen": -11.036421775817871, "rejected": -94.03712463378906}, "96": {"chosen": -20.24416160583496, "rejected": -13.82612133026123}, "97": {"chosen": -98.61277770996094, "rejected": -84.4553451538086}, "98": {"chosen": -15.6729097366333, "rejected": -62.92863464355469}, "99": {"chosen": -75.60163879394531, "rejected": -44.512420654296875}}}