{"0": {"train_labels": [0, 0, 1, 1, 0, 0, 0, 1, 1, 0, 0, 0, 1, 0, 1, 0, 0, 1, 0, 1, 0, 0, 1, 1, 0, 0, 0, 0, 1, 0, 0, 0, 1, 0, 1, 0, 0, 0, 0, 1, 1, 1, 1, 0, 1, 0, 1, 1, 0, 1, 1, 1, 0, 1, 1, 0, 1, 1, 0, 0, 0, 0, 0, 0, 0, 0, 1, 0, 0, 1, 1, 0, 1, 1, 0, 0, 1, 1, 1, 0, 1, 0, 0, 0, 0, 1, 0, 0, 1, 0, 1, 1, 0, 0, 0, 0, 1, 0, 1, 0], "train_logprobs": [[-7.195702075958252, -49.94670867919922], [-55.42506408691406, -96.07171630859375], [-115.26744842529297, -23.035245895385742], [-119.98921203613281, -23.205509185791016], [-96.42076110839844, -98.4558334350586], [-90.93744659423828, -94.3772201538086], [-27.231319427490234, -84.43983459472656], [-127.52894592285156, -37.29853820800781], [-67.41183471679688, -51.52754211425781], [-117.435546875, -155.21315002441406], [-137.93869018554688, -146.40560913085938], [-12.651949882507324, -62.11060333251953], [-73.95919799804688, -6.559474468231201], [-36.18594741821289, -118.2887191772461], [-178.22454833984375, -83.58229064941406], [-13.655176162719727, -45.21216583251953], [-217.2291717529297, -254.3545684814453], [-101.55970764160156, -42.67573928833008], [-15.731101036071777, -97.35094451904297], [-136.10873413085938, -16.034915924072266], [-147.1883544921875, -189.61892700195312], [-6.969205856323242, -39.575782775878906], [-35.01896286010742, -25.24155044555664], [-138.16445922851562, -89.72225189208984], [-20.988365173339844, -30.5017032623291], [-36.97384262084961, -79.52763366699219], [-13.14892578125, -29.415010452270508], [-46.697574615478516, -183.76976013183594], [-44.34329605102539, -7.453317165374756], [-82.16152954101562, -123.635498046875], [-7.614728927612305, -179.18692016601562], [-32.25264358520508, -122.32557678222656], [-136.69290161132812, -52.127567291259766], [-83.91038513183594, -116.75495910644531], [-75.05040740966797, -49.636817932128906], [-8.051112174987793, -50.93184280395508], [-92.21878051757812, -161.30418395996094], [-22.60650634765625, -238.7858428955078], [-12.900176048278809, -31.333377838134766], [-32.91459655761719, -29.688800811767578], [-51.13554763793945, -33.65975570678711], [-186.90927124023438, -33.3152961730957], [-58.0352783203125, -35.12716293334961], [-58.05033874511719, -60.66733169555664], [-65.8607177734375, -20.421998977661133], [-93.32637023925781, -102.80294799804688], [-67.82430267333984, -16.738187789916992], [-105.15253448486328, -19.72001838684082], [-93.06710052490234, -275.7823181152344], [-79.23408508300781, -28.27863311767578], [-122.35802459716797, -58.7000732421875], [-103.69886016845703, -31.629716873168945], [-16.638973236083984, -127.57159423828125], [-70.58480834960938, -14.236421585083008], [-79.92581939697266, -40.935298919677734], [-50.4613151550293, -343.8052978515625], [-202.13742065429688, -91.83118438720703], [-69.37860107421875, -47.910804748535156], [-74.1169662475586, -134.2498016357422], [-31.717954635620117, -59.436607360839844], [-35.858116149902344, -143.80276489257812], [-87.087158203125, -215.07199096679688], [-43.6282958984375, -63.34077835083008], [-23.131240844726562, -39.027061462402344], [-27.59357261657715, -60.506080627441406], [-73.87696838378906, -89.4211196899414], [-16.248754501342773, -10.546345710754395], [-98.3515396118164, -322.9949951171875], [-35.69867706298828, -128.8533935546875], [-88.19149780273438, -42.40483093261719], [-148.9805145263672, -144.548828125], [-34.16742706298828, -68.09296417236328], [-71.68968963623047, -25.267122268676758], [-95.09664154052734, -37.09797668457031], [-159.49234008789062, -294.44635009765625], [-36.71091842651367, -63.12420654296875], [-57.140220642089844, -26.254711151123047], [-52.45773696899414, -6.758570671081543], [-127.25212097167969, -76.4312744140625], [-49.82437515258789, -59.017784118652344], [-66.19808959960938, -40.186100006103516], [-25.07755470275879, -233.01614379882812], [-122.46395111083984, -163.7137451171875], [-6.932947158813477, -79.8084487915039], [-34.25409698486328, -47.249141693115234], [-169.76617431640625, -118.6387710571289], [-18.189125061035156, -156.5980987548828], [-45.69917678833008, -74.16806030273438], [-294.21978759765625, -126.12409973144531], [-31.95047378540039, -88.33920288085938], [-166.19451904296875, -53.92982482910156], [-122.51082611083984, -70.03591918945312], [-7.237051010131836, -11.110078811645508], [-79.37993621826172, -132.49996948242188], [-7.322815418243408, -32.002193450927734], [-108.98934173583984, -127.0296630859375], [-41.11305618286133, -10.592970848083496], [-11.978827476501465, -310.86865234375], [-49.94548416137695, -35.825157165527344], [-11.379829406738281, -74.4361801147461]], "train_probs": [1.0, 1.0, 8.791508239803739e-41, 9.27623866535669e-43, 0.884430548266042, 0.9689246985273472, 1.0, 6.507764515933304e-40, 1.2633954803174352e-07, 1.0, 0.9997897323332071, 1.0, 5.353921376592245e-30, 1.0, 7.895683480884907e-42, 0.9999999999999803, 0.9999999999999999, 2.673113945514015e-26, 1.0, 7.122022342046216e-53, 1.0, 0.9999999999999931, 5.671515316705858e-05, 9.158337892551065e-22, 0.9999261453766498, 1.0, 0.9999999137559491, 1.0, 9.525455060461963e-17, 1.0, 1.0, 1.0, 1.8782004682784321e-37, 0.9999999999999946, 9.183713452677924e-12, 1.0, 1.0, 1.0, 0.9999999901244299, 0.038206439978022234, 2.5725272643964605e-08, 1.972350864369734e-67, 1.1249465718785094e-10, 0.9319472421237499, 1.8459297204699425e-20, 0.999923380150396, 6.51001822294589e-23, 7.890957122098363e-38, 1.0, 7.418709895497129e-23, 2.2578911289217507e-28, 5.02075178531237e-32, 1.0, 3.3744777119176894e-25, 1.1658216339216511e-17, 1.0, 1.2433983012323314e-48, 4.749572451485963e-10, 1.0, 0.9999999999990838, 1.0, 1.0, 0.9999999972522474, 0.9999998751085332, 0.9999999999999949, 0.9999998224744835, 0.0033268108135436777, 1.0, 1.0, 1.3034765833181385e-20, 0.011754599915969438, 0.9999999999999981, 6.901367534154629e-21, 6.478879390781969e-26, 1.0, 0.9999999999966205, 3.86005646245898e-14, 1.4226702478033237e-20, 8.48763655106284e-23, 0.9998983027879187, 5.048198880875869e-12, 1.0, 1.0, 1.0, 0.9999977284473643, 6.246703468659059e-23, 1.0, 0.9999999999995675, 9.930481987000302e-74, 1.0, 1.7541340964806173e-49, 1.6234446475740535e-23, 0.9796283253515644, 1.0, 0.9999999999808626, 0.9999999853718979, 5.562824412492782e-14, 1.0, 7.372581511864821e-07, 1.0], "test_labels": [], "test_logprobs": [], "test_probs": []}}