{"0": {"0": {"chosen": -19.30191993713379, "rejected": -6.388808727264404}, "1": {"chosen": -15.126486778259277, "rejected": -22.685630798339844}, "2": {"chosen": -35.616878509521484, "rejected": -257.0462341308594}, "3": {"chosen": -17.496397018432617, "rejected": -23.723426818847656}, "4": {"chosen": -35.276885986328125, "rejected": -180.05718994140625}, "5": {"chosen": -119.46405792236328, "rejected": -178.39137268066406}, "6": {"chosen": -102.77050018310547, "rejected": -26.241439819335938}, "7": {"chosen": -11.523256301879883, "rejected": -25.045211791992188}, "8": {"chosen": -16.135576248168945, "rejected": -58.544166564941406}, "9": {"chosen": -8.723184585571289, "rejected": -334.88140869140625}, "10": {"chosen": -21.07305908203125, "rejected": -21.882152557373047}, "11": {"chosen": -28.81121826171875, "rejected": -310.189453125}, "12": {"chosen": -29.977684020996094, "rejected": -10.005144119262695}, "13": {"chosen": -103.00265502929688, "rejected": -45.03810119628906}, "14": {"chosen": -42.526580810546875, "rejected": -26.834835052490234}, "15": {"chosen": -19.151432037353516, "rejected": -30.302322387695312}, "16": {"chosen": -69.3558578491211, "rejected": -279.2116394042969}, "17": {"chosen": -56.64878463745117, "rejected": -34.26969909667969}, "18": {"chosen": -219.42100524902344, "rejected": -85.12425231933594}, "19": {"chosen": -81.12749481201172, "rejected": -41.06309509277344}, "20": {"chosen": -52.09319305419922, "rejected": -31.278318405151367}, "21": {"chosen": -24.195636749267578, "rejected": -13.845011711120605}, "22": {"chosen": -51.53607177734375, "rejected": -19.766647338867188}, "23": {"chosen": -13.287681579589844, "rejected": -60.75779724121094}, "24": {"chosen": -49.78297424316406, "rejected": -16.14127540588379}, "25": {"chosen": -112.26119232177734, "rejected": -13.513433456420898}, "26": {"chosen": -31.087825775146484, "rejected": -67.38276672363281}, "27": {"chosen": -196.63607788085938, "rejected": -145.23287963867188}, "28": {"chosen": -81.14983367919922, "rejected": -32.77608871459961}, "29": {"chosen": -12.203277587890625, "rejected": -115.77922058105469}, "30": {"chosen": -45.547454833984375, "rejected": -18.00957489013672}, "31": {"chosen": -111.79047393798828, "rejected": -178.94613647460938}, "32": {"chosen": -45.886863708496094, "rejected": -44.45228576660156}, "33": {"chosen": -79.95154571533203, "rejected": -25.732072830200195}, "34": {"chosen": -203.19541931152344, "rejected": -47.97490692138672}, "35": {"chosen": -62.640560150146484, "rejected": -87.65409088134766}, "36": {"chosen": -25.012168884277344, "rejected": -166.10269165039062}, "37": {"chosen": -28.669950485229492, "rejected": -101.37864685058594}, "38": {"chosen": -21.31854248046875, "rejected": -387.916015625}, "39": {"chosen": -15.866846084594727, "rejected": -131.95858764648438}, "40": {"chosen": -52.953189849853516, "rejected": -86.46772766113281}, "41": {"chosen": -133.3987579345703, "rejected": -64.21391296386719}, "42": {"chosen": -95.81642150878906, "rejected": -61.25260925292969}, "43": {"chosen": -106.03611755371094, "rejected": -48.241729736328125}, "44": {"chosen": -253.68075561523438, "rejected": -361.7088317871094}, "45": {"chosen": -123.9195556640625, "rejected": -352.8499450683594}, "46": {"chosen": -159.93637084960938, "rejected": -112.70146942138672}, "47": {"chosen": -74.91979217529297, "rejected": -134.02374267578125}, "48": {"chosen": -35.271846771240234, "rejected": -25.611927032470703}, "49": {"chosen": -125.12165069580078, "rejected": -29.44015121459961}, "50": {"chosen": -96.23699188232422, "rejected": -44.69551086425781}, "51": {"chosen": -21.387928009033203, "rejected": -27.063323974609375}, "52": {"chosen": -17.440332412719727, "rejected": -32.6849250793457}, "53": {"chosen": -358.3726501464844, "rejected": -107.0837173461914}, "54": {"chosen": -21.502601623535156, "rejected": -250.80665588378906}, "55": {"chosen": -29.367305755615234, "rejected": -142.7649383544922}, "56": {"chosen": -41.13999938964844, "rejected": -262.02972412109375}, "57": {"chosen": -16.921974182128906, "rejected": -15.094003677368164}, "58": {"chosen": -99.27249908447266, "rejected": -160.33348083496094}, "59": {"chosen": -63.39678955078125, "rejected": -26.525800704956055}, "60": {"chosen": -20.721086502075195, "rejected": -34.63108444213867}, "61": {"chosen": -88.74933624267578, "rejected": -52.2584342956543}, "62": {"chosen": -159.4053192138672, "rejected": -105.87281799316406}, "63": {"chosen": -68.92652893066406, "rejected": -26.005229949951172}, "64": {"chosen": -180.73580932617188, "rejected": -182.80592346191406}, "65": {"chosen": -49.30476760864258, "rejected": -136.0033416748047}, "66": {"chosen": -20.1039981842041, "rejected": -64.81224060058594}, "67": {"chosen": -17.905311584472656, "rejected": -80.47344970703125}, "68": {"chosen": -145.24810791015625, "rejected": -205.84934997558594}, "69": {"chosen": -19.084077835083008, "rejected": -17.54483985900879}, "70": {"chosen": -22.735828399658203, "rejected": -27.145652770996094}, "71": {"chosen": -42.44157791137695, "rejected": -208.1637725830078}, "72": {"chosen": -22.463943481445312, "rejected": -188.51129150390625}, "73": {"chosen": -2.7331252098083496, "rejected": -7.5901384353637695}, "74": {"chosen": -52.855499267578125, "rejected": -28.949018478393555}, "75": {"chosen": -35.15382766723633, "rejected": -465.0703125}, "76": {"chosen": -16.062801361083984, "rejected": -11.095224380493164}, "77": {"chosen": -104.83340454101562, "rejected": -100.38105773925781}, "78": {"chosen": -69.5686264038086, "rejected": -43.208518981933594}, "79": {"chosen": -128.75469970703125, "rejected": -18.03600311279297}, "80": {"chosen": -6.5852789878845215, "rejected": -11.658857345581055}, "81": {"chosen": -38.705623626708984, "rejected": -26.266407012939453}, "82": {"chosen": -25.69106674194336, "rejected": -29.21842384338379}, "83": {"chosen": -90.4462890625, "rejected": -173.9682159423828}, "84": {"chosen": -43.665069580078125, "rejected": -32.79793167114258}, "85": {"chosen": -44.80698776245117, "rejected": -272.3363037109375}, "86": {"chosen": -135.48556518554688, "rejected": -42.611385345458984}, "87": {"chosen": -3.3635940551757812, "rejected": -71.61956787109375}, "88": {"chosen": -42.695068359375, "rejected": -125.66165161132812}, "89": {"chosen": -53.55237579345703, "rejected": -73.37187957763672}, "90": {"chosen": -36.82991409301758, "rejected": -53.02355194091797}, "91": {"chosen": -60.35561752319336, "rejected": -46.74330520629883}, "92": {"chosen": -22.380887985229492, "rejected": -39.06450271606445}, "93": {"chosen": -98.25472259521484, "rejected": -104.97026062011719}, "94": {"chosen": -3.5621743202209473, "rejected": -14.476749420166016}, "95": {"chosen": -10.346111297607422, "rejected": -94.61429595947266}, "96": {"chosen": -19.264610290527344, "rejected": -13.509807586669922}, "97": {"chosen": -98.07920837402344, "rejected": -83.78773498535156}, "98": {"chosen": -15.33300495147705, "rejected": -64.1788558959961}, "99": {"chosen": -76.91178894042969, "rejected": -43.518035888671875}}}