{"0": {"train_labels": [0, 0, 1, 1, 1, 1, 0, 1, 1, 0, 1, 0, 1, 0, 1, 0, 0, 1, 0, 1, 0, 0, 0, 1, 0, 0, 0, 0, 1, 0, 0, 0, 1, 0, 1, 0, 0, 0, 0, 1, 1, 1, 1, 0, 1, 1, 1, 1, 0, 1, 1, 1, 0, 1, 1, 0, 1, 1, 0, 0, 0, 0, 0, 0, 0, 0, 0, 0, 0, 1, 1, 0, 1, 1, 0, 0, 1, 1, 1, 1, 0, 0, 0, 0, 1, 1, 0, 0, 1, 0, 1, 1, 0, 0, 0, 0, 1, 0, 1, 0], "train_logprobs": [[-26.658689498901367, -97.50228118896484], [-67.12474822998047, -107.17355346679688], [-157.35951232910156, -51.113243103027344], [-169.38442993164062, -55.58610534667969], [-145.67295837402344, -136.78128051757812], [-127.16886901855469, -113.89568328857422], [-51.40338134765625, -127.29307556152344], [-162.39285278320312, -42.99589538574219], [-86.90398406982422, -82.09626770019531], [-127.3148422241211, -200.1356964111328], [-164.7518310546875, -161.8184051513672], [-39.658206939697266, -74.20726013183594], [-106.33482360839844, -16.23750877380371], [-32.98068618774414, -174.49508666992188], [-202.14976501464844, -109.50513458251953], [-21.061691284179688, -64.60465240478516], [-263.6453552246094, -305.17095947265625], [-137.25868225097656, -80.61278533935547], [-34.92229461669922, -124.36153411865234], [-166.31723022460938, -43.330162048339844], [-151.01889038085938, -217.74317932128906], [-31.475072860717773, -57.97087478637695], [-54.70394515991211, -62.03099060058594], [-195.54061889648438, -121.03600311279297], [-25.009740829467773, -71.08786010742188], [-64.73082733154297, -99.04029083251953], [-26.392051696777344, -33.584022521972656], [-59.323890686035156, -215.06663513183594], [-60.575477600097656, -54.15791320800781], [-115.50823974609375, -158.71697998046875], [-25.83397102355957, -205.7711181640625], [-83.15399169921875, -165.77774047851562], [-165.5589141845703, -89.1224365234375], [-125.89865112304688, -175.53213500976562], [-105.31564331054688, -76.03878784179688], [-12.37941837310791, -68.38899230957031], [-122.67041015625, -197.20669555664062], [-45.39410400390625, -267.1390380859375], [-40.39091110229492, -66.5542984008789], [-110.3599853515625, -43.595298767089844], [-65.35198974609375, -60.73488235473633], [-207.9763946533203, -49.676326751708984], [-65.37025451660156, -41.933570861816406], [-77.43538665771484, -86.3870849609375], [-116.14115142822266, -76.52529907226562], [-124.62503051757812, -123.83284759521484], [-77.09473419189453, -30.33974266052246], [-142.33535766601562, -49.268646240234375], [-97.25634765625, -286.0399169921875], [-106.05372619628906, -46.689064025878906], [-167.1140594482422, -113.54428100585938], [-135.09454345703125, -63.859439849853516], [-34.57056427001953, -159.5891876220703], [-91.10595703125, -38.24676513671875], [-105.42186737060547, -70.56462860107422], [-96.90764617919922, -392.5859680175781], [-233.6167755126953, -128.06039428710938], [-99.0623779296875, -73.38011932373047], [-146.2024688720703, -192.30966186523438], [-56.98530578613281, -116.189453125], [-68.91863250732422, -169.70352172851562], [-118.567626953125, -213.29576110839844], [-79.99156951904297, -90.70296478271484], [-46.9268798828125, -99.94296264648438], [-74.04833221435547, -89.38418579101562], [-102.8122787475586, -108.95402526855469], [-31.74633026123047, -32.610565185546875], [-142.1367645263672, -363.4374084472656], [-68.23505401611328, -144.0400848388672], [-151.79010009765625, -81.93558502197266], [-207.8040771484375, -187.7252655029297], [-59.01386642456055, -127.06660461425781], [-115.46395874023438, -41.832122802734375], [-134.270263671875, -66.61387634277344], [-212.753173828125, -339.43475341796875], [-60.30866622924805, -101.22279357910156], [-66.05347442626953, -27.755123138427734], [-65.64581298828125, -25.22018814086914], [-159.19488525390625, -92.74755859375], [-79.83870697021484, -78.50514221191406], [-71.1153335571289, -73.87461853027344], [-42.82420349121094, -261.7050476074219], [-133.96466064453125, -181.14154052734375], [-26.497283935546875, -117.55496215820312], [-109.25736236572266, -93.6600341796875], [-192.51783752441406, -158.8076171875], [-78.31700134277344, -195.8617706298828], [-88.32782745361328, -131.2230682373047], [-316.8775939941406, -143.8859100341797], [-54.61695098876953, -124.49815368652344], [-190.72723388671875, -84.01069641113281], [-160.05067443847656, -119.00271606445312], [-31.52330780029297, -46.81108093261719], [-84.49791717529297, -201.22714233398438], [-22.68201446533203, -50.09912872314453], [-128.75897216796875, -138.06285095214844], [-67.21217346191406, -20.05600357055664], [-52.67366027832031, -343.67572021484375], [-69.01710510253906, -49.782047271728516], [-23.289348602294922, -92.38573455810547]], "train_probs": [1.0, 1.0, 7.208278409618599e-47, 3.7845616385560444e-50, 0.0001375097993083526, 1.7199979655146813e-06, 1.0, 1.4013939757799317e-52, 0.00810033636220214, 1.0, 0.05052572120243376, 0.999999999999999, 7.434184464301602e-40, 1.0, 5.820338261732273e-41, 1.0, 1.0, 2.506106649500279e-25, 1.0, 3.8671849737987313e-54, 1.0, 0.9999999999968882, 0.9993429186573854, 4.395987904733553e-33, 1.0, 0.9999999999999987, 0.9992479615812355, 1.0, 0.001629966708444399, 1.0, 1.0, 1.0, 6.368828225772184e-34, 1.0, 1.9285158938103081e-13, 1.0, 1.0, 1.0, 0.999999999995661, 1.0103341445778915e-29, 0.009784652152822646, 1.783011012014637e-69, 6.630978420747316e-11, 0.9998704997584856, 6.238122888252051e-18, 0.31170014594677653, 4.949543853383772e-21, 3.816284811638929e-41, 1.0, 1.6529312838977492e-26, 5.43176316571469e-24, 1.1560791949405547e-31, 1.0, 1.1054640972776801e-23, 7.272664411165993e-16, 1.0, 1.4369647149604007e-46, 7.019995029327736e-12, 1.0, 1.0, 1.0, 1.0, 0.9999777110062001, 1.0, 0.9999997813631702, 0.9978534542866644, 0.7035446913556496, 1.0, 1.0, 4.598006348880632e-31, 1.904947005456383e-09, 1.0, 1.0522040278239346e-32, 4.141944902432115e-30, 1.0, 1.0, 2.3293640561691135e-17, 2.7757107110037227e-18, 1.3876907527813584e-29, 0.2085703237209507, 0.9404355933415939, 1.0, 1.0, 1.0, 1.6833187590494856e-07, 2.29000971060637e-15, 1.0, 1.0, 7.424483407987647e-76, 1.0, 4.503982003388833e-47, 1.4896978287131445e-18, 0.9999997705942029, 1.0, 0.9999999999987615, 0.9999089379895806, 3.313871228790512e-21, 1.0, 4.429151371481751e-09, 1.0], "test_labels": [], "test_logprobs": [], "test_probs": []}}