{"0": {"0": {"chosen": -20.75754737854004, "rejected": -6.171962738037109}, "1": {"chosen": -14.526468276977539, "rejected": -23.420913696289062}, "2": {"chosen": -38.343685150146484, "rejected": -254.1228790283203}, "3": {"chosen": -18.05779266357422, "rejected": -22.679100036621094}, "4": {"chosen": -38.37390899658203, "rejected": -176.56153869628906}, "5": {"chosen": -120.73680877685547, "rejected": -180.45751953125}, "6": {"chosen": -104.48853302001953, "rejected": -26.98664093017578}, "7": {"chosen": -11.363795280456543, "rejected": -27.058305740356445}, "8": {"chosen": -15.278474807739258, "rejected": -58.14180374145508}, "9": {"chosen": -9.61235237121582, "rejected": -337.9629821777344}, "10": {"chosen": -18.81593132019043, "rejected": -22.841270446777344}, "11": {"chosen": -29.17409896850586, "rejected": -313.78802490234375}, "12": {"chosen": -29.526123046875, "rejected": -11.092855453491211}, "13": {"chosen": -104.1272964477539, "rejected": -46.133338928222656}, "14": {"chosen": -43.71929168701172, "rejected": -26.747304916381836}, "15": {"chosen": -19.066917419433594, "rejected": -31.076248168945312}, "16": {"chosen": -69.38123321533203, "rejected": -283.4104309082031}, "17": {"chosen": -55.88507080078125, "rejected": -33.139488220214844}, "18": {"chosen": -220.76966857910156, "rejected": -82.63015747070312}, "19": {"chosen": -81.15809631347656, "rejected": -41.61122131347656}, "20": {"chosen": -54.652976989746094, "rejected": -31.2515811920166}, "21": {"chosen": -25.717273712158203, "rejected": -13.99944019317627}, "22": {"chosen": -52.51309585571289, "rejected": -19.467880249023438}, "23": {"chosen": -14.810636520385742, "rejected": -61.12803649902344}, "24": {"chosen": -51.097259521484375, "rejected": -14.945267677307129}, "25": {"chosen": -114.91617584228516, "rejected": -13.930252075195312}, "26": {"chosen": -30.147790908813477, "rejected": -66.88570404052734}, "27": {"chosen": -195.83648681640625, "rejected": -146.88522338867188}, "28": {"chosen": -79.50318145751953, "rejected": -30.493980407714844}, "29": {"chosen": -12.396235466003418, "rejected": -117.30876159667969}, "30": {"chosen": -45.75692367553711, "rejected": -17.72856903076172}, "31": {"chosen": -113.06544494628906, "rejected": -178.1986541748047}, "32": {"chosen": -47.49632263183594, "rejected": -46.64036560058594}, "33": {"chosen": -80.67503356933594, "rejected": -26.50691032409668}, "34": {"chosen": -203.52793884277344, "rejected": -46.86020278930664}, "35": {"chosen": -62.81558609008789, "rejected": -87.53158569335938}, "36": {"chosen": -24.96438217163086, "rejected": -166.83416748046875}, "37": {"chosen": -29.139774322509766, "rejected": -100.32546997070312}, "38": {"chosen": -21.123783111572266, "rejected": -387.2260437011719}, "39": {"chosen": -16.541563034057617, "rejected": -132.5640411376953}, "40": {"chosen": -55.21043395996094, "rejected": -85.8612060546875}, "41": {"chosen": -135.4402618408203, "rejected": -63.99497604370117}, "42": {"chosen": -96.90320587158203, "rejected": -61.846221923828125}, "43": {"chosen": -106.84481811523438, "rejected": -48.50859832763672}, "44": {"chosen": -250.16175842285156, "rejected": -364.61529541015625}, "45": {"chosen": -123.17521667480469, "rejected": -349.8292236328125}, "46": {"chosen": -159.04368591308594, "rejected": -113.62523651123047}, "47": {"chosen": -76.67349243164062, "rejected": -134.3845977783203}, "48": {"chosen": -35.30445098876953, "rejected": -25.34697914123535}, "49": {"chosen": -126.92919921875, "rejected": -29.57662582397461}, "50": {"chosen": -97.34855651855469, "rejected": -44.01332092285156}, "51": {"chosen": -21.655181884765625, "rejected": -28.49851417541504}, "52": {"chosen": -16.761510848999023, "rejected": -33.671058654785156}, "53": {"chosen": -357.2895202636719, "rejected": -106.03545379638672}, "54": {"chosen": -24.033252716064453, "rejected": -257.16766357421875}, "55": {"chosen": -29.868188858032227, "rejected": -135.89952087402344}, "56": {"chosen": -40.973819732666016, "rejected": -262.6837463378906}, "57": {"chosen": -15.641955375671387, "rejected": -15.179919242858887}, "58": {"chosen": -98.2004165649414, "rejected": -159.43016052246094}, "59": {"chosen": -62.041568756103516, "rejected": -27.01571273803711}, "60": {"chosen": -22.291671752929688, "rejected": -36.63043212890625}, "61": {"chosen": -88.88737487792969, "rejected": -53.138614654541016}, "62": {"chosen": -160.48390197753906, "rejected": -106.60713958740234}, "63": {"chosen": -75.85334014892578, "rejected": -27.833274841308594}, "64": {"chosen": -180.96786499023438, "rejected": -183.52572631835938}, "65": {"chosen": -51.430259704589844, "rejected": -136.97900390625}, "66": {"chosen": -19.201156616210938, "rejected": -68.3002700805664}, "67": {"chosen": -17.934110641479492, "rejected": -82.32186889648438}, "68": {"chosen": -146.5109405517578, "rejected": -206.049560546875}, "69": {"chosen": -19.74524688720703, "rejected": -18.024024963378906}, "70": {"chosen": -23.499752044677734, "rejected": -27.368064880371094}, "71": {"chosen": -44.25156784057617, "rejected": -208.62120056152344}, "72": {"chosen": -22.74797821044922, "rejected": -189.06153869628906}, "73": {"chosen": -2.8956618309020996, "rejected": -7.251883029937744}, "74": {"chosen": -54.77751541137695, "rejected": -29.132427215576172}, "75": {"chosen": -40.1069450378418, "rejected": -467.62078857421875}, "76": {"chosen": -15.999595642089844, "rejected": -10.782933235168457}, "77": {"chosen": -104.76727294921875, "rejected": -100.35919952392578}, "78": {"chosen": -67.89986419677734, "rejected": -46.97235870361328}, "79": {"chosen": -132.20516967773438, "rejected": -18.32588768005371}, "80": {"chosen": -7.132495880126953, "rejected": -10.939532279968262}, "81": {"chosen": -40.49395751953125, "rejected": -26.65776824951172}, "82": {"chosen": -24.486968994140625, "rejected": -29.99392318725586}, "83": {"chosen": -90.96707916259766, "rejected": -174.44171142578125}, "84": {"chosen": -45.344085693359375, "rejected": -32.92247772216797}, "85": {"chosen": -48.25335693359375, "rejected": -268.39642333984375}, "86": {"chosen": -134.7506561279297, "rejected": -40.96062088012695}, "87": {"chosen": -3.799729347229004, "rejected": -70.68851470947266}, "88": {"chosen": -44.668785095214844, "rejected": -126.55348205566406}, "89": {"chosen": -53.91280746459961, "rejected": -72.19922637939453}, "90": {"chosen": -37.88307189941406, "rejected": -51.517906188964844}, "91": {"chosen": -60.198753356933594, "rejected": -45.338470458984375}, "92": {"chosen": -23.25987434387207, "rejected": -39.778289794921875}, "93": {"chosen": -99.16673278808594, "rejected": -106.24956512451172}, "94": {"chosen": -4.335028648376465, "rejected": -15.407222747802734}, "95": {"chosen": -10.214672088623047, "rejected": -94.96640014648438}, "96": {"chosen": -19.78751564025879, "rejected": -13.651296615600586}, "97": {"chosen": -97.24628448486328, "rejected": -82.96836853027344}, "98": {"chosen": -15.843791007995605, "rejected": -63.12118148803711}, "99": {"chosen": -75.49047088623047, "rejected": -42.58845901489258}}}