{"0": {"chosen": -19.58541488647461, "rejected": -1.2984623908996582, "n_evaluated": 1}, "1": {"chosen": -8.081075668334961, "rejected": -17.269615173339844, "n_evaluated": 1}, "2": {"chosen": -39.62725067138672, "rejected": -258.1318359375, "n_evaluated": 1}, "3": {"chosen": -10.179713249206543, "rejected": -21.569490432739258, "n_evaluated": 1}, "4": {"chosen": -35.76954650878906, "rejected": -185.13308715820312, "n_evaluated": 1}, "5": {"chosen": -130.68490600585938, "rejected": -176.32737731933594, "n_evaluated": 1}, "6": {"chosen": -102.7330322265625, "rejected": -27.09405517578125, "n_evaluated": 1}, "7": {"chosen": -5.893060207366943, "rejected": -25.987438201904297, "n_evaluated": 1}, "8": {"chosen": -10.339402198791504, "rejected": -59.37211608886719, "n_evaluated": 1}, "9": {"chosen": -7.7918925285339355, "rejected": -338.13958740234375, "n_evaluated": 1}, "10": {"chosen": -16.884296417236328, "rejected": -20.74427032470703, "n_evaluated": 1}, "11": {"chosen": -27.131479263305664, "rejected": -301.0981140136719, "n_evaluated": 1}, "12": {"chosen": -28.94856071472168, "rejected": -5.022405624389648, "n_evaluated": 1}, "13": {"chosen": -95.62760925292969, "rejected": -39.811893463134766, "n_evaluated": 1}, "14": {"chosen": -35.781333923339844, "rejected": -24.325780868530273, "n_evaluated": 1}, "15": {"chosen": -16.486467361450195, "rejected": -28.158123016357422, "n_evaluated": 1}, "16": {"chosen": -69.73945617675781, "rejected": -276.7486572265625, "n_evaluated": 1}, "17": {"chosen": -48.88144302368164, "rejected": -30.171201705932617, "n_evaluated": 1}, "18": {"chosen": -216.36962890625, "rejected": -81.92750549316406, "n_evaluated": 1}, "19": {"chosen": -73.18927001953125, "rejected": -33.271263122558594, "n_evaluated": 1}, "20": {"chosen": -52.54151916503906, "rejected": -31.239097595214844, "n_evaluated": 1}, "21": {"chosen": -18.10552215576172, "rejected": -10.916339874267578, "n_evaluated": 1}, "22": {"chosen": -47.76019287109375, "rejected": -19.68155860900879, "n_evaluated": 1}, "23": {"chosen": -12.615880966186523, "rejected": -61.22906494140625, "n_evaluated": 1}, "24": {"chosen": -38.86920166015625, "rejected": -11.437515258789062, "n_evaluated": 1}, "25": {"chosen": -103.27256774902344, "rejected": -6.071398735046387, "n_evaluated": 1}, "26": {"chosen": -27.701797485351562, "rejected": -62.976932525634766, "n_evaluated": 1}, "27": {"chosen": -201.40402221679688, "rejected": -140.78883361816406, "n_evaluated": 1}, "28": {"chosen": -73.24945831298828, "rejected": -21.63449478149414, "n_evaluated": 1}, "29": {"chosen": -4.250617980957031, "rejected": -122.20713806152344, "n_evaluated": 1}, "30": {"chosen": -43.9303092956543, "rejected": -18.613567352294922, "n_evaluated": 1}, "31": {"chosen": -106.25289916992188, "rejected": -173.29637145996094, "n_evaluated": 1}, "32": {"chosen": -46.019996643066406, "rejected": -41.751461029052734, "n_evaluated": 1}, "33": {"chosen": -67.0009994506836, "rejected": -24.23992156982422, "n_evaluated": 1}, "34": {"chosen": -198.91397094726562, "rejected": -47.501617431640625, "n_evaluated": 1}, "35": {"chosen": -56.68675994873047, "rejected": -82.88468933105469, "n_evaluated": 1}, "36": {"chosen": -22.807506561279297, "rejected": -166.08187866210938, "n_evaluated": 1}, "37": {"chosen": -27.61857032775879, "rejected": -91.36457824707031, "n_evaluated": 1}, "38": {"chosen": -20.509761810302734, "rejected": -382.5520935058594, "n_evaluated": 1}, "39": {"chosen": -10.185032844543457, "rejected": -130.50949096679688, "n_evaluated": 1}, "40": {"chosen": -55.712554931640625, "rejected": -83.80259704589844, "n_evaluated": 1}, "41": {"chosen": -127.35196685791016, "rejected": -64.00028228759766, "n_evaluated": 1}, "42": {"chosen": -93.71849060058594, "rejected": -59.48719787597656, "n_evaluated": 1}, "43": {"chosen": -103.81526947021484, "rejected": -47.137847900390625, "n_evaluated": 1}, "44": {"chosen": -253.9271240234375, "rejected": -355.4516296386719, "n_evaluated": 1}, "45": {"chosen": -121.55796813964844, "rejected": -348.623046875, "n_evaluated": 1}, "46": {"chosen": -163.3395233154297, "rejected": -107.42779541015625, "n_evaluated": 1}, "47": {"chosen": -77.50578308105469, "rejected": -133.58685302734375, "n_evaluated": 1}, "48": {"chosen": -34.1968994140625, "rejected": -23.671689987182617, "n_evaluated": 1}, "49": {"chosen": -118.21388244628906, "rejected": -28.06562614440918, "n_evaluated": 1}, "50": {"chosen": -91.6719970703125, "rejected": -43.77448272705078, "n_evaluated": 1}, "51": {"chosen": -16.88852310180664, "rejected": -21.45303726196289, "n_evaluated": 1}, "52": {"chosen": -13.704473495483398, "rejected": -26.128690719604492, "n_evaluated": 1}, "53": {"chosen": -356.5609130859375, "rejected": -103.90644836425781, "n_evaluated": 1}, "54": {"chosen": -21.758682250976562, "rejected": -263.5286865234375, "n_evaluated": 1}, "55": {"chosen": -27.40567970275879, "rejected": -139.24859619140625, "n_evaluated": 1}, "56": {"chosen": -36.617706298828125, "rejected": -266.18963623046875, "n_evaluated": 1}, "57": {"chosen": -10.029245376586914, "rejected": -10.212310791015625, "n_evaluated": 1}, "58": {"chosen": -98.79010009765625, "rejected": -166.33294677734375, "n_evaluated": 1}, "59": {"chosen": -60.84928512573242, "rejected": -24.75004768371582, "n_evaluated": 1}, "60": {"chosen": -12.47189712524414, "rejected": -31.266157150268555, "n_evaluated": 1}, "61": {"chosen": -77.72954559326172, "rejected": -54.704383850097656, "n_evaluated": 1}, "62": {"chosen": -152.92539978027344, "rejected": -106.27354431152344, "n_evaluated": 1}, "63": {"chosen": -71.10165405273438, "rejected": -20.620553970336914, "n_evaluated": 1}, "64": {"chosen": -175.91343688964844, "rejected": -170.31146240234375, "n_evaluated": 1}, "65": {"chosen": -46.487701416015625, "rejected": -133.59506225585938, "n_evaluated": 1}, "66": {"chosen": -12.966588973999023, "rejected": -67.24031829833984, "n_evaluated": 1}, "67": {"chosen": -14.238384246826172, "rejected": -76.90388488769531, "n_evaluated": 1}, "68": {"chosen": -138.7348175048828, "rejected": -199.78582763671875, "n_evaluated": 1}, "69": {"chosen": -18.896942138671875, "rejected": -13.608871459960938, "n_evaluated": 1}, "70": {"chosen": -18.262264251708984, "rejected": -24.990558624267578, "n_evaluated": 1}, "71": {"chosen": -41.046966552734375, "rejected": -205.28097534179688, "n_evaluated": 1}, "72": {"chosen": -19.874277114868164, "rejected": -182.78941345214844, "n_evaluated": 1}, "73": {"chosen": -3.3402109146118164, "rejected": -7.7140350341796875, "n_evaluated": 1}, "74": {"chosen": -56.3249397277832, "rejected": -29.078704833984375, "n_evaluated": 1}, "75": {"chosen": -40.975643157958984, "rejected": -469.227294921875, "n_evaluated": 1}, "76": {"chosen": -8.550413131713867, "rejected": -5.369717121124268, "n_evaluated": 1}, "77": {"chosen": -101.43077850341797, "rejected": -103.27678680419922, "n_evaluated": 1}, "78": {"chosen": -62.9351692199707, "rejected": -40.74484634399414, "n_evaluated": 1}, "79": {"chosen": -121.52145385742188, "rejected": -16.445388793945312, "n_evaluated": 1}, "80": {"chosen": -7.962068557739258, "rejected": -6.025600910186768, "n_evaluated": 1}, "81": {"chosen": -34.65663146972656, "rejected": -18.447887420654297, "n_evaluated": 1}, "82": {"chosen": -24.19655990600586, "rejected": -26.20843505859375, "n_evaluated": 1}, "83": {"chosen": -83.1343994140625, "rejected": -171.94427490234375, "n_evaluated": 1}, "84": {"chosen": -42.07331085205078, "rejected": -33.59730529785156, "n_evaluated": 1}, "85": {"chosen": -41.00966262817383, "rejected": -261.92645263671875, "n_evaluated": 1}, "86": {"chosen": -137.98838806152344, "rejected": -37.65999221801758, "n_evaluated": 1}, "87": {"chosen": -3.2910871505737305, "rejected": -72.63751220703125, "n_evaluated": 1}, "88": {"chosen": -40.82814025878906, "rejected": -120.26396942138672, "n_evaluated": 1}, "89": {"chosen": -47.32178497314453, "rejected": -64.59211730957031, "n_evaluated": 1},