{"0": {"0": {"chosen": -19.203319549560547, "rejected": -6.030479907989502}, "1": {"chosen": -15.58705997467041, "rejected": -23.38446617126465}, "2": {"chosen": -36.783233642578125, "rejected": -252.9690704345703}, "3": {"chosen": -16.80582618713379, "rejected": -22.689809799194336}, "4": {"chosen": -37.4405403137207, "rejected": -177.84530639648438}, "5": {"chosen": -119.45537567138672, "rejected": -181.84378051757812}, "6": {"chosen": -103.4244155883789, "rejected": -26.192541122436523}, "7": {"chosen": -11.210429191589355, "rejected": -27.534128189086914}, "8": {"chosen": -16.614566802978516, "rejected": -57.126922607421875}, "9": {"chosen": -8.810667991638184, "rejected": -337.18927001953125}, "10": {"chosen": -20.449161529541016, "rejected": -23.52854347229004}, "11": {"chosen": -28.144031524658203, "rejected": -314.4828186035156}, "12": {"chosen": -31.43567657470703, "rejected": -11.423513412475586}, "13": {"chosen": -102.02210235595703, "rejected": -45.87332534790039}, "14": {"chosen": -42.155555725097656, "rejected": -26.60424041748047}, "15": {"chosen": -17.72250747680664, "rejected": -30.478759765625}, "16": {"chosen": -70.26602172851562, "rejected": -279.70208740234375}, "17": {"chosen": -54.9509391784668, "rejected": -35.12917709350586}, "18": {"chosen": -219.79222106933594, "rejected": -82.74288940429688}, "19": {"chosen": -81.12823486328125, "rejected": -41.4373664855957}, "20": {"chosen": -53.719940185546875, "rejected": -32.1921272277832}, "21": {"chosen": -25.735511779785156, "rejected": -13.052145957946777}, "22": {"chosen": -51.463924407958984, "rejected": -19.167072296142578}, "23": {"chosen": -13.077219009399414, "rejected": -57.46710968017578}, "24": {"chosen": -46.80268096923828, "rejected": -16.24472999572754}, "25": {"chosen": -113.36004638671875, "rejected": -12.243705749511719}, "26": {"chosen": -29.602100372314453, "rejected": -67.19025421142578}, "27": {"chosen": -196.7566680908203, "rejected": -144.39874267578125}, "28": {"chosen": -80.64500427246094, "rejected": -30.71843719482422}, "29": {"chosen": -11.556245803833008, "rejected": -113.46830749511719}, "30": {"chosen": -44.87006378173828, "rejected": -19.156545639038086}, "31": {"chosen": -114.83477783203125, "rejected": -180.9058837890625}, "32": {"chosen": -49.674434661865234, "rejected": -45.767520904541016}, "33": {"chosen": -78.80635070800781, "rejected": -24.022424697875977}, "34": {"chosen": -202.07066345214844, "rejected": -47.60990905761719}, "35": {"chosen": -64.16867065429688, "rejected": -90.85676574707031}, "36": {"chosen": -23.596158981323242, "rejected": -165.2368927001953}, "37": {"chosen": -29.22512435913086, "rejected": -101.58845520019531}, "38": {"chosen": -21.840543746948242, "rejected": -385.5367431640625}, "39": {"chosen": -15.423254013061523, "rejected": -133.01661682128906}, "40": {"chosen": -53.50923538208008, "rejected": -85.6663818359375}, "41": {"chosen": -134.26443481445312, "rejected": -63.5828971862793}, "42": {"chosen": -93.55398559570312, "rejected": -60.529571533203125}, "43": {"chosen": -105.65196990966797, "rejected": -46.42742919921875}, "44": {"chosen": -252.4132537841797, "rejected": -362.25860595703125}, "45": {"chosen": -123.48706817626953, "rejected": -352.37127685546875}, "46": {"chosen": -160.8667449951172, "rejected": -113.26223754882812}, "47": {"chosen": -76.07683563232422, "rejected": -135.04644775390625}, "48": {"chosen": -34.19511413574219, "rejected": -24.5731143951416}, "49": {"chosen": -125.95845031738281, "rejected": -30.511093139648438}, "50": {"chosen": -99.5802001953125, "rejected": -45.36511993408203}, "51": {"chosen": -22.447269439697266, "rejected": -25.871129989624023}, "52": {"chosen": -15.091869354248047, "rejected": -30.722532272338867}, "53": {"chosen": -357.1420593261719, "rejected": -109.4328842163086}, "54": {"chosen": -22.307186126708984, "rejected": -253.8472137451172}, "55": {"chosen": -30.913307189941406, "rejected": -142.4539337158203}, "56": {"chosen": -41.600868225097656, "rejected": -264.1863098144531}, "57": {"chosen": -18.499929428100586, "rejected": -14.418006896972656}, "58": {"chosen": -99.08684539794922, "rejected": -163.69044494628906}, "59": {"chosen": -61.70973587036133, "rejected": -25.335514068603516}, "60": {"chosen": -20.31403350830078, "rejected": -34.606971740722656}, "61": {"chosen": -84.2809066772461, "rejected": -52.22994613647461}, "62": {"chosen": -156.7394256591797, "rejected": -105.140380859375}, "63": {"chosen": -64.70413208007812, "rejected": -24.333362579345703}, "64": {"chosen": -181.2067413330078, "rejected": -181.32586669921875}, "65": {"chosen": -51.61766052246094, "rejected": -141.98655700683594}, "66": {"chosen": -19.10457992553711, "rejected": -62.625057220458984}, "67": {"chosen": -17.367246627807617, "rejected": -80.45153045654297}, "68": {"chosen": -146.11380004882812, "rejected": -206.63705444335938}, "69": {"chosen": -21.13333511352539, "rejected": -18.05897331237793}, "70": {"chosen": -22.85562515258789, "rejected": -27.974872589111328}, "71": {"chosen": -43.924285888671875, "rejected": -208.39280700683594}, "72": {"chosen": -21.117523193359375, "rejected": -191.90834045410156}, "73": {"chosen": -2.6836462020874023, "rejected": -7.166741847991943}, "74": {"chosen": -53.47677993774414, "rejected": -29.904550552368164}, "75": {"chosen": -36.185794830322266, "rejected": -469.025634765625}, "76": {"chosen": -15.693670272827148, "rejected": -11.640283584594727}, "77": {"chosen": -103.64321899414062, "rejected": -101.94713592529297}, "78": {"chosen": -69.65685272216797, "rejected": -45.820167541503906}, "79": {"chosen": -129.032958984375, "rejected": -18.989316940307617}, "80": {"chosen": -7.06123161315918, "rejected": -11.042980194091797}, "81": {"chosen": -40.86451721191406, "rejected": -24.092199325561523}, "82": {"chosen": -24.919631958007812, "rejected": -28.165512084960938}, "83": {"chosen": -92.98866271972656, "rejected": -175.2350311279297}, "84": {"chosen": -43.14503860473633, "rejected": -32.31868362426758}, "85": {"chosen": -44.265899658203125, "rejected": -270.56243896484375}, "86": {"chosen": -136.9647979736328, "rejected": -41.34169006347656}, "87": {"chosen": -3.5423107147216797, "rejected": -72.90487670898438}, "88": {"chosen": -42.5236930847168, "rejected": -124.53235626220703}, "89": {"chosen": -55.298587799072266, "rejected": -72.35113525390625}, "90": {"chosen": -36.201873779296875, "rejected": -54.19169616699219}, "91": {"chosen": -58.40595245361328, "rejected": -47.18878936767578}, "92": {"chosen": -22.531312942504883, "rejected": -39.49864959716797}, "93": {"chosen": -103.67730712890625, "rejected": -104.61355590820312}, "94": {"chosen": -3.82572603225708, "rejected": -15.951592445373535}, "95": {"chosen": -10.437828063964844, "rejected": -93.38502502441406}, "96": {"chosen": -19.53111457824707, "rejected": -12.138772964477539}, "97": {"chosen": -98.18953704833984, "rejected": -83.30509948730469}, "98": {"chosen": -14.610719680786133, "rejected": -63.534847259521484}, "99": {"chosen": -78.78673553466797, "rejected": -44.39447784423828}}}