{"0": {"0": {"chosen": -19.71249771118164, "rejected": -6.091782093048096}, "1": {"chosen": -13.152887344360352, "rejected": -23.81051254272461}, "2": {"chosen": -38.0534782409668, "rejected": -257.8838195800781}, "3": {"chosen": -17.624141693115234, "rejected": -22.271127700805664}, "4": {"chosen": -39.64229965209961, "rejected": -184.1292724609375}, "5": {"chosen": -127.32793426513672, "rejected": -182.18753051757812}, "6": {"chosen": -100.64917755126953, "rejected": -25.324140548706055}, "7": {"chosen": -13.571734428405762, "rejected": -29.926834106445312}, "8": {"chosen": -15.248952865600586, "rejected": -58.46145248413086}, "9": {"chosen": -8.62377643585205, "rejected": -339.6906433105469}, "10": {"chosen": -22.474517822265625, "rejected": -21.91048240661621}, "11": {"chosen": -28.496971130371094, "rejected": -305.879638671875}, "12": {"chosen": -31.332578659057617, "rejected": -9.285604476928711}, "13": {"chosen": -101.02166748046875, "rejected": -46.47916030883789}, "14": {"chosen": -40.918975830078125, "rejected": -27.581409454345703}, "15": {"chosen": -18.817916870117188, "rejected": -28.61078643798828}, "16": {"chosen": -70.40213012695312, "rejected": -277.3970947265625}, "17": {"chosen": -56.346458435058594, "rejected": -33.736961364746094}, "18": {"chosen": -220.29852294921875, "rejected": -79.74859619140625}, "19": {"chosen": -79.35755157470703, "rejected": -36.349456787109375}, "20": {"chosen": -54.34773254394531, "rejected": -33.13144302368164}, "21": {"chosen": -23.76571273803711, "rejected": -11.123266220092773}, "22": {"chosen": -50.65131759643555, "rejected": -21.260631561279297}, "23": {"chosen": -12.97324275970459, "rejected": -57.56346130371094}, "24": {"chosen": -49.71710968017578, "rejected": -14.839829444885254}, "25": {"chosen": -109.6036605834961, "rejected": -10.366851806640625}, "26": {"chosen": -29.530176162719727, "rejected": -68.4881591796875}, "27": {"chosen": -200.5459747314453, "rejected": -142.53445434570312}, "28": {"chosen": -77.45575714111328, "rejected": -27.4724178314209}, "29": {"chosen": -10.17728328704834, "rejected": -117.58100128173828}, "30": {"chosen": -45.06548309326172, "rejected": -18.610761642456055}, "31": {"chosen": -108.07490539550781, "rejected": -175.32009887695312}, "32": {"chosen": -48.56108093261719, "rejected": -38.66334915161133}, "33": {"chosen": -76.33935546875, "rejected": -23.455814361572266}, "34": {"chosen": -200.78807067871094, "rejected": -47.97639083862305}, "35": {"chosen": -62.334190368652344, "rejected": -86.6692123413086}, "36": {"chosen": -25.99114990234375, "rejected": -170.58358764648438}, "37": {"chosen": -27.655780792236328, "rejected": -96.98859405517578}, "38": {"chosen": -21.691862106323242, "rejected": -381.75994873046875}, "39": {"chosen": -15.500581741333008, "rejected": -129.3685302734375}, "40": {"chosen": -56.257354736328125, "rejected": -84.70295715332031}, "41": {"chosen": -131.9843292236328, "rejected": -65.03569793701172}, "42": {"chosen": -95.49357604980469, "rejected": -63.472023010253906}, "43": {"chosen": -102.36337280273438, "rejected": -48.459434509277344}, "44": {"chosen": -255.48245239257812, "rejected": -351.98028564453125}, "45": {"chosen": -122.62702941894531, "rejected": -348.16375732421875}, "46": {"chosen": -165.28204345703125, "rejected": -112.76441955566406}, "47": {"chosen": -74.2107925415039, "rejected": -133.79676818847656}, "48": {"chosen": -32.41437911987305, "rejected": -23.851764678955078}, "49": {"chosen": -120.21260070800781, "rejected": -30.53691864013672}, "50": {"chosen": -95.4860610961914, "rejected": -44.39349365234375}, "51": {"chosen": -23.162260055541992, "rejected": -27.096303939819336}, "52": {"chosen": -19.281356811523438, "rejected": -31.395721435546875}, "53": {"chosen": -361.17620849609375, "rejected": -107.02423858642578}, "54": {"chosen": -21.73189926147461, "rejected": -260.1671142578125}, "55": {"chosen": -31.951173782348633, "rejected": -139.27728271484375}, "56": {"chosen": -42.94314956665039, "rejected": -270.12420654296875}, "57": {"chosen": -17.182085037231445, "rejected": -14.492437362670898}, "58": {"chosen": -101.3886947631836, "rejected": -164.68701171875}, "59": {"chosen": -61.89936065673828, "rejected": -25.41963005065918}, "60": {"chosen": -20.46334457397461, "rejected": -34.609580993652344}, "61": {"chosen": -88.48544311523438, "rejected": -52.577735900878906}, "62": {"chosen": -154.73455810546875, "rejected": -102.8343734741211}, "63": {"chosen": -69.00040435791016, "rejected": -24.49526023864746}, "64": {"chosen": -174.86256408691406, "rejected": -175.404541015625}, "65": {"chosen": -49.875404357910156, "rejected": -135.1782684326172}, "66": {"chosen": -18.991226196289062, "rejected": -67.68025970458984}, "67": {"chosen": -19.01498794555664, "rejected": -78.93009948730469}, "68": {"chosen": -144.43914794921875, "rejected": -206.8643341064453}, "69": {"chosen": -22.74832534790039, "rejected": -16.920289993286133}, "70": {"chosen": -23.565670013427734, "rejected": -29.384410858154297}, "71": {"chosen": -43.137428283691406, "rejected": -205.67132568359375}, "72": {"chosen": -23.137235641479492, "rejected": -184.46482849121094}, "73": {"chosen": -3.5637218952178955, "rejected": -9.144502639770508}, "74": {"chosen": -57.305870056152344, "rejected": -29.319686889648438}, "75": {"chosen": -36.16938400268555, "rejected": -466.6135559082031}, "76": {"chosen": -17.893768310546875, "rejected": -10.290857315063477}, "77": {"chosen": -105.24329376220703, "rejected": -103.5484848022461}, "78": {"chosen": -71.12366485595703, "rejected": -43.69245529174805}, "79": {"chosen": -123.57157135009766, "rejected": -20.094985961914062}, "80": {"chosen": -8.706971168518066, "rejected": -9.070672035217285}, "81": {"chosen": -42.6523323059082, "rejected": -25.780414581298828}, "82": {"chosen": -23.8548583984375, "rejected": -28.462535858154297}, "83": {"chosen": -86.69332885742188, "rejected": -180.0139923095703}, "84": {"chosen": -43.76117706298828, "rejected": -34.387542724609375}, "85": {"chosen": -44.64154815673828, "rejected": -258.2930603027344}, "86": {"chosen": -137.0753631591797, "rejected": -38.47104263305664}, "87": {"chosen": -3.8369193077087402, "rejected": -73.98018646240234}, "88": {"chosen": -42.674110412597656, "rejected": -127.91485595703125}, "89": {"chosen": -55.61460494995117, "rejected": -71.584716796875}, "90": {"chosen": -40.10776901245117, "rejected": -55.5006217956543}, "91": {"chosen": -53.04585266113281, "rejected": -46.861366271972656}, "92": {"chosen": -20.532079696655273, "rejected": -39.77777862548828}, "93": {"chosen": -105.02776336669922, "rejected": -106.423583984375}, "94": {"chosen": -5.7675042152404785, "rejected": -18.832021713256836}, "95": {"chosen": -8.837034225463867, "rejected": -91.91584014892578}, "96": {"chosen": -17.554292678833008, "rejected": -11.322935104370117}, "97": {"chosen": -102.90850067138672, "rejected": -87.21170043945312}, "98": {"chosen": -14.219528198242188, "rejected": -65.022216796875}, "99": {"chosen": -75.83678436279297, "rejected": -42.14789962768555}}}