{"0": {"0": {"chosen": -21.64424705505371, "rejected": -5.566275119781494}, "1": {"chosen": -15.043039321899414, "rejected": -23.311260223388672}, "2": {"chosen": -38.092674255371094, "rejected": -255.7986297607422}, "3": {"chosen": -17.04345703125, "rejected": -23.368404388427734}, "4": {"chosen": -38.87860870361328, "rejected": -178.837646484375}, "5": {"chosen": -119.37776947021484, "rejected": -182.10169982910156}, "6": {"chosen": -106.6201400756836, "rejected": -28.59974479675293}, "7": {"chosen": -11.542306900024414, "rejected": -26.198379516601562}, "8": {"chosen": -15.997923851013184, "rejected": -59.59392547607422}, "9": {"chosen": -9.492497444152832, "rejected": -337.9919128417969}, "10": {"chosen": -21.405193328857422, "rejected": -24.403087615966797}, "11": {"chosen": -29.551424026489258, "rejected": -313.41717529296875}, "12": {"chosen": -30.978294372558594, "rejected": -10.859332084655762}, "13": {"chosen": -104.2334976196289, "rejected": -48.31498336791992}, "14": {"chosen": -43.01575469970703, "rejected": -26.75426483154297}, "15": {"chosen": -20.173267364501953, "rejected": -32.059547424316406}, "16": {"chosen": -69.22825622558594, "rejected": -280.842529296875}, "17": {"chosen": -59.229034423828125, "rejected": -36.3133430480957}, "18": {"chosen": -221.76113891601562, "rejected": -84.70986938476562}, "19": {"chosen": -81.1585464477539, "rejected": -42.137916564941406}, "20": {"chosen": -54.37617111206055, "rejected": -32.88372039794922}, "21": {"chosen": -27.146900177001953, "rejected": -14.48077392578125}, "22": {"chosen": -52.27992248535156, "rejected": -19.66788101196289}, "23": {"chosen": -15.58769416809082, "rejected": -62.67896270751953}, "24": {"chosen": -50.454444885253906, "rejected": -15.487648010253906}, "25": {"chosen": -117.11354064941406, "rejected": -15.503555297851562}, "26": {"chosen": -30.755279541015625, "rejected": -67.30648040771484}, "27": {"chosen": -198.64549255371094, "rejected": -145.329345703125}, "28": {"chosen": -80.90798950195312, "rejected": -31.494293212890625}, "29": {"chosen": -12.293641090393066, "rejected": -119.38407897949219}, "30": {"chosen": -45.013877868652344, "rejected": -17.898582458496094}, "31": {"chosen": -112.87574768066406, "rejected": -179.71905517578125}, "32": {"chosen": -49.269386291503906, "rejected": -47.417518615722656}, "33": {"chosen": -80.56689453125, "rejected": -25.843952178955078}, "34": {"chosen": -202.42288208007812, "rejected": -47.97820281982422}, "35": {"chosen": -63.618804931640625, "rejected": -89.02031707763672}, "36": {"chosen": -25.075124740600586, "rejected": -165.0797119140625}, "37": {"chosen": -29.237844467163086, "rejected": -100.86011505126953}, "38": {"chosen": -21.239620208740234, "rejected": -388.8827209472656}, "39": {"chosen": -16.223936080932617, "rejected": -132.39039611816406}, "40": {"chosen": -55.56671142578125, "rejected": -86.85810089111328}, "41": {"chosen": -134.7183837890625, "rejected": -63.4144172668457}, "42": {"chosen": -96.10775756835938, "rejected": -60.59033203125}, "43": {"chosen": -106.31637573242188, "rejected": -47.58171844482422}, "44": {"chosen": -251.25111389160156, "rejected": -364.6105041503906}, "45": {"chosen": -126.0239028930664, "rejected": -350.17779541015625}, "46": {"chosen": -159.23330688476562, "rejected": -114.04107666015625}, "47": {"chosen": -77.70347595214844, "rejected": -135.99014282226562}, "48": {"chosen": -36.425537109375, "rejected": -25.287765502929688}, "49": {"chosen": -126.12242889404297, "rejected": -31.685449600219727}, "50": {"chosen": -97.63224792480469, "rejected": -44.87474822998047}, "51": {"chosen": -22.302431106567383, "rejected": -29.68303871154785}, "52": {"chosen": -17.578519821166992, "rejected": -32.75267791748047}, "53": {"chosen": -356.205810546875, "rejected": -107.29717254638672}, "54": {"chosen": -25.748199462890625, "rejected": -256.9251403808594}, "55": {"chosen": -29.453815460205078, "rejected": -140.4547119140625}, "56": {"chosen": -41.61903762817383, "rejected": -264.1925964355469}, "57": {"chosen": -17.251195907592773, "rejected": -16.663623809814453}, "58": {"chosen": -99.06285095214844, "rejected": -161.49168395996094}, "59": {"chosen": -66.63671112060547, "rejected": -27.54384994506836}, "60": {"chosen": -22.7630558013916, "rejected": -34.875003814697266}, "61": {"chosen": -88.30561065673828, "rejected": -52.34442138671875}, "62": {"chosen": -158.51162719726562, "rejected": -107.18562316894531}, "63": {"chosen": -69.98668670654297, "rejected": -27.71796417236328}, "64": {"chosen": -182.3428955078125, "rejected": -183.76219177246094}, "65": {"chosen": -53.568695068359375, "rejected": -141.05218505859375}, "66": {"chosen": -19.19521713256836, "rejected": -66.36032104492188}, "67": {"chosen": -17.727815628051758, "rejected": -81.09561920166016}, "68": {"chosen": -145.66444396972656, "rejected": -206.06903076171875}, "69": {"chosen": -20.36383056640625, "rejected": -17.82862663269043}, "70": {"chosen": -23.472496032714844, "rejected": -27.50543785095215}, "71": {"chosen": -44.15395736694336, "rejected": -208.24539184570312}, "72": {"chosen": -22.76014518737793, "rejected": -189.60121154785156}, "73": {"chosen": -2.5010132789611816, "rejected": -6.886222839355469}, "74": {"chosen": -53.520748138427734, "rejected": -29.62271499633789}, "75": {"chosen": -39.5307502746582, "rejected": -468.00518798828125}, "76": {"chosen": -16.03409194946289, "rejected": -10.733190536499023}, "77": {"chosen": -106.06439971923828, "rejected": -103.93402099609375}, "78": {"chosen": -69.78394317626953, "rejected": -46.16181564331055}, "79": {"chosen": -130.11709594726562, "rejected": -19.71589469909668}, "80": {"chosen": -7.123978614807129, "rejected": -12.824904441833496}, "81": {"chosen": -41.37781524658203, "rejected": -25.131877899169922}, "82": {"chosen": -26.82917022705078, "rejected": -30.224485397338867}, "83": {"chosen": -90.8091049194336, "rejected": -173.84426879882812}, "84": {"chosen": -45.908382415771484, "rejected": -34.43693923950195}, "85": {"chosen": -47.133853912353516, "rejected": -272.42498779296875}, "86": {"chosen": -137.11595153808594, "rejected": -42.37839889526367}, "87": {"chosen": -3.334408760070801, "rejected": -73.53626251220703}, "88": {"chosen": -45.474727630615234, "rejected": -125.45925903320312}, "89": {"chosen": -55.853729248046875, "rejected": -72.87043762207031}, "90": {"chosen": -38.14772033691406, "rejected": -54.10120391845703}, "91": {"chosen": -60.70298385620117, "rejected": -48.051979064941406}, "92": {"chosen": -23.239349365234375, "rejected": -39.160797119140625}, "93": {"chosen": -103.36827850341797, "rejected": -106.0029525756836}, "94": {"chosen": -3.720229148864746, "rejected": -15.86851978302002}, "95": {"chosen": -11.200443267822266, "rejected": -93.67109680175781}, "96": {"chosen": -21.41826820373535, "rejected": -14.963626861572266}, "97": {"chosen": -100.43602752685547, "rejected": -84.19813537597656}, "98": {"chosen": -16.52374267578125, "rejected": -63.445526123046875}, "99": {"chosen": -75.10372924804688, "rejected": -45.126976013183594}}}