{"0": {"train_labels": [0, 0, 1, 1, 0, 0, 0, 1, 1, 0, 0, 0, 1, 0, 1, 0, 0, 1, 0, 1, 0, 0, 1, 1, 0, 0, 0, 0, 1, 0, 0, 0, 1, 0, 1, 0, 0, 0, 0, 1, 1, 1, 1, 0, 1, 0, 1, 1, 0, 1, 1, 1, 0, 1, 1, 0, 1, 1, 0, 0, 0, 0, 0, 0, 0, 0, 1, 0, 0, 1, 1, 0, 1, 1, 0, 0, 1, 1, 1, 0, 1, 0, 0, 0, 0, 1, 0, 0, 1, 0, 1, 1, 0, 0, 0, 0, 1, 0, 1, 0], "train_logprobs": [[-10.931501388549805, -50.06310272216797], [-52.637630462646484, -94.47274017333984], [-119.33161163330078, -22.86760711669922], [-117.704833984375, -22.106775283813477], [-96.41954040527344, -102.81205749511719], [-90.76644897460938, -92.03150939941406], [-30.225326538085938, -85.59374237060547], [-127.73722839355469, -37.8834342956543], [-65.386474609375, -52.1899528503418], [-110.33321380615234, -147.2119598388672], [-133.50242614746094, -145.1145782470703], [-11.574178695678711, -63.33332443237305], [-74.0728759765625, -5.497928619384766], [-34.686771392822266, -125.8385009765625], [-176.9225311279297, -85.37692260742188], [-13.119635581970215, -45.21733474731445], [-223.07510375976562, -254.42250061035156], [-107.74339294433594, -46.26447677612305], [-14.01154613494873, -93.75577545166016], [-129.59519958496094, -19.889013290405273], [-131.83238220214844, -187.39468383789062], [-11.099162101745605, -38.604103088378906], [-35.08458709716797, -24.248817443847656], [-138.23907470703125, -85.27885437011719], [-19.449792861938477, -30.064910888671875], [-33.07661437988281, -78.4483413696289], [-9.228950500488281, -20.987058639526367], [-45.00348663330078, -194.60479736328125], [-43.3155632019043, -7.2719035148620605], [-82.1114273071289, -124.98762512207031], [-10.058606147766113, -190.55523681640625], [-30.41600227355957, -116.11461639404297], [-135.61187744140625, -53.76274871826172], [-85.1358413696289, -117.03630828857422], [-76.46504211425781, -47.58899688720703], [-7.657414436340332, -51.31449890136719], [-89.34134674072266, -162.31320190429688], [-22.982473373413086, -233.2433319091797], [-14.434826850891113, -32.0306510925293], [-39.514488220214844, -29.488903045654297], [-48.28980255126953, -33.67414093017578], [-176.90554809570312, -32.45452117919922], [-54.755271911621094, -34.602500915527344], [-60.962249755859375, -62.31153106689453], [-63.88243865966797, -20.273517608642578], [-95.73469543457031, -102.03947448730469], [-62.42977523803711, -9.530414581298828], [-101.74757385253906, -21.274497985839844], [-98.23562622070312, -273.9107360839844], [-80.88043212890625, -27.85575294494629], [-129.00782775878906, -62.35493850708008], [-108.22345733642578, -31.10950469970703], [-16.475093841552734, -121.84952545166016], [-70.37397766113281, -13.487768173217773], [-76.79498291015625, -39.040550231933594], [-50.59474182128906, -331.2825927734375], [-201.72299194335938, -91.6074447631836], [-68.64643096923828, -45.10307312011719], [-73.93358612060547, -133.38623046875], [-35.72412872314453, -63.348976135253906], [-31.981565475463867, -131.7804412841797], [-86.98898315429688, -205.59613037109375], [-42.67781066894531, -59.2830696105957], [-20.811506271362305, -34.96983337402344], [-26.680072784423828, -59.07695770263672], [-74.79573059082031, -91.53517150878906], [-15.421733856201172, -11.832186698913574], [-100.07349395751953, -320.8075866699219], [-39.41236877441406, -124.27911376953125], [-89.32137298583984, -41.907508850097656], [-156.35592651367188, -148.72982788085938], [-36.45085906982422, -69.3249740600586], [-76.99916076660156, -24.206073760986328], [-94.99151611328125, -35.5653076171875], [-160.8094024658203, -287.65911865234375], [-34.8011474609375, -64.18255615234375], [-57.003116607666016, -26.2716064453125], [-53.72483825683594, -6.584019660949707], [-128.3805694580078, -76.7428207397461], [-53.1479606628418, -56.8018913269043], [-66.11534118652344, -40.77980422973633], [-25.41572380065918, -231.00869750976562], [-127.41910552978516, -165.13571166992188], [-8.407914161682129, -84.50782775878906], [-34.20751953125, -47.8010368347168], [-173.11785888671875, -118.8316879272461], [-18.32560157775879, -156.52879333496094], [-43.29650115966797, -76.6790542602539], [-289.02142333984375, -129.03350830078125], [-31.185340881347656, -86.80094146728516], [-170.678955078125, -55.17535400390625], [-124.23723602294922, -70.42984771728516], [-6.261590480804443, -9.280479431152344], [-73.84147644042969, -123.10813903808594], [-8.971725463867188, -30.075641632080078], [-113.18157196044922, -125.54044342041016], [-39.76578903198242, -12.647486686706543], [-10.153639793395996, -303.56072998046875], [-54.093318939208984, -37.6602783203125], [-15.85931396484375, -72.08834838867188]], "train_probs": [1.0, 1.0, 1.2770712740380455e-42, 3.035922114407672e-42, 0.998328760525247, 0.7798960015910684, 1.0, 9.484032754551667e-40, 1.85704579328023e-06, 0.9999999999999999, 0.9999909447074129, 1.0, 1.6530225037724306e-30, 1.0, 1.7468168682735513e-40, 0.9999999999999886, 0.9999999999999757, 1.995473454278912e-27, 1.0, 2.2657326426219703e-48, 1.0, 0.9999999999988656, 1.968232888197249e-05, 9.992370931105448e-24, 0.9999754584404313, 1.0, 0.999992174445525, 1.0, 2.2204320650914854e-16, 1.0, 1.0, 1.0, 2.84037085001999e-36, 0.999999999999986, 2.8793396563595154e-13, 1.0, 1.0, 1.0, 0.9999999771844672, 4.425113988719409e-05, 4.492608903689004e-07, 1.8438097403391859e-63, 1.7691422756105888e-09, 0.7940121065111659, 1.1504989477165883e-19, 0.9981757839296301, 1.0619389997338993e-23, 1.1245718529822256e-35, 1.0, 9.368594152405756e-24, 1.1298427289506676e-29, 3.234714029342914e-34, 1.0, 1.9707572050322526e-25, 4.012898919386496e-17, 1.0, 1.5046153490963465e-48, 5.960045848528586e-11, 1.0, 0.9999999999989939, 1.0, 1.0, 0.9999999385633334, 0.9999992902320934, 0.9999999999999915, 0.9999999462778785, 0.026868956733880504, 1.0, 1.0, 2.5610640511942518e-21, 0.00048732170230113427, 0.9999999999999947, 1.1810101519581231e-23, 1.5542667977784022e-26, 1.0, 0.9999999999998263, 4.502717662842741e-14, 3.365135928192023e-21, 3.749822181537351e-23, 0.9747641677694192, 9.929242181987372e-12, 1.0, 1.0, 1.0, 0.9999987514386033, 2.6534781063235296e-24, 1.0, 0.9999999999999968, 3.297093987042961e-70, 1.0, 6.877386210372287e-51, 4.283000974638735e-24, 0.9534202084925809, 1.0, 0.9999999993165832, 0.9999957085065044, 1.669824900031583e-12, 1.0, 7.298289838955871e-08, 1.0], "test_labels": [], "test_logprobs": [], "test_probs": []}}