{"0": {"0": {"chosen": -20.3299560546875, "rejected": -6.652645111083984}, "1": {"chosen": -12.873458862304688, "rejected": -24.579565048217773}, "2": {"chosen": -35.46378707885742, "rejected": -259.6961669921875}, "3": {"chosen": -14.755768775939941, "rejected": -24.356969833374023}, "4": {"chosen": -37.88130569458008, "rejected": -184.34707641601562}, "5": {"chosen": -130.82521057128906, "rejected": -184.56295776367188}, "6": {"chosen": -103.3645248413086, "rejected": -23.7088565826416}, "7": {"chosen": -12.519993782043457, "rejected": -30.046184539794922}, "8": {"chosen": -14.721166610717773, "rejected": -61.159812927246094}, "9": {"chosen": -8.992890357971191, "rejected": -340.33984375}, "10": {"chosen": -18.296695709228516, "rejected": -20.115480422973633}, "11": {"chosen": -26.48946762084961, "rejected": -309.6143798828125}, "12": {"chosen": -30.153390884399414, "rejected": -8.758926391601562}, "13": {"chosen": -100.6349105834961, "rejected": -42.99911117553711}, "14": {"chosen": -41.545257568359375, "rejected": -28.766460418701172}, "15": {"chosen": -17.331228256225586, "rejected": -23.68445587158203}, "16": {"chosen": -70.18150329589844, "rejected": -279.7367858886719}, "17": {"chosen": -55.54779815673828, "rejected": -33.2153434753418}, "18": {"chosen": -220.96226501464844, "rejected": -79.8048324584961}, "19": {"chosen": -78.87870025634766, "rejected": -36.82542419433594}, "20": {"chosen": -54.60186767578125, "rejected": -34.63695526123047}, "21": {"chosen": -23.38362693786621, "rejected": -12.962230682373047}, "22": {"chosen": -51.821102142333984, "rejected": -20.86138343811035}, "23": {"chosen": -8.120237350463867, "rejected": -58.11320877075195}, "24": {"chosen": -47.868431091308594, "rejected": -12.350825309753418}, "25": {"chosen": -111.07862854003906, "rejected": -9.785606384277344}, "26": {"chosen": -29.89974594116211, "rejected": -69.19380187988281}, "27": {"chosen": -202.53277587890625, "rejected": -143.181884765625}, "28": {"chosen": -76.40716552734375, "rejected": -24.578371047973633}, "29": {"chosen": -9.046152114868164, "rejected": -116.9342269897461}, "30": {"chosen": -45.32680130004883, "rejected": -18.854656219482422}, "31": {"chosen": -107.99632263183594, "rejected": -177.98202514648438}, "32": {"chosen": -51.16755294799805, "rejected": -40.64303207397461}, "33": {"chosen": -73.27670288085938, "rejected": -22.914884567260742}, "34": {"chosen": -203.18646240234375, "rejected": -48.369415283203125}, "35": {"chosen": -62.68385314941406, "rejected": -87.9838638305664}, "36": {"chosen": -26.113691329956055, "rejected": -171.34988403320312}, "37": {"chosen": -28.318124771118164, "rejected": -96.82276916503906}, "38": {"chosen": -21.18246078491211, "rejected": -384.1566467285156}, "39": {"chosen": -15.498584747314453, "rejected": -130.48699951171875}, "40": {"chosen": -57.206031799316406, "rejected": -87.0855712890625}, "41": {"chosen": -128.36129760742188, "rejected": -63.807830810546875}, "42": {"chosen": -96.39180755615234, "rejected": -61.62384033203125}, "43": {"chosen": -104.84661865234375, "rejected": -49.23320770263672}, "44": {"chosen": -257.01708984375, "rejected": -352.6140441894531}, "45": {"chosen": -125.27520751953125, "rejected": -351.2981872558594}, "46": {"chosen": -165.76158142089844, "rejected": -111.6719970703125}, "47": {"chosen": -74.14797973632812, "rejected": -135.11380004882812}, "48": {"chosen": -31.927711486816406, "rejected": -23.24941062927246}, "49": {"chosen": -120.96540069580078, "rejected": -29.999156951904297}, "50": {"chosen": -94.61309814453125, "rejected": -44.60087203979492}, "51": {"chosen": -22.916250228881836, "rejected": -28.003767013549805}, "52": {"chosen": -17.88901138305664, "rejected": -32.16080093383789}, "53": {"chosen": -362.0266418457031, "rejected": -103.30150604248047}, "54": {"chosen": -17.35239601135254, "rejected": -264.7618408203125}, "55": {"chosen": -33.53021240234375, "rejected": -139.84274291992188}, "56": {"chosen": -42.67791748046875, "rejected": -270.7253112792969}, "57": {"chosen": -15.644149780273438, "rejected": -13.731010437011719}, "58": {"chosen": -100.44987487792969, "rejected": -165.9250030517578}, "59": {"chosen": -63.50651550292969, "rejected": -24.977523803710938}, "60": {"chosen": -21.1243896484375, "rejected": -37.30354690551758}, "61": {"chosen": -84.48065948486328, "rejected": -51.36445617675781}, "62": {"chosen": -154.90892028808594, "rejected": -101.66744995117188}, "63": {"chosen": -67.55117797851562, "rejected": -24.74832534790039}, "64": {"chosen": -177.23748779296875, "rejected": -175.04420471191406}, "65": {"chosen": -50.291908264160156, "rejected": -135.77281188964844}, "66": {"chosen": -18.718338012695312, "rejected": -67.28833770751953}, "67": {"chosen": -17.763629913330078, "rejected": -81.23469543457031}, "68": {"chosen": -143.3838348388672, "rejected": -207.4580078125}, "69": {"chosen": -21.95535659790039, "rejected": -17.058300018310547}, "70": {"chosen": -23.70366096496582, "rejected": -28.757570266723633}, "71": {"chosen": -44.1377067565918, "rejected": -210.93663024902344}, "72": {"chosen": -23.846805572509766, "rejected": -187.71327209472656}, "73": {"chosen": -3.6076130867004395, "rejected": -7.868009567260742}, "74": {"chosen": -57.086238861083984, "rejected": -31.158344268798828}, "75": {"chosen": -34.977989196777344, "rejected": -470.2984619140625}, "76": {"chosen": -16.365747451782227, "rejected": -10.315114974975586}, "77": {"chosen": -105.58341979980469, "rejected": -103.01738739013672}, "78": {"chosen": -68.84078979492188, "rejected": -43.685848236083984}, "79": {"chosen": -122.2629623413086, "rejected": -19.02424430847168}, "80": {"chosen": -8.489046096801758, "rejected": -9.05661392211914}, "81": {"chosen": -39.31758117675781, "rejected": -26.027185440063477}, "82": {"chosen": -24.324871063232422, "rejected": -26.663585662841797}, "83": {"chosen": -87.23272705078125, "rejected": -180.13157653808594}, "84": {"chosen": -44.285369873046875, "rejected": -34.89881896972656}, "85": {"chosen": -41.33302307128906, "rejected": -260.5616455078125}, "86": {"chosen": -138.7619171142578, "rejected": -36.819698333740234}, "87": {"chosen": -3.495950698852539, "rejected": -76.14412689208984}, "88": {"chosen": -43.62401580810547, "rejected": -127.93852233886719}, "89": {"chosen": -53.09125518798828, "rejected": -73.30403137207031}, "90": {"chosen": -40.18351745605469, "rejected": -55.24654006958008}, "91": {"chosen": -54.87816619873047, "rejected": -47.120052337646484}, "92": {"chosen": -20.92398452758789, "rejected": -40.965232849121094}, "93": {"chosen": -105.71565246582031, "rejected": -110.31959533691406}, "94": {"chosen": -4.3270769119262695, "rejected": -18.454299926757812}, "95": {"chosen": -8.521135330200195, "rejected": -91.46006774902344}, "96": {"chosen": -13.236482620239258, "rejected": -9.788347244262695}, "97": {"chosen": -105.71083068847656, "rejected": -85.85121154785156}, "98": {"chosen": -14.00381851196289, "rejected": -64.96710205078125}, "99": {"chosen": -77.10360717773438, "rejected": -41.62213897705078}}}