{"0": {"0": {"chosen": -19.681812286376953, "rejected": -5.848156929016113}, "1": {"chosen": -11.335416793823242, "rejected": -22.848873138427734}, "2": {"chosen": -36.54874038696289, "rejected": -259.94232177734375}, "3": {"chosen": -17.139402389526367, "rejected": -22.248197555541992}, "4": {"chosen": -40.26726150512695, "rejected": -183.45814514160156}, "5": {"chosen": -127.58103942871094, "rejected": -182.7987823486328}, "6": {"chosen": -99.4127426147461, "rejected": -23.08261489868164}, "7": {"chosen": -13.340999603271484, "rejected": -30.661418914794922}, "8": {"chosen": -14.827725410461426, "rejected": -59.01234436035156}, "9": {"chosen": -8.847497940063477, "rejected": -341.5755920410156}, "10": {"chosen": -19.618078231811523, "rejected": -22.000137329101562}, "11": {"chosen": -27.2135066986084, "rejected": -308.0367126464844}, "12": {"chosen": -30.992929458618164, "rejected": -7.961285591125488}, "13": {"chosen": -101.29861450195312, "rejected": -43.24765396118164}, "14": {"chosen": -40.26706314086914, "rejected": -28.505685806274414}, "15": {"chosen": -16.141338348388672, "rejected": -26.132171630859375}, "16": {"chosen": -69.88932037353516, "rejected": -279.92840576171875}, "17": {"chosen": -55.39387893676758, "rejected": -32.53227996826172}, "18": {"chosen": -220.0265350341797, "rejected": -79.37165832519531}, "19": {"chosen": -79.66690063476562, "rejected": -36.13522720336914}, "20": {"chosen": -54.63230895996094, "rejected": -33.86338806152344}, "21": {"chosen": -24.084732055664062, "rejected": -11.238035202026367}, "22": {"chosen": -50.22521209716797, "rejected": -21.82453155517578}, "23": {"chosen": -11.361449241638184, "rejected": -58.861000061035156}, "24": {"chosen": -49.63325119018555, "rejected": -13.404377937316895}, "25": {"chosen": -113.89451599121094, "rejected": -9.24935531616211}, "26": {"chosen": -30.253067016601562, "rejected": -67.57101440429688}, "27": {"chosen": -198.7090301513672, "rejected": -144.58499145507812}, "28": {"chosen": -77.212646484375, "rejected": -25.844980239868164}, "29": {"chosen": -10.544123649597168, "rejected": -118.65675354003906}, "30": {"chosen": -46.02272415161133, "rejected": -18.650426864624023}, "31": {"chosen": -108.4583511352539, "rejected": -175.48646545410156}, "32": {"chosen": -45.559452056884766, "rejected": -39.17170333862305}, "33": {"chosen": -76.15238189697266, "rejected": -25.264842987060547}, "34": {"chosen": -202.52886962890625, "rejected": -48.08738327026367}, "35": {"chosen": -62.5428466796875, "rejected": -87.3012466430664}, "36": {"chosen": -25.114469528198242, "rejected": -171.5323944091797}, "37": {"chosen": -27.459583282470703, "rejected": -97.93938446044922}, "38": {"chosen": -21.462196350097656, "rejected": -382.5675354003906}, "39": {"chosen": -15.778182983398438, "rejected": -128.10140991210938}, "40": {"chosen": -56.134761810302734, "rejected": -85.50920104980469}, "41": {"chosen": -128.74331665039062, "rejected": -64.4804916381836}, "42": {"chosen": -94.48634338378906, "rejected": -64.3717041015625}, "43": {"chosen": -102.13677978515625, "rejected": -48.0322151184082}, "44": {"chosen": -257.9400939941406, "rejected": -353.0059814453125}, "45": {"chosen": -122.55754852294922, "rejected": -349.52197265625}, "46": {"chosen": -164.61087036132812, "rejected": -113.7279052734375}, "47": {"chosen": -74.08349609375, "rejected": -134.37977600097656}, "48": {"chosen": -31.369970321655273, "rejected": -24.691057205200195}, "49": {"chosen": -122.74082946777344, "rejected": -29.51972770690918}, "50": {"chosen": -93.81098937988281, "rejected": -43.8069953918457}, "51": {"chosen": -22.792625427246094, "rejected": -26.810359954833984}, "52": {"chosen": -19.97927474975586, "rejected": -31.505006790161133}, "53": {"chosen": -362.73699951171875, "rejected": -107.51530456542969}, "54": {"chosen": -20.382179260253906, "rejected": -258.2245788574219}, "55": {"chosen": -29.771806716918945, "rejected": -139.24951171875}, "56": {"chosen": -42.186927795410156, "rejected": -271.7222595214844}, "57": {"chosen": -16.583589553833008, "rejected": -13.288103103637695}, "58": {"chosen": -101.01854705810547, "rejected": -163.14772033691406}, "59": {"chosen": -62.85181427001953, "rejected": -23.963098526000977}, "60": {"chosen": -18.639080047607422, "rejected": -34.255149841308594}, "61": {"chosen": -86.60762023925781, "rejected": -54.595733642578125}, "62": {"chosen": -157.92239379882812, "rejected": -102.51484680175781}, "63": {"chosen": -67.8121337890625, "rejected": -22.487255096435547}, "64": {"chosen": -176.4900360107422, "rejected": -176.6249237060547}, "65": {"chosen": -50.466453552246094, "rejected": -134.6719207763672}, "66": {"chosen": -19.51581573486328, "rejected": -66.86821746826172}, "67": {"chosen": -17.69324493408203, "rejected": -78.0846176147461}, "68": {"chosen": -144.37388610839844, "rejected": -207.34140014648438}, "69": {"chosen": -21.417774200439453, "rejected": -17.709590911865234}, "70": {"chosen": -22.874332427978516, "rejected": -30.12610626220703}, "71": {"chosen": -42.96806716918945, "rejected": -206.5044403076172}, "72": {"chosen": -22.653011322021484, "rejected": -182.52679443359375}, "73": {"chosen": -3.4911043643951416, "rejected": -8.275793075561523}, "74": {"chosen": -57.26799011230469, "rejected": -28.939395904541016}, "75": {"chosen": -35.524131774902344, "rejected": -470.0349426269531}, "76": {"chosen": -16.74909019470215, "rejected": -9.682933807373047}, "77": {"chosen": -105.34217834472656, "rejected": -100.87281799316406}, "78": {"chosen": -69.729736328125, "rejected": -43.29812240600586}, "79": {"chosen": -124.41789245605469, "rejected": -17.525876998901367}, "80": {"chosen": -9.692139625549316, "rejected": -8.179219245910645}, "81": {"chosen": -40.3935546875, "rejected": -25.946491241455078}, "82": {"chosen": -23.446754455566406, "rejected": -28.644350051879883}, "83": {"chosen": -87.25599670410156, "rejected": -178.3545684814453}, "84": {"chosen": -42.63446807861328, "rejected": -33.32707977294922}, "85": {"chosen": -46.26961898803711, "rejected": -257.0173034667969}, "86": {"chosen": -138.40420532226562, "rejected": -39.08694076538086}, "87": {"chosen": -3.0385406017303467, "rejected": -74.14122009277344}, "88": {"chosen": -41.40171813964844, "rejected": -127.53929901123047}, "89": {"chosen": -53.38925552368164, "rejected": -70.9244613647461}, "90": {"chosen": -41.29119873046875, "rejected": -55.166141510009766}, "91": {"chosen": -54.161319732666016, "rejected": -47.84440994262695}, "92": {"chosen": -21.39954376220703, "rejected": -40.23540496826172}, "93": {"chosen": -105.152099609375, "rejected": -107.8477783203125}, "94": {"chosen": -5.235384941101074, "rejected": -19.220890045166016}, "95": {"chosen": -8.691737174987793, "rejected": -92.99247741699219}, "96": {"chosen": -17.197195053100586, "rejected": -9.964120864868164}, "97": {"chosen": -101.74726104736328, "rejected": -86.07421875}, "98": {"chosen": -13.530004501342773, "rejected": -65.52080535888672}, "99": {"chosen": -76.97200012207031, "rejected": -41.113861083984375}}}