{"0": {"0": {"chosen": -21.103710174560547, "rejected": -5.48037052154541}, "1": {"chosen": -15.767572402954102, "rejected": -23.70709991455078}, "2": {"chosen": -39.24371337890625, "rejected": -256.29644775390625}, "3": {"chosen": -17.906442642211914, "rejected": -23.974411010742188}, "4": {"chosen": -36.84756851196289, "rejected": -180.06076049804688}, "5": {"chosen": -121.9702377319336, "rejected": -180.9816436767578}, "6": {"chosen": -104.3975830078125, "rejected": -28.995346069335938}, "7": {"chosen": -10.91974925994873, "rejected": -25.275318145751953}, "8": {"chosen": -15.175799369812012, "rejected": -58.139129638671875}, "9": {"chosen": -10.186578750610352, "rejected": -338.09320068359375}, "10": {"chosen": -19.74421501159668, "rejected": -23.737876892089844}, "11": {"chosen": -29.325260162353516, "rejected": -313.102783203125}, "12": {"chosen": -30.89409065246582, "rejected": -11.959542274475098}, "13": {"chosen": -103.74835205078125, "rejected": -48.24812698364258}, "14": {"chosen": -42.949092864990234, "rejected": -27.084814071655273}, "15": {"chosen": -21.05721092224121, "rejected": -33.64947509765625}, "16": {"chosen": -68.81043243408203, "rejected": -282.1849060058594}, "17": {"chosen": -55.97898864746094, "rejected": -36.00210189819336}, "18": {"chosen": -221.86087036132812, "rejected": -85.92062377929688}, "19": {"chosen": -83.1649169921875, "rejected": -42.703128814697266}, "20": {"chosen": -56.88486862182617, "rejected": -31.878419876098633}, "21": {"chosen": -25.91423988342285, "rejected": -14.998713493347168}, "22": {"chosen": -53.48203659057617, "rejected": -19.942218780517578}, "23": {"chosen": -14.083415031433105, "rejected": -59.686439514160156}, "24": {"chosen": -50.83788299560547, "rejected": -16.16914939880371}, "25": {"chosen": -116.99984741210938, "rejected": -16.077613830566406}, "26": {"chosen": -31.151317596435547, "rejected": -67.36258697509766}, "27": {"chosen": -200.19635009765625, "rejected": -148.00152587890625}, "28": {"chosen": -80.96670532226562, "rejected": -31.696035385131836}, "29": {"chosen": -12.563074111938477, "rejected": -116.93840789794922}, "30": {"chosen": -45.296722412109375, "rejected": -18.015581130981445}, "31": {"chosen": -113.06000518798828, "rejected": -179.6683349609375}, "32": {"chosen": -52.879451751708984, "rejected": -47.31000900268555}, "33": {"chosen": -81.959228515625, "rejected": -27.682214736938477}, "34": {"chosen": -203.44961547851562, "rejected": -48.555137634277344}, "35": {"chosen": -64.16011810302734, "rejected": -89.70768737792969}, "36": {"chosen": -25.84335708618164, "rejected": -166.32101440429688}, "37": {"chosen": -30.81083869934082, "rejected": -101.68716430664062}, "38": {"chosen": -20.73394775390625, "rejected": -384.4730224609375}, "39": {"chosen": -16.983749389648438, "rejected": -132.36451721191406}, "40": {"chosen": -55.814945220947266, "rejected": -89.18729400634766}, "41": {"chosen": -133.6211700439453, "rejected": -65.24181365966797}, "42": {"chosen": -97.49273681640625, "rejected": -62.12801742553711}, "43": {"chosen": -107.80487060546875, "rejected": -47.311641693115234}, "44": {"chosen": -251.43212890625, "rejected": -364.1722106933594}, "45": {"chosen": -125.342041015625, "rejected": -352.09814453125}, "46": {"chosen": -159.416015625, "rejected": -113.23538970947266}, "47": {"chosen": -78.39851379394531, "rejected": -135.5117950439453}, "48": {"chosen": -35.919742584228516, "rejected": -25.955766677856445}, "49": {"chosen": -126.77656555175781, "rejected": -31.467151641845703}, "50": {"chosen": -100.25009155273438, "rejected": -45.547183990478516}, "51": {"chosen": -22.611679077148438, "rejected": -28.72465705871582}, "52": {"chosen": -17.08539390563965, "rejected": -33.90530014038086}, "53": {"chosen": -356.9118347167969, "rejected": -107.32963562011719}, "54": {"chosen": -24.25849151611328, "rejected": -257.3905029296875}, "55": {"chosen": -31.887123107910156, "rejected": -141.04359436035156}, "56": {"chosen": -41.31784439086914, "rejected": -264.25537109375}, "57": {"chosen": -17.193092346191406, "rejected": -16.51368522644043}, "58": {"chosen": -98.7227783203125, "rejected": -163.36448669433594}, "59": {"chosen": -65.4955825805664, "rejected": -27.631439208984375}, "60": {"chosen": -23.587322235107422, "rejected": -35.49782180786133}, "61": {"chosen": -88.29258728027344, "rejected": -52.17282485961914}, "62": {"chosen": -160.5855255126953, "rejected": -109.84370422363281}, "63": {"chosen": -69.10758972167969, "rejected": -28.443241119384766}, "64": {"chosen": -186.39599609375, "rejected": -183.5460205078125}, "65": {"chosen": -53.367042541503906, "rejected": -141.23519897460938}, "66": {"chosen": -19.18720245361328, "rejected": -66.71627044677734}, "67": {"chosen": -18.026309967041016, "rejected": -81.08355712890625}, "68": {"chosen": -145.2750244140625, "rejected": -205.86160278320312}, "69": {"chosen": -19.607666015625, "rejected": -16.592802047729492}, "70": {"chosen": -23.461393356323242, "rejected": -26.976505279541016}, "71": {"chosen": -46.304283142089844, "rejected": -209.99696350097656}, "72": {"chosen": -23.750778198242188, "rejected": -192.19882202148438}, "73": {"chosen": -2.9763906002044678, "rejected": -7.329102993011475}, "74": {"chosen": -53.86913299560547, "rejected": -29.568130493164062}, "75": {"chosen": -39.004356384277344, "rejected": -470.34033203125}, "76": {"chosen": -15.265320777893066, "rejected": -11.614072799682617}, "77": {"chosen": -105.60255432128906, "rejected": -102.54356384277344}, "78": {"chosen": -68.8727035522461, "rejected": -44.20073699951172}, "79": {"chosen": -131.1385498046875, "rejected": -20.36521339416504}, "80": {"chosen": -7.245970249176025, "rejected": -12.668431282043457}, "81": {"chosen": -40.83869934082031, "rejected": -25.06257438659668}, "82": {"chosen": -27.57160186767578, "rejected": -31.817237854003906}, "83": {"chosen": -92.46275329589844, "rejected": -174.6969451904297}, "84": {"chosen": -45.560733795166016, "rejected": -34.40809631347656}, "85": {"chosen": -46.783668518066406, "rejected": -273.8681335449219}, "86": {"chosen": -137.7545166015625, "rejected": -41.90203094482422}, "87": {"chosen": -4.586496353149414, "rejected": -71.85234069824219}, "88": {"chosen": -44.46500015258789, "rejected": -127.21260833740234}, "89": {"chosen": -53.11874771118164, "rejected": -71.95942687988281}, "90": {"chosen": -38.21726989746094, "rejected": -55.086238861083984}, "91": {"chosen": -61.604270935058594, "rejected": -45.934329986572266}, "92": {"chosen": -22.701486587524414, "rejected": -39.92420959472656}, "93": {"chosen": -103.38241577148438, "rejected": -106.24413299560547}, "94": {"chosen": -4.331110954284668, "rejected": -16.209938049316406}, "95": {"chosen": -10.919355392456055, "rejected": -94.41690063476562}, "96": {"chosen": -19.480703353881836, "rejected": -13.87268352508545}, "97": {"chosen": -100.34205627441406, "rejected": -84.84219360351562}, "98": {"chosen": -16.696062088012695, "rejected": -64.62586975097656}, "99": {"chosen": -78.34778594970703, "rejected": -45.30445098876953}}}