{"train-loss/loss": 0.6820608377456665, "_timestamp": 1712438857.7905693, "_runtime": 232.78436136245728, "_step": 269, "train-loss/raw-loss": 0.6820608377456665, "train-loss/kld": 0.0, "train-probs/accuracy-col": 1.0, "train-probs/accuracy-row": 0.5, "train-probs/p_c0_r0": -0.1527549922466278, "train-probs/p_c0_r1": -0.26789382100105286, "train-probs/p_c1_r0": -0.16901621222496033, "train-probs/p_c1_r1": -0.2161274403333664}