{"train/loss": 0.7037, "train/learning_rate": 7.142857142857143e-07, "train/rewards/chosen": -0.5352371335029602, "train/rewards/rejected": -0.6005561351776123, "train/rewards/accuracies": 0.5625, "train/rewards/margins": 0.0653189867734909, "train/logps/rejected": -465.2788391113281, "train/logps/chosen": -323.2395935058594, "train/logits/rejected": -0.4867234528064728, "train/logits/chosen": -0.4978269338607788, "train/epoch": 0.76, "train/global_step": 1500, "_timestamp": 1706589408.227864, "_runtime": 13783.161520004272, "_step": 1501, "eval/loss": 0.6856431365013123, "eval/runtime": 636.2241, "eval/samples_per_second": 15.718, "eval/steps_per_second": 2.62, "eval/rewards/chosen": 0.04068326950073242, "eval/rewards/rejected": -0.0970827043056488, "eval/rewards/accuracies": 0.5818836092948914, "eval/rewards/margins": 0.13776597380638123, "eval/logps/rejected": -426.1170654296875, "eval/logps/chosen": -391.6546325683594, "eval/logits/rejected": -0.3737421929836273, "eval/logits/chosen": -0.3756687045097351}