{"train/loss": 0.6907, "train/learning_rate": 4.0999999999999994e-07, "train/rewards/chosen": -0.06479455530643463, "train/rewards/rejected": -0.09629710763692856, "train/rewards/accuracies": 0.46875, "train/rewards/margins": 0.03150254487991333, "train/logps/rejected": -470.97216796875, "train/logps/chosen": -302.25396728515625, "train/logits/rejected": -0.5810496807098389, "train/logits/chosen": -0.5971368551254272, "train/epoch": 0.02, "train/global_step": 41, "_timestamp": 1706575997.3090281, "_runtime": 372.24268412590027, "_step": 40}