{"loss/train": 0.04391125589609146, "_timestamp": 1708325277.7658656, "_runtime": 750.8653576374054, "_step": 69, "kld/train": 5.3355419368017465e-05, "_wandb": {"runtime": 765}}