{"train-loss/loss": 0.6571886539459229, "_timestamp": 1715979689.2764702, "_runtime": 12006.453737258911, "_step": 1745, "train-loss/raw-loss": 0.6571886539459229, "train-loss/kld": 0.0, "train-probs/accuracy-col": 1.0, "train-probs/accuracy-row": 0.5, "train-probs/p_c0_r0": -0.37320518493652344, "train-probs/p_c0_r1": -0.29024991393089294, "train-probs/p_c1_r0": -0.4697110056877136, "train-probs/p_c1_r1": -0.21901576220989227}