{"train/loss": 0.1929, "train/learning_rate": 0.0, "train/rewards/chosen": -9.331348419189453, "train/rewards/rejected": -23.714550018310547, "train/rewards/accuracies": 0.875, "train/rewards/margins": 14.383201599121094, "train/logps/rejected": -84.38340759277344, "train/logps/chosen": -36.574886322021484, "train/logits/rejected": -3.136521339416504, "train/logits/chosen": -3.0124990940093994, "train/epoch": 1.0, "train/global_step": 148, "_timestamp": 1710348561.0242648, "_runtime": 1262.937710762024, "_step": 148, "train/train_runtime": 1165.822, "train/train_samples_per_second": 16.292, "train/train_steps_per_second": 0.127, "train/total_flos": 0.0, "train/train_loss": 0.3290954104347809}