{"train-loss/loss": 0.6942580342292786, "_timestamp": 1710720771.9445336, "_runtime": 408.64045667648315, "_step": 1547, "train-loss/raw-loss": 0.6942580342292786, "train-loss/kld": 0.0003090287500526756, "train-probs/accuracy-col": 0.5, "train-probs/accuracy-row": 0.5, "train-probs/p_c0_r0": -0.6228950619697571, "train-probs/p_c0_r1": -0.5127757787704468, "train-probs/p_c1_r0": -0.6417314410209656, "train-probs/p_c1_r1": -0.5302960276603699, "_wandb": {"runtime": 409}}