{"loss/train": -1.6629714965820312, "margins/train": 0.5, "_timestamp": 1707513740.480191, "_runtime": 84.97783303260803, "_step": 85, "learning_rate": 2.866666666666667e-07, "_wandb": {"runtime": 86}}