{"train/loss": 0.1733, "train/learning_rate": 5.553884711779449e-05, "train/epoch": 6.07, "train/global_step": 892, "_timestamp": 1705473808.1508086, "_runtime": 27766.13490653038, "_step": 534, "eval/loss": 0.7721316814422607, "eval/runtime": 62.3638, "eval/samples_per_second": 7.953, "eval/steps_per_second": 0.994}