{"train/loss": 0.0059, "train/learning_rate": 0.0, "train/epoch": 13.61, "train/global_step": 2000, "_timestamp": 1705508574.6225321, "_runtime": 62532.6066300869, "_step": 1200, "eval/loss": 0.2724148631095886, "eval/runtime": 62.1565, "eval/samples_per_second": 7.98, "eval/steps_per_second": 0.997, "train/train_runtime": 62435.9285, "train/train_samples_per_second": 2.05, "train/train_steps_per_second": 0.032, "train/total_flos": 1.7994731757596836e+19, "train/train_loss": 0.4739129042280838, "_wandb": {"runtime": 62536}}