{"train/loss": 1.6249, "train/learning_rate": 3.894736842105263e-07, "train/epoch": 0.7, "train/global_step": 440, "_timestamp": 1710726755.0217855, "_runtime": 953.3134224414825, "_step": 87}