{"train/loss": 0.6957, "train/learning_rate": 1.3333333333333333e-05, "train/rewards/chosen": -0.0005560426507145166, "train/rewards/rejected": 0.003595927730202675, "train/rewards/accuracies": 0.484375, "train/rewards/margins": -0.004151970148086548, "train/logps/rejected": -100.03311920166016, "train/logps/chosen": -94.79454040527344, "train/logits/rejected": 8.671780586242676, "train/logits/chosen": 8.679762840270996, "train/epoch": 0.06, "train/global_step": 8, "_timestamp": 1706324208.1448724, "_runtime": 213.33723831176758, "_step": 3}