{"train-loss/loss": 0.6850323677062988, "_timestamp": 1711820806.6767387, "_runtime": 2178.1225147247314, "_step": 2249, "train-loss/raw-loss": 0.6850323677062988, "train-loss/kld": 0.0, "train-probs/accuracy-col": 0.5, "train-probs/accuracy-row": 0.5, "train-probs/p_c0_r0": -0.5482175350189209, "train-probs/p_c0_r1": -0.5387609004974365, "train-probs/p_c1_r0": -0.621361494064331, "train-probs/p_c1_r1": -0.5757216215133667, "_wandb": {"runtime": 2340}}