{"loss/train": 0.077301025390625, "margins/train": 0.5, "_timestamp": 1707514399.985963, "_runtime": 7.261244058609009, "_step": 1, "learning_rate": 6.666666666666667e-09, "_wandb": {"runtime": 99}}