{"train/loss": 0.7193371057510376, "_timestamp": 1708466426.886448, "_runtime": 213.9692440032959, "_step": 1055, "train/raw-loss": 0.7177910804748535, "train/kld": 0.00515334215015173, "train/accuracy": 1.0, "train/p_r0_c0": -1.0519055128097534, "train/p_r1_c0": -1.315359115600586, "train/p_r0_c1": -1.1060420274734497, "train/p_r1_c1": -1.0065709352493286, "_wandb": {"runtime": 213}}