{"train/loss": 0.6931, "train/learning_rate": 5e-07, "train/rewards/chosen": 0.0, "train/rewards/rejected": 0.0, "train/rewards/accuracies": 0.0, "train/rewards/margins": 0.0, "train/logps/rejected": -100.89301300048828, "train/logps/chosen": -70.7435531616211, "train/logits/rejected": -3.3237969875335693, "train/logits/chosen": -3.3423290252685547, "train/epoch": 0.89, "train/global_step": 1, "_timestamp": 1706648445.685214, "_runtime": 7.365386009216309, "_step": 1, "eval/loss": 0.6931471824645996, "eval/runtime": 0.1697, "eval/samples_per_second": 5.893, "eval/steps_per_second": 5.893, "eval/rewards/chosen": 0.0, "eval/rewards/rejected": 0.0, "eval/rewards/accuracies": 0.0, "eval/rewards/margins": 0.0, "eval/logps/rejected": -74.97389221191406, "eval/logps/chosen": -206.4900665283203, "eval/logits/rejected": -3.594519853591919, "eval/logits/chosen": -3.5941970348358154, "_wandb": {"runtime": 9}}