{"train-loss/loss": 0.3895760774612427, "_timestamp": 1710328411.4345317, "_runtime": 4283.541095733643, "_step": 21374, "train-loss/raw-loss": 0.29548579454421997, "train-loss/kld": 0.15681710839271545, "train-probs/accuracy-col": 1.0, "train-probs/accuracy-row": 0.5, "train-probs/p_c0_r0": -0.47866132855415344, "train-probs/p_c0_r1": -4.665493011474609, "train-probs/p_c1_r0": -1.0364413261413574, "train-probs/p_c1_r1": -1.3222215175628662, "_wandb": {"runtime": 4323}}