{"train-loss/loss": 0.6680036783218384, "_timestamp": 1711758170.4589949, "_runtime": 1292.258838891983, "_step": 1799, "train-loss/raw-loss": 0.6680036783218384, "train-loss/kld": 0.03300895914435387, "train-probs/accuracy-col": 0.5, "train-probs/accuracy-row": 1.0, "train-probs/p_c0_r0": -0.5787879824638367, "train-probs/p_c0_r1": -0.6140462756156921, "train-probs/p_c1_r0": -0.5465115904808044, "train-probs/p_c1_r1": -0.4592980146408081}