{"train-loss/loss": 0.6898403167724609, "_timestamp": 1712183837.118334, "_runtime": 281.22184801101685, "_step": 458, "train-loss/raw-loss": 0.6898403167724609, "train-loss/kld": 0.0006649722345173359, "train-probs/accuracy-col": 0.5, "train-probs/accuracy-row": 0.5, "train-probs/p_c0_r0": -0.505447268486023, "train-probs/p_c0_r1": -0.3243738114833832, "train-probs/p_c1_r0": -0.5531769394874573, "train-probs/p_c1_r1": -0.33916887640953064}