{"train/loss": 0.6917123198509216, "_timestamp": 1708461728.5727692, "_runtime": 248.4950771331787, "_step": 451, "train/raw-loss": 0.7297720313072205, "train/kld": 0.002736481372267008, "train/accuracy": 1.0}