{"train/loss": 1.3225, "train/learning_rate": 1.0592238578892577e-08, "train/epoch": 1.0, "train/global_step": 304, "_timestamp": 1706645496.1094658, "_runtime": 4304.594957828522, "_step": 61, "eval/loss": 1.40505051612854, "eval/runtime": 40.197, "eval/samples_per_second": 24.877, "eval/steps_per_second": 6.219, "train/train_runtime": 4223.1481, "train/train_samples_per_second": 9.235, "train/train_steps_per_second": 0.072, "train/total_flos": 20521929867264.0, "train/train_loss": 1.59250355864826, "_wandb": {"runtime": 4323}}