{"train-loss/loss": 0.6817007064819336, "_timestamp": 1714681516.954261, "_runtime": 1669.6391899585724, "_step": 314, "train-loss/raw-loss": 0.6817007064819336, "train-loss/kld": 0.0, "train-probs/accuracy-col": 1.0, "train-probs/accuracy-row": 0.5, "train-probs/p_c0_r0": -0.31461307406425476, "train-probs/p_c0_r1": -0.30695679783821106, "train-probs/p_c1_r0": -0.33402448892593384, "train-probs/p_c1_r1": -0.26232051849365234}