{"train-loss/loss": 0.7094682455062866, "_timestamp": 1710541007.3917277, "_runtime": 1568.4536306858063, "_step": 4499, "train-loss/raw-loss": 0.7094682455062866, "train-loss/kld": 0.001603046664968133, "train-probs/accuracy-col": 1.0, "train-probs/accuracy-row": 0.5, "train-probs/p_c0_r0": -0.5634700059890747, "train-probs/p_c0_r1": -2.3250486850738525, "train-probs/p_c1_r0": -0.5879912376403809, "train-probs/p_c1_r1": -1.275948166847229, "_wandb": {"runtime": 1699}}