{"train_labels": [], "train_logprobs": [], "train_probs": [], "test_labels": [0, 1, 1, 1, 0, 1, 0, 0, 0, 0, 1, 1, 1, 1, 0, 1, 0, 1, 0, 0, 1, 1, 1, 1, 1, 0, 1, 0, 0, 1, 0, 0, 1, 0, 0, 1, 1, 0, 1, 0, 1, 0, 0, 0, 0, 0, 0, 0, 1, 0, 0, 1, 1, 0, 1, 1, 0, 0, 0, 1, 1, 1, 0, 1, 1, 0, 1, 1, 1, 0, 0, 0, 1, 0, 0, 0, 1, 0, 0, 0, 1, 1, 0, 0, 0, 1, 1, 1, 1, 0, 0, 1, 0, 1, 1, 0, 0, 1, 0, 0], "test_logprobs": [[-2.5840260982513428, -2.977679491043091], [-2.8928699493408203, -2.5265324115753174], [-2.918935775756836, -2.5772061347961426], [-2.8993847370147705, -2.531944990158081], [-2.693690299987793, -3.4418721199035645], [-3.148526668548584, -2.6728944778442383], [-2.7863399982452393, -3.2738168239593506], [-2.5864975452423096, -2.7716145515441895], [-2.54900860786438, -2.747384548187256], [-2.7291078567504883, -4.731861591339111], [-3.176135301589966, -2.6303529739379883], [-2.831148147583008, -2.5014333724975586], [-2.804454803466797, -2.5943613052368164], [-3.028820037841797, -2.6673195362091064], [-2.470512866973877, -3.5503334999084473], [-2.6597375869750977, -2.628523588180542], [-2.8137354850769043, -3.001250743865967], [-3.089155912399292, -2.569064140319824], [-2.802964210510254, -3.055166721343994], [-2.7129745483398438, -2.9713830947875977], [-3.2404375076293945, -2.4905283451080322], [-3.503270149230957, -2.1609954833984375], [-2.7949843406677246, -2.5886244773864746], [-3.2234315872192383, -2.389216184616089], [-2.3884387016296387, -2.0408122539520264], [-2.5468056201934814, -2.9253900051116943], [-3.260967254638672, -2.5110974311828613], [-2.7453746795654297, -2.8571996688842773], [-2.6330368518829346, -3.161823034286499], [-2.999680995941162, -2.4121532440185547], [-2.3816113471984863, -2.7434282302856445], [-2.3667404651641846, -3.029961347579956], [-2.927934169769287, -2.573648452758789], [-2.5814332962036133, -3.6370913982391357], [-2.878923177719116, -3.4983506202697754], [-2.883049249649048, -2.632195472717285], [-2.9977030754089355, -2.4121103286743164], [-2.066434621810913, -3.972928285598755], [-2.9965105056762695, -2.7014265060424805], [-2.4393575191497803, -3.299853801727295], [-3.5775318145751953, -2.397163152694702], [-2.557180404663086, -3.184494733810425], [-2.776085376739502, -3.3042495250701904], [-2.680741310119629, -2.904052734375], [-2.7304186820983887, -4.146686553955078], [-2.6981563568115234, -2.9663896560668945], [-2.8865318298339844, -2.9123809337615967], [-2.7913272380828857, -3.4335074424743652], [-2.8281233310699463, -2.3811869621276855], [-2.776602268218994, -2.856802463531494], [-2.4744462966918945, -3.163022994995117], [-2.958411931991577, -2.609530210494995], [-3.223355293273926, -2.717424154281616], [-2.4562957286834717, -3.1321606636047363], [-3.0912351608276367, -2.289984941482544], [-3.3707330226898193, -2.3233482837677], [-2.7293882369995117, -2.934946298599243], [-2.6511433124542236, -2.6688647270202637], [-2.4596920013427734, -3.0468578338623047], [-3.421511173248291, -2.8990721702575684], [-2.7075507640838623, -2.51316237449646], [-3.2472829818725586, -2.0571107864379883], [-2.319690465927124, -2.775425672531128], [-3.208253860473633, -2.348337173461914], [-3.1004700660705566, -2.60593843460083], [-2.6208386421203613, -2.9943840503692627], [-2.9048073291778564, -2.1600899696350098], [-3.5364928245544434, -2.361516237258911], [-3.069704055786133, -2.74580979347229], [-2.3764028549194336, -3.382338047027588], [-2.8239426612854004, -3.070350408554077], [-2.706437587738037, -3.0804245471954346], [-2.9709110260009766, -2.4301047325134277], [-2.4270882606506348, -3.0826683044433594], [-2.4144551753997803, -2.540130615234375], [-2.561440944671631, -3.3838388919830322], [-3.1246085166931152, -2.8060061931610107], [-2.1575582027435303, -2.6915359497070312], [-2.3585922718048096, -3.0885117053985596], [-2.289815664291382, -2.979435443878174], [-2.9321510791778564, -2.8761370182037354], [-3.1148650646209717, -2.348393678665161], [-2.6577019691467285, -2.946704387664795], [-2.3321340084075928, -3.0658233165740967], [-2.7416491508483887, -2.8898558616638184], [-3.0273518562316895, -2.3013811111450195], [-2.9082882404327393, -2.371537208557129], [-2.847409248352051, -1.9850159883499146], [-3.068469524383545, -2.6902921199798584], [-2.8174386024475098, -3.19474196434021], [-2.862255811691284, -3.8643412590026855], [-3.5480730533599854, -2.0444297790527344], [-2.5470118522644043, -2.742307186126709], [-2.970442295074463, -2.4502127170562744], [-3.2647995948791504, -3.0396034717559814], [-2.4217140674591064, -3.008526086807251], [-2.427549123764038, -3.0745434761047363], [-3.1013894081115723, -2.6332712173461914], [-2.8847622871398926, -2.9329912662506104], [-3.029334306716919, -3.1727359294891357]], "test_probs": [0.5971618690016484, 0.40942629711095524, 0.41538938787377255, 0.4091598135462116, 0.6787823978397466, 0.38328404886985806, 0.6195118570910135, 0.5461475436016906, 0.5494319831793134, 0.8810858994008671, 0.3668434936665034, 0.41831002439151677, 0.44766897180339693, 0.41059638539954524, 0.7464600382850232, 0.49219713382770464, 0.5467419333470469, 0.3728307745556732, 0.5627185394213078, 0.564245037105445, 0.3208410941785939, 0.207136239464984, 0.4485923351836202, 0.3027544839327287, 0.413958119426123, 0.5935316284686277, 0.320849666303472, 0.5279271513739145, 0.6291999638166271, 0.35720230364782724, 0.5894801789588008, 0.6599835434341484, 0.41234353311631794, 0.7418599290138918, 0.6500883181235332, 0.43761336667985573, 0.35764672056177743, 0.870624716522927, 0.42675967787150404, 0.7027643315685592, 0.23498591632372756, 0.6518802453504603, 0.6290548270239417, 0.5555970052778154, 0.8047526696438088, 0.5666591312045987, 0.5064619161777076, 0.6552461323683773, 0.3900894181970238, 0.5200393087907911, 0.6656502314458119, 0.4136536269480944, 0.37614784484099045, 0.6628151697452052, 0.30975814836962806, 0.25972761887207063, 0.5512093251911058, 0.5044302376996456, 0.64271459217183, 0.37228209030580267, 0.4515553541490513, 0.23322814016950638, 0.6120019622668813, 0.29735675242009274, 0.3788266136344743, 0.5923153954616416, 0.321973449605758, 0.2359566210444163, 0.41972698056575564, 0.7322239066995081, 0.5612921284779737, 0.5924220159581821, 0.36800003779136287, 0.6582668088131428, 0.5313775718851009, 0.6947451205475466, 0.42101641003053725, 0.6304103794820376, 0.6747875925900411, 0.6658823394909228, 0.4860001450313449, 0.3172429101688655, 0.5717518909462466, 0.6756143431689343, 0.5369840056273678, 0.3260795416823417, 0.36894369819937356, 0.29683956769262615, 0.406566560063343, 0.5932225423224667, 0.7314684048299877, 0.1818827709408584, 0.5486692435434752, 0.3727985522350106, 0.44393769455387955, 0.6426333410508946, 0.6563328275643975, 0.38506173921635145, 0.5120549081906397, 0.5357890960461352]}