{"train_labels": [], "train_logprobs": [], "train_probs": [], "test_labels": [0, 0, 1, 1, 0, 1, 0, 0, 0, 0, 1, 0, 1, 1, 1, 0, 0, 1, 1, 0, 0, 1, 1, 1, 1, 1, 1, 0, 0, 1, 1, 0, 1, 0, 0, 0, 1, 0, 1, 0, 1, 0, 1, 0, 0, 0, 0, 0, 1, 1, 1, 1, 1, 0, 0, 1, 0, 0, 1, 0, 0, 1, 0, 1, 0, 0, 1, 1, 1, 0, 0, 0, 1, 0, 0, 0, 1, 1, 0, 0, 0, 1, 0, 0, 1, 1, 1, 1, 1, 0, 0, 1, 0, 1, 1, 0, 0, 1, 1, 1], "test_logprobs": [[-2.667104959487915, -2.995920419692993], [-2.2169978618621826, -2.894571304321289], [-3.366635322570801, -2.835442304611206], [-3.0314555168151855, -2.785097599029541], [-2.662240505218506, -3.450615644454956], [-3.4568402767181396, -2.823524236679077], [-2.650414228439331, -3.3855063915252686], [-2.4239649772644043, -3.110304355621338], [-2.573087453842163, -3.0262694358825684], [-2.1718971729278564, -4.074636459350586], [-2.8184714317321777, -2.533705711364746], [-2.3514585494995117, -3.9845972061157227], [-2.7568199634552, -2.548529863357544], [-3.286177158355713, -2.6782870292663574], [-3.492379903793335, -2.39382266998291], [-2.5885372161865234, -2.799360513687134], [-2.330758810043335, -3.651550531387329], [-3.7075679302215576, -2.184866189956665], [-2.970673084259033, -2.93955397605896], [-2.753708839416504, -2.7719197273254395], [-2.195956230163574, -4.956356048583984], [-3.6109864711761475, -2.249880075454712], [-2.9712586402893066, -2.5120415687561035], [-3.372702121734619, -3.0897715091705322], [-2.4533681869506836, -2.2165584564208984], [-2.8879196643829346, -2.5394716262817383], [-3.6913623809814453, -2.1890077590942383], [-2.4130237102508545, -3.165519952774048], [-2.322084665298462, -2.8716819286346436], [-3.0895562171936035, -2.878478527069092], [-2.909031867980957, -2.7863471508026123], [-2.7031164169311523, -2.7622928619384766], [-3.3420698642730713, -2.2049050331115723], [-2.3611745834350586, -3.5472617149353027], [-3.1236064434051514, -3.3671114444732666], [-2.9008960723876953, -2.9290237426757812], [-3.6072936058044434, -2.083005666732788], [-2.0610191822052, -4.208924770355225], [-3.2091941833496094, -2.7390077114105225], [-2.2035322189331055, -3.077606439590454], [-3.769364833831787, -2.4926586151123047], [-2.350933790206909, -3.9566121101379395], [-3.5057315826416016, -2.5859131813049316], [-2.872703790664673, -3.200018882751465], [-2.5902798175811768, -4.343894004821777], [-2.5944252014160156, -3.2663536071777344], [-3.1147446632385254, -3.271855592727661], [-3.2885355949401855, -3.5949926376342773], [-2.858978509902954, -2.7554023265838623], [-2.707977056503296, -2.6907546520233154], [-3.7874791622161865, -2.1473910808563232], [-4.123491287231445, -2.484098434448242], [-3.440380573272705, -2.5639052391052246], [-2.453892707824707, -3.6647725105285645], [-2.595309019088745, -2.6813108921051025], [-3.399962902069092, -2.702298164367676], [-2.8229711055755615, -3.425774335861206], [-2.606980562210083, -2.6386866569519043], [-3.4136946201324463, -2.2549526691436768], [-3.0196990966796875, -3.1484973430633545], [-2.9991137981414795, -3.189671039581299], [-3.3426711559295654, -2.2338311672210693], [-2.28554630279541, -3.5950827598571777], [-2.681272506713867, -2.533353567123413], [-2.8821628093719482, -3.213358163833618], [-2.2620975971221924, -4.138967990875244], [-3.5096263885498047, -2.023744583129883], [-3.667492389678955, -2.326835870742798], [-3.3299686908721924, -2.7866885662078857], [-2.604923725128174, -3.8825504779815674], [-2.8317606449127197, -3.4783098697662354], [-2.9922938346862793, -3.620037078857422], [-2.9194560050964355, -2.479830503463745], [-2.222174644470215, -3.9263718128204346], [-2.189204692840576, -2.7969906330108643], [-2.908735990524292, -3.0994679927825928], [-3.1063754558563232, -2.9181723594665527], [-2.8062963485717773, -2.3319318294525146], [-2.628467082977295, -3.6963753700256348], [-2.331611394882202, -2.6785058975219727], [-2.7333006858825684, -3.1760382652282715], [-3.6434640884399414, -2.2499794960021973], [-2.7227184772491455, -3.120032548904419], [-2.605196714401245, -3.2112865447998047], [-3.5292086601257324, -2.126006603240967], [-3.632854461669922, -2.0461530685424805], [-3.1243152618408203, -2.364527702331543], [-3.7299671173095703, -1.9128903150558472], [-3.230100631713867, -2.4333131313323975], [-2.283745288848877, -4.510347366333008], [-2.3771440982818604, -2.9666121006011963], [-3.2062859535217285, -2.12258243560791], [-2.9192326068878174, -3.2544145584106445], [-3.401494264602661, -2.166769027709961], [-3.8103413581848145, -2.7118985652923584], [-2.2319772243499756, -3.793534278869629], [-2.554090738296509, -3.3518824577331543], [-3.432736396789551, -2.7478485107421875], [-3.0130696296691895, -2.9127516746520996], [-3.4306023120880127, -3.2346832752227783]], "test_probs": [0.5814711321807325, 0.6631968999009783, 0.3702386785438197, 0.43872014173459156, 0.6874823350322486, 0.34675901649994956, 0.675921716520053, 0.6651521091141144, 0.6113955118023221, 0.8702012447713952, 0.42928578554715807, 0.836599149726133, 0.44811492463019315, 0.3525406380937922, 0.2500103229278951, 0.5525114725329265, 0.789313398164265, 0.17906401890372384, 0.49222085071648053, 0.504552596160698, 0.9404980124034242, 0.20406054283098635, 0.38717157268120356, 0.4297354442664086, 0.44107269162607016, 0.41375881832277567, 0.1820746028754217, 0.6797223744705528, 0.6340421479799354, 0.44742563162778193, 0.4693672335955317, 0.5147897955312257, 0.24284128162516352, 0.766040520529887, 0.560577220055789, 0.5070314539909532, 0.17883096621538758, 0.8954728997621181, 0.3845721091513732, 0.7055927508041412, 0.21811141961068117, 0.8328105131267488, 0.28499489772331493, 0.5811059543430056, 0.8524080769886213, 0.6619348269404596, 0.5391971375200977, 0.5760202307123216, 0.47412907869503224, 0.4956945053009803, 0.16245307769176104, 0.1625476941347118, 0.2939087083396129, 0.7704545829767852, 0.5214872260159018, 0.332330188746213, 0.6462973789624853, 0.5079258597232399, 0.23889595436884578, 0.5321551221358907, 0.5474956751063063, 0.24808721376740772, 0.7874355780327276, 0.46308754432160437, 0.5820501965391021, 0.8672512396902504, 0.18454065064154232, 0.20740211499252853, 0.36742487211807534, 0.7820455264651609, 0.6562324176017816, 0.6519775737205548, 0.39183020833476717, 0.8460821145735241, 0.6474355798223843, 0.5475389707191494, 0.4530876155329682, 0.3835837420681206, 0.7441989263856602, 0.5858643018781259, 0.6089111474308704, 0.1988520441552806, 0.5980421662536448, 0.6470483243949855, 0.1973084849910457, 0.16984849406125635, 0.31869239111768005, 0.139785003348023, 0.31071312273930196, 0.9026130807714868, 0.6432430714154281, 0.25280580030422756, 0.5830196886911834, 0.2253554689659452, 0.2500317818045794, 0.8265766666446331, 0.6895019104431004, 0.33517125165075323, 0.47494152278834617, 0.4511763127613121]}