{"train/loss": 0.6926, "train/learning_rate": 1.6000000000000001e-06, "train/rewards/chosen": -0.0028394099790602922, "train/rewards/rejected": -0.0044578667730093, "train/rewards/accuracies": 0.625, "train/rewards/margins": 0.001618456793949008, "train/logps/rejected": -78.42366027832031, "train/logps/chosen": -50.5161018371582, "train/logits/rejected": 9.354595184326172, "train/logits/chosen": 9.317339897155762, "train/epoch": 0.0, "train/global_step": 8, "_timestamp": 1706468117.261579, "_runtime": 45.15890908241272, "_step": 3, "_wandb": {"runtime": 48}}