{"train-loss/loss": 0.6974031925201416, "_timestamp": 1713131825.2942078, "_runtime": 259.36361479759216, "_step": 746, "train-loss/raw-loss": 0.6974031925201416, "train-loss/kld": 0.0, "train-probs/accuracy-col": 0.5, "train-probs/accuracy-row": 0.5, "train-probs/p_c0_r0": -0.5167061686515808, "train-probs/p_c0_r1": -0.36456114053726196, "train-probs/p_c1_r0": -0.5078102946281433, "train-probs/p_c1_r1": -0.3550049066543579}