{"train-loss/loss": 0.6965837478637695, "_timestamp": 1711426561.1374803, "_runtime": 746.431390285492, "_step": 1835, "train-loss/raw-loss": 0.6965837478637695, "train-loss/kld": 0.00030029809568077326, "train-probs/accuracy-col": 1.0, "train-probs/accuracy-row": 0.5, "train-probs/p_c0_r0": -0.49108821153640747, "train-probs/p_c0_r1": -0.1709136664867401, "train-probs/p_c1_r0": -0.5007797479629517, "train-probs/p_c1_r1": -0.14284193515777588, "_wandb": {"runtime": 800}}