{"train-loss/loss": 0.32863759994506836, "_timestamp": 1710324066.8363829, "_runtime": 4268.422269821167, "_step": 21374, "train-loss/raw-loss": 0.2498704195022583, "train-loss/kld": 0.19691789150238037, "train-probs/accuracy-col": 1.0, "train-probs/accuracy-row": 1.0, "train-probs/p_c0_r0": -0.5589147806167603, "train-probs/p_c0_r1": -5.308917045593262, "train-probs/p_c1_r0": -1.3145540952682495, "train-probs/p_c1_r1": -1.2221903800964355, "_wandb": {"runtime": 4308}}