{"train-loss/loss": 0.5955637693405151, "_timestamp": 1708815381.3864272, "_runtime": 3285.337529182434, "_step": 14795, "train-loss/raw-loss": 0.41389310359954834, "train-loss/kld": 0.6055688858032227, "train-probs/accuracy-col": 1.0, "train-probs/accuracy-row": 1.0, "train-probs/p_c0_r0": -4.385727882385254, "train-probs/p_c0_r1": -9.699755668640137, "train-probs/p_c1_r0": -8.419425964355469, "train-probs/p_c1_r1": -4.988809585571289, "eval-loss/loss": 0.30002260208129883, "eval-loss/raw-loss": 0.17088741064071655, "eval-loss/kld": 0.4304506182670593}