{"loss/train": 0.043908651918172836, "_timestamp": 1708324456.8650146, "_runtime": 2140.0815744400024, "_step": 221, "kld/train": 0.015615898184478283, "_wandb": {"runtime": 2151}}