{"train-loss/loss": 0.6960715055465698, "_timestamp": 1711490753.4233012, "_runtime": 1299.3759503364563, "_step": 2249, "train-loss/raw-loss": 0.6960715055465698, "train-loss/kld": 0.0004999638185836375, "train-probs/accuracy-col": 0.5, "train-probs/accuracy-row": 0.5, "train-probs/p_c0_r0": -0.6287339925765991, "train-probs/p_c0_r1": -0.6503481864929199, "train-probs/p_c1_r0": -0.6259365677833557, "train-probs/p_c1_r1": -0.640223503112793, "_wandb": {"runtime": 1412}}