{"train/loss": 0.1769, "train/learning_rate": 0.0, "train/rewards/chosen": -3.9542951583862305, "train/rewards/rejected": -13.545209884643555, "train/rewards/accuracies": 0.84375, "train/rewards/margins": 9.59091567993164, "train/logps/rejected": -172.75686645507812, "train/logps/chosen": -75.09380340576172, "train/logits/rejected": -2.958751678466797, "train/logits/chosen": -2.896043300628662, "train/epoch": 1.0, "train/global_step": 148, "_timestamp": 1710286732.3844674, "_runtime": 1267.9526233673096, "_step": 148, "train/train_runtime": 1166.2769, "train/train_samples_per_second": 16.286, "train/train_steps_per_second": 0.127, "train/total_flos": 0.0, "train/train_loss": 0.19731284635191834, "_wandb": {"runtime": 1287}}