{"train/loss": 0.6931, "train/learning_rate": 2e-08, "train/rewards/chosen": 0.0, "train/rewards/rejected": 0.0, "train/rewards/accuracies": 0.0, "train/rewards/margins": 0.0, "train/logps/rejected": -398.3408203125, "train/logps/chosen": -292.6435241699219, "train/logits/rejected": -1.122039556503296, "train/logits/chosen": -1.1361517906188965, "train/epoch": 0.0, "train/global_step": 2, "_timestamp": 1706575565.2429488, "_runtime": 59.80671668052673, "_step": 1, "_wandb": {"runtime": 69}}