{"train-loss/loss": 0.6253831386566162, "_timestamp": 1710486471.9303386, "_runtime": 1468.2226476669312, "_step": 6749, "train-loss/raw-loss": 0.6253831386566162, "train-loss/kld": 0.00909586064517498, "train-probs/accuracy-col": 1.0, "train-probs/accuracy-row": 0.5, "train-probs/p_c0_r0": -0.6065202355384827, "train-probs/p_c0_r1": -1.0265631675720215, "train-probs/p_c1_r0": -0.6789470911026001, "train-probs/p_c1_r1": -0.7654955387115479, "_wandb": {"runtime": 1594}}