{"train-loss/loss": 0.6799488067626953, "_timestamp": 1710485903.8602703, "_runtime": 900.1525793075562, "_step": 4076, "train-loss/raw-loss": 0.6799488067626953, "train-loss/kld": 0.002498011104762554, "train-probs/accuracy-col": 1.0, "train-probs/accuracy-row": 0.5, "train-probs/p_c0_r0": -0.4078913927078247, "train-probs/p_c0_r1": -1.7370249032974243, "train-probs/p_c1_r0": -0.43860137462615967, "train-probs/p_c1_r1": -1.1916077136993408}