{"train-loss/loss": 0.6907424926757812, "_timestamp": 1712022331.3430462, "_runtime": 942.2196662425995, "_step": 719, "train-loss/raw-loss": 0.6907424926757812, "train-loss/kld": 0.0, "train-probs/accuracy-col": 0.5, "train-probs/accuracy-row": 0.5, "train-probs/p_c0_r0": -0.5040361881256104, "train-probs/p_c0_r1": -0.5393102765083313, "train-probs/p_c1_r0": -0.49948030710220337, "train-probs/p_c1_r1": -0.5227439403533936}