{"loss/train": 0.13332203030586243, "_timestamp": 1708313800.085963, "_runtime": 6154.05578494072, "_step": 859, "kld/train": 0.950141191482544}