{"train/loss": 0.1337, "train/learning_rate": 0.0, "train/rewards/chosen": -3.5519521236419678, "train/rewards/rejected": -12.259828567504883, "train/rewards/accuracies": 0.875, "train/rewards/margins": 8.707876205444336, "train/logps/rejected": -127.93318939208984, "train/logps/chosen": -40.98991394042969, "train/logits/rejected": -2.9560353755950928, "train/logits/chosen": -2.812535285949707, "train/epoch": 1.0, "train/global_step": 148, "_timestamp": 1710285431.5910513, "_runtime": 1262.0120453834534, "_step": 148, "train/train_runtime": 1166.9554, "train/train_samples_per_second": 16.277, "train/train_steps_per_second": 0.127, "train/total_flos": 0.0, "train/train_loss": 0.23313121794647462, "_wandb": {"runtime": 1279}}