{"train-loss/loss": 0.6952720880508423, "_timestamp": 1711489344.4642181, "_runtime": 122.9266471862793, "_step": 143, "train-loss/raw-loss": 0.6952720880508423, "train-loss/kld": 0.0, "train-probs/accuracy-col": 1.0, "train-probs/accuracy-row": 0.5, "train-probs/p_c0_r0": -0.5988667011260986, "train-probs/p_c0_r1": -0.5445317029953003, "train-probs/p_c1_r0": -0.6022011637687683, "train-probs/p_c1_r1": -0.5415207147598267}