{"loss/train": 0.077301025390625, "logprobs/train": [[-94.77698516845703, -21.139732360839844], [-94.82534790039062, -21.265392303466797]], "_timestamp": 1707510505.43095, "_runtime": 9.193461894989014, "_step": 0, "_wandb": {"runtime": 11}}