{"train/loss": 0.7653, "train/grad_norm": 53.93698501586914, "train/learning_rate": 6.666666666666667e-08, "train/epoch": 0.01, "train/global_step": 10, "_timestamp": 1710088916.733755, "_runtime": 35.05363202095032, "_step": 1}