{"train-loss/loss": 0.2397584766149521, "_timestamp": 1710374608.6510367, "_runtime": 1946.7987587451935, "_step": 8999, "train-loss/raw-loss": 0.12130371481180191, "train-loss/kld": 0.11845476925373077, "train-probs/accuracy-col": 1.0, "train-probs/accuracy-row": 1.0, "train-probs/p_c0_r0": -0.479227215051651, "train-probs/p_c0_r1": -10.429408073425293, "train-probs/p_c1_r0": -1.7018101215362549, "train-probs/p_c1_r1": -0.7958293557167053, "_wandb": {"runtime": 1986}}