{"train/loss": 0.161, "train/learning_rate": 0.0, "train/rewards/chosen": -6.131153106689453, "train/rewards/rejected": -17.324424743652344, "train/rewards/accuracies": 0.90625, "train/rewards/margins": 11.19327163696289, "train/logps/rejected": -177.7889404296875, "train/logps/chosen": -66.46939086914062, "train/logits/rejected": -2.936307430267334, "train/logits/chosen": -3.005977153778076, "train/epoch": 1.0, "train/global_step": 390, "_timestamp": 1710109224.9659152, "_runtime": 3175.6383872032166, "_step": 390, "train/train_runtime": 2971.4999, "train/train_samples_per_second": 16.827, "train/train_steps_per_second": 0.131, "train/total_flos": 0.0, "train/train_loss": 0.19538347295079475}