{"train-loss/loss": 0.3125614523887634, "_timestamp": 1714874455.4653597, "_runtime": 7248.379990577698, "_step": 1169, "train-loss/raw-loss": 0.3125614523887634, "train-loss/kld": 0.0, "train-probs/accuracy-col": 1.0, "train-probs/accuracy-row": 1.0, "train-probs/p_c0_r0": -0.5122406482696533, "train-probs/p_c0_r1": -1.9242702722549438, "train-probs/p_c1_r0": -1.8574755191802979, "train-probs/p_c1_r1": -0.730758786201477}