{"train-loss/loss": 0.4927935302257538, "_timestamp": 1710543085.8291695, "_runtime": 1460.2908895015717, "_step": 4499, "train-loss/raw-loss": 0.4927935302257538, "train-loss/kld": 0.2079099863767624, "train-probs/accuracy-col": 1.0, "train-probs/accuracy-row": 1.0, "train-probs/p_c0_r0": -0.557232141494751, "train-probs/p_c0_r1": -3.5348775386810303, "train-probs/p_c1_r0": -0.6648997068405151, "train-probs/p_c1_r1": -0.4916916489601135, "_wandb": {"runtime": 1590}}