{"train-loss/loss": 0.6582124829292297, "_timestamp": 1710500456.8406785, "_runtime": 1499.3159065246582, "_step": 6749, "train-loss/raw-loss": 0.6582124829292297, "train-loss/kld": 0.0039775860495865345, "train-probs/accuracy-col": 1.0, "train-probs/accuracy-row": 0.5, "train-probs/p_c0_r0": -0.5701823234558105, "train-probs/p_c0_r1": -0.531767725944519, "train-probs/p_c1_r0": -0.659834086894989, "train-probs/p_c1_r1": -0.47100207209587097, "_wandb": {"runtime": 1644}}