{"loss/train": -0.016519993543624878, "margins/train": 0.75, "_timestamp": 1707616162.9773142, "_runtime": 81.54356932640076, "_step": 3}