{"loss/train": 0.012086952105164528, "_timestamp": 1708289935.9085178, "_runtime": 109.19742894172668, "_step": 151, "kld/train": 0.7856029868125916, "loss/eval": 0.610794723033905, "kld/eval": 0.01444052904844284, "_wandb": {"runtime": 109}}