{"train-loss/loss": 0.6867910623550415, "_timestamp": 1711818148.2623456, "_runtime": 158.3203845024109, "_step": 224, "train-loss/raw-loss": 0.6867910623550415, "train-loss/kld": 0.0, "train-probs/accuracy-col": 0.5, "train-probs/accuracy-row": 0.5, "train-probs/p_c0_r0": -0.6427975296974182, "train-probs/p_c0_r1": -0.5456267595291138, "train-probs/p_c1_r0": -0.739359974861145, "train-probs/p_c1_r1": -0.6008576154708862, "_wandb": {"runtime": 162}}