{"loss/train": 0.06779179722070694, "_timestamp": 1708366516.3489985, "_runtime": 4091.2802135944366, "_step": 299, "kld/train": 0.7964086532592773, "loss/eval": 0.3403623402118683, "kld/eval": 0.8775936365127563, "_wandb": {"runtime": 4198}}