{"train-loss/loss": 0.40464138984680176, "_timestamp": 1708820041.7071774, "_runtime": 3678.135667324066, "_step": 16235, "train-loss/raw-loss": 0.34737613797187805, "train-loss/kld": 0.1145305335521698, "train-probs/accuracy-col": 0.5, "train-probs/accuracy-row": 1.0, "train-probs/p_c0_r0": -3.820584774017334, "train-probs/p_c0_r1": -6.6119489669799805, "train-probs/p_c1_r0": -1.6468019485473633, "train-probs/p_c1_r1": -1.4823254346847534, "eval-loss/loss": 0.35687053203582764, "eval-loss/raw-loss": 0.22730976343154907, "eval-loss/kld": 0.2591215968132019}