{"train/train_runtime": 3.4822, "train/train_samples_per_second": 5.743, "train/train_steps_per_second": 1.436, "train/total_flos": 333279865602048.0, "train/train_loss": 1.9112443923950195, "train/epoch": 0.0, "train/global_step": 5, "_timestamp": 1705273421.245702, "_runtime": 51.318273067474365, "_step": 0, "_wandb": {"runtime": 50}}