{"train-loss/loss": 0.8180941939353943, "_timestamp": 1714684554.439431, "_runtime": 2889.801908016205, "_step": 512, "train-loss/raw-loss": 0.8180941939353943, "train-loss/kld": 0.0, "train-probs/accuracy-col": 1.0, "train-probs/accuracy-row": 0.5, "train-probs/p_c0_r0": -3.423644781112671, "train-probs/p_c0_r1": -3.7864272594451904, "train-probs/p_c1_r0": -3.462733030319214, "train-probs/p_c1_r1": -3.5012714862823486}