{"train-loss/loss": 0.694648027420044, "_timestamp": 1708488758.835245, "_runtime": 4563.91653585434, "_step": 19014, "train-loss/raw-loss": 0.6945095062255859, "train-loss/kld": 0.00027700356440618634, "train-probs/accuracy": 0.5, "train-probs/p_c0_r0": -1.0576214790344238, "train-probs/p_c0_r1": -1.196366548538208, "train-probs/p_c1_r0": -1.15157151222229, "train-probs/p_c1_r1": -1.2258124351501465, "eval-loss/loss": 0.6994646787643433, "eval-loss/raw-loss": 0.6985746026039124, "eval-loss/kld": 0.0017802389338612556, "_wandb": {"runtime": 4675}}