{"train-loss/loss": 0.41225385665893555, "_timestamp": 1710290352.5215535, "_runtime": 2080.552393436432, "_step": 10133, "train-loss/raw-loss": 0.35368260741233826, "train-loss/kld": 0.11714255809783936, "train-probs/accuracy-col": 1.0, "train-probs/accuracy-row": 1.0, "train-probs/p_c0_r0": -0.5553150177001953, "train-probs/p_c0_r1": -2.481816291809082, "train-probs/p_c1_r0": -1.0078829526901245, "train-probs/p_c1_r1": -0.921364426612854