{"train-loss/loss": 0.40322786569595337, "_timestamp": 1710290655.9029365, "_runtime": 2383.9337763786316, "_step": 11663, "train-loss/raw-loss": 0.35050517320632935, "train-loss/kld": 0.10544543713331223, "train-probs/accuracy-col": 1.0, "train-probs/accuracy-row": 0.5, "train-probs/p_c0_r0": -0.7561315298080444, "train-probs/p_c0_r1": -5.315277576446533, "train-probs/p_c1_r0": -1.6203420162200928, "train-probs/p_c1_r1": -2.503428220748901