{"train/loss": 0.3912, "train/learning_rate": 2e-07, "train/epoch": 0.1, "train/global_step": 30, "_timestamp": 1710281407.3506546, "_runtime": 179.75008749961853, "_step": 5}