{"train-loss/loss": 0.7552409768104553, "_timestamp": 1712089998.9471474, "_runtime": 107.36195135116577, "_step": 134, "train-loss/raw-loss": 0.7552409768104553, "train-loss/kld": 0.0, "train-probs/accuracy-col": 1.0, "train-probs/accuracy-row": 0.5, "train-probs/p_c0_r0": -0.517501711845398, "train-probs/p_c0_r1": -2.0051093101501465, "train-probs/p_c1_r0": -0.5934510231018066, "train-probs/p_c1_r1": -1.583207368850708}