{"train/loss": 0.0094, "train/learning_rate": 4.9223057644110276e-05, "train/epoch": 13.87, "train/global_step": 1018, "_timestamp": 1705473805.6032643, "_runtime": 27773.56324839592, "_step": 609, "eval/loss": 0.12438461929559708, "eval/runtime": 29.7949, "eval/samples_per_second": 8.29, "eval/steps_per_second": 1.04}