{"train/loss": 0.0003, "train/learning_rate": 0.0, "train/epoch": 27.26, "train/global_step": 2000, "_timestamp": 1705500566.8025255, "_runtime": 54534.76250958443, "_step": 1200, "eval/loss": 0.09493914991617203, "eval/runtime": 28.8419, "eval/samples_per_second": 8.564, "eval/steps_per_second": 1.075, "train/train_runtime": 54452.5879, "train/train_samples_per_second": 2.351, "train/train_steps_per_second": 0.037, "train/total_flos": 1.7144951001099272e+19, "train/train_loss": 0.21787327995384112, "_wandb": {"runtime": 54536}}