{"train/loss": 1.61, "train/learning_rate": 2.7272727272727273e-05, "train/epoch": 0.03, "train/global_step": 500, "_timestamp": 1706492388.6222148, "_runtime": 2368.2475497722626, "_step": 499, "_wandb": {"runtime": 3202}}