{"train-loss/loss": 0.6553104519844055, "_timestamp": 1712104122.5742044, "_runtime": 980.1760814189911, "_step": 2249, "train-loss/raw-loss": 0.6553104519844055, "train-loss/kld": 0.11011555790901184, "train-probs/accuracy-col": 1.0, "train-probs/accuracy-row": 1.0, "train-probs/p_c0_r0": -0.5202688574790955, "train-probs/p_c0_r1": -0.5736564993858337, "train-probs/p_c1_r0": -0.5699688196182251, "train-probs/p_c1_r1": -0.45551127195358276, "_wandb": {"runtime": 1037}}