{"train-loss/loss": 0.6772435903549194, "_timestamp": 1710514072.4332185, "_runtime": 1450.6924855709076, "_step": 6749, "train-loss/raw-loss": 0.6772435903549194, "train-loss/kld": 0.006551386788487434, "train-probs/accuracy-col": 1.0, "train-probs/accuracy-row": 0.5, "train-probs/p_c0_r0": -0.595362663269043, "train-probs/p_c0_r1": -3.3014979362487793, "train-probs/p_c1_r0": -0.6817969083786011, "train-probs/p_c1_r1": -1.794111967086792, "_wandb": {"runtime": 1575}}