{"train/loss": 0.6931, "train/learning_rate": 1.2666666666666666e-07, "train/rewards/chosen": 0.0, "train/rewards/rejected": 0.0, "train/rewards/accuracies": 0.0, "train/rewards/margins": 0.0, "train/logps/rejected": -81.89689636230469, "train/logps/chosen": -87.21720886230469, "train/logits/rejected": 9.40566349029541, "train/logits/chosen": 9.228574752807617, "train/epoch": 0.01, "train/global_step": 19, "_timestamp": 1706508496.1301413, "_runtime": 287.08815717697144, "_step": 18}