{"train/loss": 0.5615586638450623, "_timestamp": 1708392861.0348487, "_runtime": 2269.4888846874237, "_step": 3143, "train/raw-loss": 0.3350260257720947, "train/kld": 0.7551087141036987, "eval/loss": 0.6942005157470703, "eval/raw-loss": 0.5012576580047607, "eval/kld": 0.643142819404602}