{"train-loss/loss": 0.4850306510925293, "_timestamp": 1710608281.3196151, "_runtime": 910.3656930923462, "_step": 4499, "train-loss/raw-loss": 0.4098653197288513, "train-loss/kld": 0.07516539841890335, "train-probs/accuracy-col": 1.0, "train-probs/accuracy-row": 1.0, "train-probs/p_c0_r0": -0.804410457611084, "train-probs/p_c0_r1": -3.6140477657318115, "train-probs/p_c1_r0": -1.0950391292572021, "train-probs/p_c1_r1": -0.4888032376766205, "_wandb": {"runtime": 992}}