{"train-loss/loss": 0.4428587853908539, "_timestamp": 1710278167.5245273, "_runtime": 4305.970356225967, "_step": 21374, "train-loss/raw-loss": 0.36467909812927246, "train-loss/kld": 0.07817970961332321, "train-probs/accuracy-col": 1.0, "train-probs/accuracy-row": 0.5, "train-probs/p_c0_r0": -0.4621003270149231, "train-probs/p_c0_r1": -3.638397693634033, "train-probs/p_c1_r0": -0.6151758432388306, "train-probs/p_c1_r1": -0.766821026802063, "_wandb": {"runtime": 4346}}