{"train/loss": 0.1365, "train/learning_rate": 0.0, "train/rewards/chosen": -5.8838911056518555, "train/rewards/rejected": -15.480056762695312, "train/rewards/accuracies": 0.9375, "train/rewards/margins": 9.59616470336914, "train/logps/rejected": -159.3026123046875, "train/logps/chosen": -63.41114807128906, "train/logits/rejected": -2.69050931930542, "train/logits/chosen": -2.8489136695861816, "train/epoch": 1.0, "train/global_step": 182, "_timestamp": 1709834723.81514, "_runtime": 2376.4799749851227, "_step": 182, "train/train_runtime": 2232.3218, "train/train_samples_per_second": 10.467, "train/train_steps_per_second": 0.082, "train/total_flos": 0.0, "train/train_loss": 0.2544835740802707}