{"train/loss": 0.4410233497619629, "_timestamp": 1708390490.5683475, "_runtime": 1623.8176984786987, "_step": 2375, "train/raw-loss": 0.1950777918100357, "train/kld": 0.9837822318077087, "eval/loss": 0.6920936107635498, "eval/raw-loss": 0.6715509295463562, "eval/kld": 0.08217097818851471}