{"train/train_runtime": 3.4852, "train/train_samples_per_second": 5.739, "train/train_steps_per_second": 1.435, "train/total_flos": 333279865602048.0, "train/train_loss": 1.9117223739624023, "train/epoch": 0.0, "train/global_step": 5, "_timestamp": 1705273477.0050163, "_runtime": 30.9098002910614, "_step": 0, "_wandb": {"runtime": 30}}