{"train-loss/loss": 0.6950340270996094, "_timestamp": 1712086301.7771108, "_runtime": 312.13157081604004, "_step": 575, "train-loss/raw-loss": 0.6950340270996094, "train-loss/kld": 0.0006945000495761633, "train-probs/accuracy-col": 0.5, "train-probs/accuracy-row": 0.5, "train-probs/p_c0_r0": -0.5654884576797485, "train-probs/p_c0_r1": -0.6526761054992676, "train-probs/p_c1_r0": -0.5959699749946594, "train-probs/p_c1_r1": -0.6814290285110474}