{"train-loss/loss": 0.6885946989059448, "_timestamp": 1713134522.3602335, "_runtime": 613.3888545036316, "_step": 1907, "train-loss/raw-loss": 0.6885946989059448, "train-loss/kld": 0.0, "train-probs/accuracy-col": 0.5, "train-probs/accuracy-row": 0.5, "train-probs/p_c0_r0": -0.5881142616271973, "train-probs/p_c0_r1": -0.7210935354232788, "train-probs/p_c1_r0": -0.5789992809295654, "train-probs/p_c1_r1": -0.6875932812690735}