{"train-loss/loss": 0.6874008178710938, "_timestamp": 1715130154.8120306, "_runtime": 3284.722381591797, "_step": 692, "train-loss/raw-loss": 0.6874008178710938, "train-loss/kld": 0.0, "train-probs/accuracy-col": 1.0, "train-probs/accuracy-row": 0.5, "train-probs/p_c0_r0": -0.4582338035106659, "train-probs/p_c0_r1": -0.4124475121498108, "train-probs/p_c1_r0": -0.46339094638824463, "train-probs/p_c1_r1": -0.3880265951156616}