{"eval-loss/loss": 0.44447633624076843, "_timestamp": 1709584266.25392, "_runtime": 4829.5347311496735, "_step": 21392, "eval-loss/raw-loss": 0.35847848653793335, "eval-loss/kld": 0.17199566960334778, "train-loss/loss": 0.44254153966903687, "train-loss/raw-loss": 0.3813076317310333, "train-loss/kld": 0.12246778607368469, "train-probs/accuracy-col": 1.0, "train-probs/accuracy-row": 1.0, "train-probs/p_c0_r0": -1.551186203956604, "train-probs/p_c0_r1": -3.9302682876586914, "train-probs/p_c1_r0": -2.0149214267730713, "train-probs/p_c1_r1": -0.46400582790374756, "_wandb": {"runtime": 4940}}