{"loss/train": -0.09716129302978516, "margins/train": 0.0, "_timestamp": 1707624952.8976824, "_runtime": 40.46523332595825, "_step": 2, "_wandb": {"runtime": 42}}