{"train/loss": 0.0, "train/learning_rate": 0.0, "train/rewards/chosen": -0.6463656425476074, "train/rewards/rejected": -6.960873126983643, "train/rewards/margins": 6.314507484436035, "train/kl": 0.0, "train/logps/rejected": -11.054426193237305, "train/logps/chosen": -76.76595306396484, "train/epoch": 1.0, "train/global_step": 365, "_timestamp": 1709926522.7429671, "_runtime": 5452.757807016373, "_step": 365, "train/train_runtime": 5257.7865, "train/train_samples_per_second": 8.888, "train/train_steps_per_second": 0.069, "train/total_flos": 0.0, "train/train_loss": 0.0}