{"train/loss": 0.6836, "train/learning_rate": 1.0416666666666668e-05, "train/rewards/chosen": -0.15445633232593536, "train/rewards/rejected": -0.17858797311782837, "train/rewards/accuracies": 0.25, "train/rewards/margins": 0.02413163147866726, "train/logps/rejected": -97.17191314697266, "train/logps/chosen": -60.81797409057617, "train/logits/rejected": 9.022385597229004, "train/logits/chosen": 8.073792457580566, "train/epoch": 0.13, "train/global_step": 150, "_timestamp": 1706476936.3664238, "_runtime": 633.7517418861389, "_step": 150, "eval/loss": 0.6665469408035278, "eval/runtime": 231.7232, "eval/samples_per_second": 2.158, "eval/steps_per_second": 0.539, "eval/rewards/chosen": -0.1988866776227951, "eval/rewards/rejected": -0.26361972093582153, "eval/rewards/accuracies": 0.6460000276565552, "eval/rewards/margins": 0.06473302096128464, "eval/logps/rejected": -97.85025024414062, "eval/logps/chosen": -90.80107879638672, "eval/logits/rejected": 9.262914657592773, "eval/logits/chosen": 9.250576972961426, "_wandb": {"runtime": 637}}