{"train/loss": 0.105, "train/learning_rate": 0.0, "train/epoch": 1.0, "train/global_step": 365, "_timestamp": 1709830685.3575268, "_runtime": 1885.965512752533, "_step": 73, "train/train_runtime": 1801.5972, "train/train_samples_per_second": 25.939, "train/train_steps_per_second": 0.203, "train/total_flos": 4.467470464482017e+17, "train/train_loss": 0.20056840801892215}