{"train/loss": 0.6931, "train/learning_rate": 2.8089887640449436e-08, "train/rewards/chosen": 0.0, "train/rewards/rejected": 0.0, "train/rewards/accuracies": 0.0, "train/rewards/margins": 0.0, "train/logps/rejected": -60.58732986450195, "train/logps/chosen": -59.853981018066406, "train/logits/rejected": -3.759143352508545, "train/logits/chosen": -3.756779432296753, "train/epoch": 0.02, "train/global_step": 5, "_timestamp": 1706637432.1467252, "_runtime": 178.23305320739746, "_step": 0}