{"train-loss/loss": 0.6939693093299866, "_timestamp": 1711331711.4788709, "_runtime": 1275.2237598896027, "_step": 2249, "train-loss/raw-loss": 0.6939693093299866, "train-loss/kld": 0.0006446573534049094, "train-probs/accuracy-col": 1.0, "train-probs/accuracy-row": 0.5, "train-probs/p_c0_r0": -0.17478619515895844, "train-probs/p_c0_r1": -0.22293271124362946, "train-probs/p_c1_r0": -0.1770777851343155, "train-probs/p_c1_r1": -0.21787413954734802, "_wandb": {"runtime": 1398}}