{"train/loss": 1.5812, "train/learning_rate": 1.9985583705641418e-05, "train/epoch": 0.46, "train/global_step": 150, "_timestamp": 1706772632.65356, "_runtime": 1929.0764119625092, "_step": 29}