{"train/loss": 1.6546, "train/learning_rate": 1.5384615384615387e-06, "train/epoch": 0.03, "train/global_step": 10, "_timestamp": 1706770898.5859642, "_runtime": 195.00881624221802, "_step": 1}