{"train/loss": 0.6931, "train/learning_rate": 4e-05, "train/rewards/chosen": 0.0, "train/rewards/rejected": 0.0, "train/rewards/accuracies": 0.0, "train/rewards/margins": 0.0, "train/logps/rejected": -80.59701538085938, "train/logps/chosen": -89.88990783691406, "train/logits/rejected": 9.261198043823242, "train/logits/chosen": 9.240073204040527, "train/epoch": 0.01, "train/global_step": 2, "_timestamp": 1705866663.2032392, "_runtime": 165.73442721366882, "_step": 0, "_wandb": {"runtime": 170}}