{"loss/train": -0.13376235961914062, "margins/train": 0.5, "_timestamp": 1707625587.7575295, "_runtime": 56.60280156135559, "_step": 2, "_wandb": {"runtime": 56}}