{"train-loss/loss": 0.6656284928321838, "_timestamp": 1715909779.8160791, "_runtime": 2701.1923971176147, "_step": 494, "train-loss/raw-loss": 0.6656284928321838, "train-loss/kld": 0.0, "train-probs/accuracy-col": 1.0, "train-probs/accuracy-row": 1.0, "train-probs/p_c0_r0": -0.3634881377220154, "train-probs/p_c0_r1": -0.4945724904537201, "train-probs/p_c1_r0": -0.3688180148601532, "train-probs/p_c1_r1": -0.36474525928497314}