{"train-loss/loss": 0.6948795318603516, "_timestamp": 1708484065.7014594, "_runtime": 4581.527539491653, "_step": 19014, "train-loss/raw-loss": 0.6945631504058838, "train-loss/kld": 0.0006327428855001926, "train-probs/accuracy": 0.5, "train-probs/p_c0_r0": -1.0212955474853516, "train-probs/p_c0_r1": -1.1958051919937134, "train-probs/p_c1_r0": -1.1585679054260254, "train-probs/p_c1_r1": -1.2432136535644531, "eval-loss/loss": 0.6982949376106262, "eval-loss/raw-loss": 0.6957775354385376, "eval-loss/kld": 0.005034863017499447, "_wandb": {"runtime": 4692}}