{"loss/train": -1.22705078125, "margins/train": 0.5, "_timestamp": 1707516750.109922, "_runtime": 11.454010963439941, "_step": 5, "learning_rate": 6.666666666666667e-09, "_wandb": {"runtime": 12}}