{"loss/train": 0.09315124154090881, "_timestamp": 1708317164.5436993, "_runtime": 2640.113514184952, "_step": 387, "kld/train": 0.0069526685401797295}