{"train-loss/loss": 0.6952778697013855, "_timestamp": 1708493489.59777, "_runtime": 4603.887731075287, "_step": 19014, "train-loss/raw-loss": 0.6951093673706055, "train-loss/kld": 0.00024073998793028295, "train-probs/accuracy": 0.5, "train-probs/p_c0_r0": -1.0592048168182373, "train-probs/p_c0_r1": -1.2032579183578491, "train-probs/p_c1_r0": -1.1435413360595703, "train-probs/p_c1_r1": -1.2380273342132568, "eval-loss/loss": 0.6993592381477356, "eval-loss/raw-loss": 0.6982818841934204, "eval-loss/kld": 0.0015390266198664904, "_wandb": {"runtime": 4715}}