{"train/loss": 0.6931, "train/learning_rate": 1.1235955056179774e-08, "train/rewards/chosen": 0.0, "train/rewards/rejected": 0.0, "train/rewards/accuracies": 0.0, "train/rewards/margins": 0.0, "train/logps/rejected": -96.76960754394531, "train/logps/chosen": -71.71595764160156, "train/logits/rejected": -3.614470958709717, "train/logits/chosen": -3.599726438522339, "train/epoch": 0.01, "train/global_step": 2, "_timestamp": 1706650143.146195, "_runtime": 228.90064692497253, "_step": 1, "_wandb": {"runtime": 241}}