{"train-loss/loss": 0.6744064092636108, "_timestamp": 1715125983.6823697, "_runtime": 882.937424659729, "_step": 278, "train-loss/raw-loss": 0.6744064092636108, "train-loss/kld": 0.0, "train-probs/accuracy-col": 1.0, "train-probs/accuracy-row": 0.5, "train-probs/p_c0_r0": -0.4477180540561676, "train-probs/p_c0_r1": -0.43867480754852295, "train-probs/p_c1_r0": -0.5140135288238525, "train-probs/p_c1_r1": -0.4171487092971802, "_wandb": {"runtime": 906}}