{"train/loss": 1.7499, "train/learning_rate": 9.924812030075187e-05, "train/epoch": 0.27, "train/global_step": 20, "_timestamp": 1705446647.0152621, "_runtime": 609.9147381782532, "_step": 10, "eval/loss": 1.782513976097107, "eval/runtime": 33.0646, "eval/samples_per_second": 7.531, "eval/steps_per_second": 0.968}