{"train/loss": 0.0006, "train/learning_rate": 0.0, "train/epoch": 27.12, "train/global_step": 2000, "_timestamp": 1705503245.339492, "_runtime": 57208.23896813393, "_step": 1200, "eval/loss": 0.21486911177635193, "eval/runtime": 33.0488, "eval/samples_per_second": 7.534, "eval/steps_per_second": 0.968, "train/train_runtime": 57120.8963, "train/train_samples_per_second": 2.241, "train/train_steps_per_second": 0.035, "train/total_flos": 1.880919091780046e+19, "train/train_loss": 0.23198910028231332, "_wandb": {"runtime": 57210}}