{"train-loss/loss": 0.6399266123771667, "_timestamp": 1712097265.8223479, "_runtime": 229.13105988502502, "_step": 503, "train-loss/raw-loss": 0.6399266123771667, "train-loss/kld": 0.003468981944024563, "train-probs/accuracy-col": 1.0, "train-probs/accuracy-row": 0.5, "train-probs/p_c0_r0": -0.6223958134651184, "train-probs/p_c0_r1": -1.3955094814300537, "train-probs/p_c1_r0": -0.7058792114257812, "train-probs/p_c1_r1": -1.0374605655670166}