{"train/loss": 0.6937, "train/learning_rate": 3.333333333333333e-07, "train/rewards/chosen": 0.0023724990896880627, "train/rewards/rejected": -0.0028624655678868294, "train/rewards/accuracies": 0.5625, "train/rewards/margins": 0.005234964657574892, "train/logps/rejected": -8.40571403503418, "train/logps/chosen": -3.753173828125, "train/logits/rejected": -3.325681686401367, "train/logits/chosen": -2.892904281616211, "train/epoch": 0.03, "train/global_step": 5, "_timestamp": 1710346145.7719615, "_runtime": 138.26881551742554, "_step": 4}