{"train/loss": 0.1627, "train/learning_rate": 0.0, "train/rewards/chosen": -7.345392227172852, "train/rewards/rejected": -18.784223556518555, "train/rewards/accuracies": 0.875, "train/rewards/margins": 11.43882942199707, "train/logps/rejected": -99.25601959228516, "train/logps/chosen": -42.197357177734375, "train/logits/rejected": -3.0707590579986572, "train/logits/chosen": -2.9366657733917236, "train/epoch": 1.0, "train/global_step": 148, "_timestamp": 1710347273.7568157, "_runtime": 1266.2536697387695, "_step": 148, "train/train_runtime": 1166.052, "train/train_samples_per_second": 16.289, "train/train_steps_per_second": 0.127, "train/total_flos": 0.0, "train/train_loss": 0.2730949999311486}