{"train/loss": 0.7002274394035339, "_timestamp": 1708412201.6305013, "_runtime": 204.3116853237152, "_step": 269, "train/raw-loss": 0.7002220153808594, "train/kld": 9.069326551980339e-06}