{"train/loss": 0.6997075080871582, "_timestamp": 1708418241.5280318, "_runtime": 6244.20921587944, "_step": 9521, "train/raw-loss": 0.6993001699447632, "train/kld": 0.0006790378829464316, "eval/loss": 0.7014268636703491, "eval/raw-loss": 0.7008882761001587, "eval/kld": 0.0008975963573902845, "_wandb": {"runtime": 6357}}