{"train/loss": 0.7480146884918213, "_timestamp": 1708412187.252429, "_runtime": 189.9336130619049, "_step": 242, "train/raw-loss": 0.7480026483535767, "train/kld": 2.0157