{"train-loss/loss": 0.513288140296936, "_timestamp": 1710623985.6299706, "_runtime": 1634.0663776397705, "_step": 4499, "train-loss/raw-loss": 0.513288140296936, "train-loss/kld": 0.0011760009219869971, "train-probs/accuracy-col": 1.0, "train-probs/accuracy-row": 0.5, "train-probs/p_c0_r0": -0.3127671480178833, "train-probs/p_c0_r1": -2.3893065452575684, "train-probs/p_c1_r0": -1.222256064414978, "train-probs/p_c1_r1": -1.4431610107421875, "_wandb": {"runtime": 1795}}