{"train/loss": 0.2075, "train/learning_rate": 0.0, "train/rewards/chosen": -2.4827311038970947, "train/rewards/rejected": -7.800179481506348, "train/rewards/accuracies": 0.8125, "train/rewards/margins": 5.317447662353516, "train/logps/rejected": -785.3528442382812, "train/logps/chosen": -253.74349975585938, "train/logits/rejected": -1.7764040231704712, "train/logits/chosen": -1.6866106986999512, "train/epoch": 1.0, "train/global_step": 148, "_timestamp": 1710345218.1394248, "_runtime": 1289.3098187446594, "_step": 148, "train/train_runtime": 1179.1004, "train/train_samples_per_second": 16.109, "train/train_steps_per_second": 0.126, "train/total_flos": 0.0, "train/train_loss": 0.29588021489011274}