{"train-loss/loss": 0.6258604526519775, "_timestamp": 1710496843.5904808, "_runtime": 1548.2212738990784, "_step": 6749, "train-loss/raw-loss": 0.6258604526519775, "train-loss/kld": 0.006889162119477987, "train-probs/accuracy-col": 1.0, "train-probs/accuracy-row": 0.5, "train-probs/p_c0_r0": -0.44423267245292664, "train-probs/p_c0_r1": -1.2394402027130127, "train-probs/p_c1_r0": -0.5010387897491455, "train-probs/p_c1_r1": -0.8397523164749146, "_wandb": {"runtime": 1717}}