{"train-loss/loss": 0.6564890146255493, "_timestamp": 1710507319.964378, "_runtime": 1592.538279056549, "_step": 6749, "train-loss/raw-loss": 0.6564890146255493, "train-loss/kld": 0.00903363712131977, "train-probs/accuracy-col": 1.0, "train-probs/accuracy-row": 0.5, "train-probs/p_c0_r0": -0.6064804196357727, "train-probs/p_c0_r1": -0.8850804567337036, "train-probs/p_c1_r0": -0.6841670870780945, "train-probs/p_c1_r1": -0.7938801646232605, "_wandb": {"runtime": 1743}}