{"train-loss/loss": 0.7607002854347229, "_timestamp": 1710294806.6719472, "_runtime": 837.8170082569122, "_step": 3905, "train-loss/raw-loss": 0.6615949869155884, "train-loss/kld": 0.0991053432226181, "train-probs/accuracy-col": 1.0, "train-probs/accuracy-row": 1.0, "train-probs/p_c0_r0": -0.2094494253396988, "train-probs/p_c0_r1": -0.2259843349456787, "train-probs/p_c1_r0": -0.25247883796691895, "train-probs/p_c1_r1": -0.13618940114974976}