{"train-loss/loss": 0.5132405757904053, "_timestamp": 1710298252.1825743, "_runtime": 4283.3276352882385, "_step": 21374, "train-loss/raw-loss": 0.38005250692367554, "train-loss/kld": 0.13318808376789093, "train-probs/accuracy-col": 1.0, "train-probs/accuracy-row": 0.5, "train-probs/p_c0_r0": -0.3128729462623596, "train-probs/p_c0_r1": -3.9030165672302246, "train-probs/p_c1_r0": -0.553520143032074, "train-probs/p_c1_r1": -1.055042028427124, "_wandb": {"runtime": 4320}}