{"loss/train": NaN, "_timestamp": 1708294664.7625895, "_runtime": 2846.5988545417786, "_step": 1191, "kld/train": NaN, "loss/eval": NaN, "kld/eval": NaN, "_wandb": {"runtime": 2846}}