{"train-loss/loss": 0.6811771392822266, "_timestamp": 1710621171.8721917, "_runtime": 1841.288629770279, "_step": 8999, "train-loss/raw-loss": 0.6796607971191406, "train-loss/kld": 0.0015162790659815073, "train-probs/accuracy-col": 0.5, "train-probs/accuracy-row": 0.5, "train-probs/p_c0_r0": -0.4377087950706482, "train-probs/p_c0_r1": -0.5136436223983765, "train-probs/p_c1_r0": -0.49780386686325073, "train-probs/p_c1_r1": -0.5144290924072266, "_wandb": {"runtime": 1924}}