{"train/loss": 0.6538, "train/learning_rate": 9.841841841841842e-05, "train/rewards/chosen": -0.3523492217063904, "train/rewards/rejected": -0.6591776609420776, "train/rewards/accuracies": 0.640625, "train/rewards/margins": 0.30682840943336487, "train/logps/rejected": -101.85721588134766, "train/logps/chosen": -105.04325866699219, "train/logits/rejected": 8.503508567810059, "train/logits/chosen": 8.41357135772705, "train/epoch": 0.21, "train/global_step": 84, "_timestamp": 1706150392.256566, "_runtime": 4462.150236129761, "_step": 41, "_wandb": {"runtime": 4522}}