{"train-loss/loss": 0.6884931921958923, "_timestamp": 1711325609.6616685, "_runtime": 2149.284203529358, "_step": 4499, "train-loss/raw-loss": 0.6884931921958923, "train-loss/kld": 0.0005737733445130289, "train-probs/accuracy-col": 1.0, "train-probs/accuracy-row": 0.5, "train-probs/p_c0_r0": -0.3404746651649475, "train-probs/p_c0_r1": -0.38968366384506226, "train-probs/p_c1_r0": -0.36146673560142517, "train-probs/p_c1_r1": -0.3851778507232666, "_wandb": {"runtime": 2279}}