{"train-loss/loss": 0.3089888095855713, "_timestamp": 1709715669.969069, "_runtime": 5820.988874912262, "_step": 26288, "train-loss/raw-loss": 0.27809765934944153, "train-loss/kld": 0.30891162157058716, "train-probs/accuracy-col": 1.0, "train-probs/accuracy-row": 1.0, "train-probs/p_c0_r0": -0.8976455926895142, "train-probs/p_c0_r1": -5.273664951324463, "train-probs/p_c1_r0": -2.5789618492126465, "train-probs/p_c1_r1": -1.1666207313537598, "_wandb": {"runtime": 5943}}