{"loss/train": 0.04523131251335144, "_timestamp": 1708362278.989681, "_runtime": 860.7458350658417, "_step": 61, "kld/train": 0.00023950595641508698}