{"train-loss/loss": 0.2804405093193054, "_timestamp": 1710260272.1621552, "_runtime": 1851.1158831119537, "_step": 8999, "train-loss/raw-loss": 0.16823911666870117, "train-loss/kld": 0.11220140755176544, "train-probs/accuracy-col": 1.0, "train-probs/accuracy-row": 1.0, "train-probs/p_c0_r0": -0.4307764768600464, "train-probs/p_c0_r1": -4.353265285491943, "train-probs/p_c1_r0": -1.6759287118911743, "train-probs/p_c1_r1": -0.31187885999679565, "_wandb": {"runtime": 1892}}