{"train-loss/loss": 0.6929614543914795, "_timestamp": 1712187955.8493235, "_runtime": 442.16188859939575, "_step": 737, "train-loss/raw-loss": 0.6929614543914795, "train-loss/kld": 0.0029142480343580246, "train-probs/accuracy-col": 0.5, "train-probs/accuracy-row": 1.0, "train-probs/p_c0_r0": -0.4264388680458069, "train-probs/p_c0_r1": -0.43114352226257324, "train-probs/p_c1_r0": -0.4872085452079773, "train-probs/p_c1_r1": -0.48363685607910156}