{"train_labels": [0, 0, 1, 0, 1, 0, 1, 0, 0, 1, 1, 1, 0, 1, 0, 0, 0, 0, 0, 0, 0, 1, 0, 0, 1, 0, 0, 1, 1, 1, 1, 0, 1, 0, 0, 1, 0, 1, 0, 0, 0, 0, 0, 1, 0, 0, 0, 1, 0, 0, 0, 1, 0, 0, 1, 1, 1, 0, 1, 0, 1, 1, 0, 0, 1, 1, 0, 1, 1, 0, 0, 1, 0, 0, 0, 1, 1, 0, 0, 1, 0, 1, 0, 0, 1, 0, 1, 0, 0, 0, 0, 0, 1, 0, 0, 0, 1, 0, 1, 0, 0, 0, 1, 1, 0, 0, 0, 1, 0, 1, 1, 0, 0, 0, 0, 0, 0, 1, 1, 1, 0, 1], "train_logprobs": [[-1.8100296258926392, -2.3100295066833496], [-2.009305715560913, -2.009305715560913], [-3.0157313346862793, -1.1407314538955688], [-1.3736917972564697, -2.9986917972564697], [-1.9786864519119263, -1.3536864519119263], [-1.5643844604492188, -2.4393844604492188], [-1.9972145557403564, -1.8722145557403564], [-1.538964033126831, -2.413964033126831], [-1.909395456314087, -2.284395456314087], [-2.443216323852539, -1.4432162046432495], [-3.8207132816314697, -1.3207132816314697], [-3.1199984550476074, -1.369998574256897], [-1.3743164539337158, -2.874316453933716], [-2.1786069869995117, -2.0536069869995117], [-1.6037037372589111, -2.603703737258911], [-1.85587739944458, -1.98087739944458], [-1.9896692037582397, -1.9896692037582397], [-1.362736463546753, -2.987736463546753], [-1.4454009532928467, -3.9454009532928467], [-1.7938055992126465, -2.1688055992126465], [-1.5122771263122559, -2.387277126312256], [-2.3700132369995117, -1.6200131177902222], [-1.670519232749939, -2.4205193519592285], [-1.7071585655212402, -2.0821585655212402], [-2.224863052368164, -1.7248631715774536], [-1.58396315574646, -2.33396315574646], [-1.6174806356430054, -2.742480754852295], [-2.487104654312134, -1.3621046543121338], [-2.975757598876953, -1.6007574796676636], [-1.8886187076568604, -1.6386187076568604], [-1.9785053730010986, -1.8535053730010986], [-1.5772621631622314, -2.8272621631622314], [-2.304396867752075, -2.054396867752075], [-1.848158359527588, -2.223158359527588], [-1.6924316883087158, -1.9424316883087158], [-1.992889642715454, -1.617889642715454], [-1.992347002029419, -2.492347002029419], [-2.3273448944091797, -1.7023447751998901], [-1.6573163270950317, -2.407316207885742], [-1.6227319240570068, -2.122731924057007], [-2.1214241981506348, -2.3714241981506348], [-1.499964714050293, -2.374964714050293], [-1.8550481796264648, -2.480048179626465], [-2.934302568435669, -1.309302568435669], [-1.6783937215805054, -1.9283937215805054], [-1.8569698333740234, -1.9819698333740234], [-1.6514251232147217, -2.4014251232147217], [-2.0933072566986084, -1.8433072566986084], [-1.7845003604888916, -2.1595003604888916], [-2.0252373218536377, -2.1502373218536377], [-1.3800595998764038, -3.3800597190856934], [-1.8199267387390137, -1.6949267387390137], [-1.5642609596252441, -2.939260959625244], [-2.0379176139831543, -2.1629176139831543], [-3.0807411670684814, -1.0807411670684814], [-2.696521282196045, -1.1965214014053345], [-1.9249069690704346, -1.6749069690704346], [-1.6890456676483154, -1.9390456676483154], [-2.3664705753326416, -1.3664705753326416], [-1.7956693172454834, -2.7956693172454834], [-1.9975380897521973, -1.8725380897521973], [-2.40740704536438, -1.9074070453643799], [-1.4442992210388184, -2.4442992210388184], [-2.0165324211120605, -2.0165324211120605], [-2.181687355041504, -1.681687355041504], [-2.5286200046539307, -1.5286200046539307], [-1.7899553775787354, -2.2899553775787354], [-2.4460232257843018, -1.4460232257843018], [-2.353036403656006, -1.7280364036560059], [-2.0592498779296875, -2.3092498779296875], [-1.4893087148666382, -3.6143085956573486], [-2.285468816757202, -1.6604688167572021], [-1.578749656677246, -2.703749656677246], [-1.915567398071289, -2.915567398071289], [-1.8168530464172363, -2.3168530464172363], [-2.373258113861084, -1.373258113861084], [-2.192767381668091, -1.9427673816680908], [-1.88258957862854, -2.50758957862854], [-1.7881391048431396, -2.6631391048431396], [-2.0475656986236572, -1.7975656986236572], [-1.6565546989440918, -2.531554698944092], [-2.42301082611084, -1.4230108261108398], [-1.8986890316009521, -2.273689031600952], [-1.8318073749542236, -1.9568073749542236], [-2.953232526779175, -1.4532325267791748], [-1.5810946226119995, -2.706094741821289], [-1.9134001731872559, -1.7884001731872559], [-1.8894426822662354, -2.5144426822662354], [-1.888208031654358, -2.3882079124450684], [-1.525832176208496, -2.275832176208496], [-1.5792086124420166, -2.8292086124420166], [-2.1735618114471436, -2.2985618114471436], [-2.169811248779297, -1.7948112487792969], [-1.817523717880249, -1.817523717880249], [-1.432976245880127, -3.057976245880127], [-1.6091336011886597, -3.359133720397949], [-2.394308567047119, -1.6443085670471191], [-1.585465669631958, -2.960465669631958], [-2.271556854248047, -1.3965568542480469], [-1.6953307390213013, -2.8203306198120117], [-1.6129281520843506, -3.2379281520843506], [-1.986142635345459, -2.236142635345459], [-2.2805681228637695, -1.6555681228637695], [-2.0329816341400146, -1.4079816341400146], [-1.8978166580200195, -2.3978166580200195], [-1.794409990310669, -1.794409990310669], [-1.6511162519454956, -1.9011162519454956], [-2.0056424140930176, -1.8806424140930176], [-1.6220977306365967, -2.3720977306365967], [-2.675753116607666, -1.4257529973983765], [-3.2803404331207275, -1.2803404331207275], [-1.8835924863815308, -2.7585926055908203], [-2.0324268341064453, -2.5324268341064453], [-1.2614837884902954, -3.011483669281006], [-1.367347240447998, -3.867347240447998], [-1.576986312866211, -2.576986312866211], [-1.4831154346466064, -2.1081154346466064], [-3.259089231491089, -1.1340892314910889], [-2.0140366554260254, -1.764036774635315], [-2.69433856010437, -1.5693385601043701], [-1.5621001720428467, -2.5621001720428467], [-2.0884625911712646, -1.7134625911712646]],