{"train_labels": [0, 1, 1, 0, 0, 0, 1, 1, 0, 1, 1, 1, 0, 1, 0, 1, 1, 0, 0, 0, 0, 0, 0, 0, 1, 0, 1, 1, 1, 1, 1, 0, 1, 0, 0, 1, 0, 0, 0, 0, 0, 0, 0, 1, 0, 0, 1, 0, 0, 0, 0, 1, 0, 1, 1, 1, 0, 0, 1, 0, 0, 1, 1, 0, 1, 1, 1, 0, 1, 1, 0, 1, 0, 0, 0, 0, 1, 0, 0, 1, 0, 1, 1, 0, 1, 0, 1, 0, 0, 0, 0, 0, 1, 1, 0, 0, 1, 0, 1, 0, 0, 0, 0, 1, 1, 0, 1, 1, 0, 1, 1, 0, 0, 0, 0, 0, 1, 1, 1, 0, 0, 1], "train_logprobs": [[-1.9048328399658203, -2.2798328399658203], [-2.19189453125, -1.94189453125], [-1.846414566040039, -1.721414566040039], [-1.4775285720825195, -3.9775285720825195], [-1.3027317523956299, -3.67773175239563], [-1.8612855672836304, -1.9862855672836304], [-2.6839370727539062, -1.5589371919631958], [-2.126873254776001, -1.876873254776001], [-1.8854591846466064, -2.3854591846466064], [-3.192821979522705, -1.317821979522705], [-3.8607146739959717, -1.4857146739959717], [-2.058835029602051, -1.9338350296020508], [-1.6716269254684448, -2.2966270446777344], [-2.7329533100128174, -1.8579533100128174], [-1.7831403017044067, -2.533140182495117], [-2.1206045150756836, -1.8706045150756836], [-1.9424108266830444, -1.8174108266830444], [-1.3983060121536255, -3.398305892944336], [-1.4459567070007324, -3.5709567070007324], [-1.7724909782409668, -2.397490978240967], [-1.5186388492584229, -2.893638849258423], [-1.3108961582183838, -3.810896158218384], [-1.839070200920105, -2.3390703201293945], [-1.5517948865890503, -2.80179500579834], [-3.6168246269226074, -1.4918246269226074], [-1.2716641426086426, -3.3966641426086426], [-2.481354236602783, -1.6063541173934937], [-2.262747049331665, -1.637747049331665], [-2.358851432800293, -1.9838515520095825], [-2.1693124771118164, -1.794312596321106], [-2.232738971710205, -1.9827388525009155], [-1.495600700378418, -3.370600700378418], [-2.558021306991577, -2.058021306991577], [-2.212078094482422, -2.212078094482422], [-1.9211187362670898, -2.17111873626709], [-2.3580691814422607, -1.7330691814422607], [-1.954005241394043, -2.454005241394043], [-2.0962414741516113, -2.3462414741516113], [-1.7868467569351196, -2.53684663772583], [-1.4072068929672241, -2.7822070121765137], [-2.0564637184143066, -2.3064637184143066], [-2.0097765922546387, -2.0097765922546387], [-1.9025787115097046, -2.527578830718994], [-3.243306875228882, -1.4933068752288818], [-1.7450230121612549, -1.9950230121612549], [-1.9235119819641113, -1.9235119819641113], [-2.1296417713165283, -2.0046417713165283], [-1.3561794757843018, -2.7311794757843018], [-1.9709866046905518, -2.3459866046905518], [-1.8985940217971802, -2.1485939025878906], [-1.675220012664795, -3.175220012664795], [-2.2387397289276123, -1.6137397289276123], [-1.594444751739502, -3.969444751739502], [-2.228804349899292, -2.103804349899292], [-2.4679808616638184, -1.3429807424545288], [-2.210796356201172, -1.4607962369918823], [-1.6494388580322266, -2.2744388580322266], [-1.730651617050171, -2.105651617050171], [-2.3686256408691406, -1.6186256408691406], [-1.8808281421661377, -2.3808281421661377], [-2.132141590118408, -2.132141590118408], [-2.7535197734832764, -1.5035197734832764], [-2.084407329559326, -1.5844072103500366], [-2.2049593925476074, -2.2049593925476074], [-2.696528434753418, -1.571528434753418], [-2.8696858882904053, -1.4946858882904053], [-2.4038286209106445, -1.778828740119934], [-1.8119760751724243, -3.3119759559631348], [-2.842374086380005, -1.5923740863800049], [-2.1659255027770996, -2.0409255027770996], [-1.693655014038086, -3.318655014038086], [-2.523991584777832, -1.523991584777832], [-1.260574460029602, -3.2605743408203125], [-1.954667329788208, -3.079667329788208], [-1.7023274898529053, -2.3273274898529053], [-1.306151270866394, -2.6811513900756836], [-2.338423728942871, -2.213423728942871], [-2.0677874088287354, -2.3177874088287354], [-2.1312742233276367, -2.3812742233276367], [-2.132481575012207, -1.757481575012207], [-1.595630407333374, -2.595630407333374], [-2.362460136413574, -1.6124601364135742], [-2.9427855014801025, -1.4427855014801025], [-2.153717279434204, -2.528717279434204], [-3.291266441345215, -1.6662664413452148], [-1.3606562614440918, -2.735656261444092], [-2.2914724349975586, -1.7914724349975586], [-1.7271990776062012, -2.852199077606201], [-2.0284152030944824, -2.1534152030944824], [-1.5303398370742798, -3.1553397178649902], [-1.7398675680160522, -3.114867687225342], [-2.1299211978912354, -2.5049211978912354], [-2.2589309215545654, -1.6339309215545654], [-2.052431106567383, -1.9274309873580933], [-1.4992295503616333, -2.9992294311523438], [-1.53823983669281, -3.4132399559020996], [-2.2267212867736816, -1.9767212867736816], [-1.84959077835083, -2.22459077835083], [-2.238161563873291, -1.7381614446640015], [-1.9287933111190796, -2.303793430328369], [-1.5551899671554565, -2.930190086364746], [-1.8105621337890625, -2.1855621337890625], [-1.8566160202026367, -1.8566160202026367], [-1.882831335067749, -1.632831335067749], [-2.3458147048950195, -2.0958147048950195], [-1.370980143547058, -4.495980262756348], [-2.1138715744018555, -1.6138715744018555], [-3.840752124786377, -1.340752124786377], [-1.8633428812026978, -2.238342761993408], [-3.544295310974121, -1.4192954301834106], [-3.630866765975952, -1.5058667659759521], [-1.8730311393737793, -2.6230311393737793], [-2.109050750732422, -2.484050750732422], [-1.437488317489624, -4.062488555908203], [-1.2546464204788208, -3.8796463012695312], [-1.542118787765503, -3.542118787765503], [-2.0253074169158936, -1.7753074169158936], [-3.5366995334625244, -1.1616995334625244], [-2.5289649963378906, -1.6539651155471802], [-1.9951896667480469, -2.120189666748047], [-2.011387825012207, -2.011387825012207], [-2.2622036933898926, -1.762203574180603]], "train_probs": [0.5926665999540698, 0.4378234991142019, 0.4687906266262437, 0.9241418199787564, 0.9149009549929797, 0.5312093733737563, 0.24508503518827837, 0.43782349911420193, 0.6224593312018546, 0.13296424019782926, 0.08509904500702024, 0.4687906266262437, 0.6513548917374945, 0.2942149721629888, 0.679178673200285, 0.4378234991142019, 0.4687906266262437, 0.8807970654616711, 0.8933094060543489, 0.6513548646660543, 0.7981867777396212, 0.9241418199787564, 0.6224593592164798, 0.7772998818103892, 0.1066905939456512, 0.8933094060543488, 0.29421494740887977, 0.34864513533394575, 0.407333428824591, 0.40733342882459106, 0.43782346977273295, 0.8670357598021706, 0.37754066879814546, 0.5, 0.5621765008857981, 0.34864513533394575, 0.6224593312018546, 0.5621765008857981, 0.679178673200285, 0.7981867969424067, 0.5621765008857981, 0.5, 0.6513548917374946, 0.14804719803168948, 0.5621765008857981, 0.5, 0.46879062662624366, 0.7981867777396211, 0.5926665999540698, 0.5621764715443287, 0.8175744761936437, 0.3486451353339458, 0.9149009549929799, 0.4687906266262437, 0.24508499107646642, 0.3208212748495002, 0.6513548646660542, 0.5926665999540698, 0.320821300824607, 0.6224593312018546, 0.5, 0.22270013882530887, 0.37754064078352023, 0.5, 0.24508501313237172, 0.20181322226037882, 0.34864516240538707, 0.8175744584140004, 0.22270013882530884, 0.46879062662624377, 0.8354835371034369, 0.2689414213699951, 0.8807970654616711, 0.7549149868676283, 0.6513548646660543, 0.7981867969424066, 0.4687906266262437, 0.5621765008857981, 0.5621765008857981, 0.40733340004593016, 0.7310585786300048, 0.32082130082460697, 0.18242552380635632, 0.5926665999540698, 0.16451646289656316, 0.7981867777396211, 0.37754066879814546, 0.7549149868676283, 0.5312093733737562, 0.8354835207180245, 0.7981867969424067, 0.5926665999540698, 0.34864513533394575, 0.46879059694003433, 0.8175744584140003, 0.8670357735451834, 0.43782349911420193, 0.5926665999540697, 0.37754064078352023, 0.5926666287327299, 0.7981867969424067, 0.5926665999540698, 0.5, 0.4378234991142019, 0.4378234991142019, 0.9579122768904645, 0.3775406687981454, 0.07585818002124355, 0.592666571175409, 0.10669060530721626, 0.1066905939456512, 0.679178699175393, 0.5926665999540698, 0.9324533238769575, 0.9324533013520765, 0.8807970779778824, 0.43782349911420193, 0.08509904500702023, 0.2942