{"train_labels": [1, 0, 1, 0, 1, 0, 0, 0, 0, 1, 1, 1, 0, 1, 0, 0, 1, 1, 0, 0, 0, 1, 0, 0, 1, 1, 0, 1, 1, 0, 1, 1, 1, 0, 0, 0, 0, 0, 1, 1, 0, 1, 0, 0, 0, 0, 0, 1, 0, 1, 0, 0, 0, 0, 1, 1, 1, 0, 0, 1, 0, 0, 1, 0, 1, 0, 0, 1, 0, 0, 0, 1, 1, 0, 0, 1, 1, 1, 0, 1, 1, 1, 0, 0, 1, 0, 1, 0, 0, 0, 0, 0, 1, 0, 0, 0, 1, 0, 1, 1, 0, 0, 1, 1, 0, 1, 0, 1, 1, 0, 1, 0, 0, 1, 1, 0, 0, 1, 1, 1, 0, 1], "train_logprobs": [[-2.071838855743408, -1.8218387365341187], [-1.925621747970581, -2.175621747970581], [-3.492168664932251, -1.242168664932251], [-1.5233378410339355, -2.3983378410339355], [-3.4058353900909424, -1.2808353900909424], [-1.8707101345062256, -1.9957101345062256], [-1.943372368812561, -1.943372368812561], [-1.6449929475784302, -2.2699928283691406], [-1.621532678604126, -3.121532678604126], [-2.004185199737549, -1.6291851997375488], [-2.9039463996887207, -1.5289465188980103], [-4.685168266296387, -1.1851685047149658], [-1.6334357261657715, -2.6334357261657715], [-2.36086368560791, -2.23586368560791], [-1.6256458759307861, -2.000645875930786], [-2.0255284309387207, -2.1505284309387207], [-2.463193655014038, -1.713193655014038], [-2.0542757511138916, -1.8042757511138916], [-1.351621389389038, -3.101621389389038], [-1.7924566268920898, -2.04245662689209], [-1.8321146965026855, -2.2071146965026855], [-2.6932291984558105, -1.568229079246521], [-1.7088054418563843, -2.083805561065674], [-1.6249620914459229, -2.499962091445923], [-2.155402183532715, -2.030402183532715], [-2.0181522369384766, -1.8931523561477661], [-1.7746177911758423, -1.7746177911758423], [-2.291811227798462, -1.541811227798462], [-2.4007904529571533, -1.9007904529571533], [-1.9176108837127686, -2.1676108837127686], [-1.9962689876556396, -1.7462689876556396], [-2.3673477172851562, -1.3673477172851562], [-2.3993465900421143, -2.1493465900421143], [-1.873206615447998, -2.123206615447998], [-1.5346351861953735, -2.159635066986084], [-1.7221958637237549, -1.9721958637237549], [-1.8980937004089355, -2.3980937004089355], [-1.6953251361846924, -2.3203251361846924], [-1.999188780784607, -1.499188780784607], [-2.2802321910858154, -1.4052321910858154], [-2.04829478263855, -2.42329478263855], [-2.019989013671875, -1.894989013671875], [-1.748308539390564, -2.1233086585998535], [-1.478020191192627, -2.978020191192627], [-1.844571590423584, -2.094571590423584], [-1.7531108856201172, -2.128110885620117], [-1.5281322002410889, -2.028132200241089], [-2.2742583751678467, -2.0242583751678467], [-1.8570013046264648, -1.8570013046264648], [-2.51031494140625, -1.76031494140625], [-1.6292712688446045, -2.6292712688446045], [-1.6416335105895996, -2.0166335105895996], [-1.6874324083328247, -1.9374324083328247], [-2.114014148712158, -2.239014148712158], [-4.1423163414001465, -1.0173163414001465], [-2.0283994674682617, -1.7783993482589722], [-2.2064175605773926, -1.5814176797866821], [-1.6607105731964111, -2.035710573196411], [-1.4942182302474976, -1.9942182302474976], [-2.1625819206237793, -1.9125819206237793], [-2.0314698219299316, -2.0314698219299316], [-2.3090834617614746, -2.4340834617614746], [-2.356132984161377, -1.356132984161377], [-1.8329564332962036, -2.082956314086914], [-2.6357553005218506, -1.6357553005218506], [-1.9387015104293823, -2.063701629638672], [-1.8113722801208496, -2.8113722801208496], [-2.0490546226501465, -1.6740546226501465], [-1.913029670715332, -2.163029670715332], [-1.9742155075073242, -2.474215507507324], [-1.6152079105377197, -1.8652079105377197], [-1.935753345489502, -1.810753345489502], [-1.7345702648162842, -1.6095702648162842], [-1.8215301036834717, -2.6965301036834717], [-1.4458038806915283, -2.1958038806915283], [-3.088170051574707, -1.338170051574707], [-2.3013057708740234, -1.8013057708740234], [-2.2205963134765625, -2.0955963134765625], [-1.9092764854431152, -2.6592764854431152], [-2.5248935222625732, -1.5248935222625732], [-2.002383232116699, -1.8773831129074097], [-2.167471408843994, -1.5424714088439941], [-1.7411143779754639, -2.616114377975464], [-1.6735564470291138, -1.7985564470291138], [-2.9379420280456543, -1.4379419088363647], [-1.9820339679718018, -1.9820339679718018], [-1.87678861618042, -1.75178861618042], [-1.7499102354049683, -2.124910354614258], [-2.063570261001587, -2.313570261001587], [-1.964073896408081, -1.964073896408081], [-1.5314757823944092, -2.281475782394409], [-1.9181413650512695, -2.0431413650512695], [-2.1380560398101807, -1.7630560398101807], [-2.10420560836792, -2.22920560836792], [-1.418473243713379, -3.043473243713379], [-1.6967755556106567, -2.446775436401367], [-2.2435989379882812, -2.1185989379882812], [-1.629213571548462, -2.629213571548462], [-2.089566946029663, -1.589566946029663], [-2.1970534324645996, -1.9470535516738892], [-1.5503331422805786, -2.925333023071289], [-2.0294342041015625, -2.0294342041015625], [-3.254545211791992, -1.3795452117919922], [-2.321262836456299, -1.6962628364562988], [-1.8222229480743408, -2.322222948074341], [-2.1067867279052734, -1.7317867279052734], [-1.5216832160949707, -2.0216832160949707], [-4.724440574645996, -1.349440574645996], [-2.044016122817993, -1.6690161228179932], [-2.099252223968506, -2.224252223968506], [-2.1251401901245117, -1.7501400709152222], [-2.067936897277832, -2.067936897277832], [-2.1211090087890625, -2.2461090087890625], [-1.7131768465042114, -1.5881768465042114], [-3.391690731048584, -1.2666906118392944], [-1.5649417638778687, -2.314941883087158], [-1.6049726009368896, -1.8549726009368896], [-2.3324079513549805, -1.582407832145691], [-2.0651893615722656, -1.565189242362976], [-2.789773464202881, -1.6647735834121704], [-2.0406625270843506, -2.0406625270843506], [-3.775479316711426, -1.4004791975021362]],