{"train_labels": [1, 0, 1, 1, 0, 0, 1, 1, 1, 1, 1, 1, 0, 1, 0, 1, 1, 0, 0, 0, 0, 0, 0, 1, 1, 0, 0, 1, 1, 1, 1, 0, 1, 1, 0, 1, 0, 1, 0, 0, 0, 0, 0, 1, 0, 0, 0, 0, 1, 0, 0, 1, 0, 0, 1, 1, 0, 1, 1, 0, 1, 1, 0, 0, 0, 1, 1, 0, 1, 1, 0, 1, 0, 0, 0, 1, 0, 1, 0, 1, 0, 1, 1, 0, 1, 0, 1, 0, 0, 0, 0, 0, 1, 1, 0, 0, 1, 0, 1, 0, 0, 0, 0, 1, 1, 0, 1, 1, 0, 1, 1, 1, 0, 0, 0, 0, 1, 1, 1, 0, 0, 0, 0, 1, 0, 1, 0, 0, 1, 0, 1, 0, 0, 1, 1, 1, 0, 0, 1, 1, 0, 0, 0, 0, 1, 1, 1, 0, 0, 0, 0, 1, 1, 0, 1, 1, 0, 0, 0, 0, 0, 1, 1, 0, 1, 1, 1, 0, 0, 0, 1, 1, 0, 1, 0, 1], "train_logprobs": [[-3.2232041358947754, -1.4732040166854858], [-2.216555595397949, -2.216555595397949], [-2.6029834747314453, -1.3529835939407349], [-2.350863218307495, -1.8508633375167847], [-1.2378427982330322, -3.6128427982330322], [-1.9409397840499878, -2.0659399032592773], [-2.3071351051330566, -1.807134985923767], [-2.186145305633545, -1.8111454248428345], [-2.4331765174865723, -2.0581765174865723], [-2.947054862976074, -1.3220549821853638], [-4.041667461395264, -1.5416673421859741], [-2.0481531620025635, -1.9231531620025635], [-1.702253818511963, -2.952253818511963], [-2.3111040592193604, -2.1861040592193604], [-2.020705461502075, -2.770705461502075], [-2.2971835136413574, -1.6721835136413574], [-2.592040777206421, -1.592040777206421], [-1.3875088691711426, -3.6375088691711426], [-1.5370782613754272, -4.287078380584717], [-1.6201295852661133, -2.6201295852661133], [-1.5162827968597412, -2.891282796859741], [-1.5060319900512695, -3.6310319900512695], [-1.902862787246704, -2.652862787246704], [-3.4609830379486084, -1.3359830379486084], [-3.1722466945648193, -1.6722468137741089], [-1.5367019176483154, -3.1617019176483154], [-2.010667324066162, -2.135667324066162], [-2.1258904933929443, -1.7508904933929443], [-2.9569311141967773, -1.581931233406067], [-2.268174171447754, -1.768174171447754], [-2.1675729751586914, -1.7925728559494019], [-1.5209087133407593, -3.270908832550049], [-2.862062454223633, -1.9870624542236328], [-2.608494997024536, -1.8584949970245361], [-1.9174997806549072, -2.1674997806549072], [-2.2595865726470947, -1.6345865726470947], [-2.117413282394409, -2.617413282394409], [-2.415170431137085, -2.165170431137085], [-1.7726231813430786, -2.647623062133789], [-1.5968244075775146, -2.7218244075775146], [-2.0321316719055176, -2.6571316719055176], [-1.4296510219573975, -3.3046510219573975], [-1.9100972414016724, -2.410097122192383], [-2.9180068969726562, -1.4180068969726562], [-1.480992078781128, -2.355992078781128], [-1.9222972393035889, -2.422297239303589], [-1.9223085641860962, -2.1723084449768066], [-2.000371217727661, -2.250371217727661], [-2.756675958633423, -1.8816759586334229], [-1.7636401653289795, -2.5136401653289795], [-1.6233898401260376, -4.373389720916748], [-2.4651620388031006, -1.4651620388031006], [-1.6890528202056885, -3.9390528202056885], [-2.163989543914795, -2.163989543914795], [-5.188808441162109, -1.1888084411621094], [-2.78341007232666, -1.2834100723266602], [-1.7669174671173096, -2.0169174671173096], [-2.307499408721924, -1.4324995279312134], [-2.7149789333343506, -1.5899789333343506], [-1.8812302350997925, -3.381230354309082], [-2.3343536853790283, -2.0843536853790283], [-2.8146438598632812, -1.8146439790725708], [-1.9192805290222168, -1.9192805290222168], [-1.8039445877075195, -2.6789445877075195], [-1.9354318380355835, -2.185431957244873], [-3.063967227935791, -1.438967227935791], [-3.108494281768799, -1.4834941625595093], [-1.9029607772827148, -2.277960777282715], [-2.792492628097534, -1.6674926280975342], [-2.464787483215332, -1.964787483215332], [-1.8790054321289062, -2.3790054321289062], [-2.5573720932006836, -1.6823720932006836], [-1.480125904083252, -2.605125904083252], [-1.8698359727859497, -3.2448360919952393], [-1.6770232915878296, -3.677023410797119], [-2.1033570766448975, -1.6033570766448975], [-2.208012104034424, -2.208012104034424], [-2.3822121620178223, -2.2572121620178223], [-1.8629052639007568, -2.612905263900757], [-2.5966570377349854, -1.8466570377349854], [-1.8686686754226685, -2.868668556213379], [-2.1625781059265137, -1.7875781059265137], [-2.814239978790283, -1.6892399787902832], [-2.148402214050293, -2.523402214050293], [-4.285519599914551, -1.9105193614959717], [-1.4478657245635986, -3.0728657245635986], [-2.701723575592041, -1.4517234563827515], [-2.0010805130004883, -2.1260805130004883], [-2.0215682983398438, -2.5215682983398438], [-1.8031859397888184, -3.0531859397888184], [-1.9454573392868042, -2.8204574584960938], [-2.3332295417785645, -2.3332295417785645], [-2.059288501739502, -1.9342883825302124], [-2.3565216064453125, -1.856521725654602], [-1.8638255596160889, -2.488825559616089], [-1.6097040176391602, -3.35970401763916], [-3.1834487915039062, -1.6834487915039062], [-1.7932171821594238, -3.043217182159424], [-2.158909797668457, -1.5339099168777466], [-1.7071362733840942, -3.2071361541748047], [-1.7140969038009644, -3.089097023010254], [-1.7033203840255737, -2.7033205032348633], [-2.0143826007843018, -2.0143826007843018], [-1.9316165447235107, -1.6816165447235107], [-2.4180688858032227, -2.1680688858032227], [-1.3968819379806519, -3.3968820571899414], [-2.3760180473327637, -1.3760180473327637], [-4.808621406555176, -1.3086211681365967], [-2.1504313945770264, -2.4004313945770264], [-4.449635982513428, -1.1996359825134277], [-3.6815567016601562, -1.5565568208694458], [-3.2706780433654785, -1.8956780433654785], [-2.2850186824798584, -2.5350186824798584], [-1.4299983978271484, -4.054998397827148], [-1.569387674331665, -2.819387674331665], [-1.549949288368225, -3.5499491691589355], [-2.0770182609558105, -1.827018141746521], [-2.804128646850586, -1.4291285276412964], [-2.3436713218688965, -1.9686713218688965], [-1.4760104417800903, -3.601010322570801], [-1.3421664237976074, -3.2171664237976074], [-1.740165114402771, -2.2401652336120605], [-1.6754957437515259, -3.6754956245422363], [-2.468341827392578, -1.9683418273925781], [-1.6835399866104126, -3.808539867401123], [-1.906435489654541, -1.781435489654541], [-1.6681658029556274, -1.9181658029556274], [-1.887969970703125, -2.262969970703125], [-2.135529041290283, -2.010529041290283], [-1.6991026401519775, -2.3241026401519775], [-2.509413242340088, -1.509413242340088], [-1.8429045677185059, -2.592904567718506], [-1.773597240447998, -3.023597240447998], [-3.2634329795837402, -1.2634328603744507], [-2.2682619094848633, -2.1432619094848633], [-2.6181981563568115, -1.7431981563568115], [-1.6851320266723633, -2.1851320266723633], [-1.59236478805542, -2.46736478805542], [-4.155954360961914, -1.2809544801712036], [-2.296672821044922, -1.7966727018356323], [-1.2391847372055054, -4.989184856414795], [-1.3723821640014648, -4.497382164001465], [-1.5627877712249756, -3.8127877712249756], [-2.170804738998413, -2.170804738998413], [-3.2167043685913086, -1.3417043685913086], [-3.0064430236816406, -1.5064431428909302], [-2.1446919441223145, -2.0196919441223145], [-1.5570638179779053, -2.5570638179779053], [-1.627413272857666, -2.877413272857666], [-1.5813679695129395, -3.5813679695129395], [-1.883994460105896, -2.5089945793151855], [-2.3395094871520996, -1.58950936794281], [-2.234006881713867, -2.109006881713867], [-1.1648077964782715, -3.2898077964782715], [-2.6477162837982178, -1.8977164030075073], [-2.947951316833496, -1.822951316833496], [-1.677464485168457, -2.927464485168457], [-1.552482008934021, -3.8024821281433105], [-1.911069393157959, -3.161069393157959], [-1.8949401378631592, -3.019940137863159], [-1.793104648590088, -2.168104648590088], [-2.2871341705322266, -1.4121342897415161], [-2.9129509925842285, -1.537951111793518], [-2.024357557296753, -2.274357557296753], [-2.3263115882873535, -2.0763115882873535], [-2.267979621887207, -2.017979621887207], [-2.9683237075805664, -1.7183237075805664], [-2.1061577796936035, -2.1061577796936035], [-1.86342191696167, -2.61342191696167], [-2.092148542404175, -2.717148542404175], [-3.2537498474121094, -1.503749966621399], [-2.375950813293457, -1.875950813293457], 