{"train_labels": [1, 0, 1, 0, 1, 0, 1, 0, 0, 1, 1, 1, 0, 0, 0, 0, 0, 0, 0, 0, 0, 1, 0, 0, 0, 1, 0, 1, 1, 0, 0, 1, 0, 0, 0, 0, 0, 0, 0, 1, 0, 1, 0, 1, 0, 0, 0, 1, 1, 0, 0, 0, 0, 0, 1, 1, 1, 0, 0, 0, 0, 0, 1, 0, 1, 1, 0, 1, 1, 0, 0, 0, 1, 0, 0, 1, 0, 0, 0, 1, 0, 1, 0, 0, 1, 0, 0, 0, 0, 1, 0, 0, 0, 0, 0, 0, 1, 0, 1, 0, 0, 0, 1, 1, 0, 1, 0, 1, 0, 0, 1, 0, 0, 1, 1, 0, 0, 1, 1, 1, 0, 1], "train_logprobs": [[-2.1885457038879395, -1.8135457038879395], [-1.8393195867538452, -2.2143197059631348], [-3.319608449935913, -1.069608449935913], [-1.3072755336761475, -2.5572755336761475], [-3.3110952377319336, -1.3110952377319336], [-1.7571287155151367, -2.1321287155151367], [-2.0037119388580322, -1.8787119388580322], [-1.4881336688995361, -2.738133668899536], [-1.6404911279678345, -3.015491008758545], [-2.0792722702026367, -1.7042723894119263], [-2.263209581375122, -1.888209581375122], [-3.3753583431243896, -1.2503583431243896], [-1.4700024127960205, -2.7200024127960205], [-2.1499135494232178, -2.2749135494232178], [-1.5517364740371704, -2.051736354827881], [-1.8119689226150513, -2.8119688034057617], [-1.9200596809387207, -2.0450596809387207], [-1.8210387229919434, -2.0710387229919434], [-1.6795780658721924, -2.5545780658721924], [-2.0211009979248047, -2.0211009979248047], [-1.5601154565811157, -2.810115337371826], [-2.5991806983947754, -1.474180817604065], [-1.621971607208252, -2.371971607208252], [-1.4724524021148682, -2.847452402114868], [-1.93587327003479, -2.06087327003479], [-2.0017762184143066, -1.8767763376235962], [-1.6516400575637817, -1.7766400575637817], [-2.2646608352661133, -1.3896607160568237], [-2.1886444091796875, -2.0636444091796875], [-1.587030291557312, -2.2120304107666016], [-1.8303091526031494, -2.0803091526031494], [-1.9325883388519287, -1.8075883388519287], [-2.402446746826172, -2.402446746826172], [-1.9257752895355225, -2.0507752895355225], [-1.6224861145019531, -2.122486114501953], [-1.6420844793319702, -2.1420845985412598], [-1.8512191772460938, -2.6012191772460938], [-1.6611347198486328, -1.7861347198486328], [-1.7282841205596924, -2.2282841205596924], [-1.988559603691101, -1.488559603691101], [-2.074556827545166, -2.449556827545166], [-1.8940798044204712, -1.7690798044204712], [-1.8708678483963013, -2.1208677291870117], [-2.008706569671631, -1.6337066888809204], [-1.7424352169036865, -1.9924352169036865], [-1.8040660619735718, -2.1790661811828613], [-1.4904050827026367, -2.1154050827026367], [-2.347343921661377, -2.222343921661377], [-1.9457030296325684, -1.8207030296325684], [-2.0592474937438965, -2.0592474937438965], [-1.5990642309188843, -2.849064350128174], [-1.6609110832214355, -1.9109110832214355], [-1.6520476341247559, -2.152047634124756], [-1.991410493850708, -2.366410493850708], [-2.9464354515075684, -0.9464354515075684], [-1.826361894607544, -1.701361894607544], [-2.0007026195526123, -1.6257026195526123], [-1.3880391120910645, -2.2630391120910645], [-1.4860092401504517, -2.111009120941162], [-2.1493077278137207, -2.1493077278137207], [-2.083922863006592, -2.208922863006592], [-2.119835376739502, -2.119835376739502], [-2.212707996368408, -1.4627079963684082], [-2.013160467147827, -2.263160467147827], [-2.4475371837615967, -1.5725371837615967], [-2.085242509841919, -1.835242509841919], [-1.4915047883987427, -3.616504669189453], [-2.3878581523895264, -1.3878581523895264], [-1.9791345596313477, -1.8541345596313477], [-1.8416378498077393, -2.7166378498077393], [-1.4549522399902344, -2.3299522399902344], [-1.5370370149612427, -2.037036895751953], [-2.106797456741333, -1.356797456741333], [-1.7412872314453125, -2.6162872314453125], [-1.4969855546951294, -2.49698543548584], [-3.566432476043701, -1.1914323568344116], [-1.9376001358032227, -1.9376001358032227], [-1.9596192836761475, -2.5846192836761475], [-1.846635341644287, -3.471635341644287], [-2.1245968341827393, -1.7495968341827393], [-1.7785513401031494, -2.1535513401031494], [-2.204322099685669, -1.454322099685669], [-1.5625686645507812, -3.9375686645507812], [-1.7587597370147705, -2.0087597370147705], [-3.131868362426758, -1.5068684816360474], [-1.8801000118255615, -2.0051000118255615], [-1.6388027667999268, -2.0138027667999268], [-1.7104127407073975, -2.4604127407073975], [-2.031635284423828, -2.656635284423828], [-1.738753318786621, -1.613753318786621], [-1.5277624130249023, -2.2777624130249023], [-1.9128462076187134, -2.162846088409424], [-1.9782187938690186, -1.9782187938690186], [-2.050996780395508, -2.175996780395508], [-1.402878999710083, -3.277878999710083], [-1.7680208683013916, -2.8930208683013916], [-2.828059673309326, -1.8280596733093262], [-1.7013158798217773, -3.0763158798217773], [-1.821197271347046, -1.446197271347046], [-2.170435667037964, -2.170435667037964], [-1.331730842590332, -2.581730842590332], [-1.8561139106750488, -2.481113910675049], [-2.7535762786865234, -1.5035762786865234], [-2.1910178661346436, -1.5660178661346436], [-1.9840071201324463, -2.6090071201324463], [-2.0633978843688965, -1.563397765159607], [-1.4680311679840088, -2.343031167984009], [-2.946424722671509, -1.4464247226715088], [-1.8610246181488037, -1.8610246181488037], [-1.7063579559326172, -2.831357955932617], [-2.2995636463165283, -1.7995636463165283], [-1.8771506547927856, -2.127150535583496], [-1.992563247680664, -2.742563247680664], [-2.0326881408691406, -1.2826881408691406], [-3.139500379562378, -1.389500379562378], [-1.5981403589248657, -2.348140239715576], [-1.8487491607666016, -1.8487491607666016], [-2.77384877204895, -1.1488487720489502], [-1.9614295959472656, -1.8364295959472656], [-2.51286244392395, -1.7628624439239502], [-2.055445432662964, -2.305445432662964], [-3.2127087116241455, -1.3377087116241455]],