{"train_labels": [1, 1, 1, 1, 1, 1, 1, 0, 0, 1, 1, 1, 1, 1, 0, 0, 1, 1, 0, 0, 0, 1, 0, 0, 1, 0, 1, 1, 1, 1, 1, 1, 0, 1, 0, 0, 0, 0, 1, 0, 0, 1, 1, 0, 0, 0, 0, 0, 1, 1, 0, 1, 0, 0, 1, 1, 1, 0, 1, 0, 1, 0, 1, 1, 1, 0, 0, 1, 1, 0, 1, 1, 1, 0, 0, 1, 1, 1, 0, 1, 1, 1, 0, 0, 1, 0, 1, 0, 1, 0, 0, 0, 1, 1, 0, 0, 1, 0, 1, 1, 0, 1, 1, 1, 1, 0, 1, 1, 1, 1, 1, 1, 0, 0, 1, 0, 1, 0, 1, 1, 0, 1, 0, 0, 1, 1, 0, 0, 1, 0, 1, 0, 0, 1, 0, 1, 0, 0, 1, 1, 0, 1, 0, 1, 1, 0, 1, 1, 0, 0, 1, 1, 1, 1, 0, 0, 0, 0, 0, 0, 1, 0, 1, 0, 1, 1, 1, 1, 0, 0, 0, 0, 1, 0, 1, 1], "train_logprobs": [[-2.5161197185516357, -1.7661197185516357], [-2.0697197914123535, -1.9447197914123535], [-2.80328631401062, -1.3032863140106201], [-2.012571096420288, -1.887571096420288], [-2.4993820190429688, -1.4993818998336792], [-2.007746696472168, -1.882746696472168], [-2.5452253818511963, -1.6702253818511963], [-1.5536658763885498, -2.92866587638855], [-1.9327049255371094, -2.6827049255371094], [-2.6078438758850098, -1.4828437566757202], [-2.2604024410247803, -1.8854024410247803], [-3.824110269546509, -1.3241102695465088], [-2.110862970352173, -1.9858628511428833], [-2.4270217418670654, -2.1770217418670654], [-1.8496670722961426, -1.9746670722961426], [-1.896371841430664, -2.146371841430664], [-2.681285858154297, -1.6812858581542969], [-2.2356314659118652, -1.6106314659118652], [-1.5196914672851562, -3.1446914672851562], [-2.018435001373291, -2.018435001373291], [-1.9990384578704834, -2.1240384578704834], [-2.155803918838501, -1.905803918838501], [-1.6519219875335693, -2.4019219875335693], [-1.5675849914550781, -2.692584991455078], [-2.528111696243286, -1.6531116962432861], [-1.5427531003952026, -2.292753219604492], [-2.2978053092956543, -1.5478051900863647], [-2.3202741146087646, -1.8202741146087646], [-2.8688879013061523, -1.7438879013061523], [-2.890875816345215, -1.1408756971359253], [-2.1564218997955322, -1.9064218997955322], [-2.606102228164673, -1.6061022281646729], [-2.1422653198242188, -2.3922653198242188], [-2.6147947311401367, -1.8647946119308472], [-1.7132349014282227, -2.2132349014282227], [-1.8109426498413086, -2.0609426498413086], [-1.9664292335510254, -2.4664292335510254], [-2.1201717853546143, -2.1201717853546143], [-2.5736701488494873, -1.6986701488494873], [-1.5666124820709229, -2.316612482070923], [-1.9983634948730469, -2.248363494873047], [-2.168640613555908, -1.9186404943466187], [-1.92936110496521, -1.80436110496521], [-1.756598711013794, -2.506598711013794], [-1.7412365674972534, -2.116236686706543], [-2.0943031311035156, -2.0943031311035156], [-1.8174115419387817, -2.442411422729492], [-1.7468892335891724, -2.621889114379883], [-2.258939743041992, -1.8839397430419922], [-2.2805428504943848, -1.9055428504943848], [-1.538597583770752, -4.413597583770752], [-2.0673322677612305, -1.817332148551941], [-1.793087124824524, -2.4180870056152344], [-2.2153398990631104, -2.2153398990631104], [-3.609185218811035, -0.9841852188110352], [-2.1835145950317383, -1.5585145950317383], [-2.272315263748169, -1.647315263748169], [-1.8566925525665283, -1.9816925525665283], [-1.973998785018921, -1.723998785018921], [-2.0174193382263184, -2.3924193382263184], [-2.2170908451080322, -1.8420908451080322], [-2.211336612701416, -2.211336612701416], [-2.502429246902466, -1.5024292469024658], [-2.224219799041748, -2.099219799041748], [-2.3504905700683594, -1.7254904508590698], [-2.042640209197998, -2.042640209197998], [-2.118563652038574, -2.118563652038574], [-2.2759828567504883, -1.9009828567504883], [-2.2562050819396973, -2.1312050819396973], [-1.9677796363830566, -2.3427796363830566], [-2.2582457065582275, -1.8832457065582275], [-2.13175630569458, -1.88175630569458], [-2.312100410461426, -1.4371005296707153], [-1.8418265581130981, -2.9668266773223877], [-1.4911186695098877, -2.6161186695098877], [-2.4755725860595703, -1.3505724668502808], [-2.456727981567383, -2.081727981567383], [-2.310058355331421, -2.185058355331421], [-1.7369790077209473, -2.9869790077209473], [-2.698897361755371, -1.5738974809646606], [-2.261155605316162, -2.011155605316162], [-2.6468005180358887, -1.3968005180358887], [-2.058457851409912, -2.308457851409912], [-2.0010175704956055, -2.6260175704956055], [-3.960510730743408, -1.4605107307434082], [-1.6443183422088623, -2.2693183422088623], [-2.3685076236724854, -1.8685076236724854], [-1.866525650024414, -2.241525650024414], [-2.2200734615325928, -1.9700733423233032], [-1.899673342704773, -2.1496734619140625], [-1.8889305591583252, -2.763930559158325], [-2.25754976272583, -2.25754976272583], [-2.465209484100342, -1.5902093648910522], [-2.188180923461914, -1.813180923461914], [-1.3388175964355469, -3.213817596435547], [-1.9326145648956299, -2.18261456489563], [-2.940825939178467, -1.4408260583877563], [-1.9490599632263184, -2.1990599632263184], [-2.3379993438720703, -1.7129994630813599], [-2.9258899688720703, -1.6758898496627808], [-1.5890376567840576, -2.4640376567840576], [-2.1221628189086914, -1.9971628189086914], [-2.9151196479797363, -1.2901196479797363], [-2.1905057430267334, -1.4405057430267334], [-2.433624505996704, -2.058624505996704], [-1.8527389764785767, -1.9777389764785767], [-2.1519532203674316, -1.7769532203674316], [-4.885483741760254, -1.385483980178833], [-2.148912191390991, -1.8989121913909912], [-2.2873995304107666, -1.7873995304107666], [-2.8311049938201904, -1.7061049938201904], [-2.522805690765381, -1.7728056907653809], [-1.9802300930023193, -2.6052300930023193], [-1.6804133653640747, -2.180413246154785], [-2.6892244815826416, -1.5642244815826416], [-1.7421290874481201, -3.36712908744812], [-2.394775867462158, -1.7697758674621582], [-1.4849190711975098, -2.4849190711975098], [-2.5478322505950928, -1.6728322505950928], [-2.559460401535034, -1.6844604015350342], [-1.8567980527877808, -2.3567981719970703], [-2.628650665283203, -1.6286507844924927], [-1.9310731887817383, -2.3060731887817383], [-1.8539973497390747, -1.9789973497390747], [-2.391138792037964, -2.016138792037964], [-2.5324177742004395, -1.6574177742004395], [-1.5383729934692383, -2.2883729934692383], [-2.3770973682403564, -2.3770973682403564], [-2.103529214859009, -1.6035292148590088], [-1.772646427154541, -2.397646427154541], [-2.2338790893554688, -1.6088790893554688], [-1.809488296508789, -2.434488296508789], [-1.9948948621749878, -2.1198949813842773], [-2.6472103595733643, -1.6472103595733643], [-1.988243818283081, -2.113243818283081], [-2.3970859050750732, -2.0220859050750732], [-1.7399818897247314, -1.9899818897247314], [-1.4856493473052979, -2.360649347305298], [-2.338334083557129, -1.713334083557129], [-2.084440231323242, -1.8344402313232422], [-1.6202995777130127, -2.4952995777130127], [-2.145477294921875, -1.520477294921875], [-1.861385703086853, -2.3613858222961426], [-2.0443153381347656, -1.9193153381347656], [-3.2578201293945312, -1.5078201293945312], [-1.950875997543335, -2.075875997543335], [-2.1931629180908203, -1.9431629180908203], [-2.1430416107177734, -1.6430416107177734], [-1.6552718877792358, -2.6552720069885254], [-1.7133878469467163, -3.3383877277374268], [-2.0261855125427246, -1.9011855125427246], [-2.293663263320923, -1.7936632633209229], [-2.244809627532959, -1.7448097467422485], [-3.3219056129455566, -1.3219057321548462], [-1.9569835662841797, -1.9569835662841797], [-1.7814964056015015, -3.031496286392212], [-1.7174772024154663, -2.467477321624756], [-1.8344731330871582, -2.209473133087158], [-2.014051914215088, -2.389051914215088], [-2.292421340942383, -2.917421340942383], [-2.233290910720825, -1.6082909107208252], [-1.9763286113739014, -2.9763286113739014], [-2.2588329315185547, -1.6338330507278442], [-1.7829396724700928, -2.9079396724700928], [-2.5632221698760986, -1.9382221698760986], [-2.345513343811035, -1.9705133438110352], [-2.5471439361572266, -1.6721440553665161], [-2.3355259895324707, -1.9605259895324707], [-1.6448380947113037, -2.5198380947113037], [-1.8083858489990234, -2.5583858489990234], [-1.7102595567703247, -2.460259437561035], [-1.94808828830719, 