{"train-loss/loss": 0.6849297881126404, "_timestamp": 1712189754.9017751, "_runtime": 1152.716054201126, "_step": 2249, "train-loss/raw-loss": 0.6849297881126404, "train-loss/kld": 0.021838540211319923, "train-probs/accuracy-col": 0.5, "train-probs/accuracy-row": 1.0, "train-probs/p_c0_r0": -0.5202051401138306, "train-probs/p_c0_r1": -0.5379083156585693, "train-probs/p_c1_r0": -0.6107823848724365, "train-probs/p_c1_r1": -0.5918025970458984, "_wandb": {"runtime": 1211}}