{"train/loss": 0.6985, "train/learning_rate": 2.1999999999999998e-07, "train/rewards/chosen": -0.008674499578773975, "train/rewards/rejected": 0.0013387559447437525, "train/rewards/accuracies": 0.40625, "train/rewards/margins": -0.010013256222009659, "train/logps/rejected": -76.90306854248047, "train/logps/chosen": -84.5429916381836, "train/logits/rejected": 9.485718727111816, "train/logits/chosen": 9.404603958129883, "train/epoch": 0.05, "train/global_step": 33, "_timestamp": 1706508160.8476467, "_runtime": 1702.2304346561432, "_step": 32}