{"train/loss": 0.6924, "train/learning_rate": 1.2666666666666666e-07, "train/rewards/chosen": -0.003443479770794511, "train/rewards/rejected": -0.005659723654389381, "train/rewards/accuracies": 0.4375, "train/rewards/margins": 0.0022162445820868015, "train/logps/rejected": -110.9561538696289, "train/logps/chosen": -93.32015228271484, "train/logits/rejected": 9.46086311340332, "train/logits/chosen": 9.548137664794922, "train/epoch": 0.03, "train/global_step": 19, "_timestamp": 1706507456.8765576, "_runtime": 998.2593455314636, "_step": 18}