{"train/loss": 0.2582, "train/learning_rate": 0.0, "train/rewards/chosen": -3.487783193588257, "train/rewards/rejected": -15.45012092590332, "train/rewards/accuracies": 0.84375, "train/rewards/margins": 11.962337493896484, "train/logps/rejected": -114.55536651611328, "train/logps/chosen": -52.989768981933594, "train/logits/rejected": -2.949795961380005, "train/logits/chosen": -2.8996872901916504, "train/epoch": 1.0, "train/global_step": 148, "_timestamp": 1710353727.2897446, "_runtime": 1265.9065597057343, "_step": 148, "train/train_runtime": 1166.962, "train/train_samples_per_second": 16.276, "train/train_steps_per_second": 0.127, "train/total_flos": 0.0, "train/train_loss": 0.24376903690800472}