{"train-loss/loss": 0.24554775655269623, "_timestamp": 1708812057.721944, "_runtime": 3338.870537042618, "_step": 14390, "train-loss/raw-loss": 0.17702993750572205, "train-loss/kld": 0.685178279876709, "train-probs/accuracy-col": 1.0, "train-probs/accuracy-row": 1.0, "train-probs/p_c0_r0": -7.639060020446777, "train-probs/p_c0_r1": -19.785884857177734, "train-probs/p_c1_r0": -8.616905212402344, "train-probs/p_c1_r1": -3.1926887035369873, "eval-loss/loss": 0.236031174659729, "eval-loss/raw-loss": 0.16942691802978516, "eval-loss/kld": 0.6660425662994385}