{"train-loss/loss": 0.6916520595550537, "_timestamp": 1708808908.8438802, "_runtime": 189.99247312545776, "_step": 548, "train-loss/raw-loss": 0.6914083957672119, "train-loss/kld": 0.0024371917825192213, "train-probs/accuracy-col": 0.5, "train-probs/accuracy-row": 0.5, "train-probs/p_c0_r0": -1.1024682521820068, "train-probs/p_c0_r1": -1.5207778215408325, "train-probs/p_c1_r0": -1.0787897109985352, "train-probs/p_c1_r1": -1.479627728462219