{"train-loss/loss": 0.6708472371101379, "_timestamp": 1711514743.7288735, "_runtime": 1171.1474995613098, "_step": 2249, "train-loss/raw-loss": 0.6708472371101379, "train-loss/kld": 0.04926774278283119, "train-probs/accuracy-col": 0.5, "train-probs/accuracy-row": 1.0, "train-probs/p_c0_r0": -0.7237567901611328, "train-probs/p_c0_r1": -0.7864792943000793, "train-probs/p_c1_r0": -0.6514212489128113, "train-probs/p_c1_r1": -0.6035093665122986, "_wandb": {"runtime": 1288}}