{"train-loss/loss": 0.6887683868408203, "_timestamp": 1711513697.6875105, "_runtime": 125.10613656044006, "_step": 224, "train-loss/raw-loss": 0.6887683868408203, "train-loss/kld": 0.0, "train-probs/accuracy-col": 0.5, "train-probs/accuracy-row": 0.5, "train-probs/p_c0_r0": -0.66226726770401, "train-probs/p_c0_r1": -0.5631269812583923, "train-probs/p_c1_r0": -0.7084966897964478, "train-probs/p_c1_r1": -0.5854337811470032}