{"train/loss": 1.4025, "train/learning_rate": 0.0, "train/epoch": 1.0, "train/global_step": 315, "_timestamp": 1706764700.3114026, "_runtime": 8078.91952753067, "_step": 64, "eval/loss": 1.3879995346069336, "eval/runtime": 156.6135, "eval/samples_per_second": 27.162, "eval/steps_per_second": 6.794, "train/train_runtime": 7978.833, "train/train_samples_per_second": 10.129, "train/train_steps_per_second": 0.039, "train/total_flos": 24367495118848.0, "train/train_loss": 1.5872232830713666, "_wandb": {"runtime": 8097}}