{"eval/loss": 2.0621349811553955, "eval/runtime": 0.1796, "eval/samples_per_second": 16.705, "eval/steps_per_second": 5.568, "train/epoch": 0.97, "train/global_step": 2, "_timestamp": 1706599313.3688657, "_runtime": 112.7549376487732, "_step": 1, "train/train_runtime": 86.7951, "train/train_samples_per_second": 1.118, "train/train_steps_per_second": 0.023, "train/total_flos": 29691617280.0, "train/train_loss": 1.8809070587158203, "_wandb": {"runtime": 137}}