{"train-loss/loss": 0.3901924788951874, "_timestamp": 1708807693.6800926, "_runtime": 1091.3198964595795, "_step": 4502, "train-loss/raw-loss": 0.3901924788951874, "train-loss/kld": 0.009655249305069447, "train-probs/accuracy-col": 0.5, "train-probs/accuracy-row": 0.5, "train-probs/p_c0_r0": -1.4003310203552246, "train-probs/p_c0_r1": -3.2388973236083984, "train-probs/p_c1_r0": -1.3491225242614746, "train-probs/p_c1_r1": -1.4485695362091064, "eval-loss/loss": 0.47209256887435913, "eval-loss/raw-loss": 0.47209256887435913, "eval-loss/kld": 0.009824329055845737}