{"loss/train": 0.3589531183242798, "_timestamp": 1708300055.0275931, "_runtime": 2157.8962960243225, "_step": 405, "kld/train": 0.3920939266681671}