{"train-loss/loss": 0.6703861355781555, "_timestamp": 1715923050.4203746, "_runtime": 3585.4088187217712, "_step": 593, "train-loss/raw-loss": 0.6703861355781555, "train-loss/kld": 0.0, "train-probs/accuracy-col": 1.0, "train-probs/accuracy-row": 0.5, "train-probs/p_c0_r0": -0.337259441614151, "train-probs/p_c0_r1": -0.31023991107940674, "train-probs/p_c1_r0": -0.3751937747001648, "train-probs/p_c1_r1": -0.22911906242370605}