{"eval-loss/loss": 0.4576006531715393, "_timestamp": 1709516647.0396461, "_runtime": 5062.742031097412, "_step": 21392, "eval-loss/raw-loss": 0.383258581161499, "eval-loss/kld": 0.02478068508207798, "train-loss/loss": 0.35765475034713745, "train-loss/raw-loss": 0.2690306603908539, "train-loss/kld": 0.02954135462641716, "train-probs/accuracy-col": 1.0, "train-probs/accuracy-row": 1.0, "train-probs/p_c0_r0": -1.1077781915664673, "train-probs/p_c0_r1": -3.0605430603027344, "train-probs/p_c1_r0": -4.0352020263671875, "train-probs/p_c1_r1": -1.223053216934204, "_wandb": {"runtime": 5191}}