{"train-loss/loss": 0.23172840476036072, "_timestamp": 1710182260.9632475, "_runtime": 1763.210310459137, "_step": 8567, "train-loss/raw-loss": 0.20373165607452393, "train-loss/kld": 0.27996760606765747, "train-probs/accuracy-col": 1.0, "train-probs/accuracy-row": 1.0, "train-probs/p_c0_r0": -0.7495862245559692, "train-probs/p_c0_r1": -5.267011642456055, "train-probs/p_c1_r0": -2.1185145378112793, "train-probs/p_c1_r1": -2.0935094356536865, "_wandb": {"runtime": 1799}}