{"train-loss/loss": 0.5599417686462402, "_timestamp": 1710181082.4095538, "_runtime": 584.6566166877747, "_step": 2681, "train-loss/raw-loss": 0.5447860360145569, "train-loss/kld": 0.1515577882528305, "train-probs/accuracy-col": 0.5, "train-probs/accuracy-row": 0.5, "train-probs/p_c0_r0": -0.5549513101577759, "train-probs/p_c0_r1": -1.4841365814208984, "train-probs/p_c1_r0": -0.5522688031196594, "train-probs/p_c1_r1": -0.7577365040779114}