{"train/loss": 0.4531, "train/learning_rate": 0.0, "train/rewards/chosen": -26.373600006103516, "train/rewards/rejected": -57.904212951660156, "train/rewards/accuracies": 0.875, "train/rewards/margins": 31.530614852905273, "train/logps/rejected": -77.7151870727539, "train/logps/chosen": -38.43739700317383, "train/logits/rejected": -3.143411874771118, "train/logits/chosen": -3.0335288047790527, "train/epoch": 1.0, "train/global_step": 148, "_timestamp": 1710358800.8328083, "_runtime": 1285.23646235466, "_step": 148, "train/train_runtime": 1176.3304, "train/train_samples_per_second": 16.147, "train/train_steps_per_second": 0.126, "train/total_flos": 0.0, "train/train_loss": 0.651745750795345}