{"train-loss/loss": 0.19470542669296265, "_timestamp": 1709062739.1272357, "_runtime": 531.4440965652466, "_step": 2258, "train-loss/raw-loss": 0.09258821606636047, "train-loss/kld": 0.025529302656650543, "train-probs/accuracy-col": 1.0, "train-probs/accuracy-row": 1.0, "train-probs/p_c0_r0": -1.3834623098373413, "train-probs/p_c0_r1": -8.769371032714844, "train-probs/p_c1_r0": -2.029020071029663, "train-probs/p_c1_r1": -1.493821382522583, "_wandb": {"runtime": 532}}