{"loss/train": 0.04335281252861023, "_timestamp": 1708354686.5854466, "_runtime": 4418.010637521744, "_step": 309, "kld/train": 0.9542911052703857}