{"train-loss/loss": 0.0532948262989521, "_timestamp": 1709070003.2633712, "_runtime": 1317.7799952030182, "_step": 5402, "train-loss/raw-loss": 0.0034026356879621744, "train-loss/kld": 0.09978438913822174, "train-probs/accuracy-col": 1.0, "train-probs/accuracy-row": 1.0, "train-probs/p_c0_r0": -3.342761754989624, "train-probs/p_c0_r1": -10.59338665008545, "train-probs/p_c1_r0": -10.891378402709961, "train-probs/p_c1_r1": -2.5265984535217285, "eval-loss/loss": 0.20032082498073578, "eval-loss/raw-loss": 0.1558472365140915, "eval-loss/kld": 0.08894719183444977}