{"loss/train": -0.2414097785949707, "margins/train": 0.75, "_timestamp": 1707616527.2630339, "_runtime": 78.69355988502502, "_step": 3}