{"loss/train": 0.03529420122504234, "_timestamp": 1708374906.9434462, "_runtime": 4060.990113258362, "_step": 299, "kld/train": 0.6862208247184753, "loss/eval": 0.5580425262451172, "kld/eval": 0.804925799369812, "_wandb": {"runtime": 4167}}