{"train-loss/loss": 0.07035820931196213, "_timestamp": 1714916359.9893124, "_runtime": 13713.452228307724, "_step": 2249, "train-loss/raw-loss": 0.07035820931196213, "train-loss/kld": 0.0, "train-probs/accuracy-col": 1.0, "train-probs/accuracy-row": 1.0, "train-probs/p_c0_r0": -1.1552348136901855, "train-probs/p_c0_r1": -4.621983051300049, "train-probs/p_c1_r0": -4.478182792663574, "train-probs/p_c1_r1": -1.081913948059082, "_wandb": {"runtime": 13935}}