{"train-loss/loss": 0.6954841613769531, "_timestamp": 1708498200.9645483, "_runtime": 4579.550274372101, "_step": 19014, "train-loss/raw-loss": 0.6953530311584473, "train-loss/kld": 0.00018737104255706072, "train-probs/accuracy": 0.5, "train-probs/p_c0_r0": -1.0702283382415771, "train-probs/p_c0_r1": -1.21235191822052, "train-probs/p_c1_r0": -1.1051461696624756, "train-probs/p_c1_r1": -1.2121374607086182, "eval-loss/loss": 0.7000951766967773, "eval-loss/raw-loss": 0.6993971467018127, "eval-loss/kld": 0.000997183145955205, "_wandb": {"runtime": 4690}}