{"train/loss": 0.6953, "train/learning_rate": 4e-06, "train/rewards/chosen": -0.0026958086527884007, "train/rewards/rejected": 0.0011825995752587914, "train/rewards/accuracies": 0.4479166865348816, "train/rewards/margins": -0.0038784081116318703, "train/logps/rejected": -75.33561706542969, "train/logps/chosen": -84.42290496826172, "train/logits/rejected": 8.55842399597168, "train/logits/chosen": 8.49203872680664, "train/epoch": 0.02, "train/global_step": 8, "_timestamp": 1706155889.3734338, "_runtime": 561.757307767868, "_step": 3}