{"train/loss": 0.0731, "train/learning_rate": 9.989690721649484e-06, "train/rewards/chosen": -3.7322258949279785, "train/rewards/rejected": -9.960732460021973, "train/rewards/accuracies": 0.96875, "train/rewards/margins": 6.228506565093994, "train/logps/rejected": -170.05230712890625, "train/logps/chosen": -124.72293090820312, "train/logits/rejected": 3.7086033821105957, "train/logits/chosen": 3.877953052520752, "train/epoch": 3.38, "train/global_step": 1354, "_timestamp": 1706254551.6765218, "_runtime": 99224.06039571762, "_step": 689, "eval/loss": 0.7682895660400391, "eval/runtime": 751.0873, "eval/samples_per_second": 1.349, "eval/steps_per_second": 0.45, "eval/rewards/chosen": -5.394093036651611, "eval/rewards/rejected": -8.891631126403809, "eval/rewards/accuracies": 0.7746548652648926, "eval/rewards/margins": 3.4975388050079346, "eval/logps/rejected": -173.2151336669922, "eval/logps/chosen": -142.7213134765625, "eval/logits/rejected": 3.0784425735473633, "eval/logits/chosen": 3.162349224090576}