{"train/loss": 0.0026, "train/learning_rate": 3.4329896907216493e-06, "train/rewards/chosen": -5.76755428314209, "train/rewards/rejected": -14.579028129577637, "train/rewards/accuracies": 1.0, "train/rewards/margins": 8.811474800109863, "train/logps/rejected": -237.78799438476562, "train/logps/chosen": -142.0374298095703, "train/logits/rejected": 2.273414134979248, "train/logits/chosen": 2.3621859550476074, "train/epoch": 4.44, "train/global_step": 1778, "_timestamp": 1706285917.7085414, "_runtime": 130590.0924153328, "_step": 905, "eval/loss": 0.9619802832603455, "eval/runtime": 748.6824, "eval/samples_per_second": 1.353, "eval/steps_per_second": 0.451, "eval/rewards/chosen": -7.187788963317871, "eval/rewards/rejected": -11.487521171569824, "eval/rewards/accuracies": 0.7721893787384033, "eval/rewards/margins": 4.299732685089111, "eval/logps/rejected": -199.1740264892578, "eval/logps/chosen": -160.6582794189453, "eval/logits/rejected": 2.585695266723633, "eval/logits/chosen": 2.635777235031128}