{"train/loss": 0.6958, "train/learning_rate": 4.9999999999999996e-06, "train/rewards/chosen": -0.0012410478666424751, "train/rewards/rejected": 0.0037346328608691692, "train/rewards/accuracies": 0.4479166865348816, "train/rewards/margins": -0.004975680727511644, "train/logps/rejected": -70.48575592041016, "train/logps/chosen": -80.15592193603516, "train/logits/rejected": 8.158367156982422, "train/logits/chosen": 8.423784255981445, "train/epoch": 0.02, "train/global_step": 10, "_timestamp": 1706156011.4923577, "_runtime": 683.8762316703796, "_step": 4}