{"train-loss/loss": 0.5892081260681152, "_timestamp": 1710464145.2537885, "_runtime": 1113.824791431427, "_step": 4526, "train-loss/raw-loss": 0.5892081260681152, "train-loss/kld": 0.049992144107818604, "train-probs/accuracy-col": 0.5, "train-probs/accuracy-row": 0.5, "train-probs/p_c0_r0": -0.5745295286178589, "train-probs/p_c0_r1": -1.5668222904205322, "train-probs/p_c1_r0": -0.5097869038581848, "train-probs/p_c1_r1": -0.7321655750274658, "_wandb": {"runtime": 1114}}