{"train-loss/loss": 0.6057997941970825, "_timestamp": 1709946039.620445, "_runtime": 233.30441308021545, "_step": 647, "train-loss/raw-loss": 0.6051080226898193, "train-loss/kld": 0.006917348597198725, "train-probs/accuracy-col": 1.0, "train-probs/accuracy-row": 0.5, "train-probs/p_c0_r0": -0.5098409652709961, "train-probs/p_c0_r1": -1.327986478805542, "train-probs/p_c1_r0": -0.5249741673469543, "train-probs/p_c1_r1": -0.9601670503616333}