{"train/loss": 0.692, "train/learning_rate": 2.4e-07, "train/rewards/chosen": 0.014799392782151699, "train/rewards/rejected": 0.002534413244575262, "train/rewards/accuracies": 0.75, "train/rewards/margins": 0.01226497907191515, "train/logps/rejected": -121.03477478027344, "train/logps/chosen": -74.62905883789062, "train/logits/rejected": 9.310407638549805, "train/logits/chosen": 9.470170974731445, "train/epoch": 0.03, "train/global_step": 36, "_timestamp": 1706499366.2779596, "_runtime": 446.25899863243103, "_step": 35}