{"train-loss/loss": 0.6729912757873535, "_timestamp": 1710489924.2629673, "_runtime": 1478.3269453048706, "_step": 6749, "train-loss/raw-loss": 0.6729912757873535, "train-loss/kld": 0.008825000375509262, "train-probs/accuracy-col": 1.0, "train-probs/accuracy-row": 0.5, "train-probs/p_c0_r0": -0.687707245349884, "train-probs/p_c0_r1": -1.6190237998962402, "train-probs/p_c1_r0": -0.8384296894073486, "train-probs/p_c1_r1": -1.2780375480651855, "_wandb": {"runtime": 1603}}