{"train-loss/loss": 0.6805522441864014, "_timestamp": 1712439731.080748, "_runtime": 304.0588960647583, "_step": 575, "train-loss/raw-loss": 0.6805522441864014, "train-loss/kld": 0.0, "train-probs/accuracy-col": 1.0, "train-probs/accuracy-row": 0.5, "train-probs/p_c0_r0": -0.23491352796554565, "train-probs/p_c0_r1": -0.14731599390506744, "train-probs/p_c1_r0": -0.29694864153862, "train-probs/p_c1_r1": -0.1374405175447464}