{"loss/train": 0.048638716340065, "_timestamp": 1708328344.7605197, "_runtime": 321.21060585975647, "_step": 15, "kld/train": 5.949725164100528e-06}