{"train/loss": 0.6931, "train/learning_rate": 4.0000000000000003e-07, "train/rewards/chosen": 0.0, "train/rewards/rejected": 0.0, "train/rewards/accuracies": 0.0, "train/rewards/margins": 0.0, "train/logps/rejected": -89.25102233886719, "train/logps/chosen": -90.03555297851562, "train/logits/rejected": 9.156325340270996, "train/logits/chosen": 9.540399551391602, "train/epoch": 0.0, "train/global_step": 2, "_timestamp": 1706468435.7066417, "_runtime": 35.124475717544556, "_step": 0}