{"train-loss/loss": 0.6311019659042358, "_timestamp": 1722555497.048293, "_runtime": 558.9742510318756, "_step": 1268, "train-loss/raw-loss": 0.6311019659042358, "train-loss/kld": 0.017642809078097343, "train-probs/accuracy-col": 0.5, "train-probs/accuracy-row": 0.5, "train-probs/p_c0_r0": -0.49504315853118896, "train-probs/p_c0_r1": -1.1568524837493896, "train-probs/p_c1_r0": -0.4896092712879181, "train-probs/p_c1_r1": -0.798913300037384}