{"train/loss": 0.6931, "train/learning_rate": 2.5000000000000004e-07, "train/rewards/chosen": 0.0, "train/rewards/rejected": 0.0, "train/rewards/accuracies": 0.0, "train/rewards/margins": 0.0, "train/logps/rejected": -82.76929473876953, "train/logps/chosen": -73.87794494628906, "train/logits/rejected": 9.465344429016113, "train/logits/chosen": 9.364191055297852, "train/epoch": 0.0, "train/global_step": 2, "_timestamp": 1706474911.8017724, "_runtime": 62.59340524673462, "_step": 0, "_wandb": {"runtime": 97}}