{"train/loss": 0.4707736670970917, "_timestamp": 1708461460.6389682, "_runtime": 1684.1930482387543, "_step": 2597, "train/raw-loss": 0.29697078466415405, "train/kld": 0.7323676943778992, "eval/loss": 0.5205692052841187, "eval/raw-loss": 0.43535181879997253, "eval/kld": 0.6512130498886108}