{"train-loss/loss": 0.6786606311798096, "_timestamp": 1711916907.552115, "_runtime": 2283.98659491539, "_step": 2249, "train-loss/raw-loss": 0.6786606311798096, "train-loss/kld": 0.0, "train-probs/accuracy-col": 1.0, "train-probs/accuracy-row": 1.0, "train-probs/p_c0_r0": -0.4348716735839844, "train-probs/p_c0_r1": -0.45473623275756836, "train-probs/p_c1_r0": -0.47259145975112915, "train-probs/p_c1_r1": -0.4329175055027008, "_wandb": {"runtime": 2458}}