{"train/loss": 0.6447, "train/learning_rate": 6.861468292009726e-07, "train/rewards/chosen": -1.2258267402648926, "train/rewards/rejected": -1.520233392715454, "train/rewards/accuracies": 0.6875, "train/rewards/margins": 0.2944067120552063, "train/logps/rejected": -95.62422180175781, "train/logps/chosen": -74.94036102294922, "train/logits/rejected": -3.1255578994750977, "train/logits/chosen": -3.071370840072632, "train/epoch": 0.44, "train/global_step": 69, "_timestamp": 1710700334.7143774, "_runtime": 774.9989295005798, "_step": 68}