{"train-loss/loss": 0.6521911025047302, "_timestamp": 1710617570.650391, "_runtime": 1766.1343731880188, "_step": 8999, "train-loss/raw-loss": 0.6417813897132874, "train-loss/kld": 0.010409727692604065, "train-probs/accuracy-col": 1.0, "train-probs/accuracy-row": 1.0, "train-probs/p_c0_r0": -0.5863556265830994, "train-probs/p_c0_r1": -0.7793874740600586, "train-probs/p_c1_r0": -0.6625589728355408, "train-probs/p_c1_r1": -0.6242353916168213, "_wandb": {"runtime": 1851}}