{"train/loss": 0.1359, "train/learning_rate": 1.8396875345700496e-07, "train/rewards/chosen": -3.6192448139190674, "train/rewards/rejected": -14.375885009765625, "train/rewards/accuracies": 0.96875, "train/rewards/margins": 10.756641387939453, "train/logps/rejected": -188.56668090820312, "train/logps/chosen": -79.39131927490234, "train/logits/rejected": -2.8858816623687744, "train/logits/chosen": -2.8700528144836426, "train/epoch": 0.74, "train/global_step": 136, "_timestamp": 1709689876.0637176, "_runtime": 1713.9239735603333, "_step": 135}