{"train-loss/loss": 0.6880233883857727, "_timestamp": 1711827713.7171757, "_runtime": 2147.1303198337555, "_step": 2249, "train-loss/raw-loss": 0.6880233883857727, "train-loss/kld": 0.0, "train-probs/accuracy-col": 1.0, "train-probs/accuracy-row": 0.5, "train-probs/p_c0_r0": -0.46659189462661743, "train-probs/p_c0_r1": -0.3976946473121643, "train-probs/p_c1_r0": -0.4667050242424011, "train-probs/p_c1_r1": -0.3552863895893097, "_wandb": {"runtime": 2314}}