{"train-loss/loss": 0.6394054889678955, "_timestamp": 1710512475.385005, "_runtime": 1492.2929050922394, "_step": 6749, "train-loss/raw-loss": 0.6394054889678955, "train-loss/kld": 0.0057794698514044285, "train-probs/accuracy-col": 1.0, "train-probs/accuracy-row": 0.5, "train-probs/p_c0_r0": -0.5890582799911499, "train-probs/p_c0_r1": -2.741072177886963, "train-probs/p_c1_r0": -0.7727857828140259, "train-probs/p_c1_r1": -1.569627046585083, "_wandb": {"runtime": 1616}}