{"train-loss/loss": 0.7589203715324402, "_timestamp": 1708468432.5785978, "_runtime": 89.17125988006592, "_step": 143, "train-loss/raw-loss": 0.7589203715324402, "train-loss/kld": 0.0, "train-probs/accuracy": 0.0, "train-probs/p_c0_r0": -0.8956218957901001, "train-probs/p_c0_r1": -1.5347397327423096, "train-probs/p_c1_r0": -0.8674067258834839, "train-probs/p_c1_r1": -1.3454694747924805}