{"loss/train": 0.08640037477016449, "_timestamp": 1708321446.2923503, "_runtime": 4226.988696336746, "_step": 593, "kld/train": 0.4691901206970215}