{"train/loss": 0.795, "train/learning_rate": 0.0, "train/rewards/chosen": -4.283952713012695, "train/rewards/rejected": -19.80877113342285, "train/rewards/accuracies": 0.8125, "train/rewards/margins": 15.524818420410156, "train/logps/rejected": -86.82669067382812, "train/logps/chosen": -46.26073455810547, "train/logits/rejected": -2.878981351852417, "train/logits/chosen": -2.865994930267334, "train/epoch": 1.0, "train/global_step": 148, "_timestamp": 1710364402.8916306, "_runtime": 1285.1239695549011, "_step": 148, "train/train_runtime": 1173.1007, "train/train_samples_per_second": 16.191, "train/train_steps_per_second": 0.126, "train/total_flos": 0.0, "train/train_loss": 0.3657761236803757, "_wandb": {"runtime": 1305}}