{"train/loss": 1.6622, "train/learning_rate": 0.0, "train/epoch": 0.01, "train/global_step": 20, "_timestamp": 1705274169.546113, "_runtime": 29.218770027160645, "_step": 20, "train/train_runtime": 11.1506, "train/train_samples_per_second": 7.175, "train/train_steps_per_second": 1.794, "train/total_flos": 1667765181874176.0, "train/train_loss": 1.9378857016563416, "_wandb": {"runtime": 29}}