{"train/loss": 0.6931, "train/learning_rate": 1.09375e-07, "train/rewards/chosen": 0.00023954026983119547, "train/rewards/rejected": 0.0002342790539842099, "train/rewards/accuracies": 0.515625, "train/rewards/margins": 5.261244950816035e-06, "train/logps/rejected": -10.455303192138672, "train/logps/chosen": -10.58782958984375, "train/logits/rejected": -3.3239822387695312, "train/logits/chosen": -3.31954288482666, "train/epoch": 0.02, "train/global_step": 7, "_timestamp": 1706681813.1392481, "_runtime": 230.35284423828125, "_step": 6, "_wandb": {"runtime": 232}}