{"train-loss/loss": 0.12870831787586212, "_timestamp": 1714830172.8992748, "_runtime": 13640.208157777786, "_step": 2249, "train-loss/raw-loss": 0.12870831787586212, "train-loss/kld": 0.0, "train-probs/accuracy-col": 1.0, "train-probs/accuracy-row": 1.0, "train-probs/p_c0_r0": -0.8161713480949402, "train-probs/p_c0_r1": -3.6581811904907227, "train-probs/p_c1_r0": -4.0247883796691895, "train-probs/p_c1_r1": -1.2003813982009888, "_wandb": {"runtime": 13844}}