{"train/loss": 0.6931, "train/learning_rate": 1.3333333333333334e-08, "train/rewards/chosen": 0.0, "train/rewards/rejected": 0.0, "train/rewards/accuracies": 0.0, "train/rewards/margins": 0.0, "train/logps/rejected": -112.19413757324219, "train/logps/chosen": -77.61028289794922, "train/logits/rejected": 9.032079696655273, "train/logits/chosen": 9.246668815612793, "train/epoch": 0.0, "train/global_step": 2, "_timestamp": 1706509720.7341013, "_runtime": 88.75486540794373, "_step": 1}