{"train-loss/loss": 0.687899112701416, "_timestamp": 1711911576.3810036, "_runtime": 1901.383903503418, "_step": 1970, "train-loss/raw-loss": 0.687899112701416, "train-loss/kld": 0.0, "train-probs/accuracy-col": 0.5, "train-probs/accuracy-row": 1.0, "train-probs/p_c0_r0": -0.5865074396133423, "train-probs/p_c0_r1": -0.6110116839408875, "train-probs/p_c1_r0": -0.5831485390663147, "train-probs/p_c1_r1": -0.5806832313537598}