{"train-loss/loss": 0.35041970014572144, "_timestamp": 1711502455.3286402, "_runtime": 968.2295341491699, "_step": 1961, "train-loss/raw-loss": 0.35041970014572144, "train-loss/kld": 0.13984999060630798, "train-probs/accuracy-col": 1.0, "train-probs/accuracy-row": 1.0, "train-probs/p_c0_r0": -0.5870113372802734, "train-probs/p_c0_r1": -1.2693870067596436, "train-probs/p_c1_r0": -2.0002450942993164, "train-probs/p_c1_r1": -0.6287418603897095}