{"train-loss/loss": 0.6912345290184021, "_timestamp": 1713133094.459062, "_runtime": 442.8666250705719, "_step": 1286, "train-loss/raw-loss": 0.6912345290184021, "train-loss/kld": 0.0, "train-probs/accuracy-col": 0.5, "train-probs/accuracy-row": 0.5, "train-probs/p_c0_r0": -0.43087345361709595, "train-probs/p_c0_r1": -0.485160768032074, "train-probs/p_c1_r0": -0.42605650424957275, "train-probs/p_c1_r1": -0.47111421823501587}