{"train-loss/loss": 0.6556501388549805, "_timestamp": 1715261829.049477, "_runtime": 33863.367086172104, "_step": 5759, "train-loss/raw-loss": 0.6556501388549805, "train-loss/kld": 0.0, "train-probs/accuracy-col": 1.0, "train-probs/accuracy-row": 1.0, "train-probs/p_c0_r0": -0.3708791136741638, "train-probs/p_c0_r1": -0.4752686619758606, "train-probs/p_c1_r0": -0.4529155492782593, "train-probs/p_c1_r1": -0.3952317535877228, "_wandb": {"runtime": 34280}}