{"train-loss/loss": -45.0716438293457, "_timestamp": 1709070826.461291, "_runtime": 812.826719045639, "_step": 3689, "train-loss/raw-loss": 0.3331056833267212, "train-loss/kld": -90.80950164794922, "train-probs/accuracy-col": 1.0, "train-probs/accuracy-row": 1.0, "train-probs/p_c0_r0": -92.0907974243164, "train-probs/p_c0_r1": -93.83934783935547, "train-probs/p_c1_r0": -93.64165496826172, "train-probs/p_c1_r1": -93.19053649902344}