{"eval-loss/loss": 0.40152788162231445, "_timestamp": 1709511445.5090988, "_runtime": 4907.231286764145, "_step": 21392, "eval-loss/raw-loss": 0.3190732002258301, "eval-loss/kld": 0.08245468139648438, "train-loss/loss": 0.34220269322395325, "train-loss/raw-loss": 0.26090502738952637, "train-loss/kld": 0.08129768818616867, "train-probs/accuracy-col": 1.0, "train-probs/accuracy-row": 1.0, "train-probs/p_c0_r0": -0.872650146484375, "train-probs/p_c0_r1": -2.9742324352264404, "train-probs/p_c1_r0": -4.481293678283691, "train-probs/p_c1_r1": -1.073479413986206, "_wandb": {"runtime": 5024}}