{"train/loss": 0.6941, "train/learning_rate": 1.0833333333333334e-07, "train/rewards/chosen": -9.750243043527007e-05, "train/rewards/rejected": 0.0017204082105308771, "train/rewards/accuracies": 0.4140625, "train/rewards/margins": -0.0018179102335125208, "train/logps/rejected": -77.94708251953125, "train/logps/chosen": -65.72932434082031, "train/logits/rejected": -3.6331276893615723, "train/logits/chosen": -3.6011204719543457, "train/epoch": 0.04, "train/global_step": 13, "_timestamp": 1706640413.381175, "_runtime": 723.7559599876404, "_step": 12}