{"train-loss/loss": 0.6049048900604248, "_timestamp": 1710142372.4471962, "_runtime": 47.8484263420105, "_step": 44, "train-loss/raw-loss": 0.6049048900604248, "train-loss/kld": 0.0, "train-probs/accuracy-col": 1.0, "train-probs/accuracy-row": 1.0, "train-probs/p_c0_r0": -0.6278037428855896, "train-probs/p_c0_r1": -0.8119825124740601, "train-probs/p_c1_r0": -0.9255481958389282, "train-probs/p_c1_r1": -0.7253208160400391, "_wandb": {"runtime": 140}}