{"train/loss": 1.75, "train/learning_rate": 9.8e-05, "train/epoch": 0.18, "train/global_step": 100, "_timestamp": 1705395258.5989592, "_runtime": 174.07689023017883, "_step": 10, "eval/loss": 1.6672146320343018, "eval/runtime": 27.0554, "eval/samples_per_second": 36.628, "eval/steps_per_second": 9.166, "_wandb": {"runtime": 183}}