{"train-loss/loss": 0.5082470774650574, "_timestamp": 1709094278.4417677, "_runtime": 7092.62926363945, "_step": 29771, "train-loss/raw-loss": 0.24020422995090485, "train-loss/kld": 0.035739049315452576, "train-probs/accuracy-col": 1.0, "train-probs/accuracy-row": 1.0, "train-probs/p_c0_r0": -1.8532624244689941, "train-probs/p_c0_r1": -5.774846076965332, "train-probs/p_c1_r0": -3.1099462509155273, "train-probs/p_c1_r1": -1.6613959074020386, "eval-loss/loss": 0.5649691820144653, "eval-loss/raw-loss": 0.25764110684394836, "eval-loss/kld": 0.040977075695991516}