{"train-loss/loss": 0.30556172132492065, "_timestamp": 1709088457.7932794, "_runtime": 1271.9807753562927, "_step": 5204, "train-loss/raw-loss": 0.05714447423815727, "train-loss/kld": 0.03312229737639427, "train-probs/accuracy-col": 1.0, "train-probs/accuracy-row": 1.0, "train-probs/p_c0_r0": -2.3605458736419678, "train-probs/p_c0_r1": -6.758568286895752, "train-probs/p_c1_r0": -5.450870037078857, "train-probs/p_c1_r1": -2.419857978820801, "eval-loss/loss": 0.5475242733955383, "eval-loss/raw-loss": 0.3055458664894104, "eval-loss/kld": 0.03226378932595253}