{"train-loss/loss": 0.6772521734237671, "_timestamp": 1710520600.1549127, "_runtime": 1469.0936627388, "_step": 6749, "train-loss/raw-loss": 0.6772521734237671, "train-loss/kld": 0.006507898215204477, "train-probs/accuracy-col": 1.0, "train-probs/accuracy-row": 0.5, "train-probs/p_c0_r0": -0.5947973728179932, "train-probs/p_c0_r1": -3.301236152648926, "train-probs/p_c1_r0": -0.6816710233688354, "train-probs/p_c1_r1": -1.7934526205062866, "_wandb": {"runtime": 1618}}