{"train-loss/loss": 0.6582134962081909, "_timestamp": 1710505517.7386284, "_runtime": 1539.5334944725037, "_step": 6749, "train-loss/raw-loss": 0.6582134962081909, "train-loss/kld": 0.004000147804617882, "train-probs/accuracy-col": 1.0, "train-probs/accuracy-row": 0.5, "train-probs/p_c0_r0": -0.5698002576828003, "train-probs/p_c0_r1": -0.5317789316177368, "train-probs/p_c1_r0": -0.6605877876281738, "train-probs/p_c1_r1": -0.47203192114830017, "_wandb": {"runtime": 1728}}