{"loss/train": 0.077301025390625, "margins/train": 0.5, "_timestamp": 1707514523.7427, "_runtime": 8.54852819442749, "_step": 1, "learning_rate": 6.666666666666667e-09, "_wandb": {"runtime": 26}}