{"train/loss": 0.2621, "train/learning_rate": 0.0, "train/rewards/chosen": -16.489870071411133, "train/rewards/rejected": -37.96000289916992, "train/rewards/accuracies": 0.875, "train/rewards/margins": 21.470136642456055, "train/logps/rejected": -81.25492858886719, "train/logps/chosen": -38.450130462646484, "train/logits/rejected": -3.161468267440796, "train/logits/chosen": -3.050380229949951, "train/epoch": 1.0, "train/global_step": 148, "_timestamp": 1710352415.7462788, "_runtime": 1288.5785076618195, "_step": 148, "train/train_runtime": 1180.4656, "train/train_samples_per_second": 16.09, "train/train_steps_per_second": 0.125, "train/total_flos": 0.0, "train/train_loss": 0.4562833463219372, "_wandb": {"runtime": 1310}}