{"train/loss": 0.7009686827659607, "_timestamp": 1708424653.479195, "_runtime": 6278.785266160965, "_step": 9521, "train/raw-loss": 0.7004357576370239, "train/kld": 0.0007613819907419384, "eval/loss": 0.7014035582542419, "eval/raw-loss": 0.7008206248283386, "eval/kld": 0.0008328260737471282, "_wandb": {"runtime": 6389}}