{"train-loss/loss": 0.2688636779785156, "_timestamp": 1710315404.9641278, "_runtime": 4262.0221626758575, "_step": 21374, "train-loss/raw-loss": 0.2169274538755417, "train-loss/kld": 0.25968116521835327, "train-probs/accuracy-col": 1.0, "train-probs/accuracy-row": 1.0, "train-probs/p_c0_r0": -0.7272197008132935, "train-probs/p_c0_r1": -6.036190986633301, "train-probs/p_c1_r0": -1.781116247177124, "train-probs/p_c1_r1": -1.657377004623413, "_wandb": {"runtime": 4300}}