{"train-loss/loss": 0.5577850341796875, "_timestamp": 1710311284.4544182, "_runtime": 141.51245307922363, "_step": 395, "train-loss/raw-loss": 0.5577850341796875, "train-loss/kld": 0.0, "train-probs/accuracy-col": 1.0, "train-probs/accuracy-row": 0.5, "train-probs/p_c0_r0": -0.942326009273529, "train-probs/p_c0_r1": -2.5982344150543213, "train-probs/p_c1_r0": -1.1020022630691528, "train-probs/p_c1_r1": -2.115743398666382}