{"train/loss": 0.1532, "train/learning_rate": 0.0, "train/rewards/chosen": -4.1390275955200195, "train/rewards/rejected": -15.083168983459473, "train/rewards/accuracies": 0.90625, "train/rewards/margins": 10.944141387939453, "train/logps/rejected": -186.08448791503906, "train/logps/chosen": -79.82247924804688, "train/logits/rejected": -2.7500970363616943, "train/logits/chosen": -2.9252588748931885, "train/epoch": 1.0, "train/global_step": 182, "_timestamp": 1709703978.098556, "_runtime": 2309.6144189834595, "_step": 182, "train/train_runtime": 2192.1781, "train/train_samples_per_second": 10.659, "train/train_steps_per_second": 0.083, "train/total_flos": 0.0, "train/train_loss": 0.19729078258131885}