{"train-loss/loss": 0.3265702724456787, "_timestamp": 1710195408.411765, "_runtime": 1773.2035071849823, "_step": 8567, "train-loss/raw-loss": 0.2646680176258087, "train-loss/kld": 0.1238045021891594, "train-probs/accuracy-col": 1.0, "train-probs/accuracy-row": 0.5, "train-probs/p_c0_r0": -0.5516215562820435, "train-probs/p_c0_r1": -4.59569787979126, "train-probs/p_c1_r0": -1.3590574264526367, "train-probs/p_c1_r1": -1.7099311351776123, "_wandb": {"runtime": 1813}}