{"train-loss/loss": 0.3340268135070801, "_timestamp": 1709081082.0390577, "_runtime": 581.2500426769257, "_step": 2537, "train-loss/raw-loss": 0.2638190984725952, "train-loss/kld": 0.07020768523216248, "train-probs/accuracy-col": 1.0, "train-probs/accuracy-row": 1.0, "train-probs/p_c0_r0": -3.0550785064697266, "train-probs/p_c0_r1": -4.115847110748291, "train-probs/p_c1_r0": -5.57949161529541, "train-probs/p_c1_r1": -2.0639400482177734}