{"train/loss": 0.8045, "train/grad_norm": 61.427608489990234, "train/learning_rate": 3.3333333333333334e-08, "train/epoch": 0.8, "train/global_step": 5, "_timestamp": 1710101309.4621432, "_runtime": 20.20151424407959, "_step": 0, "_wandb": {"runtime": 86}}