{"loss/train": 0.077301025390625, "margins/train": 1.0, "_timestamp": 1707513143.7440581, "_runtime": 6.301957130432129, "_step": 0, "_wandb": {"runtime": 8}}