{"train-loss/loss": 0.703323483467102, "_timestamp": 1710220874.4171274, "_runtime": 336.6382474899292, "_step": 1448, "train-loss/raw-loss": 0.5747239589691162, "train-loss/kld": 0.06429976224899292, "train-probs/accuracy-col": 0.5, "train-probs/accuracy-row": 0.5, "train-probs/p_c0_r0": -0.6881871819496155, "train-probs/p_c0_r1": -1.8222261667251587, "train-probs/p_c1_r0": -0.5788879990577698, "train-probs/p_c1_r1": -1.0990650653839111}