{"train-loss/loss": 0.4894035756587982, "_timestamp": 1710222064.333532, "_runtime": 1526.5546522140503, "_step": 7514, "train-loss/raw-loss": 0.424663245677948, "train-loss/kld": 0.03237016871571541, "train-probs/accuracy-col": 1.0, "train-probs/accuracy-row": 0.5, "train-probs/p_c0_r0": -0.7581270933151245, "train-probs/p_c0_r1": -2.70125675201416, "train-probs/p_c1_r0": -0.8080703020095825, "train-probs/p_c1_r1": -0.9526623487472534}