{"train-loss/loss": 0.693581223487854, "_timestamp": 1711322264.2282856, "_runtime": 1475.1773715019226, "_step": 3320, "train-loss/raw-loss": 0.693581223487854, "train-loss/kld": 0.000338930229190737, "train-probs/accuracy-col": 0.5, "train-probs/accuracy-row": 0.5, "train-probs/p_c0_r0": -0.23349350690841675, "train-probs/p_c0_r1": -0.1816084235906601, "train-probs/p_c1_r0": -0.22930249571800232, "train-probs/p_c1_r1": -0.17640434205532074}