{"train/loss": 0.2099, "train/learning_rate": 0.0, "train/epoch": 4.0, "train/global_step": 1300, "_timestamp": 1706790675.0444736, "_runtime": 16803.24499964714, "_step": 264, "eval/loss": 0.32246842980384827, "eval/runtime": 79.9887, "eval/samples_per_second": 27.404, "eval/steps_per_second": 6.851, "train/train_runtime": 16734.0538, "train/train_samples_per_second": 9.954, "train/train_steps_per_second": 0.078, "train/total_flos": 59225266946048.0, "train/train_loss": 0.8346925094494453, "_wandb": {"runtime": 16827}}