{"train/loss": 0.1794, "train/learning_rate": 0.0, "train/rewards/chosen": -6.067328453063965, "train/rewards/rejected": -16.74674415588379, "train/rewards/accuracies": 0.9375, "train/rewards/margins": 10.679414749145508, "train/logps/rejected": -182.2677001953125, "train/logps/chosen": -72.32292175292969, "train/logits/rejected": -2.693817138671875, "train/logits/chosen": -2.80356502532959, "train/epoch": 1.0, "train/global_step": 182, "_timestamp": 1709851931.9701421, "_runtime": 2379.6752581596375, "_step": 182, "train/train_runtime": 2256.0295, "train/train_samples_per_second": 10.357, "train/train_steps_per_second": 0.081, "train/total_flos": 0.0, "train/train_loss": 0.21350832897555697, "_wandb": {"runtime": 2399}}