{"loss/train": 0.0216505229473114, "_timestamp": 1707710549.0953085, "_runtime": 138.90810751914978, "_step": 16, "loss/eval": 0.013196706771850586, "_wandb": {"runtime": 138}}