{"train/loss": 0.693, "train/learning_rate": 8.742779805626574e-08, "train/rewards/chosen": 0.0025506129022687674, "train/rewards/rejected": 0.0021812375634908676, "train/rewards/accuracies": 0.5703125, "train/rewards/margins": 0.00036937533877789974, "train/logps/rejected": -10.531255722045898, "train/logps/chosen": -10.51153564453125, "train/logits/rejected": -3.7648322582244873, "train/logits/chosen": -3.751997470855713, "train/epoch": 0.75, "train/global_step": 119, "_timestamp": 1706687951.054708, "_runtime": 5753.919171094894, "_step": 118}