{"loss/train": -0.08809566497802734, "margins/train": 0.5, "_timestamp": 1707626317.808987, "_runtime": 207.42341494560242, "_step": 2, "_wandb": {"runtime": 215}}