{"train/loss": 0.643, "train/learning_rate": 9.844444444444444e-05, "train/rewards/chosen": -0.23287434875965118, "train/rewards/rejected": -0.42280149459838867, "train/rewards/accuracies": 1.0, "train/rewards/margins": 0.1899271458387375, "train/logps/rejected": -21.2454833984375, "train/logps/chosen": -18.39744758605957, "train/logits/rejected": 8.060510635375977, "train/logits/chosen": 7.921297073364258, "train/epoch": 0.05, "train/global_step": 127, "_timestamp": 1706495655.8310776, "_runtime": 486.2018406391144, "_step": 126}