{"loss/train": 0.2970288097858429, "_timestamp": 1708297824.3337219, "_runtime": 651.9402709007263, "_step": 55, "kld/train": 0.05944577604532242, "_wandb": {"runtime": 661}}