{"train-loss/loss": 0.6926813125610352, "_timestamp": 1710721304.6054528, "_runtime": 499.01452684402466, "_step": 1169, "train-loss/raw-loss": 0.6926813125610352, "train-loss/kld": 0.00027742277598008513, "train-probs/accuracy-col": 0.5, "train-probs/accuracy-row": 0.5, "train-probs/p_c0_r0": -0.6602460741996765, "train-probs/p_c0_r1": -0.6581601500511169, "train-probs/p_c1_r0": -0.666607677936554, "train-probs/p_c1_r1": -0.6626296043395996, "_wandb": {"runtime": 501}}