{"train-loss/loss": 0.6647173762321472, "_timestamp": 1712096982.9112585, "_runtime": 238.86063957214355, "_step": 530, "train-loss/raw-loss": 0.6647173762321472, "train-loss/kld": 0.008372129872441292, "train-probs/accuracy-col": 1.0, "train-probs/accuracy-row": 0.5, "train-probs/p_c0_r0": -0.5202403664588928, "train-probs/p_c0_r1": -0.7602063417434692, "train-probs/p_c1_r0": -0.533007025718689, "train-probs/p_c1_r1": -0.6400049328804016}