{"train-loss/loss": 0.15622156858444214, "_timestamp": 1710022160.3983035, "_runtime": 5441.012296438217, "_step": 23975, "train-loss/raw-loss": 0.12812551856040955, "train-loss/kld": 0.2809605598449707, "train-probs/accuracy-col": 1.0, "train-probs/accuracy-row": 1.0, "train-probs/p_c0_r0": -1.5363872051239014, "train-probs/p_c0_r1": -7.857779502868652, "train-probs/p_c1_r0": -3.3314530849456787, "train-probs/p_c1_r1": -1.2146692276000977}