{"train-loss/loss": 0.3187366724014282, "_timestamp": 1710020381.1961312, "_runtime": 3661.8101241588593, "_step": 16226, "train-loss/raw-loss": 0.28336071968078613, "train-loss/kld": 0.35375964641571045, "train-probs/accuracy-col": 1.0, "train-probs/accuracy-row": 1.0, "train-probs/p_c0_r0": -1.9226744174957275, "train-probs/p_c0_r1": -9.275813102722168, "train-probs/p_c1_r0": -3.9878482818603516, "train-probs/p_c1_r1": -1.8501324653625488}