{"train-loss/loss": 0.49802619218826294, "_timestamp": 1710022085.913871, "_runtime": 5366.52786397934, "_step": 23606, "train-loss/raw-loss": 0.47803229093551636, "train-loss/kld": 0.19993892312049866, "train-probs/accuracy-col": 1.0, "train-probs/accuracy-row": 1.0, "train-probs/p_c0_r0": -1.3216094970703125, "train-probs/p_c0_r1": -2.7510383129119873, "train-probs/p_c1_r0": -2.2049672603607178, "train-probs/p_c1_r1": -1.4593799114227295}