{"train/loss": 0.5697, "train/learning_rate": 9.883138564273791e-05, "train/rewards/chosen": -0.05556593835353851, "train/rewards/rejected": -0.3776633143424988, "train/rewards/accuracies": 0.65625, "train/rewards/margins": 0.3220973312854767, "train/logps/rejected": -81.35384368896484, "train/logps/chosen": -85.90760040283203, "train/logits/rejected": 9.065949440002441, "train/logits/chosen": 9.161535263061523, "train/epoch": 0.2, "train/global_step": 40, "_timestamp": 1706144857.3504467, "_runtime": 2746.740786790848, "_step": 22, "eval/loss": 0.6269791722297668, "eval/runtime": 246.6236, "eval/samples_per_second": 2.692, "eval/steps_per_second": 0.337, "eval/rewards/chosen": -0.7983220219612122, "eval/rewards/rejected": -1.0796407461166382, "eval/rewards/accuracies": 0.6536144614219666, "eval/rewards/margins": 0.2813188433647156, "eval/logps/rejected": -94.96509552001953, "eval/logps/chosen": -97.67610168457031, "eval/logits/rejected": 8.659660339355469, "eval/logits/chosen": 8.604907989501953}