{"train-loss/loss": 0.4241045117378235, "_timestamp": 1710332757.1633153, "_runtime": 4287.76991724968, "_step": 21374, "train-loss/raw-loss": 0.33262506127357483, "train-loss/kld": 0.13068489730358124, "train-probs/accuracy-col": 1.0, "train-probs/accuracy-row": 0.5, "train-probs/p_c0_r0": -0.4653155207633972, "train-probs/p_c0_r1": -4.175617218017578, "train-probs/p_c1_r0": -0.865355372428894, "train-probs/p_c1_r1": -1.1485650539398193, "_wandb": {"runtime": 4327}}