{"train/loss": 0.1896, "train/learning_rate": 5.632588418575541e-07, "train/rewards/chosen": -2.2486729621887207, "train/rewards/rejected": -5.408912658691406, "train/rewards/accuracies": 0.8125, "train/rewards/margins": 3.1602399349212646, "train/logps/rejected": -126.662353515625, "train/logps/chosen": -119.09780883789062, "train/logits/rejected": -2.9325077533721924, "train/logits/chosen": -3.1066083908081055, "train/epoch": 1.54, "train/global_step": 481, "_timestamp": 1710712431.4714022, "_runtime": 2573.451911211014, "_step": 480}