{"train/loss": 0.048137933015823364, "_timestamp": 1708459048.398119, "_runtime": 4364.481998920441, "_step": 6479, "train/raw-loss": 0.04787152260541916, "train/kld": 0.0005328223342075944, "eval/loss": 0.08641034364700317, "eval/raw-loss": 0.08570215106010437, "eval/kld": 0.0014163884334266186}