{"train/loss": 0.6935, "train/learning_rate": 9.929896907216493e-07, "train/rewards/chosen": -0.013398777693510056, "train/rewards/rejected": -0.01371285691857338, "train/rewards/accuracies": 0.578125, "train/rewards/margins": 0.0003140779444947839, "train/logps/rejected": -107.59039306640625, "train/logps/chosen": -77.63514709472656, "train/logits/rejected": 9.12051773071289, "train/logits/chosen": 9.230217933654785, "train/epoch": 0.62, "train/global_step": 184, "_timestamp": 1706507271.8954625, "_runtime": 7913.759614467621, "_step": 183}