{"train-loss/loss": 0.4793790578842163, "_timestamp": 1710626598.8314698, "_runtime": 1672.0045578479767, "_step": 4499, "train-loss/raw-loss": 0.4793790578842163, "train-loss/kld": 0.001464613014832139, "train-probs/accuracy-col": 1.0, "train-probs/accuracy-row": 0.5, "train-probs/p_c0_r0": -0.6421403288841248, "train-probs/p_c0_r1": -2.3300182819366455, "train-probs/p_c1_r0": -0.8486620187759399, "train-probs/p_c1_r1": -0.9717000722885132, "_wandb": {"runtime": 1875}}