{"train-loss/loss": 0.27746817469596863, "_timestamp": 1710309093.1854484, "_runtime": 3050.8562104701996, "_step": 15065, "train-loss/raw-loss": 0.23941582441329956, "train-loss/kld": 0.3805236518383026, "train-probs/accuracy-col": 1.0, "train-probs/accuracy-row": 1.0, "train-probs/p_c0_r0": -1.2691218852996826, "train-probs/p_c0_r1": -4.622673988342285, "train-probs/p_c1_r0": -2.8992273807525635, "train-probs/p_c1_r1": -1.4861382246017456}