{"train/loss": 1.386, "train/learning_rate": 0.0, "train/rewards/chosen": -11.770275115966797, "train/rewards/rejected": -36.848480224609375, "train/rewards/accuracies": 0.8125, "train/rewards/margins": 25.07820701599121, "train/logps/rejected": -89.9454574584961, "train/logps/chosen": -52.365535736083984, "train/logits/rejected": -2.956179141998291, "train/logits/chosen": -2.877392530441284, "train/epoch": 1.0, "train/global_step": 148, "_timestamp": 1710367479.2595952, "_runtime": 1273.2412252426147, "_step": 148, "train/train_runtime": 1165.8182, "train/train_samples_per_second": 16.292, "train/train_steps_per_second": 0.127, "train/total_flos": 0.0, "train/train_loss": 0.5615743448504725}