{"loss/train": 0.0025894385762512684, "_timestamp": 1708341685.4999475, "_runtime": 5092.8334946632385, "_step": 357, "kld/train": 0.9293825626373291}