{"loss/train": 0.17672130465507507, "_timestamp": 1708288193.2992735, "_runtime": 90.13846254348755, "_step": 135, "kld/train": 0.17672130465507507, "loss/eval": 5.402331352233887, "kld/eval": 5.402331352233887}