{"train/loss": 1.6947, "train/learning_rate": 4.705882352941177e-06, "train/epoch": 0.02, "train/global_step": 20, "_timestamp": 1706755695.9572315, "_runtime": 390.99321246147156, "_step": 3}