{"train/loss": 1.7171, "train/learning_rate": 7.058823529411766e-06, "train/epoch": 0.04, "train/global_step": 30, "_timestamp": 1706755841.575377, "_runtime": 536.6113579273224, "_step": 5}