{"train/loss": 0.7467, "train/learning_rate": 0.0, "train/rewards/chosen": -28.93756675720215, "train/rewards/rejected": -68.28972625732422, "train/rewards/accuracies": 0.875, "train/rewards/margins": 39.3521614074707, "train/logps/rejected": -73.62464141845703, "train/logps/chosen": -34.407962799072266, "train/logits/rejected": -3.2219078540802, "train/logits/chosen": -3.0996274948120117, "train/epoch": 1.0, "train/global_step": 148, "_timestamp": 1710361461.439671, "_runtime": 1303.7057609558105, "_step": 148, "train/train_runtime": 1181.3312, "train/train_samples_per_second": 16.078, "train/train_steps_per_second": 0.125, "train/total_flos": 0.0, "train/train_loss": 0.7906196485902812}