{"train/loss": 1.614, "train/learning_rate": 1.2345679012345678e-08, "train/epoch": 1.0, "train/global_step": 312, "_timestamp": 1710699408.8506284, "_runtime": 750.5214824676514, "_step": 62, "train/train_runtime": 751.6639, "train/train_samples_per_second": 53.215, "train/train_steps_per_second": 0.415, "train/total_flos": 4.4126677474738176e+17, "train/train_loss": 1.6795495389363704}