{"train-loss/loss": 0.46144378185272217, "_timestamp": 1709701653.8570237, "_runtime": 2660.04647064209, "_step": 12068, "train-loss/raw-loss": 0.398599237203598, "train-loss/kld": 0.06284451484680176, "train-probs/accuracy-col": 1.0, "train-probs/accuracy-row": 1.0, "train-probs/p_c0_r0": -0.4950971305370331, "train-probs/p_c0_r1": -6.096866130828857, "train-probs/p_c1_r0": -1.2030766010284424, "train-probs/p_c1_r1": -1.1011922359466553}