{"loss/train": -0.08276176452636719, "margins/train": 0.0, "_timestamp": 1707625084.607961, "_runtime": 58.0534188747406, "_step": 11, "loss/eval": 0.7751824855804443, "_wandb": {"runtime": 57}}