{"train/loss": 0.1675, "train/learning_rate": 6.25e-08, "train/epoch": 1.0, "train/global_step": 182, "_timestamp": 1709832314.5845551, "_runtime": 994.7439360618591, "_step": 36, "train/train_runtime": 932.2353, "train/train_samples_per_second": 25.064, "train/train_steps_per_second": 0.195, "train/total_flos": 2.2409518698305946e+17, "train/train_loss": 0.24917344388725993}