{"train-loss/loss": 0.6801102161407471, "_timestamp": 1711832311.059561, "_runtime": 1270.8304669857025, "_step": 1340, "train-loss/raw-loss": 0.6801102161407471, "train-loss/kld": 0.0, "train-probs/accuracy-col": 1.0, "train-probs/accuracy-row": 0.5, "train-probs/p_c0_r0": -0.42037248611450195, "train-probs/p_c0_r1": -0.521794855594635, "train-probs/p_c1_r0": -0.42647796869277954, "train-probs/p_c1_r1": -0.46483054757118225}