{"train/loss": 1.7683, "train/learning_rate": 9.98e-05, "train/epoch": 0.14, "train/global_step": 20, "_timestamp": 1705393511.2944508, "_runtime": 132.19724464416504, "_step": 1}