{"train-loss/loss": 0.025406531989574432, "_timestamp": 1709980004.2700496, "_runtime": 11877.784905672073, "_step": 53999, "train-loss/raw-loss": 0.00220683915540576, "train-loss/kld": 0.23199689388275146, "train-probs/accuracy-col": 1.0, "train-probs/accuracy-row": 1.0, "train-probs/p_c0_r0": -1.1206560134887695, "train-probs/p_c0_r1": -14.32043743133545, "train-probs/p_c1_r0": -7.3453898429870605, "train-probs/p_c1_r1": -2.4494223594665527, "_wandb": {"runtime": 12159}}