{"loss/train": -0.32762575149536133, "margins/train": 0.75, "_timestamp": 1707616641.1414518, "_runtime": 78.66026592254639, "_step": 3}