{"train-loss/loss": 0.6892247796058655, "_timestamp": 1714614041.4125557, "_runtime": 662.9315896034241, "_step": 2168, "train-loss/raw-loss": 0.6892247796058655, "train-loss/kld": 0.0, "train-probs/accuracy-col": 0.5, "train-probs/accuracy-row": 1.0, "train-probs/p_c0_r0": -0.48125213384628296, "train-probs/p_c0_r1": -0.48259595036506653, "train-probs/p_c1_r0": -0.5100128054618835, "train-probs/p_c1_r1": -0.48589664697647095}