{"train/loss": 0.6929, "train/learning_rate": 6.722689075630252e-08, "train/rewards/chosen": -0.0001317157584708184, "train/rewards/rejected": -0.0006593028083443642, "train/rewards/accuracies": 0.479166716337204, "train/rewards/margins": 0.0005275870789773762, "train/logps/rejected": -101.12251281738281, "train/logps/chosen": -64.11556243896484, "train/logits/rejected": -3.5686516761779785, "train/logits/chosen": -3.562333345413208, "train/epoch": 0.04, "train/global_step": 16, "_timestamp": 1706651382.5364122, "_runtime": 706.4686942100525, "_step": 15, "_wandb": {"runtime": 742}}