{"train/loss": 0.6932, "train/learning_rate": 2.1008403361344538e-08, "train/rewards/chosen": 0.0003178150509484112, "train/rewards/rejected": 0.0003930478706024587, "train/rewards/accuracies": 0.5104167461395264, "train/rewards/margins": -7.523293606936932e-05, "train/logps/rejected": -103.87364959716797, "train/logps/chosen": -94.48406982421875, "train/logits/rejected": -3.6265311241149902, "train/logits/chosen": -3.6173930168151855, "train/epoch": 0.01, "train/global_step": 5, "_timestamp": 1706650997.154361, "_runtime": 321.08664298057556, "_step": 4}