{"train/loss": 0.6475, "train/learning_rate": 8.666666666666667e-07, "train/rewards/chosen": 0.021687110885977745, "train/rewards/rejected": -0.08631671220064163, "train/rewards/accuracies": 0.71875, "train/rewards/margins": 0.10800382494926453, "train/logps/rejected": -7.398370742797852, "train/logps/chosen": -7.031735420227051, "train/logits/rejected": -3.2063088417053223, "train/logits/chosen": -3.082141399383545, "train/epoch": 0.09, "train/global_step": 13, "_timestamp": 1710349707.955093, "_runtime": 191.47113680839539, "_step": 12}