{"train-loss/loss": 0.12019605934619904, "_timestamp": 1709490976.0008237, "_runtime": 1783.00652384758, "_step": 8555, "train-loss/raw-loss": 0.06897366791963577, "train-loss/kld": 0.5122238993644714, "train-probs/accuracy-col": 1.0, "train-probs/accuracy-row": 1.0, "train-probs/p_c0_r0": -0.7711030840873718, "train-probs/p_c0_r1": -5.9344892501831055, "train-probs/p_c1_r0": -6.306940078735352, "train-probs/p_c1_r1": -2.0016801357269287, "eval-loss/loss": 0.09280064702033997, "eval-loss/raw-loss": 0.031222496181726456, "eval-loss/kld": 0.6157814860343933, "_wandb": {"runtime": 1886}}