{"train/loss": 0.0656, "train/learning_rate": 0.0, "train/rewards/chosen": -1.8143105506896973, "train/rewards/rejected": -11.625791549682617, "train/rewards/accuracies": 0.9375, "train/rewards/margins": 9.811480522155762, "train/logps/rejected": -157.8468017578125, "train/logps/chosen": -57.28905487060547, "train/logits/rejected": -3.1016883850097656, "train/logits/chosen": -3.0692155361175537, "train/epoch": 1.0, "train/global_step": 148, "_timestamp": 1709523145.951473, "_runtime": 1826.2127559185028, "_step": 149, "eval/loss": 0.0712403655052185, "eval/runtime": 42.4599, "eval/samples_per_second": 23.552, "eval/steps_per_second": 5.888, "eval/rewards/chosen": -1.6957565546035767, "eval/rewards/rejected": -13.808828353881836, "eval/rewards/accuracies": 0.9800000190734863, "eval/rewards/margins": 12.113070487976074, "eval/logps/rejected": -177.16357421875, "eval/logps/chosen": -55.274681091308594, "eval/logits/rejected": -3.103597640991211, "eval/logits/chosen": -3.1456522941589355, "train/train_runtime": 1732.3303, "train/train_samples_per_second": 10.968, "train/train_steps_per_second": 0.085, "train/total_flos": 0.0, "train/train_loss": 0.16405152783703966}