{"train/loss": 0.1533, "train/learning_rate": 7.5340161278732e-07, "train/rewards/chosen": -1.5272960662841797, "train/rewards/rejected": -9.749628067016602, "train/rewards/accuracies": 0.90625, "train/rewards/margins": 8.222331047058105, "train/logps/rejected": -140.5160675048828, "train/logps/chosen": -57.384849548339844, "train/logits/rejected": -3.2068424224853516, "train/logits/chosen": -3.2554516792297363, "train/epoch": 0.4, "train/global_step": 59, "_timestamp": 1709522064.8278246, "_runtime": 745.0891075134277, "_step": 58}