{"train-loss/loss": 0.11331003904342651, "_timestamp": 1710192466.693787, "_runtime": 1857.4361650943756, "_step": 8999, "train-loss/raw-loss": 0.012570757418870926, "train-loss/kld": 0.33579757809638977, "train-probs/accuracy-col": 1.0, "train-probs/accuracy-row": 1.0, "train-probs/p_c0_r0": -0.44115352630615234, "train-probs/p_c0_r1": -8.858427047729492, "train-probs/p_c1_r0": -4.508934497833252, "train-probs/p_c1_r1": -0.5781873464584351, "_wandb": {"runtime": 1899}}