{"train-loss/loss": 0.6004714369773865, "_timestamp": 1709336704.4254334, "_runtime": 315.0484244823456, "_step": 1187, "train-loss/raw-loss": 0.47074002027511597, "train-loss/kld": 0.08648762851953506, "train-probs/accuracy-col": 0.5, "train-probs/accuracy-row": 0.5, "train-probs/p_c0_r0": -0.4582284092903137, "train-probs/p_c0_r1": -2.2789785861968994, "train-probs/p_c1_r0": -0.39197617769241333, "train-probs/p_c1_r1": -0.8232059478759766}