{"train/loss": 1.8331, "train/learning_rate": 2.982e-05, "train/epoch": 0.08, "train/global_step": 30, "_timestamp": 1705281459.3744597, "_runtime": 45.53751182556152, "_step": 2}