{"train/loss": 1.5507, "train/learning_rate": 2.724e-05, "train/epoch": 1.28, "train/global_step": 460, "_timestamp": 1705281947.6987073, "_runtime": 533.8617594242096, "_step": 45}