{"train-loss/loss": 0.6494390964508057, "_timestamp": 1714693213.6905518, "_runtime": 3285.231850862503, "_step": 584, "train-loss/raw-loss": 0.6494390964508057, "train-loss/kld": 0.0, "train-probs/accuracy-col": 1.0, "train-probs/accuracy-row": 0.5, "train-probs/p_c0_r0": -0.37118756771087646, "train-probs/p_c0_r1": -0.3633587658405304, "train-probs/p_c1_r0": -0.6322159767150879, "train-probs/p_c1_r1": -0.3265281021595001}