{"train-loss/loss": 0.05374319106340408, "_timestamp": 1709064152.1487317, "_runtime": 610.8719747066498, "_step": 2663, "train-loss/raw-loss": 0.029292162507772446, "train-loss/kld": 0.08150342106819153, "train-probs/accuracy-col": 1.0, "train-probs/accuracy-row": 1.0, "train-probs/p_c0_r0": -6.240726470947266, "train-probs/p_c0_r1": -10.91664981842041, "train-probs/p_c1_r0": -8.205909729003906, "train-probs/p_c1_r1": -3.903013229370117}