{"train-loss/loss": 0.21033735573291779, "_timestamp": 1709063755.4638598, "_runtime": 214.18710279464722, "_step": 665, "train-loss/raw-loss": 0.17484140396118164, "train-loss/kld": 0.11831982433795929, "train-probs/accuracy-col": 0.5, "train-probs/accuracy-row": 1.0, "train-probs/p_c0_r0": -4.335986137390137, "train-probs/p_c0_r1": -14.480011940002441, "train-probs/p_c1_r0": -1.0571740865707397, "train-probs/p_c1_r1": -0.976804256439209}