{"train/loss": 0.6947, "train/learning_rate": 2.83030303030303e-05, "train/rewards/chosen": -0.8347641229629517, "train/rewards/rejected": -1.056107521057129, "train/rewards/accuracies": 0.5666666626930237, "train/rewards/margins": 0.22134344279766083, "train/logps/rejected": -90.31877136230469, "train/logps/chosen": -96.0373764038086, "train/logits/rejected": 8.520429611206055, "train/logits/chosen": 8.6432523727417, "train/epoch": 0.22, "train/global_step": 330, "_timestamp": 1706489824.8654702, "_runtime": 851.626029253006, "_step": 32, "_wandb": {"runtime": 857}}