{"eval-loss/loss": 0.6716450452804565, "_timestamp": 1709560054.4551616, "_runtime": 661.4106516838074, "_step": 2936, "eval-loss/raw-loss": 0.6716450452804565, "eval-loss/kld": 0.0, "train-loss/loss": -354247.90625, "train-loss/raw-loss": 0.5340627431869507, "train-loss/kld": -708496.9375, "train-probs/accuracy-col": 1.0, "train-probs/accuracy-row": 0.5, "train-probs/p_c0_r0": -2.983358383178711, "train-probs/p_c0_r1": -3.9534664154052734, "train-probs/p_c1_r0": -3.5086803436279297, "train-probs/p_c1_r1": -3.7268340587615967}