{"train-loss/loss": 0.7023904323577881, "_timestamp": 1709605838.226541, "_runtime": 240.3201401233673, "_step": 6398, "train-loss/raw-loss": 0.7023544311523438, "train-loss/kld": 7.203686982393265e-05, "train-probs/accuracy-col": 0.5, "train-probs/accuracy-row": 0.5, "train-probs/p_c0_r0": -10.46894359588623, "train-probs/p_c0_r1": -10.48344898223877, "train-probs/p_c1_r0": -10.488908767700195, "train-probs/p_c1_r1": -10.500364303588867}