{"train/loss": 0.894452691078186, "_timestamp": 1708397294.6583092, "_runtime": 4422.956845283508, "_step": 6245, "train/raw-loss": 0.5325688719749451, "train/kld": 0.9047093987464905, "eval/loss": 0.6279565691947937, "eval/raw-loss": 0.34381020069122314, "eval/kld": 0.710365891456604}