{"loss/train": 0.077301025390625, "margins/train": 0.5, "_timestamp": 1707514566.058176, "_runtime": 11.816273927688599, "_step": 3, "learning_rate": 1.3333333333333334e-08, "_wandb": {"runtime": 12}}