{"train-loss/loss": 0.525827169418335, "_timestamp": 1709147628.2104855, "_runtime": 2253.813502550125, "_step": 10076, "train-loss/raw-loss": 0.45409855246543884, "train-loss/kld": 0.0717286467552185, "train-probs/accuracy-col": 0.5, "train-probs/accuracy-row": 0.5, "train-probs/p_c0_r0": -0.7879723310470581, "train-probs/p_c0_r1": -3.00207781791687, "train-probs/p_c1_r0": -0.5387125611305237, "train-probs/p_c1_r1": -0.8698727488517761, "eval-loss/loss": 0.4729839265346527, "eval-loss/raw-loss": 0.38735926151275635, "eval-loss/kld": 0.08562463521957397}