{"train/loss": 1.7573, "train/learning_rate": 9.876288659793815e-07, "train/epoch": 0.17, "train/global_step": 210, "_timestamp": 1706509729.9350977, "_runtime": 2720.9926958084106, "_step": 209}