{"train/loss": 1.7345, "train/learning_rate": 3.2783505154639173e-07, "train/epoch": 2.8, "train/global_step": 3410, "_timestamp": 1706550771.5872808, "_runtime": 43762.64487886429, "_step": 3415, "eval/loss": 1.6550381183624268, "eval/runtime": 173.1713, "eval/samples_per_second": 5.775, "eval/steps_per_second": 2.887}