{"train/loss": 1.9751, "train/learning_rate": 1.9333333333333332e-07, "train/epoch": 0.02, "train/global_step": 29, "_timestamp": 1706507491.737857, "_runtime": 482.79545521736145, "_step": 28}